ISO-10303-21;
HEADER;
FILE_DESCRIPTION (( 'STEP AP214' ),
    '1' );
FILE_NAME ('Handel.STEP',
    '2023-05-22T15:23:18',
    ( '' ),
    ( '' ),
    'SwSTEP 2.0',
    'SolidWorks 2022',
    '' );
FILE_SCHEMA (( 'AUTOMOTIVE_DESIGN' ));
ENDSEC;

DATA;
#1 = CARTESIAN_POINT ( 'NONE',  ( 60.23029704232364878, 7.793699469761550702, 163.7865053652132872 ) ) ;
#2 = CARTESIAN_POINT ( 'NONE',  ( 60.08000899816108387, 8.619416666748170641, 164.1651641630144809 ) ) ;
#3 = CARTESIAN_POINT ( 'NONE',  ( 46.14580582867390746, 4.648409528945411040, 160.2733816886745331 ) ) ;
#4 = CARTESIAN_POINT ( 'NONE',  ( 54.22930824269926120, 9.974490546950171677, 128.1807707926351441 ) ) ;
#5 = CARTESIAN_POINT ( 'NONE',  ( 62.67237988899350398, 6.417539175028458054, 126.2198714512314268 ) ) ;
#6 = CARTESIAN_POINT ( 'NONE',  ( 59.69381523861505201, 8.089515256466814463, 114.6480216933802154 ) ) ;
#7 = MANIFOLD_SOLID_BREP ( 'Fillet3', #1152 ) ;
#8 = CARTESIAN_POINT ( 'NONE',  ( 62.98887492128402243, 5.140485163505275068, 147.3927585137061556 ) ) ;
#9 = CARTESIAN_POINT ( 'NONE',  ( 46.23965276011532666, 4.823176879528302763, 123.7138850233131251 ) ) ;
#10 = CARTESIAN_POINT ( 'NONE',  ( 47.40370985353557387, 6.507725705282254580, 167.7719286800794691 ) ) ;
#11 = CARTESIAN_POINT ( 'NONE',  ( 47.60619032405361395, 5.965131566334177293, 162.1496305224239052 ) ) ;
#12 = CARTESIAN_POINT ( 'NONE',  ( 58.23112698503754103, 9.480961745827860554, 92.28958738511344961 ) ) ;
#13 = CARTESIAN_POINT ( 'NONE',  ( 46.64953742103084267, 5.529565739384334044, 170.0000672833742499 ) ) ;
#14 = ORIENTED_EDGE ( 'NONE', *, *, #3451, .F. ) ;
#15 = CARTESIAN_POINT ( 'NONE',  ( 59.96386895087148616, 8.685975877952856194, 152.2568913618078739 ) ) ;
#16 = CARTESIAN_POINT ( 'NONE',  ( 63.31495095032316556, 5.558591905874501471, 168.8577647659245997 ) ) ;
#17 = CARTESIAN_POINT ( 'NONE',  ( 55.99135403055871762, 9.154405820447474085, 129.1649834835985473 ) ) ;
#18 = CARTESIAN_POINT ( 'NONE',  ( 63.36215868822337427, 5.512087187753749618, 96.11896202678619261 ) ) ;
#19 = CARTESIAN_POINT ( 'NONE',  ( 62.98887492128403665, 5.140485163505270627, 160.0362273389852135 ) ) ;
#20 = CARTESIAN_POINT ( 'NONE',  ( 59.96386895087234592, 8.685975877952405000, 164.9003601870869602 ) ) ;
#21 = CARTESIAN_POINT ( 'NONE',  ( 52.85304714822455452, 8.981875585555117780, 102.9490836138874812 ) ) ;
#22 = EDGE_CURVE ( 'NONE', #695, #829, #3515, .T. ) ;
#23 = CARTESIAN_POINT ( 'NONE',  ( 48.76622486241063825, 7.827399227882171573, 138.5417305222950120 ) ) ;
#24 = LINE ( 'NONE', #4433, #1631 ) ;
#25 = CARTESIAN_POINT ( 'NONE',  ( 46.40446237705936738, 5.146230865020391398, 172.5716204300179584 ) ) ;
#26 = CARTESIAN_POINT ( 'NONE',  ( 60.52839901057090799, 7.608447105109952702, 93.75304766615637675 ) ) ;
#27 = CIRCLE ( 'NONE', #1564, 12.00000000000000355 ) ;
#28 = CARTESIAN_POINT ( 'NONE',  ( 60.58990184077460839, 8.298400260850828047, 105.3876768153071595 ) ) ;
#29 = CARTESIAN_POINT ( 'NONE',  ( 48.48880280955599176, 7.609989398649970482, 117.0314960381755185 ) ) ;
#30 = CARTESIAN_POINT ( 'NONE',  ( 53.19395076106219733, 9.839821165879486742, 177.8671224703899725 ) ) ;
#31 = CARTESIAN_POINT ( 'NONE',  ( 47.71437749129190564, 6.093107366733891972, 162.3302959509539107 ) ) ;
#32 =( NAMED_UNIT ( * ) PLANE_ANGLE_UNIT ( ) SI_UNIT ( $, .RADIAN. ) );
#33 = CIRCLE ( 'NONE', #1345, 2.000000000000001776 ) ;
#34 = EDGE_CURVE ( 'NONE', #3691, #640, #2646, .T. ) ;
#35 = CARTESIAN_POINT ( 'NONE',  ( 58.33936835076804783, 9.430432872960690105, 103.8539435524846510 ) ) ;
#36 = CARTESIAN_POINT ( 'NONE',  ( 51.96200554878887345, 9.527360060080150461, 166.2037135979452955 ) ) ;
#37 = CARTESIAN_POINT ( 'NONE',  ( 48.22970048141960575, 7.369820596812604485, 129.8720327533586669 ) ) ;
#38 = CARTESIAN_POINT ( 'NONE',  ( 57.78599216349051204, 9.608473571095158761, 165.1752248993565502 ) ) ;
#39 = ORIENTED_EDGE ( 'NONE', *, *, #3102, .T. ) ;
#40 = CARTESIAN_POINT ( 'NONE',  ( 60.02018042092185368, 7.914974401871820220, 114.5662309571144419 ) ) ;
#41 = CARTESIAN_POINT ( 'NONE',  ( 62.17709447728580585, 6.214962128434841304, 168.8718449638177788 ) ) ;
#42 = CARTESIAN_POINT ( 'NONE',  ( 54.02179853934021736, 9.956378943639787593, 141.6503447425964737 ) ) ;
#43 = CARTESIAN_POINT ( 'NONE',  ( 61.92950277434319872, 6.475286781758072152, 130.6418240515197340 ) ) ;
#44 = CARTESIAN_POINT ( 'NONE',  ( 62.97454941799686168, 6.037847411506066742, 94.32408558362129725 ) ) ;
#45 = CARTESIAN_POINT ( 'NONE',  ( 61.60481632962563481, 6.784775370763092894, 155.6271511751616572 ) ) ;
#46 = CARTESIAN_POINT ( 'NONE',  ( 62.51798235954220218, 6.598716221074377941, 163.6675325288601357 ) ) ;
#47 = CARTESIAN_POINT ( 'NONE',  ( 48.10049428152107254, 6.506111637378400481, 101.5411544195801383 ) ) ;
#48 = CARTESIAN_POINT ( 'NONE',  ( 52.58421687379805576, 9.721765353541151455, 154.3113611966567476 ) ) ;
#49 = CARTESIAN_POINT ( 'NONE',  ( 56.86385371193723870, 9.842271263910793877, 139.1269407686445732 ) ) ;
#50 = CARTESIAN_POINT ( 'NONE',  ( 54.32793912715423090, 9.176892457048360541, 126.9842354751769875 ) ) ;
#51 = CARTESIAN_POINT ( 'NONE',  ( 46.52872961091480164, 5.345603975318665491, 160.8663059632530121 ) ) ;
#52 = CARTESIAN_POINT ( 'NONE',  ( 46.93853970051158342, 5.943021735624189894, 174.7974193222480324 ) ) ;
#53 = CARTESIAN_POINT ( 'NONE',  ( 53.15206198002937299, 9.845117366682188731, 105.0205811239274567 ) ) ;
#54 = CARTESIAN_POINT ( 'NONE',  ( 48.79945064002176025, 7.864390690084238855, 177.1881116547182557 ) ) ;
#55 = ORIENTED_EDGE ( 'NONE', *, *, #4575, .T. ) ;
#56 = EDGE_CURVE ( 'NONE', #894, #3493, #2014, .T. ) ;
#57 = CARTESIAN_POINT ( 'NONE',  ( 56.78831919319968335, 9.048678585008563147, 138.9553977757953191 ) ) ;
#58 = CARTESIAN_POINT ( 'NONE',  ( 50.87292700822172264, 9.126714044405597193, 104.3815409018872060 ) ) ;
#59 = ORIENTED_EDGE ( 'NONE', *, *, #3071, .F. ) ;
#60 = CARTESIAN_POINT ( 'NONE',  ( 60.08000899816107676, 8.619416666748179523, 151.5216953377354230 ) ) ;
#61 = CARTESIAN_POINT ( 'NONE',  ( 62.87283073483806817, 5.321715180618355134, 170.5764427965098946 ) ) ;
#62 = FACE_OUTER_BOUND ( 'NONE', #558, .T. ) ;
#63 = CARTESIAN_POINT ( 'NONE',  ( 51.38717287930275290, 9.344062856105367132, 153.6042013391624153 ) ) ;
#64 = CARTESIAN_POINT ( 'NONE',  ( 62.77416940221394981, 5.466296667093245354, 132.2279236887234504 ) ) ;
#65 = CARTESIAN_POINT ( 'NONE',  ( 50.31798015404009305, 8.095541075608537085, 117.4999068835796407 ) ) ;
#66 = CARTESIAN_POINT ( 'NONE',  ( 62.28069477105292151, 6.868238108318895918, 101.8976681015469126 ) ) ;
#67 = CARTESIAN_POINT ( 'NONE',  ( 49.79775572636528835, 8.545286007613045243, 141.2257275061886901 ) ) ;
#68 = CARTESIAN_POINT ( 'NONE',  ( 47.06432823508514218, 5.225299163989125972, 99.13152817177548570 ) ) ;
#69 = DIRECTION ( 'NONE',  ( 0.000000000000000000, 0.000000000000000000, 1.000000000000000000 ) ) ;
#70 = CARTESIAN_POINT ( 'NONE',  ( 52.26580499390998114, 8.832096614886296493, 154.5265303828394110 ) ) ;
#71 = CARTESIAN_POINT ( 'NONE',  ( 57.50564877396170260, 9.685375483001104513, 103.9136413913860082 ) ) ;
#72 = CARTESIAN_POINT ( 'NONE',  ( 54.91374700102100093, 9.189621077342010835, 117.1610875583880187 ) ) ;
#73 = CARTESIAN_POINT ( 'NONE',  ( 55.99135403056060056, 9.154405820444951658, 105.1706925195373827 ) ) ;
#74 = CARTESIAN_POINT ( 'NONE',  ( 55.63903762998285885, 9.181140437901788687, 164.2694895114643714 ) ) ;
#75 = EDGE_LOOP ( 'NONE', ( #3795, #283, #3012, #2625 ) ) ;
#76 = DIRECTION ( 'NONE',  ( 0.000000000000000000, 0.000000000000000000, 1.000000000000000000 ) ) ;
#77 = DIRECTION ( 'NONE',  ( 1.000000000000000000, -0.000000000000000000, -0.000000000000000000 ) ) ;
#78 = EDGE_LOOP ( 'NONE', ( #3387, #3058, #3009, #3267 ) ) ;
#79 = DIRECTION ( 'NONE',  ( -0.000000000000000000, -0.000000000000000000, -1.000000000000000000 ) ) ;
#80 = CARTESIAN_POINT ( 'NONE',  ( 61.32202594457675104, 7.028362228521349842, 130.1373269649547524 ) ) ;
#81 = CARTESIAN_POINT ( 'NONE',  ( 57.24380627673193089, 8.963602712078371226, 114.9433757413555810 ) ) ;
#82 = CARTESIAN_POINT ( 'NONE',  ( 46.64953742103175927, 5.529565739384196377, 144.7131296328198573 ) ) ;
#83 = CARTESIAN_POINT ( 'NONE',  ( 48.81413782898280829, 7.865219242363963303, 93.58917737261251091 ) ) ;
#84 = CARTESIAN_POINT ( 'NONE',  ( 63.87457847529197608, 4.608941689278572618, 134.7249077886773421 ) ) ;
#85 = FACE_OUTER_BOUND ( 'NONE', #2928, .T. ) ;
#86 = CARTESIAN_POINT ( 'NONE',  ( 60.02353302548064562, 8.665952819952231323, 153.8155373914268296 ) ) ;
#87 = CARTESIAN_POINT ( 'NONE',  ( 57.75646495579235307, 8.826152350266145419, 138.9008610316517434 ) ) ;
#88 = CARTESIAN_POINT ( 'NONE',  ( 46.29088375771888053, 4.916106145286637918, 99.98882313759011708 ) ) ;
#89 = CARTESIAN_POINT ( 'NONE',  ( 58.08468766231217728, 8.746172792757892722, 117.2626186465101341 ) ) ;
#90 = CARTESIAN_POINT ( 'NONE',  ( 59.52117972281970992, 8.186041185792756636, 105.4580456195716067 ) ) ;
#91 = CARTESIAN_POINT ( 'NONE',  ( 47.96114348693996021, 6.363352376660668774, 150.0217484509870474 ) ) ;
#92 = CARTESIAN_POINT ( 'NONE',  ( 63.86439915523580169, 4.628538527456455220, 121.2765235586788179 ) ) ;
#93 = ORIENTED_EDGE ( 'NONE', *, *, #2340, .F. ) ;
#94 = CARTESIAN_POINT ( 'NONE',  ( 58.42743073613590354, 9.412794963759278488, 140.9409816210109341 ) ) ;
#95 = AXIS2_PLACEMENT_3D ( 'NONE', #3693, #2652, #2297 ) ;
#96 = CARTESIAN_POINT ( 'NONE',  ( 48.31780346436399043, 6.714506904999818282, 130.4047873787268941 ) ) ;
#97 = CARTESIAN_POINT ( 'NONE',  ( 51.40575526271017992, 9.349988230744934015, 104.3215517611547796 ) ) ;
#98 = AXIS2_PLACEMENT_3D ( 'NONE', #942, #4245, #3103 ) ;
#99 = ORIENTED_EDGE ( 'NONE', *, *, #3592, .T. ) ;
#100 = CARTESIAN_POINT ( 'NONE',  ( 62.82623419856277280, 6.229347768265502516, 142.7537440771319837 ) ) ;
#101 = CARTESIAN_POINT ( 'NONE',  ( 60.93541634087419823, 7.328044242591121638, 176.1531376334063168 ) ) ;
#102 = CARTESIAN_POINT ( 'NONE',  ( 63.14013181088411386, 5.831433192483168604, 131.4827304601393507 ) ) ;
#103 =( NAMED_UNIT ( * ) SI_UNIT ( $, .STERADIAN. ) SOLID_ANGLE_UNIT ( ) );
#104 = CARTESIAN_POINT ( 'NONE',  ( 56.86385371194192828, 9.842271263914399881, 115.1326498045828686 ) ) ;
#105 = VECTOR ( 'NONE', #2663, 1000.000000000000000 ) ;
#106 = CARTESIAN_POINT ( 'NONE',  ( 46.71754088119268999, 5.630268077806539928, 144.4955073347401822 ) ) ;
#107 = CARTESIAN_POINT ( 'NONE',  ( 46.44344115341323942, 5.177805941656965061, 95.57702534820080587 ) ) ;
#108 = CARTESIAN_POINT ( 'NONE',  ( 61.90879296849657720, 7.234634370708538320, 138.8688437497374366 ) ) ;
#109 = EDGE_CURVE ( 'NONE', #644, #3412, #4366, .T. ) ;
#110 = CARTESIAN_POINT ( 'NONE',  ( 50.10597725746897879, 8.739175768929966281, 126.9266518349124624 ) ) ;
#111 = CARTESIAN_POINT ( 'NONE',  ( 50.61455108019551830, 9.005583512732277640, 138.9924038425874073 ) ) ;
#112 = CARTESIAN_POINT ( 'NONE',  ( 51.40575526271017992, 9.349988230744934015, 92.32440627912393438 ) ) ;
#113 = CARTESIAN_POINT ( 'NONE',  ( 53.15206198003194515, 9.845117366680417703, 117.0177266059657484 ) ) ;
#114 = ADVANCED_FACE ( 'NONE', ( #2325 ), #3468, .F. ) ;
#115 = DIRECTION ( 'NONE',  ( 0.9487581048920091797, -0.3052490498131644192, -0.08173784918802208532 ) ) ;
#116 = CARTESIAN_POINT ( 'NONE',  ( 53.92334742098002920, 9.946430965722310447, 165.2433632485667943 ) ) ;
#117 = CARTESIAN_POINT ( 'NONE',  ( 58.23112698503744866, 9.480961745827876541, 116.2838783491750831 ) ) ;
#118 = ORIENTED_EDGE ( 'NONE', *, *, #4553, .T. ) ;
#119 = CARTESIAN_POINT ( 'NONE',  ( 48.80306772086797196, 7.139551878607970359, 130.0386483991852913 ) ) ;
#120 = LINE ( 'NONE', #493, #181 ) ;
#121 = CARTESIAN_POINT ( 'NONE',  ( 63.41151093087933788, 5.421836002778274377, 174.9679496150899638 ) ) ;
#122 = CARTESIAN_POINT ( 'NONE',  ( 61.43619233774219168, 7.661981918423459881, 129.6907104664496444 ) ) ;
#123 = PRODUCT_CONTEXT ( 'NONE', #4521, 'mechanical' ) ;
#124 = CARTESIAN_POINT ( 'NONE',  ( 50.05374356649101486, 8.696094863720681190, 116.5276904664071083 ) ) ;
#125 = CARTESIAN_POINT ( 'NONE',  ( 49.26555720392491367, 7.470945681972492203, 142.4708908227005679 ) ) ;
#126 = CARTESIAN_POINT ( 'NONE',  ( 47.49138821177167813, 6.609344732279472723, 93.76082481539175717 ) ) ;
#127 = CARTESIAN_POINT ( 'NONE',  ( 61.98378349446220881, 7.168201997423925498, 142.6564042421636884 ) ) ;
#128 = DIRECTION ( 'NONE',  ( 1.000000000000000000, 0.000000000000000000, 0.000000000000000000 ) ) ;
#129 = CARTESIAN_POINT ( 'NONE',  ( 52.74652246259468313, 8.959835480746900060, 105.2112649859655988 ) ) ;
#130 = CARTESIAN_POINT ( 'NONE',  ( 48.57820566931791006, 7.670720439903169208, 151.7832140087552375 ) ) ;
#131 = CARTESIAN_POINT ( 'NONE',  ( 57.85158107991596665, 9.603328847306663363, 153.5411120947512416 ) ) ;
#132 = CARTESIAN_POINT ( 'NONE',  ( 47.30647879088789409, 6.405264418229070777, 130.7062571430084574 ) ) ;
#133 = CARTESIAN_POINT ( 'NONE',  ( 57.75646495579165673, 8.567490936528182388, 152.5102979066318198 ) ) ;
#134 = CARTESIAN_POINT ( 'NONE',  ( 47.03122524527839232, 5.172883716200229465, 147.4773423210167493 ) ) ;
#135 = CARTESIAN_POINT ( 'NONE',  ( 53.11773428157454191, 9.839363724074392081, 116.2081081477899716 ) ) ;
#136 = CARTESIAN_POINT ( 'NONE',  ( 63.41043546667136610, 5.411818570649781890, 107.1582573668362244 ) ) ;
#137 = CARTESIAN_POINT ( 'NONE',  ( 47.14677279187605308, 5.350798455525760389, 148.2374022942233296 ) ) ;
#138 = CARTESIAN_POINT ( 'NONE',  ( 54.22930824269923278, 9.974490546950169900, 116.1836253106043131 ) ) ;
#139 = CARTESIAN_POINT ( 'NONE',  ( 49.09505511654217713, 7.350439145486650006, 138.2371685818253013 ) ) ;
#140 = CARTESIAN_POINT ( 'NONE',  ( 59.14447901503987026, 9.105298023474443170, 115.7606306966030871 ) ) ;
#141 = CARTESIAN_POINT ( 'NONE',  ( 49.86043717471095249, 8.582891682699433034, 104.5732941257836330 ) ) ;
#142 = ORIENTED_EDGE ( 'NONE', *, *, #3579, .F. ) ;
#143 = CARTESIAN_POINT ( 'NONE',  ( 55.00000000000000000, 0.000000000000000000, 179.0000000000000000 ) ) ;
#144 = CARTESIAN_POINT ( 'NONE',  ( 63.51890666293260068, 5.273535158672523870, 173.3253766736758053 ) ) ;
#145 = CARTESIAN_POINT ( 'NONE',  ( 62.81876818805555018, 6.252212526735218212, 137.2576333409855067 ) ) ;
#146 = CARTESIAN_POINT ( 'NONE',  ( 46.88239209525896456, 5.857169171160281351, 113.6447479327521961 ) ) ;
#147 = CARTESIAN_POINT ( 'NONE',  ( 46.70499091778339107, 5.588362383418886914, 143.5277520671830871 ) ) ;
#148 = CARTESIAN_POINT ( 'NONE',  ( 54.05976864150436967, 9.959940903609210139, 152.6022621447959295 ) ) ;
#149 = CARTESIAN_POINT ( 'NONE',  ( 47.53449182484401803, 5.877848357453634875, 95.42396971892637225 ) ) ;
#150 = CARTESIAN_POINT ( 'NONE',  ( 62.71874267194539954, 6.374945883461886176, 143.3840113354470134 ) ) ;
#151 = CARTESIAN_POINT ( 'NONE',  ( 61.21111240043375545, 7.855551034502750163, 166.8197711429853030 ) ) ;
#152 = CARTESIAN_POINT ( 'NONE',  ( 60.52839901057090799, 7.608447105109952702, 105.7501931481872504 ) ) ;
#153 = CARTESIAN_POINT ( 'NONE',  ( 46.29088375771887343, 4.916106145286646800, 135.9802595836826526 ) ) ;
#154 = CARTESIAN_POINT ( 'NONE',  ( 49.22038510212523477, 7.439616899297260666, 150.9384266099351919 ) ) ;
#155 = CARTESIAN_POINT ( 'NONE',  ( 58.76809692213220160, 8.511807670581436724, 126.8135889708322281 ) ) ;
#156 = CARTESIAN_POINT ( 'NONE',  ( 47.30100110723213191, 6.385602027047698748, 138.1868980967313121 ) ) ;
#157 = CARTESIAN_POINT ( 'NONE',  ( 54.90416333445804042, 10.00405934357563353, 116.1785300097403990 ) ) ;
#158 = EDGE_CURVE ( 'NONE', #3946, #2382, #477, .T. ) ;
#159 = CARTESIAN_POINT ( 'NONE',  ( 63.89332229013518116, 4.572680490137861042, 110.2349120683491748 ) ) ;
#160 = CARTESIAN_POINT ( 'NONE',  ( 53.83241174522596140, 9.134774643515534365, 151.6171945840602291 ) ) ;
#161 = CARTESIAN_POINT ( 'NONE',  ( 63.57787077003540332, 5.141675847478198946, 119.6417036915175913 ) ) ;
#162 = CARTESIAN_POINT ( 'NONE',  ( 56.52132416758046674, 9.092161871279531127, 141.8200514581439222 ) ) ;
#163 = ADVANCED_FACE ( 'NONE', ( #2493 ), #3801, .T. ) ;
#164 = FACE_OUTER_BOUND ( 'NONE', #78, .T. ) ;
#165 = CARTESIAN_POINT ( 'NONE',  ( 49.98338469713385024, 7.927565923282593907, 117.5705684959205257 ) ) ;
#166 = CARTESIAN_POINT ( 'NONE',  ( 11.00000000000000178, 0.000000000000000000, 50.00000000000000000 ) ) ;
#167 = CARTESIAN_POINT ( 'NONE',  ( 47.22823210998647880, 5.469886505671246013, 170.1468075229258829 ) ) ;
#168 = ORIENTED_EDGE ( 'NONE', *, *, #1293, .F. ) ;
#169 = CARTESIAN_POINT ( 'NONE',  ( 62.61911541557198291, 6.496652312036327537, 150.9500299577287308 ) ) ;
#170 = CARTESIAN_POINT ( 'NONE',  ( 59.96386895087148616, 8.685975877952856194, 177.5438290123660465 ) ) ;
#171 = ADVANCED_FACE ( 'NONE', ( #3372 ), #1374, .T. ) ;
#172 = CARTESIAN_POINT ( 'NONE',  ( 61.76618412459740171, 6.635613735736886731, 137.6623325298525913 ) ) ;
#173 = CARTESIAN_POINT ( 'NONE',  ( 53.22688443397262859, 9.042995467466191428, 114.9597543662405741 ) ) ;
#174 = CARTESIAN_POINT ( 'NONE',  ( 57.64478945718197167, 8.858442268628401450, 167.1627175358223951 ) ) ;
#175 = CARTESIAN_POINT ( 'NONE',  ( 57.50564877396170971, 9.685375483001102737, 152.5485466627576159 ) ) ;
#176 = ORIENTED_EDGE ( 'NONE', *, *, #846, .T. ) ;
#177 = CARTESIAN_POINT ( 'NONE',  ( 47.33573746969642571, 6.427342441339699342, 93.92420740883541441 ) ) ;
#178 = CARTESIAN_POINT ( 'NONE',  ( 60.86248629064851912, 8.106073365843590395, 139.3677875864784426 ) ) ;
#179 = CARTESIAN_POINT ( 'NONE',  ( 62.81092397861047516, 5.415186858300874206, 108.3124000669949965 ) ) ;
#180 = CARTESIAN_POINT ( 'NONE',  ( 67.00000000000000000, 0.000000000000000000, 80.00000000000000000 ) ) ;
#181 = VECTOR ( 'NONE', #1910, 1000.000000000000000 ) ;
#182 = CARTESIAN_POINT ( 'NONE',  ( 48.80306772086800038, 7.139551878607983681, 106.0443574351236435 ) ) ;
#183 = CARTESIAN_POINT ( 'NONE',  ( 46.70182735340340230, 5.607350095416052227, 124.2456946430195757 ) ) ;
#184 = CARTESIAN_POINT ( 'NONE',  ( 52.58421687379279774, 9.721765353557087153, 93.03298709999488381 ) ) ;
#185 = CARTESIAN_POINT ( 'NONE',  ( 62.45465153031295102, 6.679435296490379592, 155.7106034177536742 ) ) ;
#186 = CARTESIAN_POINT ( 'NONE',  ( 46.38598772423438987, 5.115855325677959975, 133.9253454608012248 ) ) ;
#187 = CARTESIAN_POINT ( 'NONE',  ( 49.14993703466953434, 8.115027429206371323, 92.77855608358999007 ) ) ;
#188 = CARTESIAN_POINT ( 'NONE',  ( 61.42556343030452837, 7.667574031595995265, 117.0069360348351637 ) ) ;
#189 = AXIS2_PLACEMENT_3D ( 'NONE', #492, #3368, #4080 ) ;
#190 = CARTESIAN_POINT ( 'NONE',  ( 60.77300269570550029, 8.172211449451312504, 102.7162486636511858 ) ) ;
#191 = CARTESIAN_POINT ( 'NONE',  ( 61.48658322063945292, 6.889103053746151062, 106.2557023692061335 ) ) ;
#192 = CARTESIAN_POINT ( 'NONE',  ( 63.87457847529200450, 4.608941689278579723, 122.7277623066465111 ) ) ;
#193 = CARTESIAN_POINT ( 'NONE',  ( 60.23029704232364878, 7.793699469761550702, 138.4995677146551998 ) ) ;
#194 = CARTESIAN_POINT ( 'NONE',  ( 48.80306772086796485, 7.139551878607958812, 118.0415029171544745 ) ) ;
#195 = DIRECTION ( 'NONE',  ( -0.000000000000000000, -1.000000000000000000, -0.000000000000000000 ) ) ;
#196 = CARTESIAN_POINT ( 'NONE',  ( 47.29554914561143164, 5.565355518015595138, 169.9240398599894775 ) ) ;
#197 = DIRECTION ( 'NONE',  ( 0.3062738839768525123, 0.9519434373920194759, 0.000000000000000000 ) ) ;
#198 = CARTESIAN_POINT ( 'NONE',  ( 48.67547064135632695, 7.026353159813841565, 102.0117496508632513 ) ) ;
#199 = CARTESIAN_POINT ( 'NONE',  ( 59.46748205588136926, 8.201058478069755964, 138.6896889119198022 ) ) ;
#200 = CARTESIAN_POINT ( 'NONE',  ( 48.01457603732018242, 7.166525625398871391, 114.1334454283845332 ) ) ;
#201 = CARTESIAN_POINT ( 'NONE',  ( 61.36510415312920230, 6.992576442466587494, 175.9076028084730297 ) ) ;
#202 = CARTESIAN_POINT ( 'NONE',  ( 46.23965276011529113, 4.823176879528286776, 148.3544993306229571 ) ) ;
#203 = ORIENTED_EDGE ( 'NONE', *, *, #769, .T. ) ;
#204 = CARTESIAN_POINT ( 'NONE',  ( 61.42556343030594235, 7.667574031594872608, 141.6475503421451094 ) ) ;
#205 = CARTESIAN_POINT ( 'NONE',  ( 62.90854613541825557, 6.133572449306416097, 175.8890966643338913 ) ) ;
#206 = CARTESIAN_POINT ( 'NONE',  ( 54.34800506756140948, 9.982885021877834220, 139.9627250010451576 ) ) ;
#207 = DIRECTION ( 'NONE',  ( 1.224646799147353207E-16, 1.000000000000000000, -0.000000000000000000 ) ) ;
#208 = CARTESIAN_POINT ( 'NONE',  ( 60.02353302548371516, 8.665952819950218711, 92.53716329477614977 ) ) ;
#209 = CARTESIAN_POINT ( 'NONE',  ( 62.69944752825821865, 6.384946949215935419, 155.2429223549841026 ) ) ;
#210 = CARTESIAN_POINT ( 'NONE',  ( 47.12589686711697112, 5.319791508086457732, 135.4894881632756665 ) ) ;
#211 = CARTESIAN_POINT ( 'NONE',  ( 60.97034310624082565, 7.302337242770157388, 117.9395492931146237 ) ) ;
#212 = CARTESIAN_POINT ( 'NONE',  ( 55.10352913205744585, 9.199409596669738676, 126.9885459657046880 ) ) ;
#213 = CARTESIAN_POINT ( 'NONE',  ( 47.29909703707805591, 5.569931025681944092, 107.9912639945756325 ) ) ;
#214 = CARTESIAN_POINT ( 'NONE',  ( 62.77416940221207398, 5.466296667093898165, 108.2336327246598842 ) ) ;
#215 = COLOUR_RGB ( '',1.000000000000000000, 1.000000000000000000, 1.000000000000000000 ) ;
#216 = CARTESIAN_POINT ( 'NONE',  ( 51.93394707472236149, 8.751944306415783359, 176.8143280090709766 ) ) ;
#217 = B_SPLINE_CURVE_WITH_KNOTS ( 'NONE', 3,
 ( #1371, #1288, #3511, #2022, #615, #3839, #4558, #2406, #557, #998, #3485, #4246, #4587, #196, #167, #3186, #2827, #4643, #2460, #3538, #2102, #3819, #3915, #1264, #943, #587, #1636, #639, #3104, #3566, #893, #1665, #3129, #532, #1314, #1613, #1995, #2773, #3078, #249, #3459, #2050, #221, #3156, #4533, #1338, #2802, #2185, #4670, #1007 ),
 .UNSPECIFIED., .F., .F.,
 ( 4, 2, 2, 2, 2, 2, 2, 2, 2, 2, 2, 2, 2, 2, 2, 2, 2, 2, 2, 2, 2, 2, 2, 2, 4 ),
 ( 0.002779998200560678846, 0.004275270878121551453, 0.005770543555682423192, 0.007265816233243294064, 0.008013452572023717357, 0.008761088910804138916, 0.009508725249584560474, 0.01025636158836498550, 0.01100399792714540706, 0.01175163426592583035, 0.01249927060470625365, 0.01324690694348667694, 0.01399454328226710023, 0.01474217962104752352, 0.01548981595982794682, 0.01623745229860836664, 0.01698508863738878993, 0.01773272497616921323, 0.01922799765373002859, 0.01997563399251043800, 0.02072327033129084048, 0.02221854300885164890, 0.02371381568641245385, 0.02520908836397326228, 0.02670436104153406723 ),
 .UNSPECIFIED. ) ;
#218 = CARTESIAN_POINT ( 'NONE',  ( 61.44063696507174654, 6.929039827278367980, 130.2171516710080255 ) ) ;
#219 = CARTESIAN_POINT ( 'NONE',  ( 62.09662354391063133, 7.049984895078660330, 114.7459705447143818 ) ) ;
#220 = DIRECTION ( 'NONE',  ( 1.000000000000000000, 0.000000000000000000, 0.000000000000000000 ) ) ;
#221 = CARTESIAN_POINT ( 'NONE',  ( 52.85304714822455452, 8.981875585555121333, 176.8709265358172331 ) ) ;
#222 = CARTESIAN_POINT ( 'NONE',  ( 47.00027721053684360, 5.123089033000382209, 159.6709198459384424 ) ) ;
#223 = CARTESIAN_POINT ( 'NONE',  ( 49.25161448254137042, 8.187773419762745419, 103.4144001194024725 ) ) ;
#224 = CARTESIAN_POINT ( 'NONE',  ( 63.41151093087812995, 5.421836002780007213, 137.0375431392526480 ) ) ;
#225 = CARTESIAN_POINT ( 'NONE',  ( 46.63586205828482179, 5.509120316697014630, 112.0303088331142902 ) ) ;
#226 = CARTESIAN_POINT ( 'NONE',  ( 63.01094754870391057, 5.104797726938683056, 171.6798662866565053 ) ) ;
#227 = CARTESIAN_POINT ( 'NONE',  ( 57.75646495579155726, 8.826152350266362134, 138.9008610316518002 ) ) ;
#228 = EDGE_LOOP ( 'NONE', ( #2337, #739, #2002, #3774 ) ) ;
#229 = CARTESIAN_POINT ( 'NONE',  ( 62.09662354391064554, 7.049984895078654112, 176.6706679846133170 ) ) ;
#230 = CARTESIAN_POINT ( 'NONE',  ( 59.69618104548042936, 8.088012959274587743, 105.5066151618112116 ) ) ;
#231 = CARTESIAN_POINT ( 'NONE',  ( 50.21989629562328616, 8.788275287285840065, 139.6505851725743241 ) ) ;
#232 = CARTESIAN_POINT ( 'NONE',  ( 48.90870446191334509, 7.211419073120918455, 114.1479096594861034 ) ) ;
#233 = CARTESIAN_POINT ( 'NONE',  ( 49.02032796540682114, 8.020156909402260226, 127.3289452644141591 ) ) ;
#234 = CARTESIAN_POINT ( 'NONE',  ( 58.42743073613608118, 9.412794963759203881, 92.30607634964303543 ) ) ;
#235 = CARTESIAN_POINT ( 'NONE',  ( 63.46987679767869395, 5.347783483074538324, 157.8426719955864996 ) ) ;
#236 = CARTESIAN_POINT ( 'NONE',  ( 46.70499091778350476, 5.588362383419043233, 130.8842832419040008 ) ) ;
#237 = CARTESIAN_POINT ( 'NONE',  ( 60.32548170357126338, 7.736325962368074016, 117.6762914435767868 ) ) ;
#238 = CARTESIAN_POINT ( 'NONE',  ( 63.87399785250326545, 4.610057315488696794, 121.4205265222106931 ) ) ;
#239 = CARTESIAN_POINT ( 'NONE',  ( 53.35575525054845514, 9.868342651225949780, 151.7722162929794649 ) ) ;
#240 = ADVANCED_FACE ( 'NONE', ( #4567 ), #2109, .F. ) ;
#241 = CARTESIAN_POINT ( 'NONE',  ( 50.95373067593089189, 8.400593400142016165, 126.7727699394940686 ) ) ;
#242 = CARTESIAN_POINT ( 'NONE',  ( 48.22970048142050103, 7.369820596813654312, 105.8777417892969623 ) ) ;
#243 = CARTESIAN_POINT ( 'NONE',  ( 47.56380284655797652, 6.690788063413678266, 142.3263076732980323 ) ) ;
#244 = CARTESIAN_POINT ( 'NONE',  ( 62.83680385006397984, 6.229736006479032362, 106.9178987011008957 ) ) ;
#245 = CARTESIAN_POINT ( 'NONE',  ( 51.66770777369457335, 9.446314554127420493, 164.3694704187117850 ) ) ;
#246 = CARTESIAN_POINT ( 'NONE',  ( 57.24380627673486543, 8.963602712083572399, 176.8680731812558804 ) ) ;
#247 = CARTESIAN_POINT ( 'NONE',  ( 62.05491934609037230, 6.358768436816359504, 130.7523817031064084 ) ) ;
#248 = CARTESIAN_POINT ( 'NONE',  ( 58.33936835076804783, 9.430432872960690105, 115.8510890345155104 ) ) ;
#249 = CARTESIAN_POINT ( 'NONE',  ( 51.43769919068924423, 8.577280284967850221, 176.7585775246387527 ) ) ;
#250 = CARTESIAN_POINT ( 'NONE',  ( 47.33515826933668791, 5.618959084976756557, 161.5495280075500943 ) ) ;
#251 = EDGE_LOOP ( 'NONE', ( #3164, #4559, #118, #1377 ) ) ;
#252 = CARTESIAN_POINT ( 'NONE',  ( 53.02987159325259370, 9.808558530261176855, 103.9392137941961209 ) ) ;
#253 = CARTESIAN_POINT ( 'NONE',  ( 61.45943834815972906, 6.912498802145335297, 137.9116072499169263 ) ) ;
#254 = CARTESIAN_POINT ( 'NONE',  ( 51.66770777369650602, 9.446314554127910768, 115.0882418040844186 ) ) ;
#255 = CARTESIAN_POINT ( 'NONE',  ( 52.74652246259466182, 8.959835480746896508, 167.1359624258645624 ) ) ;
#256 = VERTEX_POINT ( 'NONE', #3809 ) ;
#257 = CARTESIAN_POINT ( 'NONE',  ( 50.05374356648928824, 8.696094863719771695, 92.53339950234541789 ) ) ;
#258 = CARTESIAN_POINT ( 'NONE',  ( 62.57035984036882326, 5.752953572805066251, 149.1865915722724196 ) ) ;
#259 = CARTESIAN_POINT ( 'NONE',  ( 56.52132416758046674, 9.092161871279531127, 167.1069891087020949 ) ) ;
#260 = CARTESIAN_POINT ( 'NONE',  ( 63.85249590135413911, 4.651736194070073438, 160.2971939489366093 ) ) ;
#261 = CARTESIAN_POINT ( 'NONE',  ( 59.79932442817605676, 8.791135339016335593, 104.4898189837595055 ) ) ;
#262 = CARTESIAN_POINT ( 'NONE',  ( 47.28462626176522576, 5.549871579012429557, 124.1150932976236305 ) ) ;
#263 = CIRCLE ( 'NONE', #2945, 1.000000000000000000 ) ;
#264 = CARTESIAN_POINT ( 'NONE',  ( 59.89309770085745299, 8.739711215129204902, 93.22663744510124673 ) ) ;
#265 = CARTESIAN_POINT ( 'NONE',  ( 63.61413366666759828, 5.115654126322669804, 159.4979847301807467 ) ) ;
#266 = CARTESIAN_POINT ( 'NONE',  ( 54.05976864150436967, 9.959940903609208362, 115.9645023554551813 ) ) ;
#267 = ADVANCED_FACE ( 'NONE', ( #521 ), #4290, .T. ) ;
#268 = TOROIDAL_SURFACE ( 'NONE', #805, 72.00000000000001421, 3.000000000000000000 ) ;
#269 = CARTESIAN_POINT ( 'NONE',  ( 57.88460117304830277, 8.793977291360715043, 117.2521769688807041 ) ) ;
#270 = CARTESIAN_POINT ( 'NONE',  ( 62.91170920564056956, 5.262002201129595491, 120.8674559877072880 ) ) ;
#271 = CARTESIAN_POINT ( 'NONE',  ( 50.47795705014750212, 8.185609252441821582, 126.6923732861088325 ) ) ;
#272 = CARTESIAN_POINT ( 'NONE',  ( 46.92594337315493647, 5.903099134265515247, 106.4769189210990135 ) ) ;
#273 = CIRCLE ( 'NONE', #1575, 11.00000000000000178 ) ;
#274 = CARTESIAN_POINT ( 'NONE',  ( 63.41151093087721335, 5.421836002781305730, 113.0432521751910144 ) ) ;
#275 = CARTESIAN_POINT ( 'NONE',  ( 49.82645303404175507, 7.827406634454504797, 176.4471070786556766 ) ) ;
#276 = CIRCLE ( 'NONE', #1951, 0.9999999999999992228 ) ;
#277 = PRESENTATION_LAYER_ASSIGNMENT (  '', '', ( #1057 ) ) ;
#278 = CARTESIAN_POINT ( 'NONE',  ( 64.00000000000000000, 0.000000000000000000, 180.0000000000000000 ) ) ;
#279 = CARTESIAN_POINT ( 'NONE',  ( 54.34800506756144500, 9.982885021877834220, 127.9655795190142697 ) ) ;
#280 = CARTESIAN_POINT ( 'NONE',  ( 49.97550783295371701, 8.665376909638506930, 103.6217819215614213 ) ) ;
#281 = DIRECTION ( 'NONE',  ( 1.000000000000000000, 0.000000000000000000, 0.000000000000000000 ) ) ;
#282 = CARTESIAN_POINT ( 'NONE',  ( 46.26136208797597504, 4.863032493311274962, 170.2432286610409449 ) ) ;
#283 = ORIENTED_EDGE ( 'NONE', *, *, #2025, .T. ) ;
#284 = CARTESIAN_POINT ( 'NONE',  ( -75.00000000000001421, 10.11945941895709566, 98.07958433705474022 ) ) ;
#285 = CARTESIAN_POINT ( 'NONE',  ( 63.51890666293265753, 5.273535158672682854, 148.0384390231249938 ) ) ;
#286 = CARTESIAN_POINT ( 'NONE',  ( 58.42743073613590354, 9.412794963759278488, 166.2279192715691067 ) ) ;
#287 = CARTESIAN_POINT ( 'NONE',  ( 52.26580499391000245, 8.832096614886300046, 93.24815628618873120 ) ) ;
#288 = CARTESIAN_POINT ( 'NONE',  ( 63.31283991883239537, 5.561157044022048801, 106.9279216898474090 ) ) ;
#289 = CARTESIAN_POINT ( 'NONE',  ( 48.16810036782416660, 6.572245933587129052, 106.5467892757416024 ) ) ;
#290 = CARTESIAN_POINT ( 'NONE',  ( 47.08784776274077899, 5.261320546974775247, 123.2776369655447297 ) ) ;
#291 = CARTESIAN_POINT ( 'NONE',  ( 60.38483566946926828, 7.699755725212163782, 93.70142008741714790 ) ) ;
#292 = CARTESIAN_POINT ( 'NONE',  ( 63.14013181088411386, 5.831433192483168604, 156.7696681106975234 ) ) ;
#293 = CARTESIAN_POINT ( 'NONE',  ( 48.81413782898376041, 7.865219242364210217, 129.5806138187068655 ) ) ;
#294 = CARTESIAN_POINT ( 'NONE',  ( 51.96200554878887345, 9.527360060080148685, 140.9167759473871229 ) ) ;
#295 = CARTESIAN_POINT ( 'NONE',  ( 46.26136208797680638, 4.863032493312726245, 157.5997598357581353 ) ) ;
#296 = CARTESIAN_POINT ( 'NONE',  ( 62.29741611293096071, 6.085701237993712098, 119.0835231162148347 ) ) ;
#297 = CARTESIAN_POINT ( 'NONE',  ( 62.48345585631042098, 5.855520498816074948, 119.4541565562190470 ) ) ;
#298 = CARTESIAN_POINT ( 'NONE',  ( 53.49415460270031986, 9.084299197820849159, 126.9656487989492035 ) ) ;
#299 = CARTESIAN_POINT ( 'NONE',  ( 46.12539407974080063, 4.608884198321117509, 110.7205426398655561 ) ) ;
#300 = CARTESIAN_POINT ( 'NONE',  ( 46.74206454131738298, 5.643327814770411344, 143.4497006100915257 ) ) ;
#301 = CARTESIAN_POINT ( 'NONE',  ( 61.59490704598583477, 7.521956896509641055, 115.0587822697946621 ) ) ;
#302 = CARTESIAN_POINT ( 'NONE',  ( 51.66960127879907816, 8.657291659821320096, 126.8558856737319331 ) ) ;
#303 = CARTESIAN_POINT ( 'NONE',  ( 52.44126044772451678, 8.891028577846217473, 164.2058209664633068 ) ) ;
#304 = CARTESIAN_POINT ( 'NONE',  ( 53.49415460269935352, 9.084299197820620009, 176.8932007568172367 ) ) ;
#305 = CARTESIAN_POINT ( 'NONE',  ( 62.09662354391064554, 7.049984895078654112, 151.3837303340550875 ) ) ;
#306 = CARTESIAN_POINT ( 'NONE',  ( 46.10605441087212597, 4.571452247488385190, 172.1063923156794147 ) ) ;
#307 = CARTESIAN_POINT ( 'NONE',  ( 62.12444734203408103, 6.280166015458375384, 149.9488913357751585 ) ) ;
#308 = CARTESIAN_POINT ( 'NONE',  ( 50.99612368823520114, 9.167950423603794974, 127.7764754045553275 ) ) ;
#309 = CARTESIAN_POINT ( 'NONE',  ( 47.22823210998647170, 5.469886505671244237, 157.5033386976467682 ) ) ;
#310 = CARTESIAN_POINT ( 'NONE',  ( 48.56351503673900538, 7.661789287836265672, 102.4598425319427690 ) ) ;
#311 = CARTESIAN_POINT ( 'NONE',  ( 62.09662354391063133, 7.049984895078660330, 102.7488250626835367 ) ) ;
#312 = VERTEX_POINT ( 'NONE', #4580 ) ;
#313 = CARTESIAN_POINT ( 'NONE',  ( 60.08000899816107676, 8.619416666749119216, 126.8810810304254915 ) ) ;
#314 = CARTESIAN_POINT ( 'NONE',  ( 61.99048469831992492, 7.155819881795324022, 151.4583966129394810 ) ) ;
#315 = CARTESIAN_POINT ( 'NONE',  ( 63.73652144475718018, 4.867065980979954354, 173.7741840599264265 ) ) ;
#316 = CARTESIAN_POINT ( 'NONE',  ( 57.67061898116732266, 9.654017173200386992, 153.5299875914146810 ) ) ;
#317 = CARTESIAN_POINT ( 'NONE',  ( 63.49975488790506262, 5.271047526815098472, 107.3979081142620515 ) ) ;
#318 = DIRECTION ( 'NONE',  ( 1.000000000000000000, -0.000000000000000000, -0.000000000000000000 ) ) ;
#319 = CARTESIAN_POINT ( 'NONE',  ( 62.27048231517024135, 6.109561499516651395, 101.0737677034672259 ) ) ;
#320 = CARTESIAN_POINT ( 'NONE',  ( 63.89332229013529485, 4.572680490137670972, 159.5161406829689952 ) ) ;
#321 = CARTESIAN_POINT ( 'NONE',  ( 48.61126769493110089, 7.701594912647674818, 129.6681023398148511 ) ) ;
#322 = CARTESIAN_POINT ( 'NONE',  ( 47.57908177531886906, 6.716785288498344997, 155.6751446140582971 ) ) ;
#323 = CARTESIAN_POINT ( 'NONE',  ( 61.44063696507171812, 6.929039827278384855, 118.2200061889771661 ) ) ;
#324 = CARTESIAN_POINT ( 'NONE',  ( -5.175281374238570820, -3.000000000000000000, -10.00000000000000178 ) ) ;
#325 = CARTESIAN_POINT ( 'NONE',  ( 48.54839951417250177, 6.919195222738994566, 106.2306188703573469 ) ) ;
#326 = CARTESIAN_POINT ( 'NONE',  ( 61.38471774412358428, 7.701646707580593443, 115.1629689856958265 ) ) ;
#327 = CARTESIAN_POINT ( 'NONE',  ( 53.83241174522601113, 9.134774643515543247, 126.9765802767503544 ) ) ;
#328 = CARTESIAN_POINT ( 'NONE',  ( 47.14434652861687169, 6.216953614654062044, 175.1671740650080551 ) ) ;
#329 = FACE_OUTER_BOUND ( 'NONE', #251, .T. ) ;
#330 = ADVANCED_FACE ( 'NONE', ( #3206 ), #457, .T. ) ;
#331 = DIRECTION ( 'NONE',  ( 1.000000000000000000, 0.000000000000000000, 0.000000000000000000 ) ) ;
#332 = CARTESIAN_POINT ( 'NONE',  ( -75.00000000000001421, 0.000000000000000000, 77.00000000000000000 ) ) ;
#333 = CARTESIAN_POINT ( 'NONE',  ( 50.21989629562330748, 8.788275287285847170, 127.6534396905435784 ) ) ;
#334 = CARTESIAN_POINT ( 'NONE',  ( 47.10930947318935580, 6.147448320609535166, 168.1259546314598765 ) ) ;
#335 = VERTEX_POINT ( 'NONE', #1959 ) ;
#336 = CARTESIAN_POINT ( 'NONE',  ( 46.52872961091571824, 5.345603975319471957, 99.58793186660039964 ) ) ;
#337 = CARTESIAN_POINT ( 'NONE',  ( 0.000000000000000000, 0.000000000000000000, 77.00000000000000000 ) ) ;
#338 = EDGE_LOOP ( 'NONE', ( #743, #1794 ) ) ;
#339 = CARTESIAN_POINT ( 'NONE',  ( 61.38471774412361270, 7.701646707580568574, 127.1601144677266575 ) ) ;
#340 = CARTESIAN_POINT ( 'NONE',  ( 62.96840461650583620, 5.173471978323232356, 145.9479738421926527 ) ) ;
#341 = PRODUCT_DEFINITION ( 'UNKNOWN', '', #1645, #4321 ) ;
#342 = CARTESIAN_POINT ( 'NONE',  ( 60.58990184077465102, 8.298400260850556265, 167.3123742552135127 ) ) ;
#343 = CARTESIAN_POINT ( 'NONE',  ( 62.09662354391063133, 7.049984895078652336, 164.0271991593342022 ) ) ;
#344 = CARTESIAN_POINT ( 'NONE',  ( 63.76007309217547459, 4.823683520021466720, 108.4348096795815053 ) ) ;
#345 = CARTESIAN_POINT ( 'NONE',  ( 55.80496229746808723, 9.167984432471087075, 114.9857425050289521 ) ) ;
#346 = CARTESIAN_POINT ( 'NONE',  ( 46.60924434473002265, 5.442388556333948912, 119.1063600584531059 ) ) ;
#347 = CARTESIAN_POINT ( 'NONE',  ( 62.97390533155661529, 5.164556866773035715, 98.88790975584018383 ) ) ;
#348 = CARTESIAN_POINT ( 'NONE',  ( 62.17715372129906370, 6.967896309898767626, 163.9666621947207261 ) ) ;
#349 = CARTESIAN_POINT ( 'NONE',  ( 46.12539407974055194, 4.608884198320645886, 160.0017712544854191 ) ) ;
#350 = CARTESIAN_POINT ( 'NONE',  ( 56.92222800158828022, 9.016411584927659817, 117.1969056595172702 ) ) ;
#351 = CARTESIAN_POINT ( 'NONE',  ( 62.69720926563624630, 6.400779514662726655, 125.4334678567669386 ) ) ;
#352 = CARTESIAN_POINT ( 'NONE',  ( 50.17830547192001944, 8.766423579979674585, 154.5051080734248217 ) ) ;
#353 = AXIS2_PLACEMENT_3D ( 'NONE', #3209, #3381, #465 ) ;
#354 = CARTESIAN_POINT ( 'NONE',  ( 60.77300269570550739, 8.172211449451323162, 114.7133941456820736 ) ) ;
#355 = CARTESIAN_POINT ( 'NONE',  ( 48.10049428152109385, 6.506111637378436008, 125.5354453836418571 ) ) ;
#356 = CARTESIAN_POINT ( 'NONE',  ( 47.79097783650981768, 6.934820660455736530, 163.9416278644359579 ) ) ;
#357 = CARTESIAN_POINT ( 'NONE',  ( 59.69618104548042936, 8.088012959274587743, 93.50946967978035218 ) ) ;
#358 = UNCERTAINTY_MEASURE_WITH_UNIT (LENGTH_MEASURE( 1.000000000000000082E-05 ), #404, 'distance_accuracy_value', 'NONE');
#359 = DIRECTION ( 'NONE',  ( -1.000000000000000000, 0.000000000000000000, 0.000000000000000000 ) ) ;
#360 = CARTESIAN_POINT ( 'NONE',  ( 46.10526860420971929, 4.569927716203989299, 121.9983922377737713 ) ) ;
#361 = CARTESIAN_POINT ( 'NONE',  ( 46.74206454131738298, 5.643327814770411344, 168.7366382606496700 ) ) ;
#362 = ADVANCED_FACE ( 'NONE', ( #3719 ), #1246, .F. ) ;
#363 = CARTESIAN_POINT ( 'NONE',  ( 58.06273883976849959, 9.519434373920201864, 103.8753926352601979 ) ) ;
#364 = CARTESIAN_POINT ( 'NONE',  ( 49.66671152457386285, 7.731588385111097139, 167.6058809226426547 ) ) ;
#365 = CARTESIAN_POINT ( 'NONE',  ( 47.03757161840276524, 6.053296636839292866, 163.1316734924789387 ) ) ;
#366 = ORIENTED_EDGE ( 'NONE', *, *, #400, .T. ) ;
#367 = CARTESIAN_POINT ( 'NONE',  ( 61.77657249735006673, 7.363996869258437883, 150.9095151846831584 ) ) ;
#368 = CARTESIAN_POINT ( 'NONE',  ( 62.97454941799704642, 6.037847411505848250, 168.2459285055529392 ) ) ;
#369 = CARTESIAN_POINT ( 'NONE',  ( 61.21111240043371993, 7.855551034502757268, 154.1763023177061314 ) ) ;
#370 = CARTESIAN_POINT ( 'NONE',  ( 0.000000000000000000, 0.000000000000000000, 50.00000000000000000 ) ) ;
#371 = CARTESIAN_POINT ( 'NONE',  ( 46.64953742103175927, 5.529565739384073808, 120.0725153255081210 ) ) ;
#372 = CARTESIAN_POINT ( 'NONE',  ( 62.95217104723683832, 6.067388059086439078, 101.8680242688765958 ) ) ;
#373 = CARTESIAN_POINT ( 'NONE',  ( 59.90930408789583339, 7.976047613525650171, 154.8386825306049559 ) ) ;
#374 = CARTESIAN_POINT ( 'NONE',  ( 60.54660515899672646, 8.327382635181935555, 164.0586422275266045 ) ) ;
#375 = CARTESIAN_POINT ( 'NONE',  ( 46.20871973579080105, 4.766325302417089738, 160.8024724311543139 ) ) ;
#376 = CARTESIAN_POINT ( 'NONE',  ( 54.32793912715418827, 9.176892457048355212, 102.9899445111153256 ) ) ;
#377 = CARTESIAN_POINT ( 'NONE',  ( 61.77657249735100464, 7.363996869258549793, 114.2717553953442149 ) ) ;
#378 = CARTESIAN_POINT ( 'NONE',  ( 46.70182735340245728, 5.607350095415585933, 174.1732466008876656 ) ) ;
#379 = CARTESIAN_POINT ( 'NONE',  ( 57.64478945718200009, 8.858442268628396121, 93.24087461389265741 ) ) ;
#380 = CARTESIAN_POINT ( 'NONE',  ( 61.60481632962565612, 6.784775370763092006, 142.9836823498825993 ) ) ;
#381 = CARTESIAN_POINT ( 'NONE',  ( 48.16810036782415949, 6.572245933587116618, 143.1845490650823365 ) ) ;
#382 = ORIENTED_EDGE ( 'NONE', *, *, #1883, .T. ) ;
#383 = CARTESIAN_POINT ( 'NONE',  ( 61.81450198885190872, 7.323555316276254779, 93.22277665401404079 ) ) ;
#384 = CARTESIAN_POINT ( 'NONE',  ( 49.26555720392491367, 7.470945681972492203, 167.7578284732587406 ) ) ;
#385 = CARTESIAN_POINT ( 'NONE',  ( 58.06273883976852801, 9.519434373920192982, 165.1537667319109062 ) ) ;
#386 = EDGE_LOOP ( 'NONE', ( #1372, #4511 ) ) ;
#387 = CARTESIAN_POINT ( 'NONE',  ( 59.37331677881269343, 8.244944847646344499, 114.7132069341515006 ) ) ;
#388 = CARTESIAN_POINT ( 'NONE',  ( 61.23737090044151188, 7.824552775041514252, 167.5322081121818201 ) ) ;
#389 = ADVANCED_FACE ( 'NONE', ( #3061 ), #2328, .F. ) ;
#390 = CARTESIAN_POINT ( 'NONE',  ( 55.20607119714631494, 10.00234227606094883, 128.1759621005121232 ) ) ;
#391 = CARTESIAN_POINT ( 'NONE',  ( 46.37396910149397655, 5.060085822047316384, 119.8162807037795403 ) ) ;
#392 = CARTESIAN_POINT ( 'NONE',  ( 62.87283073483994400, 5.321715180617709429, 96.65459987458197588 ) ) ;
#393 = CARTESIAN_POINT ( 'NONE',  ( 57.88460117304831698, 8.793977291360704385, 154.5362601014696509 ) ) ;
#394 = CARTESIAN_POINT ( 'NONE',  ( 58.27357708810740888, 8.687507960557649511, 164.1506732784660301 ) ) ;
#395 = CARTESIAN_POINT ( 'NONE',  ( 47.22823210998647880, 5.469886505671250454, 96.22496460099607418 ) ) ;
#396 = CARTESIAN_POINT ( 'NONE',  ( 53.22688443397172620, 9.042995467466163007, 138.9540453303022218 ) ) ;
#397 = CARTESIAN_POINT ( 'NONE',  ( 50.73432588519227693, 9.049154562497763621, 103.7465231077781027 ) ) ;
#398 = CARTESIAN_POINT ( 'NONE',  ( 47.01285467194235679, 5.143239718313672881, 172.5379379429763844 ) ) ;
#399 = CARTESIAN_POINT ( 'NONE',  ( 60.02018042092185368, 7.914974401871820220, 102.5690854750835967 ) ) ;
#400 = EDGE_CURVE ( 'NONE', #1551, #3975, #2341, .T. ) ;
#401 = CARTESIAN_POINT ( 'NONE',  ( 60.23029704232364168, 7.793699469761559584, 151.1430365399342861 ) ) ;
#402 = CARTESIAN_POINT ( 'NONE',  ( 47.10930947318937001, 6.147448320609524508, 118.1984026735918434 ) ) ;
#403 = CARTESIAN_POINT ( 'NONE',  ( 47.45766495379729122, 5.780647371009960622, 144.2184706263945486 ) ) ;
#404 =( LENGTH_UNIT ( ) NAMED_UNIT ( * ) SI_UNIT ( .MILLI., .METRE. ) );
#405 = CARTESIAN_POINT ( 'NONE',  ( 63.57787077003541754, 5.141675847478170525, 95.64741272745595779 ) ) ;
#406 = CARTESIAN_POINT ( 'NONE',  ( 51.46729491641479370, 9.373555404842342398, 167.0041400737414108 ) ) ;
#407 = CARTESIAN_POINT ( 'NONE',  ( 48.05333913996454953, 7.203965809688756217, 129.9868903648456637 ) ) ;
#408 = ORIENTED_EDGE ( 'NONE', *, *, #1525, .F. ) ;
#409 = CARTESIAN_POINT ( 'NONE',  ( 61.81450198885189451, 7.323555316276259219, 141.8576819253856058 ) ) ;
#410 = CARTESIAN_POINT ( 'NONE',  ( 62.96840461650583620, 5.173471978323232356, 171.2349114927508253 ) ) ;
#411 = CARTESIAN_POINT ( 'NONE',  ( 53.30596085339697510, 9.066099362886049562, 141.8263503134446637 ) ) ;
#412 = CARTESIAN_POINT ( 'NONE',  ( 52.02184882211762584, 9.546442316987480581, 129.0492510617749247 ) ) ;
#413 = CARTESIAN_POINT ( 'NONE',  ( 47.01635969087064382, 5.148870740344169583, 121.4873603870258876 ) ) ;
#414 = CARTESIAN_POINT ( 'NONE',  ( 63.14056317447927569, 5.839416528215422453, 100.7110810407468193 ) ) ;
#415 = CARTESIAN_POINT ( 'NONE',  ( 57.64478945718195746, 8.858442268628405003, 154.5192487105433372 ) ) ;
#416 = CARTESIAN_POINT ( 'NONE',  ( 60.93923694828865223, 8.050183050875105550, 164.6278216964589944 ) ) ;
#417 = CARTESIAN_POINT ( 'NONE',  ( 50.75243282530525590, 8.302145291125127002, 102.7390183129497245 ) ) ;
#418 = CARTESIAN_POINT ( 'NONE',  ( 61.45943834815879114, 6.912498802141980647, 125.9144617678830116 ) ) ;
#419 = ADVANCED_FACE ( 'NONE', ( #1914 ), #1629, .T. ) ;
#420 = CARTESIAN_POINT ( 'NONE',  ( 47.79097783650981768, 6.934820660455736530, 138.6546902138777853 ) ) ;
#421 = DIRECTION ( 'NONE',  ( 1.000000000000000000, 0.000000000000000000, 0.000000000000000000 ) ) ;
#422 = CARTESIAN_POINT ( 'NONE',  ( 47.28462626176521155, 5.549871579012441103, 161.3991764302126626 ) ) ;
#423 = CARTESIAN_POINT ( 'NONE',  ( 47.69388215472394421, 6.841279761361935385, 175.7960542960279042 ) ) ;
#424 = CARTESIAN_POINT ( 'NONE',  ( 61.36510415312920230, 6.992576442466587494, 101.9857598865432493 ) ) ;
#425 =( BOUNDED_SURFACE ( )  B_SPLINE_SURFACE ( 3, 2, ( 
 ( #802, #4482, #1167 ),
 ( #1567, #3748, #2265 ),
 ( #3729, #53, #2289 ),
 ( #1234, #450, #1215 ),
 ( #1904, #2242, #468 ),
 ( #3768, #3052, #487 ),
 ( #2984, #3788, #2619 ),
 ( #73, #2960, #1947 ),
 ( #3006, #1923, #4458 ),
 ( #1192, #4505, #2686 ),
 ( #3031, #780, #3384 ),
 ( #1148, #3706, #427 ),
 ( #90, #3404, #4138 ),
 ( #2330, #28, #3344 ),
 ( #1884, #1658, #2015 ),
 ( #1332, #3479, #4607 ),
 ( #2375, #2795, #1307 ),
 ( #910, #4241, #886 ),
 ( #191, #3123, #967 ),
 ( #551, #2044, #4581 ),
 ( #2428, #2069, #3506 ),
 ( #4189, #3532, #3885 ),
 ( #506, #244, #1708 ),
 ( #1626, #3178, #4637 ),
 ( #1683, #3426, #136 ),
 ( #4263, #2349, #610 ),
 ( #214, #3813, #1366 ),
 ( #2823, #3833, #993 ),
 ( #2455, #1970, #1607 ),
 ( #3072, #2766, #4525 ),
 ( #4215, #1255, #2709 ),
 ( #4550, #935, #2399 ),
 ( #3452, #525, #159 ),
 ( #4163, #1989, #3094 ),
 ( #1279, #3857, #582 ),
 ( #2740, #3151, #1122 ),
 ( #709, #3910, #274 ),
 ( #4368, #4731, #1787 ),
 ( #4706, #2142, #3937 ),
 ( #2097, #3229, #2122 ),
 ( #4342, #1837, #3586 ),
 ( #1814, #3612, #1415 ),
 ( #1438, #377, #1462 ),
 ( #3282, #4388, #301 ),
 ( #1764, #3299, #326 ),
 ( #2921, #354, #3253 ),
 ( #4683, #2871, #4316 ),
 ( #6, #1392, #634 ),
 ( #2847, #3991, #1102 ),
 ( #4661, #1020, #4011 ),
 ( #2530, #733, #2895 ),
 ( #660, #2170, #2938 ) ),
 .UNSPECIFIED., .F., .F., .F. ) 
 B_SPLINE_SURFACE_WITH_KNOTS ( ( 4, 2, 2, 2, 2, 2, 2, 2, 2, 2, 2, 2, 2, 2, 2, 2, 2, 2, 2, 2, 2, 2, 2, 2, 2, 4 ),
 ( 3, 3 ),
 ( 0.000000000000000000, 0.001610545619918659493, 0.002415818429877989240, 0.003221091239837318987, 0.004831636859755978480, 0.006442182479674637974, 0.008052728099593297467, 0.008858000909552627214, 0.009663273719511956961, 0.01046854652947128671, 0.01127381933943061645, 0.01207909214938994620, 0.01288436495934927595, 0.01368963776930860569, 0.01449491057926793544, 0.01530018338922726519, 0.01610545619918659493, 0.01771600181910525443, 0.01932654743902391392, 0.02013182024898324540, 0.02093709305894257341, 0.02174236586890190143, 0.02254763867886123291, 0.02335291148882056439, 0.02415818429877989240, 0.02576872991869855190 ),
 ( 0.000000000000000000, 1.000000000000000000 ),
 .UNSPECIFIED. ) 
 GEOMETRIC_REPRESENTATION_ITEM ( )  RATIONAL_B_SPLINE_SURFACE ( (
 ( 1.000000000000000000, 0.7890828154404130323, 1.000000000000000000),
 ( 1.000000000000000000, 0.7822893168594635682, 1.000000000000000000),
 ( 1.000000000000000000, 0.7769804849960907367, 1.000000000000000000),
 ( 1.000000000000000000, 0.7721725132140770942, 1.000000000000000000),
 ( 1.000000000000000000, 0.7710932332194769812, 1.000000000000000000),
 ( 1.000000000000000000, 0.7700798014907069833, 1.000000000000000000),
 ( 1.000000000000000000, 0.7701535816298593629, 1.000000000000000000),
 ( 1.000000000000000000, 0.7720750407669754178, 1.000000000000000000),
 ( 1.000000000000000000, 0.7756304940346639976, 1.000000000000000000),
 ( 1.000000000000000000, 0.7863359135357396168, 1.000000000000000000),
 ( 1.000000000000000000, 0.7935593951759507547, 1.000000000000000000),
 ( 1.000000000000000000, 0.8091467546439219394, 1.000000000000000000),
 ( 1.000000000000000000, 0.8175403830182340625, 1.000000000000000000),
 ( 1.000000000000000000, 0.8293725801648668128, 1.000000000000000000),
 ( 1.000000000000000000, 0.8332126441994696098, 1.000000000000000000),
 ( 1.000000000000000000, 0.8401795453597009633, 1.000000000000000000),
 ( 1.000000000000000000, 0.8433236350767215894, 1.000000000000000000),
 ( 1.000000000000000000, 0.8487740273814844416, 1.000000000000000000),
 ( 1.000000000000000000, 0.8510826173133456685, 1.000000000000000000),
 ( 1.000000000000000000, 0.8547664239492498428, 1.000000000000000000),
 ( 1.000000000000000000, 0.8560988187923876946, 1.000000000000000000),
 ( 1.000000000000000000, 0.8578894373197476497, 1.000000000000000000),
 ( 1.000000000000000000, 0.8583480911740177799, 1.000000000000000000),
 ( 1.000000000000000000, 0.8586026888365199117, 1.000000000000000000),
 ( 1.000000000000000000, 0.8583936092660817696, 1.000000000000000000),
 ( 1.000000000000000000, 0.8576260442153442742, 1.000000000000000000),
 ( 1.000000000000000000, 0.8570717847902066255, 1.000000000000000000),
 ( 1.000000000000000000, 0.8559261330733319850, 1.000000000000000000),
 ( 1.000000000000000000, 0.8553319295049192084, 1.000000000000000000),
 ( 1.000000000000000000, 0.8543856825545433908, 1.000000000000000000),
 ( 1.000000000000000000, 0.8540309185582802831, 1.000000000000000000),
 ( 1.000000000000000000, 0.8536834302495596161, 1.000000000000000000),
 ( 1.000000000000000000, 0.8536930101917873381, 1.000000000000000000),
 ( 1.000000000000000000, 0.8542763716415346931, 1.000000000000000000),
 ( 1.000000000000000000, 0.8554358083883049080, 1.000000000000000000),
 ( 1.000000000000000000, 0.8577422966131222903, 1.000000000000000000),
 ( 1.000000000000000000, 0.8587773206771170953, 1.000000000000000000),
 ( 1.000000000000000000, 0.8582917136919144818, 1.000000000000000000),
 ( 1.000000000000000000, 0.8577805857908663567, 1.000000000000000000),
 ( 1.000000000000000000, 0.8558786611411889345, 1.000000000000000000),
 ( 1.000000000000000000, 0.8544870962723256635, 1.000000000000000000),
 ( 1.000000000000000000, 0.8507154623474066923, 1.000000000000000000),
 ( 1.000000000000000000, 0.8483264996656043611, 1.000000000000000000),
 ( 1.000000000000000000, 0.8427503636051647540, 1.000000000000000000),
 ( 1.000000000000000000, 0.8395509614151314137, 1.000000000000000000),
 ( 1.000000000000000000, 0.8325033572913352886, 1.000000000000000000),
 ( 1.000000000000000000, 0.8286329716666051004, 1.000000000000000000),
 ( 1.000000000000000000, 0.8206742539342531950, 1.000000000000000000),
 ( 1.000000000000000000, 0.8165730635148076288, 1.000000000000000000),
 ( 1.000000000000000000, 0.8043259065628035609, 1.000000000000000000),
 ( 1.000000000000000000, 0.7962203873511647378, 1.000000000000000000),
 ( 1.000000000000000000, 0.7893766639933612606, 1.000000000000000000) ) ) 
 REPRESENTATION_ITEM ( '' )  SURFACE ( )  );
#426 = AXIS2_PLACEMENT_3D ( 'NONE', #2368, #2784, #4206 ) ;
#427 = CARTESIAN_POINT ( 'NONE',  ( 59.51034310500639180, 8.944539985706487784, 104.4405247745622347 ) ) ;
#428 = CARTESIAN_POINT ( 'NONE',  ( 46.46191414180143653, 5.208525610410093876, 169.4384239192908410 ) ) ;
#429 = ORIENTED_EDGE ( 'NONE', *, *, #1940, .T. ) ;
#430 = CIRCLE ( 'NONE', #3093, 72.00000000000001421 ) ;
#431 = CARTESIAN_POINT ( 'NONE',  ( 47.03502175827141940, 5.178684348923753511, 134.8774968128897456 ) ) ;
#432 = DIRECTION ( 'NONE',  ( 0.3062738839768525123, 0.9519434373920194759, 0.000000000000000000 ) ) ;
#433 = CARTESIAN_POINT ( 'NONE',  ( 51.96200554878886635, 9.527360060080148685, 128.2733071221080365 ) ) ;
#434 = CARTESIAN_POINT ( 'NONE',  ( 46.26515111590566676, 4.870041013991814438, 157.5770492264147720 ) ) ;
#435 = VERTEX_POINT ( 'NONE', #3645 ) ;
#436 = CARTESIAN_POINT ( 'NONE',  ( 62.56214639762698937, 5.765419674384438586, 112.5755027728985880 ) ) ;
#437 = CARTESIAN_POINT ( 'NONE',  ( 59.51034310500655522, 8.944539985706420282, 166.3652222144648647 ) ) ;
#438 = CARTESIAN_POINT ( 'NONE',  ( 52.58421687379942000, 9.721765353542050292, 141.6678923713776044 ) ) ;
#439 = CARTESIAN_POINT ( 'NONE',  ( 56.89854826595927761, 9.836399893339494938, 152.5796944287448014 ) ) ;
#440 = CIRCLE ( 'NONE', #3944, 10.00000000000000178 ) ;
#441 = CARTESIAN_POINT ( 'NONE',  ( 61.42556343030545207, 7.667574031595259854, 129.0040815168660231 ) ) ;
#442 = DIRECTION ( 'NONE',  ( -2.620428211445327472E-16, 1.000000000000000000, 0.000000000000000000 ) ) ;
#443 = CARTESIAN_POINT ( 'NONE',  ( 61.45943834815970774, 6.912498802142551746, 101.9201708038218896 ) ) ;
#444 = CARTESIAN_POINT ( 'NONE',  ( 46.92594337315514252, 5.903099134265812786, 143.1146787104379143 ) ) ;
#445 = CARTESIAN_POINT ( 'NONE',  ( 51.96200554878886635, 9.527360060080146908, 128.2733071221080365 ) ) ;
#446 = CARTESIAN_POINT ( 'NONE',  ( 58.06273883976853512, 9.519434373920191206, 127.8696835993218883 ) ) ;
#447 = CARTESIAN_POINT ( 'NONE',  ( 45.00000000000000000, 0.000000000000000000, 82.00000000000000000 ) ) ;
#448 = CARTESIAN_POINT ( 'NONE',  ( 50.10597725747071962, 8.739175768930333987, 138.9237973169432223 ) ) ;
#449 = CARTESIAN_POINT ( 'NONE',  ( 46.38656434264654393, 5.081693682480141305, 95.77290174286957836 ) ) ;
#450 = CARTESIAN_POINT ( 'NONE',  ( 54.02179853933824205, 9.956378943638142687, 105.0125849532575444 ) ) ;
#451 = CARTESIAN_POINT ( 'NONE',  ( 47.00027721053686491, 5.123089033000383097, 147.0274510206594130 ) ) ;
#452 = CARTESIAN_POINT ( 'NONE',  ( 48.56206203521963971, 6.931364329149412917, 137.9268285641756506 ) ) ;
#453 = CARTESIAN_POINT ( 'NONE',  ( 49.93256834886371109, 8.626841858589090251, 167.1917593777864397 ) ) ;
#454 = CARTESIAN_POINT ( 'NONE',  ( 48.48880280955602018, 7.609989398650006009, 105.0343505561446307 ) ) ;
#455 = CARTESIAN_POINT ( 'NONE',  ( 58.27357708810769310, 8.687507960559074149, 176.7941421037454859 ) ) ;
#456 = CARTESIAN_POINT ( 'NONE',  ( 54.90582791263095430, 10.00393674309966308, 141.6475737913893340 ) ) ;
#457 =( BOUNDED_SURFACE ( )  B_SPLINE_SURFACE ( 3, 2, ( 
 ( #1389, #4659, #658 ),
 ( #2845, #3176, #2120 ),
 ( #632, #2869, #3556 ),
 ( #3883, #3477, #4605 ),
 ( #212, #991, #4313 ),
 ( #4287, #1018, #3584 ),
 ( #2820, #2095, #2503 ),
 ( #298, #549, #2012 ),
 ( #2764, #608, #4213 ),
 ( #933, #2396, #1734 ),
 ( #3908, #2067, #3530 ),
 ( #241, #3503, #1706 ),
 ( #271, #110, #906 ),
 ( #3200, #2036, #2840 ),
 ( #2759, #3141, #233 ),
 ( #3928, #651, #1302 ),
 ( #3472, #3115, #4282 ),
 ( #545, #1010, #572 ),
 ( #627, #3220, #3849 ),
 ( #3875, #2786, #4653 ),
 ( #2088, #2114, #1356 ),
 ( #3524, #4254, #4600 ),
 ( #1650, #3498, #4232 ),
 ( #262, #183, #1700 ),
 ( #3577, #2472, #3550 ),
 ( #2445, #1727, #3901 ),
 ( #290, #4573, #1752 ),
 ( #1325, #1275, #2734 ),
 ( #4184, #2370, #928 ),
 ( #2391, #600, #2567 ),
 ( #2211, #4005, #770 ),
 ( #413, #1139, #1096 ),
 ( #3657, #747, #4028 ),
 ( #2188, #3982, #701 ),
 ( #2136, #3674, #1872 ),
 ( #2585, #371, #391 ),
 ( #2231, #4359, #2543 ),
 ( #2160, #3695, #346 ),
 ( #3629, #1804, #4673 ),
 ( #2863, #3274, #1040 ),
 ( #4723, #2912, #3954 ),
 ( #1778, #2254, #476 ),
 ( #4069, #1596, #2974 ),
 ( #2300, #1897, #4515 ),
 ( #3799, #4427, #815 ),
 ( #2695, #3740, #3355 ),
 ( #2998, #2320, #3759 ),
 ( #460, #1555, #793 ),
 ( #853, #2655, #4148 ),
 ( #65, #3777, #3416 ),
 ( #1537, #2677, #124 ),
 ( #834, #4449, #4089 ),
 ( #1160, #4130, #497 ),
 ( #2611, #1225, #1205 ) ),
 .UNSPECIFIED., .F., .F., .F. ) 
 B_SPLINE_SURFACE_WITH_KNOTS ( ( 4, 2, 2, 2, 2, 2, 2, 2, 2, 2, 2, 2, 2, 2, 2, 2, 2, 2, 2, 2, 2, 2, 2, 2, 2, 2, 4 ),
 ( 3, 3 ),
 ( 0.02576872991869783719, 0.02737927553861654179, 0.02898982115853524291, 0.02979509396849459174, 0.03060036677845394404, 0.03221091239837264864, 0.03382145801829135323, 0.03462673082825070553, 0.03543200363821005783, 0.03623727644816941013, 0.03704254925812876242, 0.03865309487804746008, 0.03945836768800681238, 0.04026364049796615774, 0.04106891330792551004, 0.04187418611788486233, 0.04267945892784421463, 0.04348473173780356693, 0.04429000454776291923, 0.04509527735772227153, 0.04590055016768162383, 0.04670582297764097612, 0.04751109578760032842, 0.04831636859755968072, 0.04912164140751903302, 0.04992691421747838532, 0.05153745983739708297 ),
 ( 0.000000000000000000, 1.000000000000000000 ),
 .UNSPECIFIED. ) 
 GEOMETRIC_REPRESENTATION_ITEM ( )  RATIONAL_B_SPLINE_SURFACE ( (
 ( 1.000000000000000000, 0.7893766639933711415, 1.000000000000000000),
 ( 1.000000000000000000, 0.7825608850403165118, 1.000000000000000000),
 ( 1.000000000000000000, 0.7771021633351361535, 1.000000000000000000),
 ( 1.000000000000000000, 0.7705973665936390882, 1.000000000000000000),
 ( 1.000000000000000000, 0.7695258663429195289, 1.000000000000000000),
 ( 1.000000000000000000, 0.7713532626316561558, 1.000000000000000000),
 ( 1.000000000000000000, 0.7725286462564883161, 1.000000000000000000),
 ( 1.000000000000000000, 0.7759640334788940885, 1.000000000000000000),
 ( 1.000000000000000000, 0.7782203734824006958, 1.000000000000000000),
 ( 1.000000000000000000, 0.7862364096893921239, 1.000000000000000000),
 ( 1.000000000000000000, 0.7932838177401025925, 1.000000000000000000),
 ( 1.000000000000000000, 0.8089164715662443550, 1.000000000000000000),
 ( 1.000000000000000000, 0.8175560581391471127, 1.000000000000000000),
 ( 1.000000000000000000, 0.8293815250404512618, 1.000000000000000000),
 ( 1.000000000000000000, 0.8331564301208660428, 1.000000000000000000),
 ( 1.000000000000000000, 0.8401216011110532733, 1.000000000000000000),
 ( 1.000000000000000000, 0.8433292833438180702, 1.000000000000000000),
 ( 1.000000000000000000, 0.8488115562010020154, 1.000000000000000000),
 ( 1.000000000000000000, 0.8511007898935932792, 1.000000000000000000),
 ( 1.000000000000000000, 0.8547420613068960060, 1.000000000000000000),
 ( 1.000000000000000000, 0.8560984231030422942, 1.000000000000000000),
 ( 1.000000000000000000, 0.8588155039603676544, 1.000000000000000000),
 ( 1.000000000000000000, 0.8587820620770261204, 1.000000000000000000),
 ( 1.000000000000000000, 0.8576185801972366907, 1.000000000000000000),
 ( 1.000000000000000000, 0.8570536465221841871, 1.000000000000000000),
 ( 1.000000000000000000, 0.8559083013766094483, 1.000000000000000000),
 ( 1.000000000000000000, 0.8553250822062846703, 1.000000000000000000),
 ( 1.000000000000000000, 0.8543789501290540711, 1.000000000000000000),
 ( 1.000000000000000000, 0.8540204092088913290, 1.000000000000000000),
 ( 1.000000000000000000, 0.8536811764978774475, 1.000000000000000000),
 ( 1.000000000000000000, 0.8536952463235397692, 1.000000000000000000),
 ( 1.000000000000000000, 0.8540874963651475804, 1.000000000000000000),
 ( 1.000000000000000000, 0.8544710660369942978, 1.000000000000000000),
 ( 1.000000000000000000, 0.8554464632893119536, 1.000000000000000000),
 ( 1.000000000000000000, 0.8560366967959597284, 1.000000000000000000),
 ( 1.000000000000000000, 0.8571760181857913663, 1.000000000000000000),
 ( 1.000000000000000000, 0.8577278933289389506, 1.000000000000000000),
 ( 1.000000000000000000, 0.8584490022494795092, 1.000000000000000000),
 ( 1.000000000000000000, 0.8586165396471406863, 1.000000000000000000),
 ( 1.000000000000000000, 0.8582760942369364043, 1.000000000000000000),
 ( 1.000000000000000000, 0.8577641227065514462, 1.000000000000000000),
 ( 1.000000000000000000, 0.8558135268178604926, 1.000000000000000000),
 ( 1.000000000000000000, 0.8543941140443769289, 1.000000000000000000),
 ( 1.000000000000000000, 0.8506077918238514890, 1.000000000000000000),
 ( 1.000000000000000000, 0.8482408245657307999, 1.000000000000000000),
 ( 1.000000000000000000, 0.8425896108487779257, 1.000000000000000000),
 ( 1.000000000000000000, 0.8393481563456511862, 1.000000000000000000),
 ( 1.000000000000000000, 0.8322870269455221459, 1.000000000000000000),
 ( 1.000000000000000000, 0.8284595966009042911, 1.000000000000000000),
 ( 1.000000000000000000, 0.8204604413415828024, 1.000000000000000000),
 ( 1.000000000000000000, 0.8162885345087770306, 1.000000000000000000),
 ( 1.000000000000000000, 0.8039529003818975950, 1.000000000000000000),
 ( 1.000000000000000000, 0.7958850563966036740, 1.000000000000000000),
 ( 1.000000000000000000, 0.7890828154404140315, 1.000000000000000000) ) ) 
 REPRESENTATION_ITEM ( '' )  SURFACE ( )  );
#458 = DIRECTION ( 'NONE',  ( 1.000000000000000000, 0.000000000000000000, 0.000000000000000000 ) ) ;
#459 = CARTESIAN_POINT ( 'NONE',  ( 63.61463455115067944, 5.114818271839263630, 133.9688411972610993 ) ) ;
#460 = CARTESIAN_POINT ( 'NONE',  ( 49.66671152457382732, 7.731588385110341299, 117.6783289647749768 ) ) ;
#461 = CARTESIAN_POINT ( 'NONE',  ( 46.38598772423438277, 5.115855325677961751, 146.5688142860803111 ) ) ;
#462 = CARTESIAN_POINT ( 'NONE',  ( 48.61126769492833688, 7.701594912647994562, 93.67666589372039709 ) ) ;
#463 = CARTESIAN_POINT ( 'NONE',  ( 58.06273883976852801, 9.519434373920192982, 139.8668290813527335 ) ) ;
#464 = DIRECTION ( 'NONE',  ( -0.000000000000000000, -0.000000000000000000, -1.000000000000000000 ) ) ;
#465 = DIRECTION ( 'NONE',  ( 0.3037994451211137314, -0.9527360060080144466, 0.000000000000000000 ) ) ;
#466 = CARTESIAN_POINT ( 'NONE',  ( 67.00000000000000000, 0.000000000000000000, 82.00000000000000000 ) ) ;
#467 = CARTESIAN_POINT ( 'NONE',  ( 54.30334357172606730, 9.980233355848437071, 116.1826290017681487 ) ) ;
#468 = CARTESIAN_POINT ( 'NONE',  ( 54.30334357172520043, 9.980233355848405097, 104.1854835197354134 ) ) ;
#469 = CARTESIAN_POINT ( 'NONE',  ( 63.20414634103148188, 5.721408139710182361, 118.7033182624714129 ) ) ;
#470 = CARTESIAN_POINT ( 'NONE',  ( 51.78496694166037884, 8.704325706903592419, 129.2736380523496962 ) ) ;
#471 = CARTESIAN_POINT ( 'NONE',  ( -75.00000000000001421, 10.11945941895709566, 172.0014272589845064 ) ) ;
#472 = ORIENTED_EDGE ( 'NONE', *, *, #3525, .T. ) ;
#473 = CARTESIAN_POINT ( 'NONE',  ( 59.08731236767111739, 9.144646386988640074, 176.9576291751918973 ) ) ;
#474 = CARTESIAN_POINT ( 'NONE',  ( 48.62839689361975815, 7.712492149951639675, 154.2656398922214862 ) ) ;
#475 = CARTESIAN_POINT ( 'NONE',  ( 62.71423594058406081, 5.551425272117731957, 132.0265102709217331 ) ) ;
#476 = CARTESIAN_POINT ( 'NONE',  ( 47.33573746969598517, 6.427342441339143342, 117.9184983728971474 ) ) ;
#477 = B_SPLINE_CURVE_WITH_KNOTS ( 'NONE', 3,
 ( #3022, #3087, #3804, #1647, #1917, #520, #3112, #3442, #1209, #837, #2389, #2303, #4115, #1581, #151, #4204, #857, #3762, #481, #3398, #3781, #4543, #501, #1600, #1272, #2782, #1006, #2811, #4595, #2132, #3495, #3196, #2836, #2416, #315, #3872, #4332, #205, #1351, #229, #3241, #3139, #4278, #2469, #3898, #3521, #1034, #4623, #1674, #1322, #956, #3949 ),
 .UNSPECIFIED., .F., .F.,
 ( 4, 2, 2, 2, 2, 2, 2, 2, 2, 2, 2, 2, 2, 2, 2, 2, 2, 2, 2, 2, 2, 2, 2, 2, 2, 4 ),
 ( 0.05223588426280204033, 0.05396372264429217386, 0.05482764183503723715, 0.05569156102578230044, 0.05741939940727243397, 0.05914723778876256055, 0.06087507617025269407, 0.06260291455174282760, 0.06346683374248787701, 0.06433075293323294030, 0.06519467212397798972, 0.06605859131472305301, 0.06692251050546810243, 0.06778642969621316572, 0.06865034888695822901, 0.06951426807770327843, 0.07037818726844832784, 0.07124210645919339113, 0.07296994484068350384, 0.07469778322217361655, 0.07556170241291865208, 0.07642562160366368762, 0.07728954079440872316, 0.07815345998515377257, 0.07901737917589880811, 0.07988129836664384364 ),
 .UNSPECIFIED. ) ;
#478 = CARTESIAN_POINT ( 'NONE',  ( 48.81413782898376752, 7.865219242363972185, 142.2240826439822285 ) ) ;
#479 = EDGE_CURVE ( 'NONE', #1865, #1424, #2421, .T. ) ;
#480 = CARTESIAN_POINT ( 'NONE',  ( 46.64953742103267587, 5.529565739383000000, 96.07822436144833489 ) ) ;
#481 = CARTESIAN_POINT ( 'NONE',  ( 62.52640870927757533, 6.588466231958587827, 167.7002256146166133 ) ) ;
#482 = CARTESIAN_POINT ( 'NONE',  ( 58.00222507193221588, 9.538903794036242445, 127.0945720651615432 ) ) ;
#483 = CARTESIAN_POINT ( 'NONE',  ( 59.89309770085184681, 8.739711215130103739, 154.5050115417519407 ) ) ;
#484 = CARTESIAN_POINT ( 'NONE',  ( 55.11401134231542187, 10.01660587324739993, 139.1386941415436240 ) ) ;
#485 = CARTESIAN_POINT ( 'NONE',  ( 46.21803602711789694, 4.783575837418977628, 96.57056528200281775 ) ) ;
#486 = CARTESIAN_POINT ( 'NONE',  ( 54.96119301142182678, 9.189341984288420306, 93.16685543768555533 ) ) ;
#487 = CARTESIAN_POINT ( 'NONE',  ( 54.90416333445904939, 10.00405934357567084, 104.1813845277114439 ) ) ;
#488 = CARTESIAN_POINT ( 'NONE',  ( 54.23403015127111360, 9.974937722186195899, 164.4231690345926609 ) ) ;
#489 = CARTESIAN_POINT ( 'NONE',  ( 50.97962452272794565, 8.399973041681208841, 164.0539313605533494 ) ) ;
#490 = PRESENTATION_STYLE_ASSIGNMENT (( #3771 ) ) ;
#491 = AXIS2_PLACEMENT_3D ( 'NONE', #2732, #3444, #926 ) ;
#492 = CARTESIAN_POINT ( 'NONE',  ( -75.00000000000001421, 10.11945941895709566, 134.0710207831472474 ) ) ;
#493 = CARTESIAN_POINT ( 'NONE',  ( -5.175281374238570820, 3.000000000000000000, -10.00000000000000178 ) ) ;
#494 = ORIENTED_EDGE ( 'NONE', *, *, #4266, .F. ) ;
#495 = CARTESIAN_POINT ( 'NONE',  ( 63.58093193676738508, 5.170224649173268183, 172.8603815845241627 ) ) ;
#496 = CARTESIAN_POINT ( 'NONE',  ( 61.79213143778836326, 6.610875607894808326, 130.5037679662385699 ) ) ;
#497 = CARTESIAN_POINT ( 'NONE',  ( 51.38717287930148814, 9.344062856104963899, 116.3201182065606361 ) ) ;
#498 = CIRCLE ( 'NONE', #4325, 1.000000000000000888 ) ;
#499 = CARTESIAN_POINT ( 'NONE',  ( 47.84648948386035272, 6.240964304905809890, 143.5525886494847327 ) ) ;
#500 = CARTESIAN_POINT ( 'NONE',  ( 49.66671152457479366, 7.731588385111270334, 93.68403800071276066 ) ) ;
#501 = CARTESIAN_POINT ( 'NONE',  ( 63.31283991883238116, 5.561157044022054130, 168.8526191297463299 ) ) ;
#502 = CARTESIAN_POINT ( 'NONE',  ( 47.17548855091947502, 6.231598964148755471, 138.0341932380648871 ) ) ;
#503 = CARTESIAN_POINT ( 'NONE',  ( 55.20607119714631494, 10.00234227606094883, 153.4628997510702959 ) ) ;
#504 = CARTESIAN_POINT ( 'NONE',  ( 47.22401348881217586, 5.463691046409110186, 135.9075072721559536 ) ) ;
#505 = CARTESIAN_POINT ( 'NONE',  ( 56.65852795481079340, 9.878945915878517781, 117.0138563603069457 ) ) ;
#506 = CARTESIAN_POINT ( 'NONE',  ( 62.28731661939693964, 6.090210063078678182, 107.1086915704753153 ) ) ;
#507 = CARTESIAN_POINT ( 'NONE',  ( 56.70869343931313011, 9.063876489394607106, 164.2456291178674519 ) ) ;
#508 = DIRECTION ( 'NONE',  ( 0.9487581048920084026, -0.3052490498131666952, -0.08173784918802283472 ) ) ;
#509 = CARTESIAN_POINT ( 'NONE',  ( 48.16810036782416660, 6.572245933587114841, 130.5410802398033070 ) ) ;
#510 = CARTESIAN_POINT ( 'NONE',  ( 48.79945064002176025, 7.864390690084240632, 115.2634142148193206 ) ) ;
#511 = CARTESIAN_POINT ( 'NONE',  ( 46.10713990509116655, 4.573616144772627123, 159.5716798513225854 ) ) ;
#512 = VERTEX_POINT ( 'NONE', #227 ) ;
#513 = CARTESIAN_POINT ( 'NONE',  ( 63.29618881369081862, 5.612132729247216290, 174.2225332879818893 ) ) ;
#514 = CARTESIAN_POINT ( 'NONE',  ( 63.46987679767869395, 5.347783483074538324, 132.5557343450283270 ) ) ;
#515 = CARTESIAN_POINT ( 'NONE',  ( -8.485281374238571317, 2.999999999999999112, -10.00000000000000178 ) ) ;
#516 = CARTESIAN_POINT ( 'NONE',  ( 48.10216372359111148, 6.507083401396075217, 143.2516755025832822 ) ) ;
#517 = CARTESIAN_POINT ( 'NONE',  ( 46.38598772423439698, 5.115855325678082544, 97.93390901470685606 ) ) ;
#519 = EDGE_CURVE ( 'NONE', #721, #644, #263, .T. ) ;
#518 = CARTESIAN_POINT ( 'NONE',  ( 62.45465153031299366, 6.679435296492219010, 143.0671345924745879 ) ) ;
#520 = CARTESIAN_POINT ( 'NONE',  ( 54.80976516418907352, 10.00241161736576778, 166.1063590623981554 ) ) ;
#521 = FACE_OUTER_BOUND ( 'NONE', #667, .T. ) ;
#522 = CARTESIAN_POINT ( 'NONE',  ( 56.52132416758045252, 9.092161871277452789, 154.4635202834234633 ) ) ;
#523 = CARTESIAN_POINT ( 'NONE',  ( 46.63586205828485731, 5.509120316697862840, 136.0245997971759948 ) ) ;
#524 = CARTESIAN_POINT ( 'NONE',  ( 54.90582791263003060, 10.00393674309989933, 117.0069594840869911 ) ) ;
#525 = CARTESIAN_POINT ( 'NONE',  ( 63.61413366666758407, 5.115654126322910500, 110.2167561155609121 ) ) ;
#526 = ADVANCED_FACE ( 'NONE', ( #3084 ), #2509, .T. ) ;
#527 = CARTESIAN_POINT ( 'NONE',  ( 62.52640870927753269, 6.588466231958616248, 117.7726736567484664 ) ) ;
#528 = DIRECTION ( 'NONE',  ( 1.000000000000000000, 0.000000000000000000, 0.000000000000000000 ) ) ;
#529 = CARTESIAN_POINT ( 'NONE',  ( 60.32548170357126338, 7.736325962368058029, 129.6734369256076036 ) ) ;
#530 = CARTESIAN_POINT ( 'NONE',  ( 63.86439915523582300, 4.628538527456437457, 109.2793780766480438 ) ) ;
#531 = CARTESIAN_POINT ( 'NONE',  ( 46.29088375771888053, 4.916106145286637918, 111.9859686196209623 ) ) ;
#532 = CARTESIAN_POINT ( 'NONE',  ( 48.90870446191336640, 7.211419073120931778, 176.0726070993850101 ) ) ;
#533 = EDGE_LOOP ( 'NONE', ( #1892, #1449, #3825, #3055 ) ) ;
#534 = CARTESIAN_POINT ( 'NONE',  ( 63.78361255347419956, 4.780531750042445793, 148.2125424044206454 ) ) ;
#535 = CARTESIAN_POINT ( 'NONE',  ( 61.29143622900134858, 7.053441480789697238, 175.9546830972479086 ) ) ;
#536 = CARTESIAN_POINT ( 'NONE',  ( 58.76809692213404901, 8.511807670581850616, 138.8107344528632439 ) ) ;
#537 = CARTESIAN_POINT ( 'NONE',  ( 53.35575525054841250, 9.868342651226884144, 115.1344565036405641 ) ) ;
#538 = CARTESIAN_POINT ( 'NONE',  ( 52.26580499390998824, 8.832096614886298269, 141.8830615575603247 ) ) ;
#539 = CARTESIAN_POINT ( 'NONE',  ( 46.12550277891860873, 4.609098068777193191, 146.0603071239532653 ) ) ;
#540 = CARTESIAN_POINT ( 'NONE',  ( 47.44831991125157344, 5.768367987464513291, 95.60665496863201440 ) ) ;
#541 = CARTESIAN_POINT ( 'NONE',  ( 59.14447901503990579, 9.105298023474430735, 139.7549216606647065 ) ) ;
#542 = CARTESIAN_POINT ( 'NONE',  ( 53.23254026797670946, 9.052129902008442031, 105.1916106682754020 ) ) ;
#543 = CARTESIAN_POINT ( 'NONE',  ( 50.47795705014935663, 8.185609252442569428, 151.3329875934190909 ) ) ;
#544 = CARTESIAN_POINT ( 'NONE',  ( 52.26580499391000245, 8.832096614886300046, 105.2453017682195764 ) ) ;
#545 = CARTESIAN_POINT ( 'NONE',  ( 48.67547064135540325, 7.026353159813478300, 126.0060406149246575 ) ) ;
#546 = CARTESIAN_POINT ( 'NONE',  ( 47.09571760920579919, 5.273424347776709986, 132.8195482317169365 ) ) ;
#547 = CARTESIAN_POINT ( 'NONE',  ( 46.48699226567443787, 5.279477427230541586, 147.9942981550894388 ) ) ;
#548 = CARTESIAN_POINT ( 'NONE',  ( 54.71122797480396827, 9.185570436763894620, 93.16755733616177793 ) ) ;
#549 = CARTESIAN_POINT ( 'NONE',  ( 53.35575525055036650, 9.868342651226656770, 127.1316019856695334 ) ) ;
#550 = EDGE_CURVE ( 'NONE', #435, #4270, #946, .T. ) ;
#551 = CARTESIAN_POINT ( 'NONE',  ( 61.79213143778932249, 6.610875607894727501, 106.5094770021770074 ) ) ;
#552 = CARTESIAN_POINT ( 'NONE',  ( 50.10597725747071962, 8.739175768930333987, 164.2107349675013950 ) ) ;
#553 = CARTESIAN_POINT ( 'NONE',  ( 63.89263304186025749, 4.574059342237395853, 121.8513365373592023 ) ) ;
#554 = CARTESIAN_POINT ( 'NONE',  ( 63.01094754870391057, 5.104797726938687497, 133.7494598108192747 ) ) ;
#555 = CARTESIAN_POINT ( 'NONE',  ( 47.45766495379729122, 5.780647371009943747, 119.5778563190847024 ) ) ;
#556 = DIRECTION ( 'NONE',  ( -0.000000000000000000, -0.000000000000000000, -1.000000000000000000 ) ) ;
#557 = CARTESIAN_POINT ( 'NONE',  ( 48.16810036782415949, 6.572245933587116618, 168.4714867156405091 ) ) ;
#558 = EDGE_LOOP ( 'NONE', ( #14, #1772, #1570, #1490 ) ) ;
#559 = CARTESIAN_POINT ( 'NONE',  ( 63.76007309217547459, 4.823683520021463167, 145.0725694689222678 ) ) ;
#560 = CARTESIAN_POINT ( 'NONE',  ( 51.93394707472047855, 8.751944306414682018, 102.8924850871408410 ) ) ;
#561 = CARTESIAN_POINT ( 'NONE',  ( 59.69381523861602545, 8.089515256466603077, 138.6423126574417779 ) ) ;
#562 = CARTESIAN_POINT ( 'NONE',  ( 49.02937369375074184, 7.302174966322554361, 114.2109938041757573 ) ) ;
#563 = VECTOR ( 'NONE', #2825, 1000.000000000000000 ) ;
#564 = AXIS2_PLACEMENT_3D ( 'NONE', #2412, #2898, #4226 ) ;
#565 = CARTESIAN_POINT ( 'NONE',  ( 54.96119301142182678, 9.189341984288422083, 167.0886983596153925 ) ) ;
#566 = CARTESIAN_POINT ( 'NONE',  ( 50.99612368823515851, 9.167950423603778987, 152.4170897118652874 ) ) ;
#567 = VERTEX_POINT ( 'NONE', #4202 ) ;
#568 = CARTESIAN_POINT ( 'NONE',  ( 59.05930879471412709, 8.394981558994603077, 167.3045897203113270 ) ) ;
#569 = CARTESIAN_POINT ( 'NONE',  ( 59.90930408789585471, 7.976047613525643065, 105.5574539159851355 ) ) ;
#570 = CARTESIAN_POINT ( 'NONE',  ( 55.21219620077408763, 10.01435648357947805, 139.9681337995321826 ) ) ;
#571 = CARTESIAN_POINT ( 'NONE',  ( 51.66770777369646339, 9.446314554128361962, 151.7260015934327271 ) ) ;
#572 = CARTESIAN_POINT ( 'NONE',  ( 47.97274515791145433, 7.119702119973397636, 126.7924736765831142 ) ) ;
#573 = CARTESIAN_POINT ( 'NONE',  ( 61.79213143778932249, 6.610875607894727501, 94.51233152014616223 ) ) ;
#574 = CARTESIAN_POINT ( 'NONE',  ( 63.09701846712964368, 5.871511323781563263, 155.7963125345564492 ) ) ;
#575 = CARTESIAN_POINT ( 'NONE',  ( 47.50337356033136871, 5.842967066014578492, 136.6982681830250215 ) ) ;
#576 = AXIS2_PLACEMENT_3D ( 'NONE', #3435, #3939, #919 ) ;
#577 = CARTESIAN_POINT ( 'NONE',  ( 63.79741732689763012, 4.760013507058614479, 123.5688267570025545 ) ) ;
#578 =( GEOMETRIC_REPRESENTATION_CONTEXT ( 3 ) GLOBAL_UNCERTAINTY_ASSIGNED_CONTEXT ( ( #2508 ) ) GLOBAL_UNIT_ASSIGNED_CONTEXT ( ( #3017, #2319, #103 ) ) REPRESENTATION_CONTEXT ( 'NONE', 'WORKASPACE' ) );
#579 = CARTESIAN_POINT ( 'NONE',  ( 58.27357708810804127, 8.687507960559244680, 102.8722991818157624 ) ) ;
#580 = CARTESIAN_POINT ( 'NONE',  ( 47.83155501481206784, 6.976824870294914049, 105.4613966794850910 ) ) ;
#581 = CARTESIAN_POINT ( 'NONE',  ( 46.26515111590567386, 4.870041013991819767, 144.9335804011356288 ) ) ;
#582 = CARTESIAN_POINT ( 'NONE',  ( 63.79741732689678457, 4.760013507060079974, 111.5716812749717803 ) ) ;
#583 = CARTESIAN_POINT ( 'NONE',  ( 53.02987159325255817, 9.808558530261169750, 177.8610567161277345 ) ) ;
#584 = EDGE_CURVE ( 'NONE', #2781, #3460, #2181, .T. ) ;
#585 = CARTESIAN_POINT ( 'NONE',  ( 54.96119301142182678, 9.189341984288422083, 129.1582918837781051 ) ) ;
#586 = DIRECTION ( 'NONE',  ( -1.000000000000000000, 0.000000000000000000, 0.000000000000000000 ) ) ;
#587 = CARTESIAN_POINT ( 'NONE',  ( 47.33515826933667370, 5.618959084976742346, 174.1929968328291807 ) ) ;
#588 = ORIENTED_EDGE ( 'NONE', *, *, #2670, .F. ) ;
#589 = CARTESIAN_POINT ( 'NONE',  ( 53.49415460269934641, 9.084299197820845606, 102.9713578348874989 ) ) ;
#590 = CARTESIAN_POINT ( 'NONE',  ( 58.06273883976849959, 9.519434373920200088, 177.7972355571899925 ) ) ;
#591 = CARTESIAN_POINT ( 'NONE',  ( 47.45546518313016549, 6.568236638810621031, 114.3595083188765358 ) ) ;
#592 = CARTESIAN_POINT ( 'NONE',  ( 46.99544896960897233, 5.115165755695325167, 146.8019604889937568 ) ) ;
#593 = CARTESIAN_POINT ( 'NONE',  ( 52.02184882211762584, 9.546442316987482357, 141.6927198870540394 ) ) ;
#594 = CARTESIAN_POINT ( 'NONE',  ( 52.34419164609154507, 9.658274157795538883, 152.5433918916013170 ) ) ;
#595 = ORIENTED_EDGE ( 'NONE', *, *, #685, .F. ) ;
#596 = CARTESIAN_POINT ( 'NONE',  ( 54.10471492365690693, 9.152729602044187729, 167.0956855459701842 ) ) ;
#597 = CARTESIAN_POINT ( 'NONE',  ( 61.44063696507177497, 6.929039827278360875, 106.2228607069463635 ) ) ;
#598 = CARTESIAN_POINT ( 'NONE',  ( 50.73432588519227693, 9.049154562497768950, 139.7379595538705246 ) ) ;
#599 = CARTESIAN_POINT ( 'NONE',  ( 48.56206203521962550, 6.931364329149396930, 113.9325376001139318 ) ) ;
#600 = CARTESIAN_POINT ( 'NONE',  ( 46.38524619019177919, 5.114619695409615474, 122.1667781978162566 ) ) ;
#601 = CARTESIAN_POINT ( 'NONE',  ( 57.56642297186960633, 8.889073204885470147, 93.23221238695367674 ) ) ;
#602 = CARTESIAN_POINT ( 'NONE',  ( 63.04739838192342205, 5.958159739868351679, 156.5696227835863397 ) ) ;
#603 = CARTESIAN_POINT ( 'NONE',  ( 46.60924434472795497, 5.442388556330650218, 131.1035055404914260 ) ) ;
#604 = CARTESIAN_POINT ( 'NONE',  ( 50.10984271994352213, 8.727472254797753237, 92.52193864661647638 ) ) ;
#605 = CARTESIAN_POINT ( 'NONE',  ( 60.52839901057090799, 7.608447105109979347, 117.7473386302181098 ) ) ;
#606 = CARTESIAN_POINT ( 'NONE',  ( 63.04739838192715951, 5.958159739867290305, 119.2855396509935844 ) ) ;
#607 = CARTESIAN_POINT ( 'NONE',  ( 53.32683844740466839, 9.863630171022544246, 152.5846178054665074 ) ) ;
#608 = CARTESIAN_POINT ( 'NONE',  ( 53.06505158888901974, 9.815438573299928748, 127.1272931218410633 ) ) ;
#609 = CARTESIAN_POINT ( 'NONE',  ( 46.87898986646344213, 5.857787255716184305, 107.4448928890185471 ) ) ;
#610 = CARTESIAN_POINT ( 'NONE',  ( 63.57137326608049221, 5.153131602646522147, 107.6233172045818378 ) ) ;
#611 = CARTESIAN_POINT ( 'NONE',  ( 62.09662354391065264, 7.049984895078628355, 126.7431160267451560 ) ) ;
#612 = CARTESIAN_POINT ( 'NONE',  ( 58.06273883976852801, 9.519434373920192982, 139.8668290813527335 ) ) ;
#613 = CARTESIAN_POINT ( 'NONE',  ( 48.31780346436396911, 6.714506904999806736, 118.4076418966960489 ) ) ;
#614 = CARTESIAN_POINT ( 'NONE',  ( -5.175281374238570820, -3.000000000000000000, -50.00000000000000000 ) ) ;
#615 = CARTESIAN_POINT ( 'NONE',  ( 49.98338469713387866, 7.927565923282612559, 167.4981204537886299 ) ) ;
#616 = CARTESIAN_POINT ( 'NONE',  ( 47.14677279187605308, 5.350798455525767494, 160.8808711195024159 ) ) ;
#617 = CARTESIAN_POINT ( 'NONE',  ( 46.93853970050967206, 5.943021735624879121, 100.8755764003257838 ) ) ;
#618 = CARTESIAN_POINT ( 'NONE',  ( 62.42870366399353088, 6.708147977602643586, 137.7455849950067659 ) ) ;
#619 = CARTESIAN_POINT ( 'NONE',  ( 53.06505158888896290, 9.815438573300385272, 115.1301476398139982 ) ) ;
#620 = ADVANCED_FACE ( 'NONE', ( #1644 ), #2877, .T. ) ;
#621 = CARTESIAN_POINT ( 'NONE',  ( 55.70345532960206469, 9.175000524501765398, 167.0914280613705500 ) ) ;
#622 = EDGE_LOOP ( 'NONE', ( #4349, #93, #1297, #3367 ) ) ;
#623 = CARTESIAN_POINT ( 'NONE',  ( 63.58093193676738508, 5.170224649173268183, 147.5734439339659616 ) ) ;
#624 = CARTESIAN_POINT ( 'NONE',  ( 55.99135403055873184, 9.154405820447474085, 167.0953899594357779 ) ) ;
#625 = CARTESIAN_POINT ( 'NONE',  ( 63.86439915523582300, 4.628538527456441898, 158.5606066912678216 ) ) ;
#626 = CARTESIAN_POINT ( 'NONE',  ( 50.87292700822169422, 9.126714044405586534, 128.3758318659488964 ) ) ;
#627 = CARTESIAN_POINT ( 'NONE',  ( 48.51188005366438460, 6.887692065454656287, 125.8935998257347535 ) ) ;
#628 = CARTESIAN_POINT ( 'NONE',  ( 55.18546407742237392, 9.188333276751217582, 93.16703543496322482 ) ) ;
#629 = CARTESIAN_POINT ( 'NONE',  ( 63.89382571015990209, 4.571687935065333441, 159.2425175232496031 ) ) ;
#630 = CARTESIAN_POINT ( 'NONE',  ( 57.78599216349049073, 9.608473571095167642, 115.8939962847366729 ) ) ;
#631 = CARTESIAN_POINT ( 'NONE',  ( 62.71874267194719010, 6.374945883462530105, 118.7433970281370250 ) ) ;
#632 = CARTESIAN_POINT ( 'NONE',  ( 56.70869343931128270, 9.063876489396067271, 126.9615459852787609 ) ) ;
#633 = CARTESIAN_POINT ( 'NONE',  ( 47.09571760920674421, 5.273424347777140753, 108.8252572676532282 ) ) ;
#634 = CARTESIAN_POINT ( 'NONE',  ( 60.21535026521031853, 8.537251581570549419, 115.5622800696455101 ) ) ;
#635 = CARTESIAN_POINT ( 'NONE',  ( 48.76622486241063825, 7.827399227882171573, 163.8286681728531846 ) ) ;
#636 = CARTESIAN_POINT ( 'NONE',  ( 58.06273883976926697, 9.519434373919960279, 177.7972355571899072 ) ) ;
#637 = CARTESIAN_POINT ( 'NONE',  ( 62.68098186897004354, 5.606088688006764187, 131.8703627231034261 ) ) ;
#638 = CARTESIAN_POINT ( 'NONE',  ( 63.85249590135413911, 4.651736194070079655, 111.0159653343168031 ) ) ;
#639 = CARTESIAN_POINT ( 'NONE',  ( 47.60619032405359974, 5.965131566334162194, 174.7930993477030199 ) ) ;
#640 = VERTEX_POINT ( 'NONE', #2388 ) ;
#641 = CARTESIAN_POINT ( 'NONE',  ( 48.36597076998440059, 7.487464528671150532, 103.0407011202664762 ) ) ;
#642 = CARTESIAN_POINT ( 'NONE',  ( 51.38717287929929967, 9.344062856104267567, 140.9607325138544240 ) ) ;
#643 = CARTESIAN_POINT ( 'NONE',  ( 46.43026670858768057, 5.188603513095943143, 171.1375108542723353 ) ) ;
#644 = VERTEX_POINT ( 'NONE', #952 ) ;
#645 = CARTESIAN_POINT ( 'NONE',  ( 52.26580499391000245, 8.832096614886298269, 93.24815628618873120 ) ) ;
#646 = CARTESIAN_POINT ( 'NONE',  ( 57.79376854830130128, 9.619365640423957586, 166.9682787722507271 ) ) ;
#647 = CARTESIAN_POINT ( 'NONE',  ( 47.54578551198018488, 6.680007889702174850, 150.3625955739655922 ) ) ;
#648 = CARTESIAN_POINT ( 'NONE',  ( 63.38105570105262387, 5.470257608447998798, 162.4020083310217331 ) ) ;
#649 = CARTESIAN_POINT ( 'NONE',  ( 62.00405866504448227, 7.142031051775703965, 105.3419163850243052 ) ) ;
#650 = CARTESIAN_POINT ( 'NONE',  ( 51.78496694166037884, 8.704325706903595972, 105.2793470882879774 ) ) ;
#651 = CARTESIAN_POINT ( 'NONE',  ( 48.76622486241434729, 7.827399227883556243, 126.5445850402678758 ) ) ;
#652 = CIRCLE ( 'NONE', #1120, 0.9999999999999994449 ) ;
#653 = CARTESIAN_POINT ( 'NONE',  ( 49.66671152457384153, 7.731588385112453388, 129.6754744468045715 ) ) ;
#654 = CARTESIAN_POINT ( 'NONE',  ( 46.40832936611305826, 5.152572761275551194, 158.7346129087801216 ) ) ;
#655 = AXIS2_PLACEMENT_3D ( 'NONE', #4077, #1858, #1586 ) ;
#656 = CARTESIAN_POINT ( 'NONE',  ( 62.91767559583709613, 5.256586699116967409, 123.3196681816499449 ) ) ;
#657 = CARTESIAN_POINT ( 'NONE',  ( 54.23403015127201598, 9.974937722185963196, 151.7797002093135745 ) ) ;
#658 = CARTESIAN_POINT ( 'NONE',  ( 58.06273883976929540, 9.519434373919946069, 127.8696835993218315 ) ) ;
#659 = CARTESIAN_POINT ( 'NONE',  ( 46.60924434473078293, 5.442388556335157723, 107.1092145764203423 ) ) ;
#660 = CARTESIAN_POINT ( 'NONE',  ( 57.75646495579164963, 8.826152350266335489, 114.9065700675901383 ) ) ;
#661 = CARTESIAN_POINT ( 'NONE',  ( 55.69677459827907740, 9.993178946707081067, 177.0682406922036307 ) ) ;
#662 = CARTESIAN_POINT ( 'NONE',  ( 59.14447901503985605, 9.105298023474443170, 152.3983904859438212 ) ) ;
#663 = CARTESIAN_POINT ( 'NONE',  ( 59.59225466254736148, 8.140216882504326179, 151.3077426649007009 ) ) ;
#664 = CARTESIAN_POINT ( 'NONE',  ( 50.93650512536697761, 9.155526916510712709, 105.1181003021047218 ) ) ;
#665 = CARTESIAN_POINT ( 'NONE',  ( 52.21454945889200161, 9.621850444450940287, 103.1130424505489316 ) ) ;
#666 = CARTESIAN_POINT ( 'NONE',  ( 62.00405866504448227, 7.142031051775703965, 93.34477090299346003 ) ) ;
#667 = EDGE_LOOP ( 'NONE', ( #1265, #2222, #59, #691 ) ) ;
#668 = CARTESIAN_POINT ( 'NONE',  ( 50.17830547191813650, 8.766423579978738445, 93.22673397678158835 ) ) ;
#669 = CARTESIAN_POINT ( 'NONE',  ( 60.77300269570648794, 8.172211449451282306, 126.7105396277109719 ) ) ;
#670 = CARTESIAN_POINT ( 'NONE',  ( 61.29143622900134858, 7.053441480789697238, 150.6677454466897359 ) ) ;
#671 = CARTESIAN_POINT ( 'NONE',  ( 52.26580499390998824, 8.832096614886298269, 167.1699992081184973 ) ) ;
#672 = DIRECTION ( 'NONE',  ( 1.000000000000000000, 0.000000000000000000, 0.000000000000000000 ) ) ;
#673 = CARTESIAN_POINT ( 'NONE',  ( 58.23112698503754103, 9.480961745827860554, 104.2867328671443090 ) ) ;
#674 = CARTESIAN_POINT ( 'NONE',  ( 59.51034310500635627, 8.944539985706505547, 128.4348157386276057 ) ) ;
#675 = ADVANCED_FACE ( 'NONE', ( #1694 ), #4149, .F. ) ;
#676 = CARTESIAN_POINT ( 'NONE',  ( 56.93788342832041849, 9.814753274709239861, 115.9375579144229960 ) ) ;
#677 = CARTESIAN_POINT ( 'NONE',  ( 59.29370975856891590, 9.049468146165214222, 141.0451894495010094 ) ) ;
#678 = CARTESIAN_POINT ( 'NONE',  ( 47.84648948385846268, 6.240964304907217652, 156.1960574747621990 ) ) ;
#679 = CARTESIAN_POINT ( 'NONE',  ( 53.96883685017672150, 9.140051540279335640, 117.1706462058135543 ) ) ;
#680 = CARTESIAN_POINT ( 'NONE',  ( 50.83782784291985024, 9.111882202611033321, 153.6667438010480566 ) ) ;
#681 = CARTESIAN_POINT ( 'NONE',  ( 47.72826916505669459, 6.877641722268762692, 106.2506179201577652 ) ) ;
#682 = CYLINDRICAL_SURFACE ( 'NONE', #1566, 5.000000000000004441 ) ;
#683 = CARTESIAN_POINT ( 'NONE',  ( 47.50337356033136871, 5.842967066014578492, 161.9852058335831941 ) ) ;
#684 = CARTESIAN_POINT ( 'NONE',  ( 53.32683844740466839, 9.863630171022544246, 177.8715554560246801 ) ) ;
#685 = EDGE_CURVE ( 'NONE', #2129, #2023, #2178, .T. ) ;
#686 = UNCERTAINTY_MEASURE_WITH_UNIT (LENGTH_MEASURE( 1.000000000000000082E-05 ), #3721, 'distance_accuracy_value', 'NONE');
#687 = CARTESIAN_POINT ( 'NONE',  ( 47.98355310021062081, 7.145972725545920667, 151.4632264263081538 ) ) ;
#688 = CARTESIAN_POINT ( 'NONE',  ( 60.91257353398653862, 7.344865888633681728, 142.5520704624959194 ) ) ;
#689 = CARTESIAN_POINT ( 'NONE',  ( 49.79775572636594916, 8.545286007613478674, 104.5879677168460518 ) ) ;
#690 = CARTESIAN_POINT ( 'NONE',  ( -5.175281374238570820, -3.000000000000000000, -10.00000000000000178 ) ) ;
#691 = ORIENTED_EDGE ( 'NONE', *, *, #3960, .F. ) ;
#692 = CARTESIAN_POINT ( 'NONE',  ( 47.28462626176425232, 5.549871579011510292, 100.1208023335601212 ) ) ;
#693 = CARTESIAN_POINT ( 'NONE',  ( 59.40353527577835990, 8.982767000573481653, 103.7254034004599390 ) ) ;
#694 = CARTESIAN_POINT ( 'NONE',  ( 50.21989629562328616, 8.788275287285840065, 164.9375228231324968 ) ) ;
#695 = VERTEX_POINT ( 'NONE', #447 ) ;
#696 = CARTESIAN_POINT ( 'NONE',  ( 63.79078800688506590, 4.767234175636191118, 145.2667864323741185 ) ) ;
#697 = CARTESIAN_POINT ( 'NONE',  ( 63.00444313932301554, 5.115342520972879115, 171.9052265002578963 ) ) ;
#698 = CARTESIAN_POINT ( 'NONE',  ( 61.30346554873305820, 7.768107426935871196, 164.4809726967218637 ) ) ;
#699 = CARTESIAN_POINT ( 'NONE',  ( 46.38656434264653683, 5.081693682480125318, 131.7643381889621423 ) ) ;
#700 = CARTESIAN_POINT ( 'NONE',  ( 50.97962452272792433, 8.399973041681198183, 114.7727027459335432 ) ) ;
#701 = CARTESIAN_POINT ( 'NONE',  ( 46.21746400961510659, 4.782463703572735092, 120.5721082392671519 ) ) ;
#702 = CARTESIAN_POINT ( 'NONE',  ( 63.61413366666758407, 5.115654126322910500, 98.21961063353006693 ) ) ;
#703 = CARTESIAN_POINT ( 'NONE',  ( 61.38471774412418114, 7.701646707580122708, 164.4441976003156753 ) ) ;
#704 = CARTESIAN_POINT ( 'NONE',  ( 52.51802033711724249, 9.704656796120444184, 140.8742583524291945 ) ) ;
#705 = CARTESIAN_POINT ( 'NONE',  ( 47.13522587829098853, 5.333850940082451864, 157.8927929353648096 ) ) ;
#706 = CARTESIAN_POINT ( 'NONE',  ( 52.26580499390995271, 8.832096614886289387, 117.2424472502504216 ) ) ;
#707 = CARTESIAN_POINT ( 'NONE',  ( 62.81876818805553597, 6.252212526733428533, 125.2604878589508530 ) ) ;
#708 = CARTESIAN_POINT ( 'NONE',  ( 47.83155501481283522, 6.976824870295741832, 154.7426252941030782 ) ) ;
#709 = CARTESIAN_POINT ( 'NONE',  ( 62.57035984036694742, 5.752953572802073090, 112.5488317829272802 ) ) ;
#710 = CARTESIAN_POINT ( 'NONE',  ( 47.30100110723213191, 6.385602027047698748, 163.4738357472894847 ) ) ;
#711 = CARTESIAN_POINT ( 'NONE',  ( 48.51188005366436329, 6.887692065454699808, 175.8211517836028861 ) ) ;
#712 = ADVANCED_FACE ( 'NONE', ( #3361 ), #3408, .T. ) ;
#713 = CARTESIAN_POINT ( 'NONE',  ( 56.64974393248180462, 9.867243156427706552, 177.8722316563597587 ) ) ;
#714 = CARTESIAN_POINT ( 'NONE',  ( 0.000000000000000000, 0.000000000000000000, 53.00000000000000711 ) ) ;
#715 = CARTESIAN_POINT ( 'NONE',  ( 0.000000000000000000, 0.000000000000000000, -10.00000000000000178 ) ) ;
#716 = CARTESIAN_POINT ( 'NONE',  ( 46.46191414180142942, 5.208525610410084106, 119.5108719614227653 ) ) ;
#717 = CARTESIAN_POINT ( 'NONE',  ( 48.08417231327749874, 7.240581431423452230, 167.1837888771297003 ) ) ;
#718 = ORIENTED_EDGE ( 'NONE', *, *, #2852, .F. ) ;
#719 = FACE_OUTER_BOUND ( 'NONE', #3598, .T. ) ;
#720 = CARTESIAN_POINT ( 'NONE',  ( 48.61126769493111510, 7.701594912648047853, 167.5985088156483584 ) ) ;
#721 = VERTEX_POINT ( 'NONE', #1489 ) ;
#722 = CARTESIAN_POINT ( 'NONE',  ( 63.59493378326877888, 5.147221717292318033, 171.4227871846885307 ) ) ;
#723 = CARTESIAN_POINT ( 'NONE',  ( 63.70786460592221800, 4.918311851936073786, 157.4430226207468024 ) ) ;
#724 = CARTESIAN_POINT ( 'NONE',  ( 53.83241174522596140, 9.134774643515536141, 114.9794347947195519 ) ) ;
#725 = CARTESIAN_POINT ( 'NONE',  ( 63.61463455115068655, 5.114818271838912800, 97.97740475117234382 ) ) ;
#726 = CARTESIAN_POINT ( 'NONE',  ( 60.91257353398653862, 7.344865888633693274, 155.1955392877750626 ) ) ;
#727 = CARTESIAN_POINT ( 'NONE',  ( 61.77657249735007383, 7.363996869260068578, 163.5529840099658827 ) ) ;
#728 = CARTESIAN_POINT ( 'NONE',  ( 46.25099651997698658, 4.844286584060433221, 161.0601192897780436 ) ) ;
#729 = CARTESIAN_POINT ( 'NONE',  ( 56.54367434603807396, 9.896935022339144794, 128.1936841115784773 ) ) ;
#730 = AXIS2_PLACEMENT_3D ( 'NONE', #1509, #2602, #432 ) ;
#731 = DIRECTION ( 'NONE',  ( 0.3037994451211142310, -0.9527360060080143356, 0.000000000000000000 ) ) ;
#732 = AXIS2_PLACEMENT_3D ( 'NONE', #1055, #2505, #3965 ) ;
#733 = CARTESIAN_POINT ( 'NONE',  ( 58.55641790154444948, 9.364596556873721056, 115.0724919531712658 ) ) ;
#734 = CARTESIAN_POINT ( 'NONE',  ( 60.32548170357129180, 7.736325962368046483, 93.68200047951508225 ) ) ;
#735 = TOROIDAL_SURFACE ( 'NONE', #3187, 9.000000000000001776, 1.000000000000000000 ) ;
#736 = CARTESIAN_POINT ( 'NONE',  ( 58.58941537323908477, 8.576939620827312538, 141.9559873878712608 ) ) ;
#737 = CARTESIAN_POINT ( 'NONE',  ( 47.03757161840280077, 6.053296636839325728, 125.8475903598899919 ) ) ;
#738 = CARTESIAN_POINT ( 'NONE',  ( 50.10984271994348660, 8.727472254797747908, 166.4437815685462567 ) ) ;
#739 = ORIENTED_EDGE ( 'NONE', *, *, #1422, .T. ) ;
#740 = CIRCLE ( 'NONE', #4020, 3.000000000000002665 ) ;
#741 = CARTESIAN_POINT ( 'NONE',  ( 72.00000000000001421, 0.000000000000000000, 77.00000000000000000 ) ) ;
#742 = CARTESIAN_POINT ( 'NONE',  ( 47.30647879088880359, 6.405264418230474988, 168.6366636188532482 ) ) ;
#743 = ORIENTED_EDGE ( 'NONE', *, *, #1739, .T. ) ;
#744 = CARTESIAN_POINT ( 'NONE',  ( 59.46748205588134795, 8.201058478069967350, 151.3331577371989454 ) ) ;
#745 = CARTESIAN_POINT ( 'NONE',  ( 62.83680385006209690, 6.229736006477720522, 168.8425961409979834 ) ) ;
#746 = CARTESIAN_POINT ( 'NONE',  ( 53.15206198002800875, 9.845117366679927429, 129.0148720879928703 ) ) ;
#747 = CARTESIAN_POINT ( 'NONE',  ( 46.43026670858391469, 5.188603513094983910, 121.2099588963968984 ) ) ;
#748 = CARTESIAN_POINT ( 'NONE',  ( 62.71874267194716168, 6.374945883461043294, 94.74910606407529201 ) ) ;
#749 = CARTESIAN_POINT ( 'NONE',  ( 56.19373815769669989, 9.131716844379633713, 154.4558615106209061 ) ) ;
#750 = CARTESIAN_POINT ( 'NONE',  ( 58.76809692213404901, 8.511807670581850616, 164.0976721034214165 ) ) ;
#751 = CARTESIAN_POINT ( 'NONE',  ( 46.49562888470762090, 5.293167367074590679, 158.0273740336834294 ) ) ;
#752 = CARTESIAN_POINT ( 'NONE',  ( 59.29370975856890169, 9.049468146165221327, 128.4017206242218947 ) ) ;
#753 = CARTESIAN_POINT ( 'NONE',  ( 61.90514189909324472, 6.499730951319398820, 125.5288720920975720 ) ) ;
#754 = CARTESIAN_POINT ( 'NONE',  ( 51.96200554878887345, 9.527360060080148685, 140.9167759473871229 ) ) ;
#755 = CARTESIAN_POINT ( 'NONE',  ( 51.59327452751248444, 9.420490314611678073, 139.8465016852927931 ) ) ;
#756 = DIRECTION ( 'NONE',  ( -0.000000000000000000, -0.000000000000000000, -1.000000000000000000 ) ) ;
#757 = CARTESIAN_POINT ( 'NONE',  ( 47.45546518312892914, 6.568236638809276329, 163.6407369334945088 ) ) ;
#758 = CARTESIAN_POINT ( 'NONE',  ( 46.48699226567539711, 5.279477427230300002, 173.2812358056437461 ) ) ;
#759 = CARTESIAN_POINT ( 'NONE',  ( 62.81092397861047516, 5.415186858300874206, 96.31525458496415126 ) ) ;
#760 = CARTESIAN_POINT ( 'NONE',  ( 57.16389473293802581, 8.969538888940894239, 141.8481810677463955 ) ) ;
#761 = CARTESIAN_POINT ( 'NONE',  ( 49.24612960458318867, 8.198443463231470218, 177.3469732343718306 ) ) ;
#762 = ORIENTED_EDGE ( 'NONE', *, *, #56, .T. ) ;
#763 = CARTESIAN_POINT ( 'NONE',  ( 55.10291375400689162, 10.00367418119094864, 92.18430553903345981 ) ) ;
#764 = CARTESIAN_POINT ( 'NONE',  ( 51.74846579442993288, 8.694626422742890881, 167.2066289602685174 ) ) ;
#765 = CARTESIAN_POINT ( 'NONE',  ( 47.72826916505567851, 6.877641722268684532, 130.2449088842213598 ) ) ;
#766 = ORIENTED_EDGE ( 'NONE', *, *, #997, .F. ) ;
#767 = CARTESIAN_POINT ( 'NONE',  ( 63.61413366666758407, 5.115654126322909612, 172.1414535554636132 ) ) ;
#768 = CARTESIAN_POINT ( 'NONE',  ( 57.56642297186958501, 8.889073204886360102, 129.2236488330459849 ) ) ;
#769 = EDGE_CURVE ( 'NONE', #3686, #4326, #2395, .T. ) ;
#770 = CARTESIAN_POINT ( 'NONE',  ( 46.10679977349139591, 4.572919050969113997, 121.9093144227825860 ) ) ;
#771 = CARTESIAN_POINT ( 'NONE',  ( 63.09701846712886919, 5.871511323782658387, 94.51793843790764527 ) ) ;
#772 = CARTESIAN_POINT ( 'NONE',  ( 60.82476335134177248, 7.407668578965306949, 163.5619850611451511 ) ) ;
#773 = CARTESIAN_POINT ( 'NONE',  ( 60.34531325299116133, 7.724213858090582363, 163.7495111516289796 ) ) ;
#774 = CARTESIAN_POINT ( 'NONE',  ( 47.02274622614074673, 5.159411770475973213, 97.40210352691124740 ) ) ;
#775 = CARTESIAN_POINT ( 'NONE',  ( 62.95217104723747781, 6.067388059085629060, 125.8623152329363393 ) ) ;
#776 = CARTESIAN_POINT ( 'NONE',  ( 49.82645303404176929, 7.827406634454511902, 138.5167006028184176 ) ) ;
#777 = CARTESIAN_POINT ( 'NONE',  ( 56.64974393248181173, 9.867243156427706552, 103.9503887344299784 ) ) ;
#778 = CARTESIAN_POINT ( 'NONE',  ( 46.36001498661158848, 5.036152635731641070, 174.2052110458801053 ) ) ;
#779 = CARTESIAN_POINT ( 'NONE',  ( 56.92222800158834417, 9.016411584927658041, 93.20261469545559407 ) ) ;
#780 = CARTESIAN_POINT ( 'NONE',  ( 58.35242213592686511, 9.439016129252753018, 105.0663988991388749 ) ) ;
#781 = CARTESIAN_POINT ( 'NONE',  ( 49.86043717471092407, 8.582891682699409941, 116.5704396078145209 ) ) ;
#782 = CARTESIAN_POINT ( 'NONE',  ( 52.34419164609154507, 9.658274157795538883, 177.8303295421595465 ) ) ;
#783 = CARTESIAN_POINT ( 'NONE',  ( 47.41691183942197085, 5.728533843635029044, 161.7603833648927889 ) ) ;
#784 = CARTESIAN_POINT ( 'NONE',  ( 0.000000000000000000, 0.000000000000000000, -50.00000000000000000 ) ) ;
#785 = CARTESIAN_POINT ( 'NONE',  ( 48.71446570628330619, 7.058317190972673849, 168.0443402674457332 ) ) ;
#786 = CARTESIAN_POINT ( 'NONE',  ( 51.38717287930279554, 9.344062856105381343, 128.3172636886042426 ) ) ;
#787 = CARTESIAN_POINT ( 'NONE',  ( 46.21803602711791115, 4.783575837418972299, 157.8489393786535686 ) ) ;
#788 = VERTEX_POINT ( 'NONE', #917 ) ;
#789 = CARTESIAN_POINT ( 'NONE',  ( 62.12444734203410235, 6.280166015458386042, 113.3111315464344244 ) ) ;
#790 = CARTESIAN_POINT ( 'NONE',  ( 62.54681270740392307, 6.565732050362544925, 167.7207238794323985 ) ) ;
#791 = CARTESIAN_POINT ( 'NONE',  ( 55.18546407742329052, 9.188333276749954592, 141.8019407063350457 ) ) ;
#792 = CARTESIAN_POINT ( 'NONE',  ( 63.74758970445908091, 4.846851481312305587, 132.3610394284188772 ) ) ;
#793 = CARTESIAN_POINT ( 'NONE',  ( 49.07412391582395372, 8.060015753290485918, 116.7992196961229325 ) ) ;
#794 = CARTESIAN_POINT ( 'NONE',  ( 61.95497566470875483, 7.196004805649118374, 102.1579849237943307 ) ) ;
#795 = CARTESIAN_POINT ( 'NONE',  ( 62.81092397861047516, 5.415186858300883976, 157.5936286816147458 ) ) ;
#796 = CARTESIAN_POINT ( 'NONE',  ( 61.76618412459740171, 6.635613735736886731, 162.9492701804107639 ) ) ;
#797 = CARTESIAN_POINT ( 'NONE',  ( 48.16810036782416660, 6.572245933587129052, 94.54964379371075722 ) ) ;
#798 = CARTESIAN_POINT ( 'NONE',  ( 54.29926761813658942, 9.167153796515249198, 138.9795066857122663 ) ) ;
#799 = CARTESIAN_POINT ( 'NONE',  ( 46.10526860420972639, 4.569927716203983969, 98.00410127371202407 ) ) ;
#800 = CARTESIAN_POINT ( 'NONE',  ( 60.23029704232363457, 7.793699469761563137, 102.5081312685626784 ) ) ;
#801 = VECTOR ( 'NONE', #4531, 1000.000000000000000 ) ;
#802 = CARTESIAN_POINT ( 'NONE',  ( 52.26580499391000245, 8.832096614886298269, 105.2453017682195764 ) ) ;
#803 = CARTESIAN_POINT ( 'NONE',  ( 47.71437749129190564, 6.093107366733879537, 149.6868271256748812 ) ) ;
#804 = ORIENTED_EDGE ( 'NONE', *, *, #4575, .F. ) ;
#805 = AXIS2_PLACEMENT_3D ( 'NONE', #3752, #4082, #3348 ) ;
#806 = CARTESIAN_POINT ( 'NONE',  ( 47.41691183942197085, 5.728533843635029044, 136.4734457143346162 ) ) ;
#807 = CARTESIAN_POINT ( 'NONE',  ( 47.33573746969564411, 6.427342441338722345, 167.8460503307633189 ) ) ;
#808 = CARTESIAN_POINT ( 'NONE',  ( 47.40370985353558098, 6.507725705282272344, 105.8472312401805766 ) ) ;
#809 = ORIENTED_EDGE ( 'NONE', *, *, #22, .F. ) ;
#810 = CARTESIAN_POINT ( 'NONE',  ( 57.75646495579153594, 8.826152350266365687, 114.9065700675901525 ) ) ;
#811 = CARTESIAN_POINT ( 'NONE',  ( 57.75646495579164963, 8.826152350266335489, 176.8312675074890592 ) ) ;
#812 = CARTESIAN_POINT ( 'NONE',  ( -8.485281374238571317, -2.999999999999999112, -10.00000000000000178 ) ) ;
#813 = PRODUCT_DEFINITION_SHAPE ( 'NONE', 'NONE',  #341 ) ;
#814 = CARTESIAN_POINT ( 'NONE',  ( 62.48345585630950438, 5.855520498815479868, 131.4513020382507875 ) ) ;
#815 = CARTESIAN_POINT ( 'NONE',  ( 48.01607300787512145, 7.162320828072806123, 117.3253709123229527 ) ) ;
#816 = CARTESIAN_POINT ( 'NONE',  ( 46.21746400961443868, 4.782463703571499636, 145.2127225465770266 ) ) ;
#817 = CARTESIAN_POINT ( 'NONE',  ( 46.60924434473078293, 5.442388556335157723, 95.11206909438948287 ) ) ;
#818 = CARTESIAN_POINT ( 'NONE',  ( 55.80496229746808723, 9.167984432471087075, 102.9885970229981211 ) ) ;
#819 = CYLINDRICAL_SURFACE ( 'NONE', #3272, 75.00000000000001421 ) ;
#820 = CARTESIAN_POINT ( 'NONE',  ( 53.32683844740376600, 9.863630171022419901, 139.9411489801874211 ) ) ;
#821 = DIRECTION ( 'NONE',  ( 0.000000000000000000, 0.000000000000000000, 1.000000000000000000 ) ) ;
#822 = CARTESIAN_POINT ( 'NONE',  ( 54.31458684759797251, 9.980867579702209724, 117.0083078408076176 ) ) ;
#823 = DIRECTION ( 'NONE',  ( 0.000000000000000000, -1.000000000000000000, 0.000000000000000000 ) ) ;
#824 = CARTESIAN_POINT ( 'NONE',  ( 54.03101267884605363, 9.146399794390291049, 164.2624624457906464 ) ) ;
#825 = CARTESIAN_POINT ( 'NONE',  ( -8.485281374238571317, -2.999999999999999112, -10.00000000000000178 ) ) ;
#826 = FILL_AREA_STYLE ('',( #1887 ) ) ;
#827 = CARTESIAN_POINT ( 'NONE',  ( 55.31288058489258219, 9.193274031581424310, 138.9844971639691096 ) ) ;
#828 = CARTESIAN_POINT ( 'NONE',  ( 46.46191414180142942, 5.208525610410098317, 107.5137264793919343 ) ) ;
#829 = VERTEX_POINT ( 'NONE', #2381 ) ;
#830 = CARTESIAN_POINT ( 'NONE',  ( 57.75646495579164963, 8.826152350266335489, 151.5443298569308865 ) ) ;
#831 = CARTESIAN_POINT ( 'NONE',  ( 61.95497566470969275, 7.196004805649469205, 176.0798278457279196 ) ) ;
#832 = CARTESIAN_POINT ( 'NONE',  ( 52.26580499390995271, 8.574624054072126356, 116.2761616400772198 ) ) ;
#833 = CARTESIAN_POINT ( 'NONE',  ( 62.97390533155662951, 5.164556866772763932, 134.8793462019289677 ) ) ;
#834 = CARTESIAN_POINT ( 'NONE',  ( 51.25404505870031358, 8.520488222447337279, 117.3311964425611507 ) ) ;
#835 = CARTESIAN_POINT ( 'NONE',  ( 46.15139009621685062, 4.659077190717828998, 145.7390757086235453 ) ) ;
#836 = CARTESIAN_POINT ( 'NONE',  ( 47.73334903700069276, 6.113900920462280730, 95.07974192249001533 ) ) ;
#837 = CARTESIAN_POINT ( 'NONE',  ( 57.67061898116733687, 9.654017173200379887, 166.1734564166937389 ) ) ;
#838 = CARTESIAN_POINT ( 'NONE',  ( 60.78300708779313055, 7.437257093471288272, 155.1355090441346363 ) ) ;
#839 = FACE_OUTER_BOUND ( 'NONE', #2467, .T. ) ;
#840 = CARTESIAN_POINT ( 'NONE',  ( 51.79458057772389168, 9.489712760962165206, 103.8716894252670642 ) ) ;
#841 = FACE_OUTER_BOUND ( 'NONE', #4126, .T. ) ;
#842 = CARTESIAN_POINT ( 'NONE',  ( 57.75646495579157147, 8.826152350266356805, 126.9037155496209550 ) ) ;
#843 = CARTESIAN_POINT ( 'NONE',  ( 58.00222507193295485, 9.538903794036015071, 164.3786551977505042 ) ) ;
#844 = CARTESIAN_POINT ( 'NONE',  ( 51.96200554878883793, 9.527360060080138027, 116.2761616400772198 ) ) ;
#845 = CARTESIAN_POINT ( 'NONE',  ( 55.00000000000000000, 0.000000000000000000, 82.00000000000000000 ) ) ;
#846 = EDGE_CURVE ( 'NONE', #4566, #868, #217, .T. ) ;
#847 = CARTESIAN_POINT ( 'NONE',  ( 58.08468766231408154, 8.746172792757036518, 141.9032329538203498 ) ) ;
#848 = CARTESIAN_POINT ( 'NONE',  ( 49.17807218654868961, 7.421430468857017182, 129.8514462711228816 ) ) ;
#849 = FACE_OUTER_BOUND ( 'NONE', #3039, .T. ) ;
#850 = EDGE_LOOP ( 'NONE', ( #3922, #1237, #4437, #2440 ) ) ;
#851 = CARTESIAN_POINT ( 'NONE',  ( 59.69381523861598282, 8.089515256466434323, 176.5727191332789232 ) ) ;
#852 = CARTESIAN_POINT ( 'NONE',  ( 61.80902817085231504, 7.334075081429071830, 129.8961808890746568 ) ) ;
#853 = CARTESIAN_POINT ( 'NONE',  ( 49.87721400366425684, 7.856965253421845041, 117.6130959189808607 ) ) ;
#854 = CARTESIAN_POINT ( 'NONE',  ( 49.07412391582341371, 8.060015753290066698, 141.4398340034328498 ) ) ;
#855 = CARTESIAN_POINT ( 'NONE',  ( 48.62839689361896944, 7.712492149951019726, 92.98726579556705474 ) ) ;
#856 = CARTESIAN_POINT ( 'NONE',  ( 61.63371456311664787, 7.487680896838543987, 141.7532983974810179 ) ) ;
#857 = CARTESIAN_POINT ( 'NONE',  ( 62.00405866504448227, 7.142031051775712847, 167.2666138249232120 ) ) ;
#858 = CARTESIAN_POINT ( 'NONE',  ( 54.90582791263188511, 10.00393674310013203, 154.2910426166684204 ) ) ;
#859 = CARTESIAN_POINT ( 'NONE',  ( 46.70182735340245728, 5.607350095415704949, 136.2428401250503782 ) ) ;
#860 = CARTESIAN_POINT ( 'NONE',  ( 56.19373815769673541, 9.131716844379633713, 93.17748741397024048 ) ) ;
#861 = DIRECTION ( 'NONE',  ( -0.000000000000000000, -0.000000000000000000, -1.000000000000000000 ) ) ;
#862 = CARTESIAN_POINT ( 'NONE',  ( 47.00567567153769488, 5.131674157883348464, 146.2866122995149283 ) ) ;
#863 = CARTESIAN_POINT ( 'NONE',  ( 57.75646495579155726, 8.826152350266362134, 164.1877986822099729 ) ) ;
#864 = EDGE_CURVE ( 'NONE', #1199, #2514, #3655, .T. ) ;
#865 = CARTESIAN_POINT ( 'NONE',  ( 47.29554914561143875, 5.565355518015583591, 131.9936333841522185 ) ) ;
#866 = CARTESIAN_POINT ( 'NONE',  ( 47.10930947318939843, 6.147448320609552042, 106.2012571915609556 ) ) ;
#867 = AXIS2_PLACEMENT_3D ( 'NONE', #1891, #1730, #2817 ) ;
#868 = VERTEX_POINT ( 'NONE', #3271 ) ;
#869 = CARTESIAN_POINT ( 'NONE',  ( 51.96200554878887345, 9.527360060080148685, 140.9167759473871229 ) ) ;
#870 = CARTESIAN_POINT ( 'NONE',  ( 60.21535026521141276, 8.537251581569844205, 177.4869775095425553 ) ) ;
#871 = CARTESIAN_POINT ( 'NONE',  ( 61.98378349446414859, 7.168201997423513383, 130.0129354168846021 ) ) ;
#872 = DIRECTION ( 'NONE',  ( 0.000000000000000000, 0.000000000000000000, 1.000000000000000000 ) ) ;
#873 = AXIS2_PLACEMENT_3D ( 'NONE', #4027, #318, #1456 ) ;
#874 = CARTESIAN_POINT ( 'NONE',  ( 48.62839689361966578, 7.712492149951566844, 141.6221710669386482 ) ) ;
#875 = CARTESIAN_POINT ( 'NONE',  ( 46.99611979593750277, 5.116265858384926979, 146.5773555431658224 ) ) ;
#876 = CARTESIAN_POINT ( 'NONE',  ( 47.84648948385940770, 6.240964304908220406, 94.91768337811038236 ) ) ;
#877 = CARTESIAN_POINT ( 'NONE',  ( 62.54681270740392307, 6.565732050362544925, 142.4337862288742258 ) ) ;
#878 = CARTESIAN_POINT ( 'NONE',  ( 63.20414634103151030, 5.721408139710159269, 130.7004637445022297 ) ) ;
#879 = CARTESIAN_POINT ( 'NONE',  ( 47.08784776273983397, 5.261320546974001644, 147.9182512728508243 ) ) ;
#880 = CARTESIAN_POINT ( 'NONE',  ( 56.64974393248184015, 9.867243156427701223, 139.9418251805224713 ) ) ;
#881 = EDGE_CURVE ( 'NONE', #1592, #3130, #27, .T. ) ;
#882 = B_SPLINE_CURVE_WITH_KNOTS ( 'NONE', 3,
 ( #2510, #1061, #1484, #4392, #663, #4664, #401, #2125, #3284, #4372, #4294, #3941, #307, #3304, #3994, #1818, #8, #2899, #3683, #2874, #4686, #3665, #1418, #380, #1105, #2941, #688, #3211, #1127, #3643, #3969, #2575, #736, #2483, #4038, #760, #3257, #2554, #1396, #2851, #2147, #4711, #4732, #2534, #4346, #4017 ),
 .UNSPECIFIED., .F., .F.,
 ( 4, 2, 2, 2, 2, 2, 2, 2, 2, 2, 2, 2, 2, 2, 2, 2, 2, 2, 2, 2, 2, 2, 4 ),
 ( 0.02670436104153406723, 0.02819925873772806402, 0.02894670758582506415, 0.02969415643392206428, 0.03044160528201906094, 0.03118905413011606453, 0.03268395182631009255, 0.03417884952250411362, 0.03567374721869814164, 0.03716864491489216271, 0.03866354261108619073, 0.04015844030728023262, 0.04090588915537728132, 0.04165333800347432308, 0.04240078685157136484, 0.04314823569966841355, 0.04464313339586250401, 0.04539058224395955965, 0.04613803109205660835, 0.04763292878825071963, 0.04838037763634775446, 0.04912782648444480316, 0.05062272418063890750 ),
 .UNSPECIFIED. ) ;
#883 = CARTESIAN_POINT ( 'NONE',  ( 54.00523880405292942, 9.954870709626831626, 153.4710683777643112 ) ) ;
#884 = CARTESIAN_POINT ( 'NONE',  ( 47.23657219223200343, 5.481640936088913563, 132.1896919520890492 ) ) ;
#885 = DIRECTION ( 'NONE',  ( -0.9496297344050207423, -0.3028089466163491061, 0.08068524885595142193 ) ) ;
#886 = CARTESIAN_POINT ( 'NONE',  ( 62.02447327112426478, 7.122380878684297478, 105.3562972385968806 ) ) ;
#887 = CARTESIAN_POINT ( 'NONE',  ( 52.85304714822455452, 8.981875585555121333, 151.5839888852590605 ) ) ;
#888 = CARTESIAN_POINT ( 'NONE',  ( 52.26580499390998114, 8.832096614886292940, 154.5265303828394110 ) ) ;
#889 = CARTESIAN_POINT ( 'NONE',  ( 59.37331677881272896, 8.244944847646335617, 126.7103524161822747 ) ) ;
#890 = CARTESIAN_POINT ( 'NONE',  ( 55.00000000000000000, 0.000000000000000000, 180.0000000000000000 ) ) ;
#891 = CARTESIAN_POINT ( 'NONE',  ( 58.06273883976849959, 9.519434373920201864, 115.8725381172910431 ) ) ;
#892 = FACE_OUTER_BOUND ( 'NONE', #533, .T. ) ;
#893 = CARTESIAN_POINT ( 'NONE',  ( 48.10049428152106543, 6.506111637378408474, 175.4629973415099187 ) ) ;
#894 = VERTEX_POINT ( 'NONE', #287 ) ;
#895 = CARTESIAN_POINT ( 'NONE',  ( 60.74624597017943728, 7.462811600403211010, 176.2399598988641571 ) ) ;
#896 = CARTESIAN_POINT ( 'NONE',  ( 59.18677435814064580, 9.100308133752276873, 139.7586771890973978 ) ) ;
#897 = CARTESIAN_POINT ( 'NONE',  ( 47.69415288319112989, 6.079453448947234939, 113.0500782479443274 ) ) ;
#898 = CARTESIAN_POINT ( 'NONE',  ( 47.23657219223294845, 5.481640936089040572, 144.8331607773677945 ) ) ;
#899 = CARTESIAN_POINT ( 'NONE',  ( 50.21989629562327906, 8.788275287285827631, 152.2940539978533820 ) ) ;
#900 = EDGE_LOOP ( 'NONE', ( #4044, #203 ) ) ;
#901 = CARTESIAN_POINT ( 'NONE',  ( 46.42472887616529675, 5.179585050342597974, 98.89033883026768024 ) ) ;
#902 = CARTESIAN_POINT ( 'NONE',  ( 61.30346554873305820, 7.768107426935871196, 139.1940350461636910 ) ) ;
#903 = DIRECTION ( 'NONE',  ( 0.3037994451211140090, -0.9527360060080144466, 0.000000000000000000 ) ) ;
#904 = CARTESIAN_POINT ( 'NONE',  ( 57.50564877396172392, 9.685375483001099184, 139.9050778374784727 ) ) ;
#905 = CARTESIAN_POINT ( 'NONE',  ( 43.00000000000000000, 1.469576158976823947E-15, 82.00000000000000000 ) ) ;
#906 = CARTESIAN_POINT ( 'NONE',  ( 49.97550783294899901, 8.665376909635387648, 127.6160728856230975 ) ) ;
#907 = CARTESIAN_POINT ( 'NONE',  ( 46.12928854518447253, 4.616392227800137249, 133.3672028862560524 ) ) ;
#908 = CARTESIAN_POINT ( 'NONE',  ( 47.10930947318939843, 6.147448320609552042, 94.20411170953013880 ) ) ;
#909 = CARTESIAN_POINT ( 'NONE',  ( 55.18546407742231708, 9.188333276750995537, 117.1613263990249436 ) ) ;
#910 = CARTESIAN_POINT ( 'NONE',  ( 61.32202594457677947, 7.028362228523187483, 106.1430360008917404 ) ) ;
#911 = CARTESIAN_POINT ( 'NONE',  ( 51.59327452751248444, 9.420490314611678073, 165.1334393358509658 ) ) ;
#912 = CARTESIAN_POINT ( 'NONE',  ( 57.75646495579153594, 8.826152350266365687, 151.5443298569308865 ) ) ;
#913 = CARTESIAN_POINT ( 'NONE',  ( -75.00000000000001421, 0.000000000000000000, 80.00000000000000000 ) ) ;
#914 = CARTESIAN_POINT ( 'NONE',  ( 47.00567567153769488, 5.131674157883351128, 121.6459979922050252 ) ) ;
#915 = LINE ( 'NONE', #1220, #801 ) ;
#916 = DIRECTION ( 'NONE',  ( -0.000000000000000000, -0.000000000000000000, -1.000000000000000000 ) ) ;
#917 = CARTESIAN_POINT ( 'NONE',  ( 72.00000000000001421, 0.000000000000000000, 50.00000000000000000 ) ) ;
#918 = EDGE_LOOP ( 'NONE', ( #809, #4489, #3513, #2906 ) ) ;
#919 = DIRECTION ( 'NONE',  ( 1.000000000000000000, 0.000000000000000000, -0.000000000000000000 ) ) ;
#920 = CARTESIAN_POINT ( 'NONE',  ( 54.23403015127312443, 9.974937722184806788, 103.1447949379364104 ) ) ;
#921 = CARTESIAN_POINT ( 'NONE',  ( 61.19837931051422686, 7.855397569818812542, 138.5563601196388674 ) ) ;
#922 = CARTESIAN_POINT ( 'NONE',  ( 50.10597725747445708, 8.739175768930799393, 114.9295063528778087 ) ) ;
#923 = CARTESIAN_POINT ( 'NONE',  ( 60.52839901057090088, 7.608447105109952702, 167.6748905880861571 ) ) ;
#924 = DIRECTION ( 'NONE',  ( 0.000000000000000000, 0.000000000000000000, 1.000000000000000000 ) ) ;
#925 = CARTESIAN_POINT ( 'NONE',  ( 63.86439915523582300, 4.628538527456441898, 133.2736690407096489 ) ) ;
#926 = DIRECTION ( 'NONE',  ( 1.000000000000000000, 0.000000000000000000, 0.000000000000000000 ) ) ;
#927 = CARTESIAN_POINT ( 'NONE',  ( 49.97550783295223198, 8.665376909637522829, 152.2566871929330148 ) ) ;
#928 = CARTESIAN_POINT ( 'NONE',  ( 46.12539407974055905, 4.608884198320655656, 122.7176881218964439 ) ) ;
#929 = CARTESIAN_POINT ( 'NONE',  ( 61.32202594457677947, 7.028362228523187483, 94.14589051886089521 ) ) ;
#930 = CARTESIAN_POINT ( 'NONE',  ( 62.91170920564244540, 5.262002201130330903, 158.1515391202926537 ) ) ;
#931 = CARTESIAN_POINT ( 'NONE',  ( 46.42736251415527704, 5.151060012856907733, 136.5204823783781478 ) ) ;
#932 = CARTESIAN_POINT ( 'NONE',  ( 63.61413366666758407, 5.115654126322677797, 122.2139015975917147 ) ) ;
#933 = CARTESIAN_POINT ( 'NONE',  ( 52.44126044772079354, 8.891028577847416514, 126.9217378338745874 ) ) ;
#934 = CARTESIAN_POINT ( 'NONE',  ( 46.70499091778362555, 5.588362383419216428, 106.8899922778404488 ) ) ;
#935 = CARTESIAN_POINT ( 'NONE',  ( 63.61463455115068655, 5.114818271838795560, 109.9745502332013132 ) ) ;
#936 = CARTESIAN_POINT ( 'NONE',  ( 53.02987159325080313, 9.808558530260761188, 165.2175878908486482 ) ) ;
#937 = CARTESIAN_POINT ( 'NONE',  ( 56.89854826595927761, 9.836399893339494938, 177.8666320793029740 ) ) ;
#938 = CARTESIAN_POINT ( 'NONE',  ( 61.85290265766966655, 6.564308301632991949, 125.6098785281145069 ) ) ;
#939 = CARTESIAN_POINT ( 'NONE',  ( 56.69036018613964956, 9.874113734708595658, 140.8411638269206492 ) ) ;
#940 = CARTESIAN_POINT ( 'NONE',  ( 54.71122797480396116, 9.185570436763896396, 129.1589937822543561 ) ) ;
#941 = CARTESIAN_POINT ( 'NONE',  ( 47.20004543314382772, 5.429916762065602143, 123.8247808160868431 ) ) ;
#942 = CARTESIAN_POINT ( 'NONE',  ( 55.00000000000000000, 0.000000000000000000, 180.0000000000000000 ) ) ;
#943 = CARTESIAN_POINT ( 'NONE',  ( 47.20004543314381351, 5.429916762065579050, 173.7523327739549188 ) ) ;
#944 = EDGE_LOOP ( 'NONE', ( #3891, #4144 ) ) ;
#945 = CARTESIAN_POINT ( 'NONE',  ( 47.30100110723164875, 6.385602027047087681, 102.1954616506407092 ) ) ;
#946 = CIRCLE ( 'NONE', #2560, 3.000000000000002665 ) ;
#947 = CARTESIAN_POINT ( 'NONE',  ( 58.00222507193221588, 9.538903794036244221, 139.0917175471923599 ) ) ;
#948 = CARTESIAN_POINT ( 'NONE',  ( 46.42736251415452386, 5.151060012855706916, 112.5261914143145816 ) ) ;
#949 = CIRCLE ( 'NONE', #4395, 9.000000000000001776 ) ;
#950 = CIRCLE ( 'NONE', #95, 72.00000000000001421 ) ;
#951 = CARTESIAN_POINT ( 'NONE',  ( 61.44063696507176786, 6.929039827278354657, 168.1475581468452845 ) ) ;
#952 = CARTESIAN_POINT ( 'NONE',  ( 51.96200554878886635, 9.527360060080146908, 128.2733071221080365 ) ) ;
#953 = CARTESIAN_POINT ( 'NONE',  ( 46.49562888470667588, 5.293167367075072072, 170.6708428589586788 ) ) ;
#954 = ORIENTED_EDGE ( 'NONE', *, *, #2588, .T. ) ;
#955 = CARTESIAN_POINT ( 'NONE',  ( 49.93256834886470585, 8.626841858588869982, 93.26991645585856361 ) ) ;
#956 = CARTESIAN_POINT ( 'NONE',  ( 58.33936835076803362, 9.430432872960691881, 177.7757864744144172 ) ) ;
#957 = CARTESIAN_POINT ( 'NONE',  ( 47.55172446441825684, 5.899514450579438574, 156.6670016826454344 ) ) ;
#958 = CARTESIAN_POINT ( 'NONE',  ( 54.05976864150439809, 9.959940903609211915, 139.9587933195168148 ) ) ;
#959 = CARTESIAN_POINT ( 'NONE',  ( 47.96114348693996732, 6.363352376660666998, 113.3839886616462849 ) ) ;
#960 = CARTESIAN_POINT ( 'NONE',  ( 54.90416333445904939, 10.00405934357567084, 92.18423904568059868 ) ) ;
#961 = CARTESIAN_POINT ( 'NONE',  ( 61.48658322064037662, 6.889103053746104877, 155.5369309838259824 ) ) ;
#962 = CARTESIAN_POINT ( 'NONE',  ( 47.29909703707991753, 5.569931025686437387, 131.9855549586285406 ) ) ;
#963 = CARTESIAN_POINT ( 'NONE',  ( 63.85378290661078182, 4.649193877432344912, 121.1540563815910190 ) ) ;
#964 = CARTESIAN_POINT ( 'NONE',  ( 58.55641790154447079, 9.364596556873712174, 103.0753464711403922 ) ) ;
#965 = CARTESIAN_POINT ( 'NONE',  ( 48.01607300787629384, 7.162320828073889700, 105.3282254302920933 ) ) ;
#966 = CARTESIAN_POINT ( 'NONE',  ( 47.40370985353557387, 6.507725705282254580, 142.4849910295213249 ) ) ;
#967 = CARTESIAN_POINT ( 'NONE',  ( 62.20731469084997656, 6.936701978955813530, 105.4914968784920433 ) ) ;
#968 = CARTESIAN_POINT ( 'NONE',  ( 52.21454945889594512, 9.621850444451913731, 164.3914165471996398 ) ) ;
#969 = CARTESIAN_POINT ( 'NONE',  ( 54.23403015127201598, 9.974937722185963196, 177.0666378598717756 ) ) ;
#970 = ADVANCED_FACE ( 'NONE', ( #2157, #1453 ), #2517, .F. ) ;
#971 = CARTESIAN_POINT ( 'NONE',  ( 54.21548994238947472, 9.160893810830714301, 129.1637496612832194 ) ) ;
#972 = DIRECTION ( 'NONE',  ( 0.000000000000000000, 0.000000000000000000, 1.000000000000000000 ) ) ;
#973 = DIRECTION ( 'NONE',  ( 0.000000000000000000, 0.000000000000000000, 1.000000000000000000 ) ) ;
#974 = CARTESIAN_POINT ( 'NONE',  ( 47.56380284655799073, 6.690788063413674713, 154.9697764985771471 ) ) ;
#975 = ORIENTED_EDGE ( 'NONE', *, *, #3233, .F. ) ;
#976 = CARTESIAN_POINT ( 'NONE',  ( 46.88239209525896456, 5.857169171160281351, 101.6476024507213509 ) ) ;
#977 = EDGE_CURVE ( 'NONE', #4326, #3686, #3032, .T. ) ;
#978 = CARTESIAN_POINT ( 'NONE',  ( 61.90514189909324472, 6.499730951319449446, 137.5260175741285025 ) ) ;
#979 = CARTESIAN_POINT ( 'NONE',  ( 49.61829516912752069, 7.701694252332857538, 114.4559547872677570 ) ) ;
#980 = CARTESIAN_POINT ( 'NONE',  ( 62.93427912261703483, 5.231429025161109081, 173.1614544502461968 ) ) ;
#981 = ORIENTED_EDGE ( 'NONE', *, *, #977, .F. ) ;
#982 = CARTESIAN_POINT ( 'NONE',  ( 62.48345585630950438, 5.855520498815437236, 144.0947708635299023 ) ) ;
#983 = CARTESIAN_POINT ( 'NONE',  ( 54.91374700102198148, 9.189621077342822630, 167.0886395162559097 ) ) ;
#984 = CARTESIAN_POINT ( 'NONE',  ( 62.05491934609038651, 6.358768436816354175, 106.7580907390447180 ) ) ;
#985 = CARTESIAN_POINT ( 'NONE',  ( 50.09101680733829909, 7.986924266592879462, 114.6048769328287023 ) ) ;
#986 = CARTESIAN_POINT ( 'NONE',  ( 60.17305398007189154, 7.827698975265499293, 93.63375241057309495 ) ) ;
#987 = CARTESIAN_POINT ( 'NONE',  ( 62.77416940221394981, 5.466296667093245354, 157.5148613392816230 ) ) ;
#988 = CARTESIAN_POINT ( 'NONE',  ( 58.06273883976849959, 9.519434373920201864, 115.8725381172910431 ) ) ;
#989 = CARTESIAN_POINT ( 'NONE',  ( 63.57486327818889293, 5.180248368778716639, 121.2592249477900452 ) ) ;
#990 = CARTESIAN_POINT ( 'NONE',  ( 54.03101267884603942, 9.146399794390291049, 151.6189936205115600 ) ) ;
#991 = CARTESIAN_POINT ( 'NONE',  ( 55.11401134231353183, 10.01660587324786178, 127.1415486595127646 ) ) ;
#992 = CARTESIAN_POINT ( 'NONE',  ( 46.38524619018989625, 5.114619695408904931, 110.1696327157835498 ) ) ;
#993 = CARTESIAN_POINT ( 'NONE',  ( 63.74758970445999751, 4.846851481310687326, 108.3667484643590910 ) ) ;
#994 = CARTESIAN_POINT ( 'NONE',  ( 51.59327452751440291, 9.420490314612502303, 177.7769081611300521 ) ) ;
#995 = CARTESIAN_POINT ( 'NONE',  ( 59.69618104548041515, 8.088012959274593072, 129.5009061258728309 ) ) ;
#996 = CARTESIAN_POINT ( 'NONE',  ( 63.78361255347419956, 4.780531750042446681, 111.5747826150798687 ) ) ;
#997 = EDGE_CURVE ( 'NONE', #3571, #3349, #950, .T. ) ;
#998 = CARTESIAN_POINT ( 'NONE',  ( 47.89284940403270241, 6.291504846233707759, 168.7780800019393439 ) ) ;
#999 = ORIENTED_EDGE ( 'NONE', *, *, #479, .F. ) ;
#1000 = CARTESIAN_POINT ( 'NONE',  ( 53.94135260373602847, 9.948228571440127510, 103.1432129724061184 ) ) ;
#1001 = CARTESIAN_POINT ( 'NONE',  ( 60.74624597018038941, 7.462811600403202128, 138.3095534230268981 ) ) ;
#1002 = CARTESIAN_POINT ( 'NONE',  ( 49.97550783295371701, 8.665376909638506930, 115.6189274035922665 ) ) ;
#1003 = CARTESIAN_POINT ( 'NONE',  ( 51.74846579442993288, 8.694626422742890881, 141.9196913097103447 ) ) ;
#1004 = ORIENTED_EDGE ( 'NONE', *, *, #34, .F. ) ;
#1005 = CARTESIAN_POINT ( 'NONE',  ( 63.14013181088603233, 5.831433192483268968, 144.1261992854184371 ) ) ;
#1006 = CARTESIAN_POINT ( 'NONE',  ( 63.76007309217547459, 4.823683520021463167, 170.3595071194804689 ) ) ;
#1007 = CARTESIAN_POINT ( 'NONE',  ( 57.75646495579153594, 8.826152350266365687, 176.8312675074890592 ) ) ;
#1008 = CARTESIAN_POINT ( 'NONE',  ( 62.82623419856277280, 6.229347768265488305, 106.1159842877912070 ) ) ;
#1009 = CARTESIAN_POINT ( 'NONE',  ( 75.00000000000001421, 9.184850993605150311E-15, 53.00000000000000711 ) ) ;
#1010 = CARTESIAN_POINT ( 'NONE',  ( 48.18832488148186854, 7.331682285073445549, 126.2471471614510250 ) ) ;
#1011 = CARTESIAN_POINT ( 'NONE',  ( 62.20731469084997656, 6.936701978955813530, 93.49435139646119808 ) ) ;
#1012 = CARTESIAN_POINT ( 'NONE',  ( 62.97454941799517059, 6.037847411508213469, 155.6024596802701012 ) ) ;
#1013 = CARTESIAN_POINT ( 'NONE',  ( 51.79458057772389168, 9.489712760962165206, 115.8688349072979094 ) ) ;
#1014 = CARTESIAN_POINT ( 'NONE',  ( 47.23657219223200343, 5.481640936088913563, 157.4766296026472219 ) ) ;
#1015 = B_SPLINE_CURVE_WITH_KNOTS ( 'NONE', 3,
 ( #1687, #4612, #2190, #1141, #2162, #1098, #1, #1476, #772, #1074, #1832, #3313, #1117, #2932, #2587, #3337, #19, #2233, #4338, #795, #4383, #3697, #1780, #45, #1518, #2976, #726, #4429, #2890, #373, #3246, #1162, #2613, #393, #415, #2545, #4701, #749, #3631, #3676, #2213, #1874, #4071, #3276, #4049, #2256 ),
 .UNSPECIFIED., .F., .F.,
 ( 4, 2, 2, 2, 2, 2, 2, 2, 2, 2, 2, 2, 2, 2, 2, 2, 2, 2, 2, 2, 2, 2, 4 ),
 ( 0.02670436104153409498, 0.02819925873772816463, 0.02894670758582521680, 0.02969415643392226897, 0.03044160528201932114, 0.03118905413011637678, 0.03268395182631045337, 0.03417884952250452996, 0.03567374721869861348, 0.03716864491489269007, 0.03866354261108676665, 0.04015844030728083630, 0.04090588915537785031, 0.04165333800347486432, 0.04240078685157187138, 0.04314823569966888539, 0.04464313339586291340, 0.04539058224395992047, 0.04613803109205692754, 0.04763292878825094168, 0.04838037763634794874, 0.04912782648444494193, 0.05062272418063891444 ),
 .UNSPECIFIED. ) ;
#1016 = CARTESIAN_POINT ( 'NONE',  ( 59.69618104548037252, 8.088012959274603730, 117.5037606438419999 ) ) ;
#1017 = CARTESIAN_POINT ( 'NONE',  ( 63.85989481328438444, 4.637307061425598675, 123.0438658037499096 ) ) ;
#1018 = CARTESIAN_POINT ( 'NONE',  ( 54.23403015127205151, 9.974937722185961420, 127.1390859020036714 ) ) ;
#1019 = CARTESIAN_POINT ( 'NONE',  ( 47.01285467194329470, 5.143239718313791009, 110.6132405030793535 ) ) ;
#1020 = CARTESIAN_POINT ( 'NONE',  ( 59.08731236767201978, 9.144646386993368736, 115.0329317353044587 ) ) ;
#1021 = CARTESIAN_POINT ( 'NONE',  ( 49.09505511654220555, 7.350439145486665993, 126.2400230997945130 ) ) ;
#1022 = FACE_OUTER_BOUND ( 'NONE', #1527, .T. ) ;
#1023 = CARTESIAN_POINT ( 'NONE',  ( 58.06273883976849959, 9.519434373920200088, 152.5102979066318198 ) ) ;
#1024 = FACE_OUTER_BOUND ( 'NONE', #4330, .T. ) ;
#1025 = CARTESIAN_POINT ( 'NONE',  ( 55.78763762504435419, 9.985799776429242769, 127.9665237342441628 ) ) ;
#1026 = CARTESIAN_POINT ( 'NONE',  ( 48.57820566931802375, 7.670720439903259802, 103.1483087373873957 ) ) ;
#1027 = ADVANCED_FACE ( 'NONE', ( #62 ), #1812, .T. ) ;
#1028 = CARTESIAN_POINT ( 'NONE',  ( 61.60481632962565612, 6.784775370763092006, 168.2706200004407435 ) ) ;
#1029 = CARTESIAN_POINT ( 'NONE',  ( 56.64974393248184015, 9.867243156427701223, 165.2287628310806440 ) ) ;
#1030 = EDGE_LOOP ( 'NONE', ( #718, #3390, #2833, #3188 ) ) ;
#1031 = CARTESIAN_POINT ( 'NONE',  ( 51.46729491641372789, 9.373555404844360339, 93.08229715185004238 ) ) ;
#1032 = CARTESIAN_POINT ( 'NONE',  ( 61.59490704598706401, 7.521956896508505075, 127.0559277518254504 ) ) ;
#1033 = CARTESIAN_POINT ( 'NONE',  ( 62.71423594058219919, 5.551425272117697318, 144.6699790962009047 ) ) ;
#1034 = CARTESIAN_POINT ( 'NONE',  ( 59.90799249476170019, 8.717386969899811433, 177.5553587567461875 ) ) ;
#1035 = CARTESIAN_POINT ( 'NONE',  ( 47.50337356033136871, 5.842967066014625566, 149.3417370083041931 ) ) ;
#1036 = CARTESIAN_POINT ( 'NONE',  ( 0.000000000000000000, 0.000000000000000000, 50.00000000000000000 ) ) ;
#1037 = CARTESIAN_POINT ( 'NONE',  ( 50.10984271994350081, 8.727472254797739026, 128.5133750927090261 ) ) ;
#1038 = CARTESIAN_POINT ( 'NONE',  ( 59.05930879471410577, 8.394981558994611959, 129.3741832444740680 ) ) ;
#1039 = EDGE_CURVE ( 'NONE', #3670, #4196, #2171, .T. ) ;
#1040 = CARTESIAN_POINT ( 'NONE',  ( 46.92594337315561859, 5.903099134266481585, 118.4740644031280254 ) ) ;
#1041 = CIRCLE ( 'NONE', #3395, 12.00000000000000355 ) ;
#1042 = CARTESIAN_POINT ( 'NONE',  ( 59.05930879471413419, 8.394981558994182080, 93.38274679838167458 ) ) ;
#1043 = CARTESIAN_POINT ( 'NONE',  ( 61.79213143778836326, 6.610875607894808326, 155.7907056167967426 ) ) ;
#1044 = CARTESIAN_POINT ( 'NONE',  ( 49.07412391582328581, 8.060015753289961893, 128.7963651781500118 ) ) ;
#1045 = CARTESIAN_POINT ( 'NONE',  ( 54.80976516418907352, 10.00241161736576778, 140.8194214118399827 ) ) ;
#1046 = CARTESIAN_POINT ( 'NONE',  ( 47.73334903700067855, 6.113900920464921285, 156.3581160191368440 ) ) ;
#1047 = AXIS2_PLACEMENT_3D ( 'NONE', #1767, #1790, #3234 ) ;
#1048 = CARTESIAN_POINT ( 'NONE',  ( 54.21548994238945340, 9.160893810830710748, 117.1666041792523885 ) ) ;
#1049 = CARTESIAN_POINT ( 'NONE',  ( 62.83680385006017843, 6.229736006479072330, 118.9150441831335598 ) ) ;
#1050 = CARTESIAN_POINT ( 'NONE',  ( 50.93650512536324726, 9.155526916508847535, 154.3993289167397052 ) ) ;
#1051 = EDGE_CURVE ( 'NONE', #1195, #4326, #2706, .T. ) ;
#1052 = CARTESIAN_POINT ( 'NONE',  ( 59.96386895087158564, 8.685975877952806457, 103.6219860904344188 ) ) ;
#1053 = CARTESIAN_POINT ( 'NONE',  ( 47.03625108604141758, 5.180884462592221240, 109.2638849024745582 ) ) ;
#1054 = AXIS2_PLACEMENT_3D ( 'NONE', #1458, #3986, #3905 ) ;
#1055 = CARTESIAN_POINT ( 'NONE',  ( 0.000000000000000000, 0.000000000000000000, 48.00000000000000000 ) ) ;
#1056 = CARTESIAN_POINT ( 'NONE',  ( 55.10352913205741743, 9.199409596669736899, 176.9160979235728064 ) ) ;
#1057 = STYLED_ITEM ( 'NONE', ( #4448 ), #1870 ) ;
#1058 = CARTESIAN_POINT ( 'NONE',  ( 60.15339356562066797, 8.574532902683234425, 152.2146299504849765 ) ) ;
#1059 = CARTESIAN_POINT ( 'NONE',  ( 46.99611979593750277, 5.116265858384926979, 171.8642931937239950 ) ) ;
#1060 = CARTESIAN_POINT ( 'NONE',  ( 49.24612960458318867, 8.198443463231470218, 152.0600355838136011 ) ) ;
#1061 = CARTESIAN_POINT ( 'NONE',  ( 58.23492339567820153, 8.697871510119062677, 151.5099795453670311 ) ) ;
#1062 = CARTESIAN_POINT ( 'NONE',  ( 50.83782784292356638, 9.111882202613008630, 104.3855151864244561 ) ) ;
#1063 = ORIENTED_EDGE ( 'NONE', *, *, #4335, .F. ) ;
#1064 = CARTESIAN_POINT ( 'NONE',  ( 46.48699226567444498, 5.279477427230534481, 99.35939288371781686 ) ) ;
#1065 = CARTESIAN_POINT ( 'NONE',  ( 63.85249590135413911, 4.651736194070079655, 99.01881985228595795 ) ) ;
#1066 = CARTESIAN_POINT ( 'NONE',  ( 50.73432588519227693, 9.049154562497768950, 165.0248972044286973 ) ) ;
#1067 = ORIENTED_EDGE ( 'NONE', *, *, #4203, .F. ) ;
#1068 = CARTESIAN_POINT ( 'NONE',  ( 62.69720926563616814, 6.400779514662098713, 150.0740821640768843 ) ) ;
#1069 = CARTESIAN_POINT ( 'NONE',  ( 53.11773428157080446, 9.839363724073910689, 166.1356601056543241 ) ) ;
#1070 = CARTESIAN_POINT ( 'NONE',  ( 61.51270847242494000, 7.593153700050443433, 164.3822539138824652 ) ) ;
#1071 = CARTESIAN_POINT ( 'NONE',  ( 52.51802033711725670, 9.704656796120449513, 104.2364985630884036 ) ) ;
#1072 = CARTESIAN_POINT ( 'NONE',  ( 58.42743073613604565, 9.412794963759214539, 128.2975127957318477 ) ) ;
#1073 = CARTESIAN_POINT ( 'NONE',  ( 63.14013181088418492, 5.831433192483471473, 95.49129401404501039 ) ) ;
#1074 = CARTESIAN_POINT ( 'NONE',  ( 61.19061488377204228, 7.134348954715195923, 163.3725275214605972 ) ) ;
#1075 = CARTESIAN_POINT ( 'NONE',  ( 46.43026670858674265, 5.188603513096400555, 158.4940420289895826 ) ) ;
#1076 = CARTESIAN_POINT ( 'NONE',  ( 63.14056317448309130, 5.839416528217259206, 124.7053720048159278 ) ) ;
#1077 = DIRECTION ( 'NONE',  ( 1.000000000000000000, -0.000000000000000000, -0.000000000000000000 ) ) ;
#1078 = CARTESIAN_POINT ( 'NONE',  ( 48.57820566931665951, 7.670720439902180665, 164.4266828340343238 ) ) ;
#1079 = CARTESIAN_POINT ( 'NONE',  ( 48.56351503673818826, 7.661789287837792450, 176.3816854538764005 ) ) ;
#1080 = CARTESIAN_POINT ( 'NONE',  ( 62.29741611293096071, 6.085701237993684565, 95.08923215215313007 ) ) ;
#1081 = MECHANICAL_DESIGN_GEOMETRIC_PRESENTATION_REPRESENTATION (  '', ( #3599 ), #2920 ) ;
#1082 = CARTESIAN_POINT ( 'NONE',  ( 56.64974393248180462, 9.867243156427706552, 152.5852940058015861 ) ) ;
#1083 = CARTESIAN_POINT ( 'NONE',  ( 46.00000000000000000, 1.163414459189985682E-15, 180.0000000000000000 ) ) ;
#1084 = CARTESIAN_POINT ( 'NONE',  ( 46.12550277891863715, 4.609098068777195856, 121.4196928166434049 ) ) ;
#1085 = CARTESIAN_POINT ( 'NONE',  ( 48.80306772086800038, 7.139551878607983681, 142.6821172244644060 ) ) ;
#1086 = DIRECTION ( 'NONE',  ( 1.000000000000000000, 0.000000000000000000, 0.000000000000000000 ) ) ;
#1087 = CARTESIAN_POINT ( 'NONE',  ( 47.84648948386035272, 6.240964304905809890, 168.8395263000429054 ) ) ;
#1088 = CARTESIAN_POINT ( 'NONE',  ( 47.98355310021062081, 7.145972725545932214, 164.1066952515872686 ) ) ;
#1089 = ORIENTED_EDGE ( 'NONE', *, *, #2442, .F. ) ;
#1090 = CARTESIAN_POINT ( 'NONE',  ( 61.99048469831913621, 7.155819881796060322, 126.8177823056295068 ) ) ;
#1091 = CARTESIAN_POINT ( 'NONE',  ( 63.57137326607960404, 5.153131602647952114, 144.2610769939188344 ) ) ;
#1092 = CARTESIAN_POINT ( 'NONE',  ( 61.80902817085121370, 7.334075081427701370, 167.8265873649080788 ) ) ;
#1093 = CARTESIAN_POINT ( 'NONE',  ( 56.54367434603807396, 9.896935022339144794, 153.4806217621366216 ) ) ;
#1094 = CARTESIAN_POINT ( 'NONE',  ( 51.96200554878889477, 9.527360060080152238, 104.2790161580463746 ) ) ;
#1095 = CARTESIAN_POINT ( 'NONE',  ( 52.26580499390998114, 8.832096614886296493, 129.2395927322812383 ) ) ;
#1096 = CARTESIAN_POINT ( 'NONE',  ( 46.12928854518432331, 4.616392227799866355, 121.3700574042290015 ) ) ;
#1097 = CARTESIAN_POINT ( 'NONE',  ( 62.71359680023803662, 5.554425828663876352, 100.1676454736233381 ) ) ;
#1098 = CARTESIAN_POINT ( 'NONE',  ( 60.02018042092186079, 7.914974401871818444, 163.8474595717342481 ) ) ;
#1099 = CARTESIAN_POINT ( 'NONE',  ( 46.42472887616530386, 5.179585050342605079, 160.1687129269183743 ) ) ;
#1100 = CARTESIAN_POINT ( 'NONE',  ( 54.80976516418908062, 10.00241161736576778, 128.1759525865609248 ) ) ;
#1101 = CARTESIAN_POINT ( 'NONE',  ( 52.26580499390998114, 8.832096614886296493, 154.5265303828394110 ) ) ;
#1102 = CARTESIAN_POINT ( 'NONE',  ( 59.96386895087158564, 8.685975877952806457, 115.6191315724652640 ) ) ;
#1103 = CARTESIAN_POINT ( 'NONE',  ( 48.40038187403239078, 6.789436746545280066, 125.8088048356723618 ) ) ;
#1104 = CARTESIAN_POINT ( 'NONE',  ( 48.67547064135537482, 7.026353159813075067, 163.2901237475133769 ) ) ;
#1105 = CARTESIAN_POINT ( 'NONE',  ( 61.44063696507176786, 6.929039827278354657, 142.8606204962871118 ) ) ;
#1106 = CARTESIAN_POINT ( 'NONE',  ( 52.34419164609157349, 9.658274157795545989, 127.9027775842914139 ) ) ;
#1107 = CARTESIAN_POINT ( 'NONE',  ( 47.03757161840274392, 6.053296636839285760, 175.7751423177579682 ) ) ;
#1108 = EDGE_CURVE ( 'NONE', #1195, #3036, #3026, .T. ) ;
#1109 = CARTESIAN_POINT ( 'NONE',  ( 59.14447901503987026, 9.105298023474443170, 103.7634852145722419 ) ) ;
#1110 = CARTESIAN_POINT ( 'NONE',  ( 50.17830547191909574, 8.766423579978980030, 167.1485768987038796 ) ) ;
#1111 = CARTESIAN_POINT ( 'NONE',  ( 55.78763762504433998, 9.985799776429248098, 165.2506068668330954 ) ) ;
#1112 = ORIENTED_EDGE ( 'NONE', *, *, #3233, .T. ) ;
#1113 = CARTESIAN_POINT ( 'NONE',  ( 62.45465153031299366, 6.679435296492219010, 168.3540722430327605 ) ) ;
#1114 = CARTESIAN_POINT ( 'NONE',  ( 51.96200554878886635, 9.527360060080146908, 153.5602447726662092 ) ) ;
#1115 = CARTESIAN_POINT ( 'NONE',  ( 55.20263286552639670, 10.00227628322047835, 129.0041914430998133 ) ) ;
#1116 = CARTESIAN_POINT ( 'NONE',  ( 63.79078800688540696, 4.767234175635543636, 96.63188116100627667 ) ) ;
#1117 = CARTESIAN_POINT ( 'NONE',  ( 62.12444734203410235, 6.280166015458377160, 162.5923601610542164 ) ) ;
#1118 = CARTESIAN_POINT ( 'NONE',  ( 63.14056317448305577, 5.839416528213801527, 161.9894551373975276 ) ) ;
#1119 = CARTESIAN_POINT ( 'NONE',  ( 57.67061898116732266, 9.654017173200386992, 128.2430499408565083 ) ) ;
#1120 = AXIS2_PLACEMENT_3D ( 'NONE', #1217, #508, #3770 ) ;
#1121 = CIRCLE ( 'NONE', #3183, 72.00000000000001421 ) ;
#1122 = CARTESIAN_POINT ( 'NONE',  ( 63.57066311318668284, 5.157132343777827366, 112.5824031837218087 ) ) ;
#1123 = CARTESIAN_POINT ( 'NONE',  ( 55.80496229746814407, 9.167984432471085299, 126.9828879870597831 ) ) ;
#1124 = CARTESIAN_POINT ( 'NONE',  ( 46.25099651997632577, 4.844286584059273260, 173.7035881150533783 ) ) ;
#1125 = CARTESIAN_POINT ( 'NONE',  ( 57.16389473293805423, 8.969538888940890686, 93.21327579637491567 ) ) ;
#1126 = CIRCLE ( 'NONE', #1726, 2.000000000000001776 ) ;
#1127 = CARTESIAN_POINT ( 'NONE',  ( 60.32548170357128470, 7.736325962368050035, 142.3169057508867184 ) ) ;
#1128 = CARTESIAN_POINT ( 'NONE',  ( 53.19395076106222575, 9.839821165879493847, 127.9395705125218541 ) ) ;
#1129 = CARTESIAN_POINT ( 'NONE',  ( 50.41981227463384130, 8.156482125065457112, 142.1112800732853430 ) ) ;
#1130 = VECTOR ( 'NONE', #79, 1000.000000000000000 ) ;
#1131 = CARTESIAN_POINT ( 'NONE',  ( 60.63004872198176542, 8.269379125997870617, 103.4514132662303751 ) ) ;
#1132 = CARTESIAN_POINT ( 'NONE',  ( 50.93650512536520125, 9.155526916510298818, 167.0427977420187631 ) ) ;
#1133 = CARTESIAN_POINT ( 'NONE',  ( 48.71446570628330619, 7.058317190974542576, 130.1139337916071383 ) ) ;
#1134 = ORIENTED_EDGE ( 'NONE', *, *, #1888, .F. ) ;
#1135 = CARTESIAN_POINT ( 'NONE',  ( 59.83862567448194625, 8.757034559881564206, 151.5645110225310930 ) ) ;
#1136 = CARTESIAN_POINT ( 'NONE',  ( 63.89382571015990209, 4.571687935065331665, 171.8859863485287178 ) ) ;
#1137 = CARTESIAN_POINT ( 'NONE',  ( 55.20607119714725997, 10.00234227606090265, 140.8194309257912096 ) ) ;
#1138 = CARTESIAN_POINT ( 'NONE',  ( 54.10471492365689272, 9.152729602043962132, 129.1652790701329536 ) ) ;
#1139 = CARTESIAN_POINT ( 'NONE',  ( 46.40832936611306536, 5.152572761275441948, 121.4505297761930223 ) ) ;
#1140 = CARTESIAN_POINT ( 'NONE',  ( 62.28731661939693964, 6.090210063078678182, 95.11154608844447012 ) ) ;
#1141 = CARTESIAN_POINT ( 'NONE',  ( 59.37331677881273606, 8.244944847646340946, 163.9944355487713779 ) ) ;
#1142 = CARTESIAN_POINT ( 'NONE',  ( 49.98338469713390708, 7.927565923282614335, 93.57627753185883535 ) ) ;
#1143 = CARTESIAN_POINT ( 'NONE',  ( 51.40575526271015860, 9.349988230744928686, 140.9593115504955563 ) ) ;
#1144 = CARTESIAN_POINT ( 'NONE',  ( 50.95373067593273930, 8.400593400142851053, 138.7699154215251838 ) ) ;
#1145 = CARTESIAN_POINT ( 'NONE',  ( 46.79439936929663446, 5.719334244038865478, 101.4474323592944529 ) ) ;
#1146 = CARTESIAN_POINT ( 'NONE',  ( 48.20991866400957093, 6.612754048645847149, 162.9269405178528700 ) ) ;
#1147 = CARTESIAN_POINT ( 'NONE',  ( 48.07090099777945369, 6.475778089732916243, 175.4313250199009246 ) ) ;
#1148 = CARTESIAN_POINT ( 'NONE',  ( 59.05930879471413419, 8.394981558994182080, 105.3798922804125198 ) ) ;
#1149 = CARTESIAN_POINT ( 'NONE',  ( 49.38021110991949314, 8.276418821143110449, 116.6988777090353864 ) ) ;
#1150 = CARTESIAN_POINT ( 'NONE',  ( 50.73432588519227693, 9.049154562497763621, 177.6683660297078404 ) ) ;
#1151 = VERTEX_POINT ( 'NONE', #3096 ) ;
#1152 = CLOSED_SHELL ( 'NONE', ( #4142, #620, #1540, #389, #163, #712, #1027, #2532, #2118, #2322, #3784, #267, #3302, #3725, #4128, #4371, #2201, #2714, #114, #362, #526, #2365, #3481, #970, #2011, #1729, #240, #2522, #1791, #3207, #3933, #3919, #4239, #171, #419, #330, #2241, #4025, #2798, #2610, #1333, #1836, #675, #3180, #2376 ) ) ;
#1153 = CARTESIAN_POINT ( 'NONE',  ( 47.55172446441825684, 5.899514450579438574, 131.3800640320872333 ) ) ;
#1154 = CARTESIAN_POINT ( 'NONE',  ( 51.38717287929929967, 9.344062856104267567, 166.2476701644125967 ) ) ;
#1155 = CARTESIAN_POINT ( 'NONE',  ( 47.49138821177088232, 6.609344732278609413, 129.7522612614861828 ) ) ;
#1156 = ORIENTED_EDGE ( 'NONE', *, *, #4504, .F. ) ;
#1157 = CARTESIAN_POINT ( 'NONE',  ( 59.59225466254738279, 8.140216882504327955, 114.6699828755600237 ) ) ;
#1158 = CARTESIAN_POINT ( 'NONE',  ( 63.09701846712948026, 5.871511323781795966, 168.4397813598355356 ) ) ;
#1159 = CARTESIAN_POINT ( 'NONE',  ( 63.63796600337649778, 5.039626796100049155, 131.8593042695974020 ) ) ;
#1160 = CARTESIAN_POINT ( 'NONE',  ( 51.74846579443077843, 8.694626422738139127, 117.2790770024016922 ) ) ;
#1161 = CARTESIAN_POINT ( 'NONE',  ( 63.89382571016005841, 4.571687935065054553, 97.96414342660270336 ) ) ;
#1162 = CARTESIAN_POINT ( 'NONE',  ( 59.04305895139648896, 8.400247012403861291, 154.6574053281744909 ) ) ;
#1163 = CARTESIAN_POINT ( 'NONE',  ( 60.74624597018038941, 7.462811600403202128, 163.5964910735850708 ) ) ;
#1164 = CARTESIAN_POINT ( 'NONE',  ( 47.45766495379729832, 5.780647371009960622, 95.58356535502299778 ) ) ;
#1165 = CARTESIAN_POINT ( 'NONE',  ( 48.20991866400957093, 6.612754048645847149, 137.6400028672946974 ) ) ;
#1166 = CARTESIAN_POINT ( 'NONE',  ( 46.36001498661094189, 5.036152635730501537, 161.5617422205973241 ) ) ;
#1167 = CARTESIAN_POINT ( 'NONE',  ( 51.96200554878888767, 9.527360060080154014, 104.2790161580463746 ) ) ;
#1168 = CARTESIAN_POINT ( 'NONE',  ( 46.63980147176545188, 5.489510882107169643, 168.9596698791677625 ) ) ;
#1169 = ORIENTED_EDGE ( 'NONE', *, *, #2528, .F. ) ;
#1170 = CARTESIAN_POINT ( 'NONE',  ( 47.14677279187605308, 5.350798455525767494, 135.5939334689442148 ) ) ;
#1171 = CARTESIAN_POINT ( 'NONE',  ( 48.05333913996455664, 7.203965809688776645, 167.9172968406828375 ) ) ;
#1172 = CARTESIAN_POINT ( 'NONE',  ( 0.000000000000000000, 0.000000000000000000, 53.00000000000000711 ) ) ;
#1173 = CARTESIAN_POINT ( 'NONE',  ( 46.14812295651538676, 4.652930455139863142, 158.4113716779559979 ) ) ;
#1174 = ORIENTED_EDGE ( 'NONE', *, *, #4722, .T. ) ;
#1175 = CARTESIAN_POINT ( 'NONE',  ( 60.34531325299209215, 7.724213858090593909, 151.1060423263498933 ) ) ;
#1176 = CARTESIAN_POINT ( 'NONE',  ( 61.90514189909228548, 6.499730951319588890, 175.4564240499659036 ) ) ;
#1177 = EDGE_CURVE ( 'NONE', #3036, #3686, #652, .T. ) ;
#1178 = CARTESIAN_POINT ( 'NONE',  ( -9.000000000000001776, 0.000000000000000000, 48.00000000000000000 ) ) ;
#1179 = CARTESIAN_POINT ( 'NONE',  ( 63.59493378326877178, 5.147221717292435272, 133.4923807088474916 ) ) ;
#1180 = CARTESIAN_POINT ( 'NONE',  ( -8.485281374238571317, 2.999999999999999112, -10.00000000000000178 ) ) ;
#1181 = CARTESIAN_POINT ( 'NONE',  ( 61.76618412459738039, 6.635613735739713803, 101.6708960837626279 ) ) ;
#1182 = CARTESIAN_POINT ( 'NONE',  ( 50.54836920980578441, 8.208647717286359224, 142.0926689118369950 ) ) ;
#1183 = CARTESIAN_POINT ( 'NONE',  ( 46.40446237706123611, 5.146230865021329315, 98.64977750809011070 ) ) ;
#1184 = CARTESIAN_POINT ( 'NONE',  ( 50.97962452272792433, 8.399973041681198183, 102.7755572639026838 ) ) ;
#1185 = FACE_OUTER_BOUND ( 'NONE', #1637, .T. ) ;
#1186 = CARTESIAN_POINT ( 'NONE',  ( 54.90416333445995178, 10.00405934357570814, 153.4626131423275126 ) ) ;
#1187 = CARTESIAN_POINT ( 'NONE',  ( 49.40957327284259293, 8.298042930168184839, 138.7599270070161879 ) ) ;
#1188 = CARTESIAN_POINT ( 'NONE',  ( 46.10713990509116655, 4.573616144772625347, 98.29330575467190556 ) ) ;
#1189 = CARTESIAN_POINT ( 'NONE',  ( 56.08293835500347768, 9.958521810044423717, 117.0096411248431565 ) ) ;
#1190 = CARTESIAN_POINT ( 'NONE',  ( 46.36001498661045872, 5.036152635729647109, 112.2805136059755853 ) ) ;
#1191 = CIRCLE ( 'NONE', #3782, 75.00000000000001421 ) ;
#1192 = CARTESIAN_POINT ( 'NONE',  ( 57.56642297186960633, 8.889073204885470147, 105.2293578689845219 ) ) ;
#1193 = CARTESIAN_POINT ( 'NONE',  ( 55.11401134231542187, 10.01660587324739993, 164.4256317921017967 ) ) ;
#1194 = CARTESIAN_POINT ( 'NONE',  ( 63.78361255347422798, 4.780531750042441352, 123.5719280971107139 ) ) ;
#1195 = VERTEX_POINT ( 'NONE', #888 ) ;
#1196 = CARTESIAN_POINT ( 'NONE',  ( 47.96114348693997442, 6.363352376660682985, 137.3782796257079326 ) ) ;
#1197 = CARTESIAN_POINT ( 'NONE',  ( 46.23965276011529824, 4.823176879528277894, 111.7167395412822231 ) ) ;
#1198 = CARTESIAN_POINT ( 'NONE',  ( 46.38656434264653683, 5.081693682480125318, 157.0512758395202866 ) ) ;
#1199 = VERTEX_POINT ( 'NONE', #825 ) ;
#1200 = CARTESIAN_POINT ( 'NONE',  ( 62.91767559583709613, 5.256586699115620931, 173.2472201395142690 ) ) ;
#1201 = CARTESIAN_POINT ( 'NONE',  ( 58.06273883976852801, 9.519434373920192982, 165.1537667319109062 ) ) ;
#1202 = CARTESIAN_POINT ( 'NONE',  ( 49.66671152457384153, 7.731588385112453388, 154.9624120973627441 ) ) ;
#1203 = CIRCLE ( 'NONE', #4549, 9.000000000000001776 ) ;
#1204 = CARTESIAN_POINT ( 'NONE',  ( 63.89332229013529485, 4.572680490137670972, 134.2292030324108225 ) ) ;
#1205 = CARTESIAN_POINT ( 'NONE',  ( 51.96200554878883793, 9.527360060080141579, 116.2761616400772198 ) ) ;
#1206 = CARTESIAN_POINT ( 'NONE',  ( 46.10679977349124670, 4.572919050968832444, 146.5499287300962408 ) ) ;
#1207 = CARTESIAN_POINT ( 'NONE',  ( 62.56214639762703911, 5.765419674384430593, 124.5726482549294474 ) ) ;
#1208 = CARTESIAN_POINT ( 'NONE',  ( 46.71754088118984782, 5.630268077804890581, 95.86060206337424461 ) ) ;
#1209 = CARTESIAN_POINT ( 'NONE',  ( 56.54367434603807396, 9.896935022339144794, 166.1240905874156795 ) ) ;
#1210 = CARTESIAN_POINT ( 'NONE',  ( 0.000000000000000000, 0.000000000000000000, 77.00000000000000000 ) ) ;
#1211 = CARTESIAN_POINT ( 'NONE',  ( 53.49415460269936773, 9.084299197820620009, 138.9627942809799777 ) ) ;
#1212 = CARTESIAN_POINT ( 'NONE',  ( 55.21219620077405210, 10.01435648357948160, 103.9766973534396470 ) ) ;
#1213 = CARTESIAN_POINT ( 'NONE',  ( 52.26580499391000245, 8.832096614886300046, 93.24815628618873120 ) ) ;
#1214 = CARTESIAN_POINT ( 'NONE',  ( 62.12444734203411656, 6.280166015458375384, 125.3082770284652270 ) ) ;
#1215 = CARTESIAN_POINT ( 'NONE',  ( 54.00523880405207677, 9.954870709626723269, 104.1898397631444624 ) ) ;
#1216 = CARTESIAN_POINT ( 'NONE',  ( 47.12127067598736829, 5.312998267755386195, 145.3158925101423051 ) ) ;
#1217 = CARTESIAN_POINT ( 'NONE',  ( 57.75646495579167805, 8.567490936528175283, 165.1537667319109062 ) ) ;
#1218 = ORIENTED_EDGE ( 'NONE', *, *, #519, .T. ) ;
#1219 = FACE_BOUND ( 'NONE', #1573, .T. ) ;
#1220 = CARTESIAN_POINT ( 'NONE',  ( -8.485281374238571317, -2.999999999999999112, -50.00000000000000000 ) ) ;
#1221 = CARTESIAN_POINT ( 'NONE',  ( 47.56380284655801205, 6.690788063413687148, 105.6885478839573267 ) ) ;
#1222 = EDGE_LOOP ( 'NONE', ( #1169, #1548, #494, #4064 ) ) ;
#1223 = CARTESIAN_POINT ( 'NONE',  ( 58.06273883976925276, 9.519434373919962056, 103.8753926352601411 ) ) ;
#1224 = CARTESIAN_POINT ( 'NONE',  ( 62.83680385006394431, 6.229736006478022503, 130.9121896651606676 ) ) ;
#1225 = CARTESIAN_POINT ( 'NONE',  ( 52.02184882211759742, 9.546442316987469923, 117.0521055797440937 ) ) ;
#1226 = CARTESIAN_POINT ( 'NONE',  ( 47.57908177531789562, 6.716785288496903483, 143.0316757887716790 ) ) ;
#1227 = CARTESIAN_POINT ( 'NONE',  ( 48.22970048142253319, 7.369820596812450830, 93.88059630726800719 ) ) ;
#1228 = CARTESIAN_POINT ( 'NONE',  ( 60.98315074442902528, 8.017572207115536642, 141.4606925076563186 ) ) ;
#1229 = CARTESIAN_POINT ( 'NONE',  ( 63.31283991883238116, 5.561157044022071005, 130.9222126539090425 ) ) ;
#1230 = DIRECTION ( 'NONE',  ( 0.000000000000000000, 0.000000000000000000, 1.000000000000000000 ) ) ;
#1231 = CARTESIAN_POINT ( 'NONE',  ( 61.23737090043958631, 7.824552775041316188, 154.8887392869026769 ) ) ;
#1232 = CARTESIAN_POINT ( 'NONE',  ( 47.44831991124967630, 5.768367987459987134, 131.5980914147333465 ) ) ;
#1233 = CARTESIAN_POINT ( 'NONE',  ( 60.17305398007184891, 7.827698975264791414, 117.6280433746351122 ) ) ;
#1234 = CARTESIAN_POINT ( 'NONE',  ( 54.10471492365599033, 9.152729602043603307, 105.1709881060713485 ) ) ;
#1235 = CARTESIAN_POINT ( 'NONE',  ( 57.44329775297128293, 9.714700144215067112, 164.4038028451616640 ) ) ;
#1236 = CARTESIAN_POINT ( 'NONE',  ( 52.85304714822458294, 8.981875585555126662, 164.2274577105382036 ) ) ;
#1237 = ORIENTED_EDGE ( 'NONE', *, *, #2313, .T. ) ;
#1238 = CARTESIAN_POINT ( 'NONE',  ( 59.51034310500655522, 8.944539985706420282, 141.0782845639066920 ) ) ;
#1239 = CARTESIAN_POINT ( 'NONE',  ( 48.10049428152109385, 6.506111637378418244, 137.5325908656727165 ) ) ;
#1240 = CARTESIAN_POINT ( 'NONE',  ( 46.10526860420972639, 4.569927716203983969, 110.0012467557428693 ) ) ;
#1241 = CARTESIAN_POINT ( 'NONE',  ( 46.16176466828635228, 4.678922439602986039, 160.4406941308536148 ) ) ;
#1242 = VERTEX_POINT ( 'NONE', #912 ) ;
#1243 = CARTESIAN_POINT ( 'NONE',  ( 62.42870366399353799, 6.708147977602404666, 175.6759914708402448 ) ) ;
#1244 = CARTESIAN_POINT ( 'NONE',  ( 62.97454941799517059, 6.037847411508213469, 130.3155220297119286 ) ) ;
#1245 = DIRECTION ( 'NONE',  ( 0.000000000000000000, 0.000000000000000000, 1.000000000000000000 ) ) ;
#1246 = PLANE ( 'NONE',  #2702 ) ;
#1247 = CARTESIAN_POINT ( 'NONE',  ( 46.53894416134544088, 5.361538783805893438, 145.1564169847117682 ) ) ;
#1248 = CARTESIAN_POINT ( 'NONE',  ( 46.14580582867375114, 4.648409528945129487, 98.99500759202381062 ) ) ;
#1249 = CARTESIAN_POINT ( 'NONE',  ( 58.33936835076807625, 9.430432872960681223, 139.8453799985771866 ) ) ;
#1250 = CARTESIAN_POINT ( 'NONE',  ( 53.48293986000437172, 9.888528016976176005, 139.9458145087546654 ) ) ;
#1251 = CARTESIAN_POINT ( 'NONE',  ( 59.46748205588231428, 8.201058478069951363, 126.6925434298890281 ) ) ;
#1252 = CARTESIAN_POINT ( 'NONE',  ( 61.42556343030545207, 7.667574031595259854, 154.2910191674241958 ) ) ;
#1253 = CARTESIAN_POINT ( 'NONE',  ( 46.25099651997698658, 4.844286584060433221, 135.7731816392198709 ) ) ;
#1254 = CARTESIAN_POINT ( 'NONE',  ( 55.00000000000000000, 0.000000000000000000, 179.0000000000000000 ) ) ;
#1255 = CARTESIAN_POINT ( 'NONE',  ( 63.59493378326877178, 5.147221717292903342, 109.4980897447839681 ) ) ;
#1256 = B_SPLINE_CURVE_WITH_KNOTS ( 'NONE', 3,
 ( #844, #3835, #1949, #3429, #138, #2741, #2667, #1609, #3406, #2351, #117, #4507, #3074, #1258, #2377, #2711, #3815, #4165, #527, #4484, #4552, #469, #3454, #1926, #161, #1628, #3386, #1281, #92, #553, #2016, #192, #3008, #1194, #2144, #1309, #3886, #2796, #2401, #611, #1659, #2070, #4318, #2481, #2768, #3507, #3589, #2429, #3231, #2849, #3152, #3534 ),
 .UNSPECIFIED., .F., .F.,
 ( 4, 2, 2, 2, 2, 2, 2, 2, 2, 2, 2, 2, 2, 2, 2, 2, 2, 2, 2, 2, 2, 2, 2, 2, 2, 4 ),
 ( 0.05223588426280190850, 0.05396372264429202120, 0.05482764183503707756, 0.05569156102578214085, 0.05741939940727225355, 0.05914723778876236626, 0.06087507617025247897, 0.06260291455174259168, 0.06346683374248764109, 0.06433075293323269050, 0.06519467212397773992, 0.06605859131472278933, 0.06692251050546785263, 0.06778642969621288816, 0.06865034888695795146, 0.06951426807770300087, 0.07037818726844805028, 0.07124210645919309970, 0.07296994484068318465, 0.07469778322217326960, 0.07556170241291834677, 0.07642562160366341006, 0.07728954079440847336, 0.07815345998515355053, 0.07901737917589861382, 0.07988129836664367711 ),
 .UNSPECIFIED. ) ;
#1257 = CARTESIAN_POINT ( 'NONE',  ( 51.66960127879902132, 8.657291659821305885, 151.4964999810418362 ) ) ;
#1258 = CARTESIAN_POINT ( 'NONE',  ( 60.75662975139340460, 8.196266797827014727, 116.7294112696694270 ) ) ;
#1259 = CARTESIAN_POINT ( 'NONE',  ( 59.05930879471412709, 8.394981558994603077, 142.0176520697531544 ) ) ;
#1260 = AXIS2_PLACEMENT_3D ( 'NONE', #3703, #2593, #2217 ) ;
#1261 = DIRECTION ( 'NONE',  ( -0.000000000000000000, -0.000000000000000000, -1.000000000000000000 ) ) ;
#1262 = CARTESIAN_POINT ( 'NONE',  ( 46.16176466828633806, 4.678922439602981598, 111.1594655162336949 ) ) ;
#1263 = AXIS2_PLACEMENT_3D ( 'NONE', #471, #77, #3410 ) ;
#1264 = CARTESIAN_POINT ( 'NONE',  ( 47.14677279187605308, 5.350798455525760389, 173.5243399447814738 ) ) ;
#1265 = ORIENTED_EDGE ( 'NONE', *, *, #2229, .F. ) ;
#1266 = CARTESIAN_POINT ( 'NONE',  ( 63.79741732689729616, 4.760013507059182913, 173.4963787148668928 ) ) ;
#1267 = CARTESIAN_POINT ( 'NONE',  ( 60.08000899816108387, 8.619416666748170641, 138.8782265124563366 ) ) ;
#1268 = CARTESIAN_POINT ( 'NONE',  ( 50.47795705015119694, 8.185609252442937134, 114.6952278040785416 ) ) ;
#1269 = CARTESIAN_POINT ( 'NONE',  ( 49.07439611020419790, 7.335274796791757979, 142.5578749777138796 ) ) ;
#1270 = CARTESIAN_POINT ( 'NONE',  ( 47.03625108604141758, 5.180884462592221240, 97.26673942044371302 ) ) ;
#1271 = CARTESIAN_POINT ( 'NONE',  ( 62.83680385006396563, 6.229736006478009180, 143.5556584904397255 ) ) ;
#1272 = CARTESIAN_POINT ( 'NONE',  ( 63.57787077003543175, 5.141675847478174077, 169.5692556493857239 ) ) ;
#1273 = CARTESIAN_POINT ( 'NONE',  ( 53.96883685017676413, 9.140051540279340969, 105.1735007237827375 ) ) ;
#1274 = CARTESIAN_POINT ( 'NONE',  ( 48.20991866401050885, 6.612754048646417360, 150.2834716925742953 ) ) ;
#1275 = CARTESIAN_POINT ( 'NONE',  ( 46.42472887616342092, 5.179585050341562358, 122.8846297943256758 ) ) ;
#1276 = CARTESIAN_POINT ( 'NONE',  ( 47.08784776273984107, 5.261320546974008749, 135.2747824475717664 ) ) ;
#1277 = CARTESIAN_POINT ( 'NONE',  ( 61.77657249735010225, 7.363996869259820777, 126.2689008773769075 ) ) ;
#1278 = CARTESIAN_POINT ( 'NONE',  ( 55.20263286552566484, 10.00227628321905549, 117.0070459610633975 ) ) ;
#1279 = CARTESIAN_POINT ( 'NONE',  ( 62.91767559583709613, 5.256586699116920336, 111.3225226996190145 ) ) ;
#1280 = CARTESIAN_POINT ( 'NONE',  ( 47.08072785081021294, 5.250374855292973209, 145.5512749097556480 ) ) ;
#1281 = CARTESIAN_POINT ( 'NONE',  ( 63.83844923529446902, 4.678527374795002913, 120.9926190255762748 ) ) ;
#1282 = CARTESIAN_POINT ( 'NONE',  ( 60.23029704232369141, 7.793699469761548038, 126.5024222326243688 ) ) ;
#1283 = CARTESIAN_POINT ( 'NONE',  ( 54.34800506756135263, 9.982885021877827114, 177.8931314768823313 ) ) ;
#1284 = CARTESIAN_POINT ( 'NONE',  ( 46.38524619019176498, 5.114619695409839295, 146.8073925051299113 ) ) ;
#1285 = CARTESIAN_POINT ( 'NONE',  ( 62.98887492128403665, 5.140485163505270627, 134.7492896884270692 ) ) ;
#1286 = CARTESIAN_POINT ( 'NONE',  ( 60.86248629064849069, 8.106073365843602829, 115.3734966224167948 ) ) ;
#1287 = CARTESIAN_POINT ( 'NONE',  ( 0.000000000000000000, 0.000000000000000000, 80.00000000000000000 ) ) ;
#1288 = CARTESIAN_POINT ( 'NONE',  ( 51.78496694166037884, 8.704325706903594195, 167.2040445281869836 ) ) ;
#1289 = ORIENTED_EDGE ( 'NONE', *, *, #3047, .F. ) ;
#1290 = DIRECTION ( 'NONE',  ( 1.000000000000000000, 0.000000000000000000, 0.000000000000000000 ) ) ;
#1291 = CARTESIAN_POINT ( 'NONE',  ( 47.45546518313016549, 6.568236638810621031, 102.3623628368456906 ) ) ;
#1292 = CARTESIAN_POINT ( 'NONE',  ( 63.07831368495399005, 5.897313240181164318, 137.6640408230944956 ) ) ;
#1293 = EDGE_CURVE ( 'NONE', #1424, #1865, #1256, .T. ) ;
#1294 = CARTESIAN_POINT ( 'NONE',  ( 51.93394707472047855, 8.751944306414682018, 114.8896305691716861 ) ) ;
#1295 = CARTESIAN_POINT ( 'NONE',  ( 61.09519179463827498, 7.208412500844550763, 167.9324113896352344 ) ) ;
#1296 = DIRECTION ( 'NONE',  ( -0.9496297344050206313, -0.3028089466163498833, 0.08068524885595174112 ) ) ;
#1297 = ORIENTED_EDGE ( 'NONE', *, *, #1830, .T. ) ;
#1298 = DIRECTION ( 'NONE',  ( 1.000000000000000000, -0.000000000000000000, -0.000000000000000000 ) ) ;
#1299 = CARTESIAN_POINT ( 'NONE',  ( -5.175281374238570820, -3.000000000000000000, -10.00000000000000178 ) ) ;
#1300 = CARTESIAN_POINT ( 'NONE',  ( 48.80306772086797196, 7.139551878607970359, 155.3255860497434924 ) ) ;
#1301 = CARTESIAN_POINT ( 'NONE',  ( 46.99461480058509721, 5.113791336405647314, 110.1428195262381990 ) ) ;
#1302 = CARTESIAN_POINT ( 'NONE',  ( 48.57820566931850692, 7.670720439903648824, 127.1425997014490576 ) ) ;
#1303 = CARTESIAN_POINT ( 'NONE',  ( 59.52117972281970992, 8.186041185792756636, 93.46090013754076153 ) ) ;
#1304 = CARTESIAN_POINT ( 'NONE',  ( 46.26136208797680638, 4.863032493312726245, 132.3128221851999626 ) ) ;
#1305 = CARTESIAN_POINT ( 'NONE',  ( 63.57137326608046379, 5.153131602646545240, 119.6204626866126404 ) ) ;
#1306 = CARTESIAN_POINT ( 'NONE',  ( 60.70258280987796695, 8.219798796341827085, 103.4291360986986064 ) ) ;
#1307 = CARTESIAN_POINT ( 'NONE',  ( 61.63371456311654129, 7.487680896838649680, 105.1155386081384080 ) ) ;
#1308 = CARTESIAN_POINT ( 'NONE',  ( 49.82645303404176929, 7.827406634454511902, 163.8036382533765902 ) ) ;
#1309 = CARTESIAN_POINT ( 'NONE',  ( 63.55293213714018208, 5.187282981400997528, 124.6443579717093257 ) ) ;
#1310 = CARTESIAN_POINT ( 'NONE',  ( 61.19061488377204938, 7.134348954715187929, 126.0884443888715936 ) ) ;
#1311 = DIRECTION ( 'NONE',  ( 1.000000000000000000, 0.000000000000000000, 0.000000000000000000 ) ) ;
#1312 = CARTESIAN_POINT ( 'NONE',  ( 49.17807218654868961, 7.421430468857002971, 117.8543007890920791 ) ) ;
#1313 = LINE ( 'NONE', #4194, #2574 ) ;
#1314 = CARTESIAN_POINT ( 'NONE',  ( 49.09505511654217003, 7.350439145486641124, 176.1675750576625603 ) ) ;
#1315 = EDGE_LOOP ( 'NONE', ( #2244, #588, #4353, #4299 ) ) ;
#1316 = CARTESIAN_POINT ( 'NONE',  ( 47.97274515791233540, 7.119702119974226306, 102.7981827125214238 ) ) ;
#1317 = CARTESIAN_POINT ( 'NONE',  ( 58.63730878854209294, 9.334574892868072737, 139.8222785292226718 ) ) ;
#1318 = CARTESIAN_POINT ( 'NONE',  ( 46.67041506487068148, 5.541853993703092840, 113.2294267000982444 ) ) ;
#1319 = CARTESIAN_POINT ( 'NONE',  ( 59.37331677881270764, 8.244944847646342723, 176.6379043740503505 ) ) ;
#1320 = DIRECTION ( 'NONE',  ( -0.000000000000000000, -0.000000000000000000, -1.000000000000000000 ) ) ;
#1321 = CARTESIAN_POINT ( 'NONE',  ( 49.46354180470395079, 8.334154943298312190, 93.37619795812841517 ) ) ;
#1322 = CARTESIAN_POINT ( 'NONE',  ( 58.61288553951347069, 9.328998685859478002, 177.7495742324893797 ) ) ;
#1323 = CARTESIAN_POINT ( 'NONE',  ( 58.58941537323909898, 8.576939620827307209, 105.3182275985305409 ) ) ;
#1324 = CARTESIAN_POINT ( 'NONE',  ( 50.41981227463384130, 8.156482125065462441, 105.4735202839445520 ) ) ;
#1325 = CARTESIAN_POINT ( 'NONE',  ( 47.03122524527746151, 5.172883716199483395, 122.8367280137031230 ) ) ;
#1326 = CARTESIAN_POINT ( 'NONE',  ( 57.79376854830167076, 9.619365640426178032, 93.04643585031355713 ) ) ;
#1327 = CARTESIAN_POINT ( 'NONE',  ( 63.61463455115067944, 5.114818271839263630, 159.2557788478192720 ) ) ;
#1328 = CARTESIAN_POINT ( 'NONE',  ( 46.48699226567445209, 5.279477427230541586, 135.3508293298103524 ) ) ;
#1329 = CARTESIAN_POINT ( 'NONE',  ( 63.36215868822520747, 5.512087187754266537, 120.1132529908496451 ) ) ;
#1330 = CARTESIAN_POINT ( 'NONE',  ( 60.93923694828922066, 8.050183050874666790, 103.3494475998083146 ) ) ;
#1331 = CARTESIAN_POINT ( 'NONE',  ( 46.43026670858579052, 5.188603513095689124, 109.2128134143697906 ) ) ;
#1332 = CARTESIAN_POINT ( 'NONE',  ( 60.78300708779222106, 7.437257093473002456, 105.8542804295137927 ) ) ;
#1333 = ADVANCED_FACE ( 'NONE', ( #1022 ), #2174, .T. ) ;
#1334 = CARTESIAN_POINT ( 'NONE',  ( 53.92334742097909839, 9.946430965722182549, 177.8868320738458806 ) ) ;
#1335 = CARTESIAN_POINT ( 'NONE',  ( 61.85290265766966655, 6.564308301632997278, 137.6070240101453237 ) ) ;
#1336 = CARTESIAN_POINT ( 'NONE',  ( 47.96114348694001706, 6.363352376660701637, 125.3811341436771869 ) ) ;
#1337 = CARTESIAN_POINT ( 'NONE',  ( -8.485281374238571317, 2.999999999999999112, -50.00000000000000000 ) ) ;
#1338 = CARTESIAN_POINT ( 'NONE',  ( 55.31288058489258219, 9.193274031581422534, 176.9149036398063970 ) ) ;
#1339 = CARTESIAN_POINT ( 'NONE',  ( 47.06432823508515639, 5.225299163989135742, 160.4099022684261797 ) ) ;
#1340 = ORIENTED_EDGE ( 'NONE', *, *, #1877, .F. ) ;
#1341 = CARTESIAN_POINT ( 'NONE',  ( 48.01457603731932977, 7.166525625399891020, 102.1362999463574681 ) ) ;
#1342 = AXIS2_PLACEMENT_3D ( 'NONE', #1879, #821, #421 ) ;
#1343 = CARTESIAN_POINT ( 'NONE',  ( 61.95497566470972828, 7.196004805649097946, 138.1494213698943838 ) ) ;
#1344 = CARTESIAN_POINT ( 'NONE',  ( 50.95373067593272509, 8.400593400143099743, 114.7756244574636071 ) ) ;
#1345 = AXIS2_PLACEMENT_3D ( 'NONE', #4100, #823, #1524 ) ;
#1346 = CARTESIAN_POINT ( 'NONE',  ( 53.96883685017674281, 9.140051540279339193, 167.0981981636816727 ) ) ;
#1347 = DIRECTION ( 'NONE',  ( -1.000000000000000000, 1.224646799147354440E-16, 0.000000000000000000 ) ) ;
#1348 = EDGE_LOOP ( 'NONE', ( #954, #2561 ) ) ;
#1349 = CARTESIAN_POINT ( 'NONE',  ( 50.54836920980484649, 8.208647717285099787, 93.45776364046588469 ) ) ;
#1350 = CARTESIAN_POINT ( 'NONE',  ( 63.63796600337639831, 5.039626796100216133, 144.5027730948765168 ) ) ;
#1351 = CARTESIAN_POINT ( 'NONE',  ( 62.61911541557198291, 6.496652312036327537, 176.2369676082869319 ) ) ;
#1352 = CARTESIAN_POINT ( 'NONE',  ( 47.98355310021062081, 7.145972725545932214, 138.8197576010290959 ) ) ;
#1353 = AXIS2_PLACEMENT_3D ( 'NONE', #3767, #885, #3747 ) ;
#1354 = CARTESIAN_POINT ( 'NONE',  ( 49.09505511654214871, 7.350439145486634018, 114.2428776177636536 ) ) ;
#1355 =( BOUNDED_SURFACE ( )  B_SPLINE_SURFACE ( 3, 2, ( 
 ( #3092, #3403, #2348 ),
 ( #3005, #2308, #2374 ),
 ( #1988, #113, #135 ),
 ( #1605, #3812, #2329 ),
 ( #3787, #822, #467 ),
 ( #72, #524, #157 ),
 ( #909, #1278, #3030 ),
 ( #1545, #1189, #3070 ),
 ( #1625, #505, #2641 ),
 ( #3383, #4548, #2738 ),
 ( #89, #2287, #1922 ),
 ( #1968, #4120, #1945 ),
 ( #1565, #3051, #4503 ),
 ( #1233, #3425, #2477 ),
 ( #4633, #2094, #4679 ),
 ( #3476, #2791, #188 ),
 ( #211, #1680, #2450 ),
 ( #3932, #2010, #3583 ),
 ( #2867, #1654, #3147 ),
 ( #3907, #2819, #3881 ),
 ( #4212, #3119, #2844 ),
 ( #4311, #631, #2040 ),
 ( #2119, #1049, #3502 ),
 ( #297, #606, #3175 ),
 ( #4604, #2066, #3962 ),
 ( #3555, #4578, #1305 ),
 ( #4259, #1329, #2501 ),
 ( #1705, #1361, #1759 ),
 ( #270, #2425, #1388 ),
 ( #4237, #989, #963 ),
 ( #3529, #4658, #238 ),
 ( #3225, #1411, #2763 ),
 ( #4285, #932, #1732 ),
 ( #3204, #2394, #1017 ),
 ( #656, #3854, #577 ),
 ( #2918, #4729, #3280 ),
 ( #2979, #1076, #2526 ),
 ( #3988, #707, #2167 ),
 ( #3636, #351, #775 ),
 ( #753, #3701, #5 ),
 ( #1809, #2549, #2956 ),
 ( #418, #1480, #2936 ),
 ( #4387, #1277, #1090 ),
 ( #1401, #2857, #1032 ),
 ( #2491, #2882, #339 ),
 ( #3947, #669, #3976 ),
 ( #3268, #4717, #3600 ),
 ( #3652, #313, #1582 ),
 ( #1251, #3446, #3400 ),
 ( #155, #3724, #3379 ),
 ( #4498, #1560, #3360 ),
 ( #1623, #482, #446 ) ),
 .UNSPECIFIED., .F., .F., .F. ) 
 B_SPLINE_SURFACE_WITH_KNOTS ( ( 4, 2, 2, 2, 2, 2, 2, 2, 2, 2, 2, 2, 2, 2, 2, 2, 2, 2, 2, 2, 2, 2, 2, 2, 2, 4 ),
 ( 3, 3 ),
 ( 0.000000000000000000, 0.001610545619918659060, 0.002415818429877988373, 0.003221091239837318120, 0.004831636859755976746, 0.006442182479674636239, 0.008052728099593293998, 0.008858000909552623744, 0.009663273719511953491, 0.01046854652947128324, 0.01127381933943061298, 0.01207909214938994273, 0.01288436495934927248, 0.01368963776930860049, 0.01449491057926793024, 0.01530018338922725998, 0.01610545619918658800, 0.01771600181910524749, 0.01932654743902390698, 0.02013182024898323846, 0.02093709305894256648, 0.02174236586890189449, 0.02254763867886122597, 0.02335291148882055745, 0.02415818429877988546, 0.02576872991869854496 ),
 ( 0.000000000000000000, 1.000000000000000000 ),
 .UNSPECIFIED. ) 
 GEOMETRIC_REPRESENTATION_ITEM ( )  RATIONAL_B_SPLINE_SURFACE ( (
 ( 1.000000000000000000, 0.7890828154404140315, 1.000000000000000000),
 ( 1.000000000000000000, 0.7822893168587042867, 1.000000000000000000),
 ( 1.000000000000000000, 0.7769804849971050364, 1.000000000000000000),
 ( 1.000000000000000000, 0.7721725132135706104, 1.000000000000000000),
 ( 1.000000000000000000, 0.7710932332194174732, 1.000000000000000000),
 ( 1.000000000000000000, 0.7700798014907676015, 1.000000000000000000),
 ( 1.000000000000000000, 0.7701535816307141236, 1.000000000000000000),
 ( 1.000000000000000000, 0.7720750407652768876, 1.000000000000000000),
 ( 1.000000000000000000, 0.7756304940356214539, 1.000000000000000000),
 ( 1.000000000000000000, 0.7863359135347881557, 1.000000000000000000),
 ( 1.000000000000000000, 0.7935593951758341813, 1.000000000000000000),
 ( 1.000000000000000000, 0.8091467546440431757, 1.000000000000000000),
 ( 1.000000000000000000, 0.8175403830176382058, 1.000000000000000000),
 ( 1.000000000000000000, 0.8293725801651680163, 1.000000000000000000),
 ( 1.000000000000000000, 0.8332126441993330523, 1.000000000000000000),
 ( 1.000000000000000000, 0.8401795453598346342, 1.000000000000000000),
 ( 1.000000000000000000, 0.8433236350773802847, 1.000000000000000000),
 ( 1.000000000000000000, 0.8487740273808284108, 1.000000000000000000),
 ( 1.000000000000000000, 0.8510826173131171846, 1.000000000000000000),
 ( 1.000000000000000000, 0.8547664239494754401, 1.000000000000000000),
 ( 1.000000000000000000, 0.8560988187923268544, 1.000000000000000000),
 ( 1.000000000000000000, 0.8578894373198060475, 1.000000000000000000),
 ( 1.000000000000000000, 0.8583480911739589381, 1.000000000000000000),
 ( 1.000000000000000000, 0.8586026888365811960, 1.000000000000000000),
 ( 1.000000000000000000, 0.8583936092660667816, 1.000000000000000000),
 ( 1.000000000000000000, 0.8576260442153592622, 1.000000000000000000),
 ( 1.000000000000000000, 0.8570717847899067543, 1.000000000000000000),
 ( 1.000000000000000000, 0.8559261330736316342, 1.000000000000000000),
 ( 1.000000000000000000, 0.8553319295048295023, 1.000000000000000000),
 ( 1.000000000000000000, 0.8543856825546339850, 1.000000000000000000),
 ( 1.000000000000000000, 0.8540309185582803941, 1.000000000000000000),
 ( 1.000000000000000000, 0.8536834302495597271, 1.000000000000000000),
 ( 1.000000000000000000, 0.8536930101917723501, 1.000000000000000000),
 ( 1.000000000000000000, 0.8542763716415648911, 1.000000000000000000),
 ( 1.000000000000000000, 0.8554358083880312380, 1.000000000000000000),
 ( 1.000000000000000000, 0.8577422966133937399, 1.000000000000000000),
 ( 1.000000000000000000, 0.8587773206770565881, 1.000000000000000000),
 ( 1.000000000000000000, 0.8582917136919445689, 1.000000000000000000),
 ( 1.000000000000000000, 0.8577805857904173825, 1.000000000000000000),
 ( 1.000000000000000000, 0.8558786611416376866, 1.000000000000000000),
 ( 1.000000000000000000, 0.8544870962720994001, 1.000000000000000000),
 ( 1.000000000000000000, 0.8507154623476318456, 1.000000000000000000),
 ( 1.000000000000000000, 0.8483264996656362245, 1.000000000000000000),
 ( 1.000000000000000000, 0.8427503636051366653, 1.000000000000000000),
 ( 1.000000000000000000, 0.8395509614150922229, 1.000000000000000000),
 ( 1.000000000000000000, 0.8325033572913860258, 1.000000000000000000),
 ( 1.000000000000000000, 0.8286329716661553491, 1.000000000000000000),
 ( 1.000000000000000000, 0.8206742539347040566, 1.000000000000000000),
 ( 1.000000000000000000, 0.8165730635147493421, 1.000000000000000000),
 ( 1.000000000000000000, 0.8043259065629242421, 1.000000000000000000),
 ( 1.000000000000000000, 0.7962203873510774743, 1.000000000000000000),
 ( 1.000000000000000000, 0.7893766639933607054, 1.000000000000000000) ) ) 
 REPRESENTATION_ITEM ( '' )  SURFACE ( )  );
#1356 = CARTESIAN_POINT ( 'NONE',  ( 47.30100110723208218, 6.385602027047624141, 126.1897526147043038 ) ) ;
#1357 = CARTESIAN_POINT ( 'NONE',  ( 61.42556343030526023, 7.667574031595415285, 93.01264507077350174 ) ) ;
#1358 = CARTESIAN_POINT ( 'NONE',  ( 63.74758970445908091, 4.846851481312305587, 157.6479770789770498 ) ) ;
#1359 = CARTESIAN_POINT ( 'NONE',  ( 52.02184882211762584, 9.546442316987480581, 129.0492510617749247 ) ) ;
#1360 = CARTESIAN_POINT ( 'NONE',  ( 46.00000000000000000, 1.102182119232617911E-15, 179.0000000000000000 ) ) ;
#1361 = CARTESIAN_POINT ( 'NONE',  ( 63.46987679767865842, 5.347783483073397015, 120.5585888629993008 ) ) ;
#1362 = CIRCLE ( 'NONE', #732, 9.000000000000001776 ) ;
#1363 = CARTESIAN_POINT ( 'NONE',  ( 60.08000899815921514, 8.619416666747927280, 102.8867900663581594 ) ) ;
#1364 = CARTESIAN_POINT ( 'NONE',  ( 46.37396910149368523, 5.060085822046800352, 107.8191352217505283 ) ) ;
#1365 = CARTESIAN_POINT ( 'NONE',  ( 48.48880280955603439, 7.609989398650001569, 141.6721103454854074 ) ) ;
#1366 = CARTESIAN_POINT ( 'NONE',  ( 63.63796600337558118, 5.039626796101635442, 107.8650133055339069 ) ) ;
#1367 = CARTESIAN_POINT ( 'NONE',  ( 49.02032796540864723, 8.020156909403697298, 164.6130283970069286 ) ) ;
#1368 = CARTESIAN_POINT ( 'NONE',  ( 50.47795705014935663, 8.185609252442569428, 176.6199252439772636 ) ) ;
#1369 = FACE_BOUND ( 'NONE', #900, .T. ) ;
#1370 = CARTESIAN_POINT ( 'NONE',  ( 63.73652144475722281, 4.867065980979956130, 111.8494866200275339 ) ) ;
#1371 = CARTESIAN_POINT ( 'NONE',  ( 52.26580499390998824, 8.832096614886294716, 167.1699992081184973 ) ) ;
#1372 = ORIENTED_EDGE ( 'NONE', *, *, #109, .T. ) ;
#1373 = CARTESIAN_POINT ( 'NONE',  ( 55.63903762998284463, 9.181140437901790463, 102.9911154148136774 ) ) ;
#1374 =( BOUNDED_SURFACE ( )  B_SPLINE_SURFACE ( 3, 2, ( 
 ( #1552, #4491, #1223 ),
 ( #3014, #2675, #4222 ),
 ( #2104, #3213, #1743 ),
 ( #1373, #3943, #4198 ),
 ( #3488, #1715, #3514 ),
 ( #2854, #920, #3892 ),
 ( #2462, #1000, #2804 ),
 ( #589, #3866, #2408 ),
 ( #3841, #3541, #252 ),
 ( #2485, #665, #4588 ),
 ( #560, #1668, #4666 ),
 ( #1690, #2127, #2384 ),
 ( #3132, #2024, #280 ),
 ( #1398, #3917, #223 ),
 ( #4271, #3159, #3189 ),
 ( #4296, #3567, #1026 ),
 ( #3595, #310, #641 ),
 ( #198, #2052, #1316 ),
 ( #1769, #1341, #2829 ),
 ( #4561, #4645, #1291 ),
 ( #2775, #2749, #945 ),
 ( #4615, #4248, #976 ),
 ( #2436, #617, #2077 ),
 ( #692, #2150, #2512 ),
 ( #2876, #4327, #4690 ),
 ( #3620, #336, #3236 ),
 ( #1421, #1064, #3972 ),
 ( #3063, #901, #1248 ),
 ( #3761, #1183, #2302 ),
 ( #2657, #3418, #2364 ),
 ( #1982, #517, #1619 ),
 ( #1557, #3085, #2728 ),
 ( #1270, #2343, #3467 ),
 ( #4179, #2635, #2323 ),
 ( #3021, #3826, #4472 ),
 ( #4092, #480, #4114 ),
 ( #3397, #1208, #107 ),
 ( #540, #3802, #817 ),
 ( #149, #1937, #4541 ),
 ( #836, #1579, #2003 ),
 ( #876, #3044, #2282 ),
 ( #4132, #4495, #177 ),
 ( #3440, #3001, #126 ),
 ( #4452, #3779, #2697 ),
 ( #1961, #1227, #3742 ),
 ( #2679, #462, #1916 ),
 ( #3377, #83, #855 ),
 ( #500, #1598, #4517 ),
 ( #4151, #1321, #2082 ),
 ( #2415, #955, #4621 ),
 ( #1349, #668, #257 ),
 ( #2490, #1721, #2834 ),
 ( #1746, #1031, #2130 ),
 ( #645, #1646, #4276 ) ),
 .UNSPECIFIED., .F., .F., .F. ) 
 B_SPLINE_SURFACE_WITH_KNOTS ( ( 4, 2, 2, 2, 2, 2, 2, 2, 2, 2, 2, 2, 2, 2, 2, 2, 2, 2, 2, 2, 2, 2, 2, 2, 2, 2, 4 ),
 ( 3, 3 ),
 ( 0.02576872991869784066, 0.02737927553861654179, 0.02898982115853524638, 0.02979509396849459868, 0.03060036677845395098, 0.03221091239837265557, 0.03382145801829135323, 0.03462673082825070553, 0.03543200363821005783, 0.03623727644816941013, 0.03704254925812876242, 0.03865309487804746702, 0.03945836768800681932, 0.04026364049796617162, 0.04106891330792552391, 0.04187418611788487621, 0.04267945892784422851, 0.04348473173780358081, 0.04429000454776292617, 0.04509527735772227847, 0.04590055016768163076, 0.04670582297764097612, 0.04751109578760032842, 0.04831636859755968072, 0.04912164140751903302, 0.04992691421747838532, 0.05153745983739708991 ),
 ( 0.000000000000000000, 1.000000000000000000 ),
 .UNSPECIFIED. ) 
 GEOMETRIC_REPRESENTATION_ITEM ( )  RATIONAL_B_SPLINE_SURFACE ( (
 ( 1.000000000000000000, 0.7893766639933702534, 1.000000000000000000),
 ( 1.000000000000000000, 0.7825608850397309801, 1.000000000000000000),
 ( 1.000000000000000000, 0.7771021633359140868, 1.000000000000000000),
 ( 1.000000000000000000, 0.7705973665928593785, 1.000000000000000000),
 ( 1.000000000000000000, 0.7695258663419360934, 1.000000000000000000),
 ( 1.000000000000000000, 0.7713532626321477625, 1.000000000000000000),
 ( 1.000000000000000000, 0.7725286462565778001, 1.000000000000000000),
 ( 1.000000000000000000, 0.7759640334788028282, 1.000000000000000000),
 ( 1.000000000000000000, 0.7782203734823864849, 1.000000000000000000),
 ( 1.000000000000000000, 0.7862364096894226551, 1.000000000000000000),
 ( 1.000000000000000000, 0.7932838177400133306, 1.000000000000000000),
 ( 1.000000000000000000, 0.8089164715663340610, 1.000000000000000000),
 ( 1.000000000000000000, 0.8175560581393872539, 1.000000000000000000),
 ( 1.000000000000000000, 0.8293815250403326900, 1.000000000000000000),
 ( 1.000000000000000000, 0.8331564301209563039, 1.000000000000000000),
 ( 1.000000000000000000, 0.8401216011109634563, 1.000000000000000000),
 ( 1.000000000000000000, 0.8433292833440718672, 1.000000000000000000),
 ( 1.000000000000000000, 0.8488115562007444437, 1.000000000000000000),
 ( 1.000000000000000000, 0.8511007898937598126, 1.000000000000000000),
 ( 1.000000000000000000, 0.8547420613067334694, 1.000000000000000000),
 ( 1.000000000000000000, 0.8560984231034025616, 1.000000000000000000),
 ( 1.000000000000000000, 0.8588155039596387930, 1.000000000000000000),
 ( 1.000000000000000000, 0.8587820620767536717, 1.000000000000000000),
 ( 1.000000000000000000, 0.8576185801973720269, 1.000000000000000000),
 ( 1.000000000000000000, 0.8570536465220959244, 1.000000000000000000),
 ( 1.000000000000000000, 0.8559083013767010417, 1.000000000000000000),
 ( 1.000000000000000000, 0.8553250822065245895, 1.000000000000000000),
 ( 1.000000000000000000, 0.8543789501288121535, 1.000000000000000000),
 ( 1.000000000000000000, 0.8540204092088161669, 1.000000000000000000),
 ( 1.000000000000000000, 0.8536811764979521655, 1.000000000000000000),
 ( 1.000000000000000000, 0.8536952463235243371, 1.000000000000000000),
 ( 1.000000000000000000, 0.8540874963651623464, 1.000000000000000000),
 ( 1.000000000000000000, 0.8544710660369638777, 1.000000000000000000),
 ( 1.000000000000000000, 0.8554464632893417075, 1.000000000000000000),
 ( 1.000000000000000000, 0.8560366967956920536, 1.000000000000000000),
 ( 1.000000000000000000, 0.8571760181860628158, 1.000000000000000000),
 ( 1.000000000000000000, 0.8577278933289242957, 1.000000000000000000),
 ( 1.000000000000000000, 0.8584490022494948303, 1.000000000000000000),
 ( 1.000000000000000000, 0.8586165396474559897, 1.000000000000000000),
 ( 1.000000000000000000, 0.8582760942366235435, 1.000000000000000000),
 ( 1.000000000000000000, 0.8577641227066737928, 1.000000000000000000),
 ( 1.000000000000000000, 0.8558135268177405885, 1.000000000000000000),
 ( 1.000000000000000000, 0.8543941140442875559, 1.000000000000000000),
 ( 1.000000000000000000, 0.8506077918239417501, 1.000000000000000000),
 ( 1.000000000000000000, 0.8482408245662037549, 1.000000000000000000),
 ( 1.000000000000000000, 0.8425896108483125202, 1.000000000000000000),
 ( 1.000000000000000000, 0.8393481563455608141, 1.000000000000000000),
 ( 1.000000000000000000, 0.8322870269456116299, 1.000000000000000000),
 ( 1.000000000000000000, 0.8284595966006784717, 1.000000000000000000),
 ( 1.000000000000000000, 0.8204604413418088438, 1.000000000000000000),
 ( 1.000000000000000000, 0.8162885345087900202, 1.000000000000000000),
 ( 1.000000000000000000, 0.8039529003818655095, 1.000000000000000000),
 ( 1.000000000000000000, 0.7958850563966279879, 1.000000000000000000),
 ( 1.000000000000000000, 0.7890828154404130323, 1.000000000000000000) ) ) 
 REPRESENTATION_ITEM ( '' )  SURFACE ( )  );
#1375 = CARTESIAN_POINT ( 'NONE',  ( 53.92334742097902023, 9.946430965722173667, 115.9621346339450412 ) ) ;
#1376 = CARTESIAN_POINT ( 'NONE',  ( 62.12444734203408103, 6.280166015458375384, 175.2358289863333027 ) ) ;
#1377 = ORIENTED_EDGE ( 'NONE', *, *, #22, .T. ) ;
#1378 = CARTESIAN_POINT ( 'NONE',  ( 62.87283073483806817, 5.321715180618355134, 145.2895051459517504 ) ) ;
#1379 = CARTESIAN_POINT ( 'NONE',  ( 54.00523880405392418, 9.954870709626963077, 166.1145372030433975 ) ) ;
#1380 = CARTESIAN_POINT ( 'NONE',  ( 63.78361255347418535, 4.780531750042435135, 160.8560112296996465 ) ) ;
#1381 = CARTESIAN_POINT ( 'NONE',  ( 46.26515111590566676, 4.870041013991814438, 132.2901115758565993 ) ) ;
#1382 = CARTESIAN_POINT ( 'NONE',  ( 47.76871044568138558, 6.154331216625195111, 107.0227255441567564 ) ) ;
#1383 = CARTESIAN_POINT ( 'NONE',  ( 61.80902817085320322, 7.334075081428982124, 93.90474444297467471 ) ) ;
#1384 = CARTESIAN_POINT ( 'NONE',  ( 61.80902817085231504, 7.334075081429071830, 155.1831185396328010 ) ) ;
#1385 = CARTESIAN_POINT ( 'NONE',  ( 47.83155501481283522, 6.976824870295741832, 129.4556876435449055 ) ) ;
#1386 = DIRECTION ( 'NONE',  ( -1.000000000000000000, 1.224646799147351482E-16, 0.000000000000000000 ) ) ;
#1387 = CARTESIAN_POINT ( 'NONE',  ( 62.71838261689087801, 5.548279978712072236, 124.1578193359266322 ) ) ;
#1388 = CARTESIAN_POINT ( 'NONE',  ( 63.79078800688520090, 4.767234175635928217, 120.6261721250660486 ) ) ;
#1389 = CARTESIAN_POINT ( 'NONE',  ( 57.75646495579236728, 8.826152350266141866, 126.9037155496209266 ) ) ;
#1390 = CARTESIAN_POINT ( 'NONE',  ( 49.07439611020325287, 7.335274796790398177, 105.9201151883741119 ) ) ;
#1391 = CARTESIAN_POINT ( 'NONE',  ( 49.38021110991950735, 8.276418821143122884, 141.3394920163452468 ) ) ;
#1392 = CARTESIAN_POINT ( 'NONE',  ( 60.08000899816090623, 8.619416666750165490, 114.8839355483928273 ) ) ;
#1393 = CARTESIAN_POINT ( 'NONE',  ( 50.47795705014936374, 8.185609252442574757, 163.9764564186981772 ) ) ;
#1394 = CARTESIAN_POINT ( 'NONE',  ( 49.25161448254215202, 8.187773419763260563, 177.3362430413322386 ) ) ;
#1395 = CARTESIAN_POINT ( 'NONE',  ( 63.83844923529446902, 4.678527374794983373, 145.6332333328861921 ) ) ;
#1396 = CARTESIAN_POINT ( 'NONE',  ( 55.70345532960206469, 9.175000524501765398, 141.8044904108124058 ) ) ;
#1397 = CARTESIAN_POINT ( 'NONE',  ( 54.05976864150441230, 9.959940903609213692, 127.9616478374860407 ) ) ;
#1398 = CARTESIAN_POINT ( 'NONE',  ( 49.82645303404080295, 7.827406634454304957, 102.5252641567258252 ) ) ;
#1399 = DIRECTION ( 'NONE',  ( -1.000000000000000000, 0.000000000000000000, 0.000000000000000000 ) ) ;
#1400 = ORIENTED_EDGE ( 'NONE', *, *, #1907, .F. ) ;
#1401 = CARTESIAN_POINT ( 'NONE',  ( 60.93541634087515035, 7.328044242590260993, 126.2255856755375731 ) ) ;
#1402 = CARTESIAN_POINT ( 'NONE',  ( 62.42870366399532855, 6.708147977603172940, 150.3890538202859091 ) ) ;
#1403 = CARTESIAN_POINT ( 'NONE',  ( 55.20607119714725997, 10.00234227606090265, 166.1063685763493822 ) ) ;
#1404 = CARTESIAN_POINT ( 'NONE',  ( 59.29370975856890169, 9.049468146165221327, 153.6886582747800958 ) ) ;
#1405 = CARTESIAN_POINT ( 'NONE',  ( 48.48880280955599886, 7.609989398649986470, 129.0286415202063210 ) ) ;
#1406 = FACE_OUTER_BOUND ( 'NONE', #1714, .T. ) ;
#1407 = CARTESIAN_POINT ( 'NONE',  ( 54.10471492365599033, 9.152729602043603307, 93.17384262404050332 ) ) ;
#1408 = CARTESIAN_POINT ( 'NONE',  ( 53.48293986000434330, 9.888528016976170676, 115.9515235446930177 ) ) ;
#1409 = CARTESIAN_POINT ( 'NONE',  ( 47.53449182484400382, 5.877848357450971228, 156.7023438155809458 ) ) ;
#1410 = CARTESIAN_POINT ( 'NONE',  ( 62.93427912261706325, 5.231429025161107305, 123.2339024923780357 ) ) ;
#1411 = CARTESIAN_POINT ( 'NONE',  ( 63.61463455115067944, 5.114818271839156161, 121.9716957152321157 ) ) ;
#1412 = CARTESIAN_POINT ( 'NONE',  ( 57.44329775297001817, 9.714700144210134169, 151.7603340198821797 ) ) ;
#1413 = CARTESIAN_POINT ( 'NONE',  ( 59.18677435814206689, 9.100308133751513040, 103.7672407430086281 ) ) ;
#1414 = CARTESIAN_POINT ( 'NONE',  ( 47.73334903700069276, 6.113900920462280730, 107.0768874045208605 ) ) ;
#1415 = CARTESIAN_POINT ( 'NONE',  ( 62.17715372129914897, 6.967896309898668150, 114.6854335800990157 ) ) ;
#1416 = CARTESIAN_POINT ( 'NONE',  ( 53.35575525054846224, 9.868342651225971096, 177.0591539435376376 ) ) ;
#1417 = CARTESIAN_POINT ( 'NONE',  ( 63.20414634103151030, 5.721408139710135288, 143.3439325697814297 ) ) ;
#1418 = CARTESIAN_POINT ( 'NONE',  ( 62.05491934609039362, 6.358768436816354175, 143.3958505283855231 ) ) ;
#1419 = CARTESIAN_POINT ( 'NONE',  ( 56.64974393248184725, 9.867243156427702999, 127.9446796984916546 ) ) ;
#1420 = ORIENTED_EDGE ( 'NONE', *, *, #3644, .T. ) ;
#1421 = CARTESIAN_POINT ( 'NONE',  ( 47.08784776273983397, 5.261320546974379120, 99.28334600148112088 ) ) ;
#1422 = EDGE_CURVE ( 'NONE', #868, #2382, #3019, .T. ) ;
#1423 = CARTESIAN_POINT ( 'NONE',  ( 61.30346554873303688, 7.768107426935881854, 103.2025986000711839 ) ) ;
#1424 = VERTEX_POINT ( 'NONE', #1890 ) ;
#1425 = CARTESIAN_POINT ( 'NONE',  ( 61.39914901153453997, 7.692893283999871379, 151.1124281812811603 ) ) ;
#1426 = CARTESIAN_POINT ( 'NONE',  ( 54.37300921454380642, 9.171751586877595841, 167.0920553427761490 ) ) ;
#1427 = CARTESIAN_POINT ( 'NONE',  ( 62.61911541557198291, 6.496652312036323096, 163.5934987830078171 ) ) ;
#1428 = CARTESIAN_POINT ( 'NONE',  ( 63.70786460592227485, 4.918311851936071122, 108.1617940061270104 ) ) ;
#1429 = CARTESIAN_POINT ( 'NONE',  ( 60.58990184077738661, 8.298400260850351984, 129.3819677793688072 ) ) ;
#1430 = CIRCLE ( 'NONE', #4317, 1.000000000000000888 ) ;
#1431 = CARTESIAN_POINT ( 'NONE',  ( 63.51252146016354061, 5.280248471684770628, 96.79694689260219320 ) ) ;
#1432 = CARTESIAN_POINT ( 'NONE',  ( 61.59490704598785982, 7.521956896507775880, 164.3400108844107308 ) ) ;
#1433 = CARTESIAN_POINT ( 'NONE',  ( 49.30801555997370400, 8.227184911558174107, 128.7180855257780649 ) ) ;
#1434 = CARTESIAN_POINT ( 'NONE',  ( 46.38598772423438987, 5.115855325677959975, 159.2122831113594259 ) ) ;
#1435 = CARTESIAN_POINT ( 'NONE',  ( 58.58941537323904214, 8.576939620827321420, 117.3153730805613577 ) ) ;
#1436 = CARTESIAN_POINT ( 'NONE',  ( 48.81413782898376041, 7.865219242364210217, 154.8675514692650097 ) ) ;
#1437 = AXIS2_PLACEMENT_3D ( 'NONE', #1901, #69, #4454 ) ;
#1438 = CARTESIAN_POINT ( 'NONE',  ( 61.29143622900228650, 7.053441480789698126, 114.0299856573489592 ) ) ;
#1439 = MECHANICAL_DESIGN_GEOMETRIC_PRESENTATION_REPRESENTATION (  '', ( #1057 ), #578 ) ;
#1440 = CARTESIAN_POINT ( 'NONE',  ( 62.71838261689084959, 5.548279978712082006, 100.1635283718649418 ) ) ;
#1441 = CARTESIAN_POINT ( 'NONE',  ( 46.29088375771888053, 4.916106145286645024, 148.6237284089617390 ) ) ;
#1442 = DIRECTION ( 'NONE',  ( 0.000000000000000000, 0.000000000000000000, 1.000000000000000000 ) ) ;
#1443 = CARTESIAN_POINT ( 'NONE',  ( 46.68777835716318947, 5.562065177457464316, 125.2239226535950820 ) ) ;
#1444 = CARTESIAN_POINT ( 'NONE',  ( 51.40575526271015860, 9.349988230744928686, 166.2462492010537858 ) ) ;
#1445 = CARTESIAN_POINT ( 'NONE',  ( 47.08072785081022005, 5.250374855292974985, 158.1947437350347627 ) ) ;
#1446 = CARTESIAN_POINT ( 'NONE',  ( 62.52640870927760375, 6.588466231958572727, 93.77838269268687554 ) ) ;
#1447 = CARTESIAN_POINT ( 'NONE',  ( 46.87898986646248289, 5.857787255714383079, 169.3695903289232092 ) ) ;
#1448 = CARTESIAN_POINT ( 'NONE',  ( 49.24612960458320288, 8.198443463231486206, 164.7035044090927158 ) ) ;
#1449 = ORIENTED_EDGE ( 'NONE', *, *, #4504, .T. ) ;
#1450 = CARTESIAN_POINT ( 'NONE',  ( 63.61463455115067944, 5.114818271839379982, 146.6123100225402140 ) ) ;
#1451 = CARTESIAN_POINT ( 'NONE',  ( 63.63796600337639831, 5.039626796100216133, 169.7897107454346894 ) ) ;
#1452 = CARTESIAN_POINT ( 'NONE',  ( 46.70182735340245728, 5.607350095415585933, 148.8863089503294646 ) ) ;
#1453 = FACE_BOUND ( 'NONE', #2108, .T. ) ;
#1454 = CARTESIAN_POINT ( 'NONE',  ( 48.08417231327746322, 7.240581431423446901, 129.2533824012924129 ) ) ;
#1455 = EDGE_CURVE ( 'NONE', #4221, #829, #2335, .T. ) ;
#1456 = DIRECTION ( 'NONE',  ( 0.000000000000000000, 0.000000000000000000, -1.000000000000000000 ) ) ;
#1457 = CARTESIAN_POINT ( 'NONE',  ( 63.74758970445999751, 4.846851481310687326, 96.36960298232824584 ) ) ;
#1458 = CARTESIAN_POINT ( 'NONE',  ( 57.75646495579167805, 8.567490936528175283, 139.8668290813527335 ) ) ;
#1459 = CARTESIAN_POINT ( 'NONE',  ( 47.09571760920579919, 5.273424347776709986, 158.1064858822751091 ) ) ;
#1460 = CARTESIAN_POINT ( 'NONE',  ( 57.27788649899660101, 8.954465368484962440, 102.9437835135836536 ) ) ;
#1461 = CARTESIAN_POINT ( 'NONE',  ( 48.71446570628330619, 7.058317190974542576, 155.4008714421653110 ) ) ;
#1462 = CARTESIAN_POINT ( 'NONE',  ( 61.99048469832031572, 7.155819881794965198, 114.8206368235987043 ) ) ;
#1463 = CARTESIAN_POINT ( 'NONE',  ( 49.02937369375073473, 7.302174966322397154, 176.1356912440745646 ) ) ;
#1464 = CARTESIAN_POINT ( 'NONE',  ( 60.63252385833553149, 7.540011595381823639, 102.3653323687643990 ) ) ;
#1465 = AXIS2_PLACEMENT_3D ( 'NONE', #845, #1660, #528 ) ;
#1466 = LINE ( 'NONE', #2923, #4641 ) ;
#1467 = CARTESIAN_POINT ( 'NONE',  ( 49.24612960458321709, 8.198443463231498640, 127.4194212765036838 ) ) ;
#1468 = CARTESIAN_POINT ( 'NONE',  ( 46.29088375771888053, 4.916106145286645024, 173.9106660595198832 ) ) ;
#1469 = CARTESIAN_POINT ( 'NONE',  ( 63.83844923529445481, 4.678527374794987814, 96.99832806151461284 ) ) ;
#1470 = CARTESIAN_POINT ( 'NONE',  ( 49.07439611020419790, 7.335274796791757979, 167.8448126282720523 ) ) ;
#1471 = VERTEX_POINT ( 'NONE', #2744 ) ;
#1472 = CARTESIAN_POINT ( 'NONE',  ( 63.36215868822522879, 5.512087187753293094, 170.0408049487196820 ) ) ;
#1473 = CARTESIAN_POINT ( 'NONE',  ( 62.96129326636307155, 6.054778097764118350, 155.5826335621653982 ) ) ;
#1474 = CARTESIAN_POINT ( 'NONE',  ( 54.90582791263188511, 10.00393674310013203, 129.0041049661102477 ) ) ;
#1475 = CARTESIAN_POINT ( 'NONE',  ( 62.54681270740422860, 6.565732050362204753, 93.79888095750263233 ) ) ;
#1476 = CARTESIAN_POINT ( 'NONE',  ( 60.63252385833553859, 7.540011595381817422, 163.6437064654150788 ) ) ;
#1477 = CARTESIAN_POINT ( 'NONE',  ( 60.21535026521144118, 8.537251581569815784, 164.8435086842634689 ) ) ;
#1478 = CARTESIAN_POINT ( 'NONE',  ( 46.99544896960897233, 5.115165755695325167, 159.4454293142728432 ) ) ;
#1479 = CARTESIAN_POINT ( 'NONE',  ( 50.09101680733829909, 7.986924266592879462, 102.6077314507978713 ) ) ;
#1480 = CARTESIAN_POINT ( 'NONE',  ( 61.95497566470875483, 7.196004805650313862, 126.1522758878559785 ) ) ;
#1481 = CARTESIAN_POINT ( 'NONE',  ( 51.96200554878887345, 9.527360060080148685, 166.2037135979452955 ) ) ;
#1482 = CARTESIAN_POINT ( 'NONE',  ( 46.63980147176545898, 5.489510882107171419, 95.03782695723798213 ) ) ;
#1483 = CARTESIAN_POINT ( 'NONE',  ( 46.88239209525999485, 5.857169171161591414, 175.5694453726549114 ) ) ;
#1484 = CARTESIAN_POINT ( 'NONE',  ( 58.70271050497981946, 8.535328161286017234, 151.4614283930343106 ) ) ;
#1485 = CARTESIAN_POINT ( 'NONE',  ( 46.16176466828638070, 4.678922439602999361, 123.1566109982646253 ) ) ;
#1486 = CARTESIAN_POINT ( 'NONE',  ( 46.42124938416768742, 5.140218207882513823, 174.4308032587281900 ) ) ;
#1487 = CARTESIAN_POINT ( 'NONE',  ( 63.49975488790506262, 5.271047526815098472, 95.40076263223122055 ) ) ;
#1488 = CARTESIAN_POINT ( 'NONE',  ( 49.23976583389172390, 8.181187081189749577, 167.3608785775045362 ) ) ;
#1489 = CARTESIAN_POINT ( 'NONE',  ( 52.26580499390998114, 8.832096614886292940, 129.2395927322812383 ) ) ;
#1490 = ORIENTED_EDGE ( 'NONE', *, *, #3525, .F. ) ;
#1491 = CARTESIAN_POINT ( 'NONE',  ( 63.85378290661095235, 4.649193877432058031, 171.0816083394610132 ) ) ;
#1492 = CARTESIAN_POINT ( 'NONE',  ( 47.22401348881216876, 5.463691046410377616, 148.5509760974387348 ) ) ;
#1493 = CARTESIAN_POINT ( 'NONE',  ( 56.08293835500071367, 9.958521810041688127, 129.0067866068627893 ) ) ;
#1494 = CARTESIAN_POINT ( 'NONE',  ( 62.91170920564058378, 5.262002201129570622, 96.87316502364571136 ) ) ;
#1495 = CARTESIAN_POINT ( 'NONE',  ( 62.81876818805555018, 6.252212526735218212, 162.5445709915436794 ) ) ;
#1496 = CARTESIAN_POINT ( 'NONE',  ( 62.36007694962879100, 6.774563648195802479, 129.6137475718142866 ) ) ;
#1497 = AXIS2_PLACEMENT_3D ( 'NONE', #2280, #872, #3335 ) ;
#1498 = CIRCLE ( 'NONE', #3334, 10.00000000000000178 ) ;
#1499 = CARTESIAN_POINT ( 'NONE',  ( 48.51188005366530120, 6.887692065455277124, 137.8907453077661671 ) ) ;
#1500 = CARTESIAN_POINT ( 'NONE',  ( 57.27788649899660811, 8.954465368484951782, 126.9380744776453014 ) ) ;
#1501 = CARTESIAN_POINT ( 'NONE',  ( 48.56351503673993619, 7.661789287837676099, 163.7382166285935057 ) ) ;
#1502 = CARTESIAN_POINT ( 'NONE',  ( 47.12589686711696402, 5.319791508085174314, 173.4198946391091738 ) ) ;
#1503 = CARTESIAN_POINT ( 'NONE',  ( 58.70271050497982657, 8.535328161286017234, 102.8265231216627171 ) ) ;
#1504 = DIRECTION ( 'NONE',  ( 0.3062738839768525123, 0.9519434373920194759, 0.000000000000000000 ) ) ;
#1505 = CARTESIAN_POINT ( 'NONE',  ( 48.08417231327747743, 7.240581431423428249, 117.2562369192615961 ) ) ;
#1506 = CARTESIAN_POINT ( 'NONE',  ( 53.48293986000433620, 9.888528016976174229, 177.8762209845919244 ) ) ;
#1507 = EDGE_LOOP ( 'NONE', ( #1695, #3999, #3466, #2605 ) ) ;
#1508 = CARTESIAN_POINT ( 'NONE',  ( 62.82623419856277280, 6.229347768265488305, 94.11883880576039019 ) ) ;
#1509 = CARTESIAN_POINT ( 'NONE',  ( 57.75646495579165673, 8.567490936528182388, 177.7972355571899925 ) ) ;
#1510 = CARTESIAN_POINT ( 'NONE',  ( 49.79775572636450676, 8.545286007612542534, 128.5822586809096038 ) ) ;
#1511 = EDGE_LOOP ( 'NONE', ( #1134, #3287, #472, #595 ) ) ;
#1512 = CARTESIAN_POINT ( 'NONE',  ( 60.82476335134175116, 7.407668578965309614, 114.2807564465253449 ) ) ;
#1513 = CARTESIAN_POINT ( 'NONE',  ( 63.14013181088605364, 5.831433192483120642, 169.4131369359766381 ) ) ;
#1514 = CARTESIAN_POINT ( 'NONE',  ( 52.78155126160359600, 8.969143522660637302, 141.8465445920536183 ) ) ;
#1515 = CARTESIAN_POINT ( 'NONE',  ( 63.09701846712964368, 5.871511323781563263, 130.5093748839982766 ) ) ;
#1516 = CARTESIAN_POINT ( 'NONE',  ( 57.75646495579232464, 8.826152350266152524, 114.9065700675900814 ) ) ;
#1517 = CARTESIAN_POINT ( 'NONE',  ( 63.31495095032376952, 5.558591905873625727, 94.93592184399297196 ) ) ;
#1518 = CARTESIAN_POINT ( 'NONE',  ( 61.44063696507174654, 6.929039827278367980, 155.5040893215661697 ) ) ;
#1519 = CARTESIAN_POINT ( 'NONE',  ( 47.00567567153769488, 5.131674157883350240, 97.65170702814324954 ) ) ;
#1520 = CARTESIAN_POINT ( 'NONE',  ( 48.18832488148272120, 7.331682285073256367, 138.2442926434818276 ) ) ;
#1521 = CARTESIAN_POINT ( 'NONE',  ( 46.68777835716314684, 5.562065177457429677, 101.2296316895333774 ) ) ;
#1522 = CARTESIAN_POINT ( 'NONE',  ( 46.42736251415527704, 5.151060012856907733, 161.8074200289363205 ) ) ;
#1523 = CARTESIAN_POINT ( 'NONE',  ( 46.20871973579079395, 4.766325302417082632, 173.4459412564333718 ) ) ;
#1524 = DIRECTION ( 'NONE',  ( 0.000000000000000000, 0.000000000000000000, -1.000000000000000000 ) ) ;
#1525 = EDGE_CURVE ( 'NONE', #567, #2514, #915, .T. ) ;
#1526 = CARTESIAN_POINT ( 'NONE',  ( 46.23965276011529113, 4.823176879528286776, 173.6414369811811298 ) ) ;
#1527 = EDGE_LOOP ( 'NONE', ( #2803, #2600, #2153, #4084 ) ) ;
#1528 = DIRECTION ( 'NONE',  ( 0.000000000000000000, 0.000000000000000000, 1.000000000000000000 ) ) ;
#1529 = CARTESIAN_POINT ( 'NONE',  ( 48.54839951417344679, 6.919195222741052476, 168.1553163102543920 ) ) ;
#1530 = CARTESIAN_POINT ( 'NONE',  ( 0.000000000000000000, 0.000000000000000000, 50.00000000000000000 ) ) ;
#1531 = CARTESIAN_POINT ( 'NONE',  ( 62.71838261689084959, 5.548279978712082006, 112.1606738538958012 ) ) ;
#1532 = CARTESIAN_POINT ( 'NONE',  ( 60.78300708779315187, 7.437257093471359326, 167.7789778694136942 ) ) ;
#1533 = CARTESIAN_POINT ( 'NONE',  ( 46.63586205828484310, 5.509120316699018360, 148.6680686224588044 ) ) ;
#1534 = CARTESIAN_POINT ( 'NONE',  ( 52.02184882211762584, 9.546442316987482357, 141.6927198870540394 ) ) ;
#1535 = CARTESIAN_POINT ( 'NONE',  ( 55.63903762998472757, 9.181140437901788687, 151.6260206861852851 ) ) ;
#1536 = CARTESIAN_POINT ( 'NONE',  ( 63.57486327818703842, 5.180248368778708645, 133.2563704298246705 ) ) ;
#1537 = CARTESIAN_POINT ( 'NONE',  ( 50.54836920980575599, 8.208647717285289858, 117.4520546045274898 ) ) ;
#1538 = CARTESIAN_POINT ( 'NONE',  ( 61.29143622900228650, 7.053441480789698126, 102.0328401753181140 ) ) ;
#1539 = CARTESIAN_POINT ( 'NONE',  ( 46.44344115341476709, 5.177805941659397782, 144.2119306195667718 ) ) ;
#1540 = ADVANCED_FACE ( 'NONE', ( #2672 ), #2486, .F. ) ;
#1541 = CARTESIAN_POINT ( 'NONE',  ( 47.41691183942197085, 5.728533843635017497, 100.4820092682421091 ) ) ;
#1542 = CARTESIAN_POINT ( 'NONE',  ( 57.79376854829906307, 9.619365640424053510, 154.3248099469642511 ) ) ;
#1543 = CARTESIAN_POINT ( 'NONE',  ( 50.50414519543554093, 8.952022441262220909, 139.7096943471586599 ) ) ;
#1544 = FACE_OUTER_BOUND ( 'NONE', #338, .T. ) ;
#1545 = CARTESIAN_POINT ( 'NONE',  ( 55.99135403056054372, 9.154405820445404629, 117.1678380015681284 ) ) ;
#1546 = DIRECTION ( 'NONE',  ( -1.000000000000000000, 0.000000000000000000, 0.000000000000000000 ) ) ;
#1547 = CARTESIAN_POINT ( 'NONE',  ( 47.02274622614077515, 5.159411770475971437, 146.0370087982829261 ) ) ;
#1548 = ORIENTED_EDGE ( 'NONE', *, *, #2788, .T. ) ;
#1549 = CYLINDRICAL_SURFACE ( 'NONE', #189, 5.000000000000004441 ) ;
#1550 = CARTESIAN_POINT ( 'NONE',  ( 46.42124938416768032, 5.140218207882502277, 112.5061058188293259 ) ) ;
#1551 = VERTEX_POINT ( 'NONE', #2034 ) ;
#1552 = CARTESIAN_POINT ( 'NONE',  ( 57.75646495579232464, 8.826152350266152524, 102.9094245855592362 ) ) ;
#1553 = CARTESIAN_POINT ( 'NONE',  ( 48.41599567711116237, 7.531597636076762470, 154.3700208757994119 ) ) ;
#1554 = CARTESIAN_POINT ( 'NONE',  ( 62.56939191889257756, 5.745440497506885791, 131.6389604064117975 ) ) ;
#1555 = CARTESIAN_POINT ( 'NONE',  ( 49.23976583389183759, 8.181187081191485078, 117.4333266196326377 ) ) ;
#1556 = CARTESIAN_POINT ( 'NONE',  ( 47.49138821177096759, 6.609344732278694678, 142.3957300867652407 ) ) ;
#1557 = CARTESIAN_POINT ( 'NONE',  ( 47.01635969087064382, 5.148870740344168695, 97.49306942296416878 ) ) ;
#1558 = CARTESIAN_POINT ( 'NONE',  ( 63.73652144475719439, 4.867065980979945472, 135.8437775840891106 ) ) ;
#1559 = CARTESIAN_POINT ( 'NONE',  ( 49.40957327284259293, 8.298042930168181286, 151.4033958322989974 ) ) ;
#1560 = CARTESIAN_POINT ( 'NONE',  ( 58.55641790154842141, 9.364596556875035560, 127.0696374352167055 ) ) ;
#1561 = CARTESIAN_POINT ( 'NONE',  ( 60.17305398007280104, 7.827698975264403281, 154.9121265072243148 ) ) ;
#1562 = CARTESIAN_POINT ( 'NONE',  ( 54.22140846459101482, 9.974102969058748158, 139.9612038661037730 ) ) ;
#1563 = CARTESIAN_POINT ( 'NONE',  ( 49.24612960458318156, 8.198443463231470218, 103.4251303124420076 ) ) ;
#1564 = AXIS2_PLACEMENT_3D ( 'NONE', #4356, #4651, #672 ) ;
#1565 = CARTESIAN_POINT ( 'NONE',  ( 59.52117972281966729, 8.186041185794243447, 117.4551911016017414 ) ) ;
#1566 = AXIS2_PLACEMENT_3D ( 'NONE', #2480, #1077, #3559 ) ;
#1567 = CARTESIAN_POINT ( 'NONE',  ( 52.78155126160191202, 8.969143522660834478, 105.2087848027128132 ) ) ;
#1568 = CARTESIAN_POINT ( 'NONE',  ( 48.40038187403236236, 6.789436746545256085, 150.4494191429822081 ) ) ;
#1569 = CARTESIAN_POINT ( 'NONE',  ( 48.90870446191338772, 7.211419073120937995, 163.4291382741059522 ) ) ;
#1570 = ORIENTED_EDGE ( 'NONE', *, *, #1965, .F. ) ;
#1571 = CARTESIAN_POINT ( 'NONE',  ( 50.75243282530527722, 8.302145291125142990, 138.7304547590422601 ) ) ;
#1572 = CARTESIAN_POINT ( 'NONE',  ( 46.13512906107678191, 4.627633147039778905, 110.8685685870817252 ) ) ;
#1573 = EDGE_LOOP ( 'NONE', ( #4251, #2645 ) ) ;
#1574 = CARTESIAN_POINT ( 'NONE',  ( 59.18677435814226584, 9.100308133751410011, 177.6890836649346568 ) ) ;
#1575 = AXIS2_PLACEMENT_3D ( 'NONE', #370, #2186, #4358 ) ;
#1576 = CARTESIAN_POINT ( 'NONE',  ( 63.51890666293263621, 5.273535158674822476, 135.3949701978534961 ) ) ;
#1577 = CARTESIAN_POINT ( 'NONE',  ( 56.89854826596111081, 9.836399893339251577, 115.9419346394078190 ) ) ;
#1578 = CARTESIAN_POINT ( 'NONE',  ( 46.87898986646062838, 5.857787255714534957, 144.0826526783649797 ) ) ;
#1579 = CARTESIAN_POINT ( 'NONE',  ( 47.18533296369294305, 6.257259080692682218, 94.88696218364773927 ) ) ;
#1580 = EDGE_CURVE ( 'NONE', #3130, #1592, #1041, .T. ) ;
#1581 = CARTESIAN_POINT ( 'NONE',  ( 60.75662975139344724, 8.196266797826993411, 166.6569632275375454 ) ) ;
#1582 = CARTESIAN_POINT ( 'NONE',  ( 60.21535026521101486, 8.537251581570094672, 127.5594255516744653 ) ) ;
#1583 = CARTESIAN_POINT ( 'NONE',  ( 54.31458684759609667, 9.980867579701977022, 154.2923909734040819 ) ) ;
#1584 = CARTESIAN_POINT ( 'NONE',  ( 53.06505158888717943, 9.815438573299934077, 139.1244386038756318 ) ) ;
#1585 = DIRECTION ( 'NONE',  ( 1.000000000000000000, 0.000000000000000000, 0.000000000000000000 ) ) ;
#1586 = DIRECTION ( 'NONE',  ( 1.000000000000000000, 0.000000000000000000, 0.000000000000000000 ) ) ;
#1587 = EDGE_CURVE ( 'NONE', #3540, #3358, #3475, .T. ) ;
#1588 = CARTESIAN_POINT ( 'NONE',  ( 53.49415460269936773, 9.084299197820620009, 164.2497319315381503 ) ) ;
#1589 = CARTESIAN_POINT ( 'NONE',  ( 47.76871044568139268, 6.154331216625183565, 131.0170165082185179 ) ) ;
#1590 = CARTESIAN_POINT ( 'NONE',  ( -75.00000000000001421, 0.000000000000000000, 53.00000000000000711 ) ) ;
#1591 = CARTESIAN_POINT ( 'NONE',  ( 46.29088375771887343, 4.916106145286646800, 161.2671972342408822 ) ) ;
#1592 = VERTEX_POINT ( 'NONE', #180 ) ;
#1593 = CARTESIAN_POINT ( 'NONE',  ( 61.21111240043375545, 7.855551034502750163, 141.5328334924271019 ) ) ;
#1594 = CARTESIAN_POINT ( 'NONE',  ( 62.81876818805363882, 6.252212526735560161, 175.1880398168152055 ) ) ;
#1595 = CARTESIAN_POINT ( 'NONE',  ( 61.48658322064037662, 6.889103053746104877, 130.2499933332678097 ) ) ;
#1596 = CARTESIAN_POINT ( 'NONE',  ( 47.72826916505566430, 6.877641722267852309, 118.2477634021905573 ) ) ;
#1597 = CARTESIAN_POINT ( 'NONE',  ( 47.44831991125062132, 5.768367987461858526, 144.2415602400088233 ) ) ;
#1598 = CARTESIAN_POINT ( 'NONE',  ( 49.23976583389185180, 8.181187081191731991, 93.43903565556907154 ) ) ;
#1599 = CARTESIAN_POINT ( 'NONE',  ( 62.20731469085026077, 6.936701978955508885, 142.1292566678328058 ) ) ;
#1600 = CARTESIAN_POINT ( 'NONE',  ( 63.49975488790504841, 5.271047526815102024, 169.3226055541609298 ) ) ;
#1601 = CARTESIAN_POINT ( 'NONE',  ( 52.26580499391000245, 8.832096614886300046, 105.2453017682195764 ) ) ;
#1602 = CARTESIAN_POINT ( 'NONE',  ( 46.68777835716316815, 5.562065177457448328, 137.2210681356258704 ) ) ;
#1603 = CARTESIAN_POINT ( 'NONE',  ( 52.44126044772263384, 8.891028577845771608, 151.5623521411841068 ) ) ;
#1604 = CARTESIAN_POINT ( 'NONE',  ( 47.14434652861899622, 6.216953614650798876, 137.2367675891634917 ) ) ;
#1605 = CARTESIAN_POINT ( 'NONE',  ( 54.10471492365593349, 9.152729602043734758, 117.1681335881021653 ) ) ;
#1606 = EDGE_CURVE ( 'NONE', #3412, #644, #2326, .T. ) ;
#1607 = CARTESIAN_POINT ( 'NONE',  ( 63.79078800688540696, 4.767234175635543636, 108.6290266430371219 ) ) ;
#1608 = CARTESIAN_POINT ( 'NONE',  ( 50.97962452272794565, 8.399973041681203512, 151.4104625352743199 ) ) ;
#1609 = CARTESIAN_POINT ( 'NONE',  ( 55.97218262889725793, 9.969514250595715055, 116.1844726459607102 ) ) ;
#1610 = CARTESIAN_POINT ( 'NONE',  ( 52.85304714822458294, 8.981875585555126662, 138.9405200599800594 ) ) ;
#1611 = CARTESIAN_POINT ( 'NONE',  ( 58.61288553951347780, 9.328998685859474449, 115.8248767925905014 ) ) ;
#1612 = CARTESIAN_POINT ( 'NONE',  ( 46.79439936929663446, 5.719334244038865478, 113.4445778413252839 ) ) ;
#1613 = CARTESIAN_POINT ( 'NONE',  ( 49.67524388704884331, 7.747463404106888163, 176.4139863721063648 ) ) ;
#1614 = CARTESIAN_POINT ( 'NONE',  ( 61.99048469831992492, 7.155819881795324022, 176.7453342634976536 ) ) ;
#1615 = CARTESIAN_POINT ( 'NONE',  ( 62.51798235954220218, 6.598716221074377941, 138.3805948783019630 ) ) ;
#1616 = CARTESIAN_POINT ( 'NONE',  ( 55.71004181103440800, 9.992751823519455456, 115.9705671130685118 ) ) ;
#1617 = CARTESIAN_POINT ( 'NONE',  ( 47.13522587829006483, 5.333850940082340841, 145.2493241100860644 ) ) ;
#1618 = CARTESIAN_POINT ( 'NONE',  ( 49.96884337090176587, 8.646839764344264267, 152.2424915963849514 ) ) ;
#1619 = CARTESIAN_POINT ( 'NONE',  ( 46.10679977349129643, 4.572919050968925703, 97.91502345872085300 ) ) ;
#1620 = CARTESIAN_POINT ( 'NONE',  ( 63.89263304186025749, 4.574059342237386971, 133.8484820193900759 ) ) ;
#1621 = CARTESIAN_POINT ( 'NONE',  ( 59.04305895139649607, 8.400247012403857738, 105.3761767135546279 ) ) ;
#1622 = CARTESIAN_POINT ( 'NONE',  ( 46.10713990509116655, 4.573616144772627123, 134.2847422007644695 ) ) ;
#1623 = CARTESIAN_POINT ( 'NONE',  ( 57.75646495579168516, 8.826152350266326607, 126.9037155496209550 ) ) ;
#1624 = CARTESIAN_POINT ( 'NONE',  ( 47.28462626176521155, 5.549871579012441103, 136.1122387796544899 ) ) ;
#1625 = CARTESIAN_POINT ( 'NONE',  ( 56.52132416758042410, 9.092161871277898655, 117.1794371508343744 ) ) ;
#1626 = CARTESIAN_POINT ( 'NONE',  ( 62.48345585631044230, 5.855520498815900865, 107.4570110741884861 ) ) ;
#1627 = CARTESIAN_POINT ( 'NONE',  ( 57.75646495579235307, 8.826152350266145419, 164.1877986822099160 ) ) ;
#1628 = CARTESIAN_POINT ( 'NONE',  ( 63.70786460592221800, 4.918311851936095103, 120.1589394881577846 ) ) ;
#1629 =( BOUNDED_SURFACE ( )  B_SPLINE_SURFACE ( 3, 2, ( 
 ( #1516, #3375, #4112 ),
 ( #81, #3018, #4470 ),
 ( #3394, #104, #1577 ),
 ( #3042, #1980, #1616 ),
 ( #4646, #2806, #3082 ),
 ( #3893, #2751, #3542 ),
 ( #3463, #3843, #1375 ),
 ( #4617, #537, #4538 ),
 ( #173, #619, #3161 ),
 ( #2831, #1692, #2386 ),
 ( #1294, #254, #4249 ),
 ( #1344, #2360, #4200 ),
 ( #1268, #922, #1002 ),
 ( #2079, #3490, #3517 ),
 ( #979, #2410, #1717 ),
 ( #2438, #1999, #4590 ),
 ( #562, #2723, #4273 ),
 ( #1641, #3191, #3868 ),
 ( #2464, #200, #4175 ),
 ( #3920, #1670, #591 ),
 ( #2027, #4563, #3438 ),
 ( #897, #3135, #146 ),
 ( #3822, #3109, #1318 ),
 ( #2777, #4224, #948 ),
 ( #2054, #225, #1190 ),
 ( #2106, #2739, #4188 ),
 ( #2013, #1657, #2121 ),
 ( #4660, #4635, #3585 ),
 ( #1019, #3177, #299 ),
 ( #2068, #992, #2453 ),
 ( #2042, #2821, #4288 ),
 ( #2479, #4606, #1762 ),
 ( #1053, #1331, #3935 ),
 ( #633, #2141, #3531 ),
 ( #3611, #2765, #2427 ),
 ( #3208, #3557, #1364 ),
 ( #213, #4214, #3228 ),
 ( #4682, #609, #659 ),
 ( #3964, #3909, #934 ),
 ( #1414, #2870, #272 ),
 ( #3884, #4261, #4705 ),
 ( #4315, #2504, #3856 ),
 ( #2096, #681, #2398 ),
 ( #325, #1786, #580 ),
 ( #3504, #242, #965 ),
 ( #1390, #3252, #1707 ),
 ( #1682, #3149, #2793 ),
 ( #4240, #1735, #2846 ),
 ( #3942, #2176, #3970 ),
 ( #4393, #4733, #689 ),
 ( #4324, #1840, #2555 ),
 ( #4373, #664, #1062 ),
 ( #3258, #4018, #4295 ),
 ( #3666, #1792, #1819 ) ),
 .UNSPECIFIED., .F., .F., .F. ) 
 B_SPLINE_SURFACE_WITH_KNOTS ( ( 4, 2, 2, 2, 2, 2, 2, 2, 2, 2, 2, 2, 2, 2, 2, 2, 2, 2, 2, 2, 2, 2, 2, 2, 2, 2, 4 ),
 ( 3, 3 ),
 ( 0.02576872991869784066, 0.02737927553861654179, 0.02898982115853524638, 0.02979509396849459868, 0.03060036677845395098, 0.03221091239837265557, 0.03382145801829135323, 0.03462673082825070553, 0.03543200363821005783, 0.03623727644816941013, 0.03704254925812876242, 0.03865309487804746702, 0.03945836768800681932, 0.04026364049796617162, 0.04106891330792552391, 0.04187418611788487621, 0.04267945892784422851, 0.04348473173780358081, 0.04429000454776292617, 0.04509527735772227847, 0.04590055016768163076, 0.04670582297764097612, 0.04751109578760032842, 0.04831636859755968072, 0.04912164140751903302, 0.04992691421747838532, 0.05153745983739708991 ),
 ( 0.000000000000000000, 1.000000000000000000 ),
 .UNSPECIFIED. ) 
 GEOMETRIC_REPRESENTATION_ITEM ( )  RATIONAL_B_SPLINE_SURFACE ( (
 ( 1.000000000000000000, 0.7893766639933702534, 1.000000000000000000),
 ( 1.000000000000000000, 0.7825608850411730488, 1.000000000000000000),
 ( 1.000000000000000000, 0.7771021633339969537, 1.000000000000000000),
 ( 1.000000000000000000, 0.7705973665947765117, 1.000000000000000000),
 ( 1.000000000000000000, 0.7695258663438730995, 1.000000000000000000),
 ( 1.000000000000000000, 0.7713532626311793150, 1.000000000000000000),
 ( 1.000000000000000000, 0.7725286462565778001, 1.000000000000000000),
 ( 1.000000000000000000, 0.7759640334788028282, 1.000000000000000000),
 ( 1.000000000000000000, 0.7782203734823864849, 1.000000000000000000),
 ( 1.000000000000000000, 0.7862364096894226551, 1.000000000000000000),
 ( 1.000000000000000000, 0.7932838177400133306, 1.000000000000000000),
 ( 1.000000000000000000, 0.8089164715663340610, 1.000000000000000000),
 ( 1.000000000000000000, 0.8175560581393872539, 1.000000000000000000),
 ( 1.000000000000000000, 0.8293815250403326900, 1.000000000000000000),
 ( 1.000000000000000000, 0.8331564301209563039, 1.000000000000000000),
 ( 1.000000000000000000, 0.8401216011109634563, 1.000000000000000000),
 ( 1.000000000000000000, 0.8433292833440718672, 1.000000000000000000),
 ( 1.000000000000000000, 0.8488115562007444437, 1.000000000000000000),
 ( 1.000000000000000000, 0.8511007898941936878, 1.000000000000000000),
 ( 1.000000000000000000, 0.8547420613062995942, 1.000000000000000000),
 ( 1.000000000000000000, 0.8560984231037834791, 1.000000000000000000),
 ( 1.000000000000000000, 0.8588155039588852846, 1.000000000000000000),
 ( 1.000000000000000000, 0.8587820620772671498, 1.000000000000000000),
 ( 1.000000000000000000, 0.8576185801971153433, 1.000000000000000000),
 ( 1.000000000000000000, 0.8570536465222756695, 1.000000000000000000),
 ( 1.000000000000000000, 0.8559083013765212966, 1.000000000000000000),
 ( 1.000000000000000000, 0.8553250822064041303, 1.000000000000000000),
 ( 1.000000000000000000, 0.8543789501289326127, 1.000000000000000000),
 ( 1.000000000000000000, 0.8540204092087412269, 1.000000000000000000),
 ( 1.000000000000000000, 0.8536811764980271056, 1.000000000000000000),
 ( 1.000000000000000000, 0.8536952463235243371, 1.000000000000000000),
 ( 1.000000000000000000, 0.8540874963651623464, 1.000000000000000000),
 ( 1.000000000000000000, 0.8544710660369638777, 1.000000000000000000),
 ( 1.000000000000000000, 0.8554464632893417075, 1.000000000000000000),
 ( 1.000000000000000000, 0.8560366967958716877, 1.000000000000000000),
 ( 1.000000000000000000, 0.8571760181858831817, 1.000000000000000000),
 ( 1.000000000000000000, 0.8577278933289242957, 1.000000000000000000),
 ( 1.000000000000000000, 0.8584490022494948303, 1.000000000000000000),
 ( 1.000000000000000000, 0.8586165396471269196, 1.000000000000000000),
 ( 1.000000000000000000, 0.8582760942369526136, 1.000000000000000000),
 ( 1.000000000000000000, 0.8577641227062771101, 1.000000000000000000),
 ( 1.000000000000000000, 0.8558135268181314981, 1.000000000000000000),
 ( 1.000000000000000000, 0.8543941140447367522, 1.000000000000000000),
 ( 1.000000000000000000, 0.8506077918234924429, 1.000000000000000000),
 ( 1.000000000000000000, 0.8482408245656702928, 1.000000000000000000),
 ( 1.000000000000000000, 0.8425896108488384328, 1.000000000000000000),
 ( 1.000000000000000000, 0.8393481563455608141, 1.000000000000000000),
 ( 1.000000000000000000, 0.8322870269456116299, 1.000000000000000000),
 ( 1.000000000000000000, 0.8284595966006735868, 1.000000000000000000),
 ( 1.000000000000000000, 0.8204604413418039588, 1.000000000000000000),
 ( 1.000000000000000000, 0.8162885345087900202, 1.000000000000000000),
 ( 1.000000000000000000, 0.8039529003818655095, 1.000000000000000000),
 ( 1.000000000000000000, 0.7958850563966279879, 1.000000000000000000),
 ( 1.000000000000000000, 0.7890828154404130323, 1.000000000000000000) ) ) 
 REPRESENTATION_ITEM ( '' )  SURFACE ( )  );
#1630 = CARTESIAN_POINT ( 'NONE',  ( 59.89309770085763063, 8.739711215129563726, 141.8615427164577909 ) ) ;
#1631 = VECTOR ( 'NONE', #756, 1000.000000000000000 ) ;
#1632 = CARTESIAN_POINT ( 'NONE',  ( 57.75646495579155726, 8.826152350266362134, 138.9008610316518002 ) ) ;
#1633 = CARTESIAN_POINT ( 'NONE',  ( 48.16810036782414528, 6.572245933587107736, 118.5439347577724618 ) ) ;
#1634 = LINE ( 'NONE', #1664, #3940 ) ;
#1635 = AXIS2_PLACEMENT_3D ( 'NONE', #4415, #861, #1546 ) ;
#1636 = CARTESIAN_POINT ( 'NONE',  ( 47.41691183942197085, 5.728533843635015721, 174.4038521901718184 ) ) ;
#1637 = EDGE_LOOP ( 'NONE', ( #3138, #4375, #3865, #4275 ) ) ;
#1638 = CARTESIAN_POINT ( 'NONE',  ( 61.30346554873303688, 7.768107426935881854, 151.8375038714428058 ) ) ;
#1639 = CARTESIAN_POINT ( 'NONE',  ( 58.55641790155357995, 9.364596556897565094, 176.9971893930847671 ) ) ;
#1640 = CARTESIAN_POINT ( 'NONE',  ( 62.15695394351463676, 6.237117613918480963, 137.2280540604451744 ) ) ;
#1641 = CARTESIAN_POINT ( 'NONE',  ( 48.67547064135632695, 7.026353159813841565, 114.0088951328940965 ) ) ;
#1642 = AXIS2_PLACEMENT_3D ( 'NONE', #1210, #1230, #2683 ) ;
#1643 = CARTESIAN_POINT ( 'NONE',  ( 57.75646495579169226, 8.567490936528171730, 127.8696835993218883 ) ) ;
#1644 = FACE_OUTER_BOUND ( 'NONE', #2856, .T. ) ;
#1645 = PRODUCT_DEFINITION_FORMATION_WITH_SPECIFIED_SOURCE ( 'ANY', '', #2996, .NOT_KNOWN. ) ;
#1646 = CARTESIAN_POINT ( 'NONE',  ( 52.02184882211765427, 9.546442316987482357, 93.05781461568240331 ) ) ;
#1647 = CARTESIAN_POINT ( 'NONE',  ( 53.94110282835490722, 9.947972631749166794, 166.1157620329654208 ) ) ;
#1648 = CARTESIAN_POINT ( 'NONE',  ( 62.68098186897001511, 5.606088688006756193, 107.8760717590417642 ) ) ;
#1649 = CARTESIAN_POINT ( 'NONE',  ( 47.89284940403269530, 6.291504846233714865, 106.8533825620403945 ) ) ;
#1650 = CARTESIAN_POINT ( 'NONE',  ( 47.50337356033138292, 5.842967066014640665, 124.7011227009943042 ) ) ;
#1651 = CARTESIAN_POINT ( 'NONE',  ( 60.98315074442973582, 8.017572207114987748, 92.82578723628471096 ) ) ;
#1652 = CARTESIAN_POINT ( 'NONE',  ( 62.54681270740408650, 6.565732050362358407, 155.0772550541532837 ) ) ;
#1653 = CARTESIAN_POINT ( 'NONE',  ( 48.07090099778040582, 6.475778089733375431, 137.5009185440641488 ) ) ;
#1654 = CARTESIAN_POINT ( 'NONE',  ( 61.98378349446316093, 7.168201997423668814, 118.0157899348556896 ) ) ;
#1655 = CARTESIAN_POINT ( 'NONE',  ( 55.71004181103625541, 9.992751823519212095, 152.6083269024129834 ) ) ;
#1656 = CARTESIAN_POINT ( 'NONE',  ( 59.69381523861505201, 8.089515256466814463, 102.6508762113493702 ) ) ;
#1657 = CARTESIAN_POINT ( 'NONE',  ( 46.48699226567349996, 5.279477427230540698, 111.3565383657505521 ) ) ;
#1658 = CARTESIAN_POINT ( 'NONE',  ( 60.81497358516172369, 8.142454249387052201, 105.4531229940691759 ) ) ;
#1659 = CARTESIAN_POINT ( 'NONE',  ( 61.90879296849659141, 7.234634370708509010, 126.8716982677065346 ) ) ;
#1660 = DIRECTION ( 'NONE',  ( 0.000000000000000000, 0.000000000000000000, 1.000000000000000000 ) ) ;
#1661 = CARTESIAN_POINT ( 'NONE',  ( 60.58990184077465102, 8.298400260850556265, 142.0254366046553685 ) ) ;
#1662 = CARTESIAN_POINT ( 'NONE',  ( 60.52839901057090799, 7.608447105109964248, 129.7444841122489834 ) ) ;
#1663 = CARTESIAN_POINT ( 'NONE',  ( 47.00027721053685781, 5.123089033000388426, 122.3868367133494957 ) ) ;
#1664 = CARTESIAN_POINT ( 'NONE',  ( -8.485281374238571317, -2.999999999999999112, -10.00000000000000178 ) ) ;
#1665 = CARTESIAN_POINT ( 'NONE',  ( 48.40038187403236236, 6.789436746545256085, 175.7363567935404376 ) ) ;
#1666 = ORIENTED_EDGE ( 'NONE', *, *, #2963, .T. ) ;
#1667 = CARTESIAN_POINT ( 'NONE',  ( 63.38105570105263809, 5.470257608448018338, 149.7585395057425899 ) ) ;
#1668 = CARTESIAN_POINT ( 'NONE',  ( 51.66770777369650602, 9.446314554127910768, 103.0910963220535734 ) ) ;
#1669 = CARTESIAN_POINT ( 'NONE',  ( 61.38471774412418114, 7.701646707580122708, 139.1572599497575027 ) ) ;
#1670 = CARTESIAN_POINT ( 'NONE',  ( 47.69388215472761772, 6.841279761362484280, 113.8713568561271074 ) ) ;
#1671 = CARTESIAN_POINT ( 'NONE',  ( 62.97778315077307099, 5.161202783021791696, 171.1898048521605631 ) ) ;
#1672 = CARTESIAN_POINT ( 'NONE',  ( 50.73432588519227693, 9.049154562497763621, 152.3814283791496678 ) ) ;
#1673 = CARTESIAN_POINT ( 'NONE',  ( 61.80902817085318901, 7.334075081428882648, 142.5396497143462398 ) ) ;
#1674 = CARTESIAN_POINT ( 'NONE',  ( 59.14447901503985605, 9.105298023474443170, 177.6853281365019939 ) ) ;
#1675 = CARTESIAN_POINT ( 'NONE',  ( 53.19395076106221865, 9.839821165879488518, 139.9367159945527135 ) ) ;
#1677 = EDGE_CURVE ( 'NONE', #2226, #1720, #2100, .T. ) ;
#1676 = CARTESIAN_POINT ( 'NONE',  ( 53.15206198003077276, 9.845117366676333859, 93.02343564190032055 ) ) ;
#1678 = CARTESIAN_POINT ( 'NONE',  ( 62.98659806707387787, 5.144119556594932696, 158.8135011179672347 ) ) ;
#1679 = CARTESIAN_POINT ( 'NONE',  ( 46.49562888470762090, 5.293167367074590679, 132.7404363831252567 ) ) ;
#1680 = CARTESIAN_POINT ( 'NONE',  ( 61.43619233774131061, 7.661981918421298943, 117.6935649844300968 ) ) ;
#1681 = CARTESIAN_POINT ( 'NONE',  ( 59.08731236767201978, 9.144646386993368736, 103.0357862532736135 ) ) ;
#1682 = CARTESIAN_POINT ( 'NONE',  ( 49.26555720392396864, 7.470945681972315455, 105.8331310333599191 ) ) ;
#1683 = CARTESIAN_POINT ( 'NONE',  ( 62.56939191889259178, 5.745440497508466748, 107.6446694423469665 ) ) ;
#1684 = CARTESIAN_POINT ( 'NONE',  ( 51.66770777369646339, 9.446314554128361962, 177.0129392439909282 ) ) ;
#1685 = CARTESIAN_POINT ( 'NONE',  ( 61.09519179463825367, 7.208412500844563198, 130.0020049137980038 ) ) ;
#1686 = CARTESIAN_POINT ( 'NONE',  ( 47.12127067598737540, 5.312998267755387971, 120.6752782028324447 ) ) ;
#1687 = CARTESIAN_POINT ( 'NONE',  ( 57.75646495579155726, 8.826152350266362134, 164.1877986822099729 ) ) ;
#1688 = CARTESIAN_POINT ( 'NONE',  ( 50.87292700822169422, 9.126714044405586534, 153.6627695165070691 ) ) ;
#1689 = ORIENTED_EDGE ( 'NONE', *, *, #2757, .T. ) ;
#1690 = CARTESIAN_POINT ( 'NONE',  ( 50.95373067593272509, 8.400593400143099743, 102.7784789754327619 ) ) ;
#1691 = CARTESIAN_POINT ( 'NONE',  ( 57.50564877396170971, 9.685375483001102737, 177.8354843133157601 ) ) ;
#1692 = CARTESIAN_POINT ( 'NONE',  ( 52.21454945889200161, 9.621850444450940287, 115.1101879325797910 ) ) ;
#1693 = CARTESIAN_POINT ( 'NONE',  ( 59.69618104548042226, 8.088012959274589520, 167.4313126017100899 ) ) ;
#1694 = FACE_OUTER_BOUND ( 'NONE', #622, .T. ) ;
#1695 = ORIENTED_EDGE ( 'NONE', *, *, #4335, .T. ) ;
#1696 = CARTESIAN_POINT ( 'NONE',  ( 53.30596085339697510, 9.066099362886049562, 167.1132879640028364 ) ) ;
#1697 = CARTESIAN_POINT ( 'NONE',  ( 56.19373815769673541, 9.131716844379633713, 105.1746328960010857 ) ) ;
#1698 = CARTESIAN_POINT ( 'NONE',  ( 49.96884337090178718, 8.646839764344280255, 139.5990227711059219 ) ) ;
#1699 = CARTESIAN_POINT ( 'NONE',  ( 47.12127067598736829, 5.312998267755391524, 108.6781327208015284 ) ) ;
#1700 = CARTESIAN_POINT ( 'NONE',  ( 46.42736251415517756, 5.151060012856756742, 124.5233368963473453 ) ) ;
#1701 = CARTESIAN_POINT ( 'NONE',  ( 59.39943757163030824, 8.998589038416074715, 93.15994715359435929 ) ) ;
#1702 = CARTESIAN_POINT ( 'NONE',  ( 62.56939191889257756, 5.745440497506885791, 156.9258980569699702 ) ) ;
#1703 = CARTESIAN_POINT ( 'NONE',  ( 46.44344115341603896, 5.177805941661429046, 131.5684617942839338 ) ) ;
#1704 = CARTESIAN_POINT ( 'NONE',  ( 52.26580499391000245, 8.832096614886300046, 93.24815628618873120 ) ) ;
#1705 = CARTESIAN_POINT ( 'NONE',  ( 62.87283073483992979, 5.321715180618304508, 120.6488908386419610 ) ) ;
#1706 = CARTESIAN_POINT ( 'NONE',  ( 50.50414519543348746, 8.952022441261336283, 127.7125488651278147 ) ) ;
#1707 = CARTESIAN_POINT ( 'NONE',  ( 48.41599567710984786, 7.531597636075558988, 105.0887922611776588 ) ) ;
#1708 = CARTESIAN_POINT ( 'NONE',  ( 63.09701846712886919, 5.871511323782658387, 106.5150839199384905 ) ) ;
#1709 = CARTESIAN_POINT ( 'NONE',  ( 49.97550783295201882, 8.665376909637386049, 164.9001560182121011 ) ) ;
#1710 = CARTESIAN_POINT ( 'NONE',  ( 52.15695605312591709, 9.605936010544313675, 177.8188622971793791 ) ) ;
#1711 = DIRECTION ( 'NONE',  ( -0.000000000000000000, -0.000000000000000000, -1.000000000000000000 ) ) ;
#1712 = PLANE ( 'NONE',  #3327 ) ;
#1713 = CARTESIAN_POINT ( 'NONE',  ( 48.08417231327746322, 7.240581431423446901, 154.5403200518505571 ) ) ;
#1714 = EDGE_LOOP ( 'NONE', ( #4400, #429, #3105, #2719 ) ) ;
#1715 = CARTESIAN_POINT ( 'NONE',  ( 55.11401134231238075, 10.01660587325022789, 103.1472576954623008 ) ) ;
#1716 = CARTESIAN_POINT ( 'NONE',  ( 61.39914901153455418, 7.692893283998222920, 138.4689593559982654 ) ) ;
#1717 = CARTESIAN_POINT ( 'NONE',  ( 49.02032796540726167, 8.020156909402604839, 115.3317997823833139 ) ) ;
#1718 =( GEOMETRIC_REPRESENTATION_CONTEXT ( 3 ) GLOBAL_UNCERTAINTY_ASSIGNED_CONTEXT ( ( #686 ) ) GLOBAL_UNIT_ASSIGNED_CONTEXT ( ( #3721, #2521, #3984 ) ) REPRESENTATION_CONTEXT ( 'NONE', 'WORKASPACE' ) );
#1719 = CARTESIAN_POINT ( 'NONE',  ( 0.000000000000000000, 0.000000000000000000, -10.00000000000000178 ) ) ;
#1720 = VERTEX_POINT ( 'NONE', #891 ) ;
#1721 = CARTESIAN_POINT ( 'NONE',  ( 50.93650512536697761, 9.155526916510712709, 93.12095482007387659 ) ) ;
#1722 = CARTESIAN_POINT ( 'NONE',  ( 63.61413366666758407, 5.115654126322909612, 146.8545159049054405 ) ) ;
#1723 = CARTESIAN_POINT ( 'NONE',  ( 52.53504117874595636, 9.710084241089138146, 166.1598944490994541 ) ) ;
#1724 = CARTESIAN_POINT ( 'NONE',  ( 55.10291375400684899, 10.00367418119095042, 153.4626796356841680 ) ) ;
#1725 = CARTESIAN_POINT ( 'NONE',  ( 60.75662975139345434, 8.196266797826979200, 104.7322657876385961 ) ) ;
#1726 = AXIS2_PLACEMENT_3D ( 'NONE', #905, #207, #3927 ) ;
#1727 = CARTESIAN_POINT ( 'NONE',  ( 46.52872961091668458, 5.345603975319494161, 123.5822228306640085 ) ) ;
#1728 = CARTESIAN_POINT ( 'NONE',  ( 52.78155126160191202, 8.969143522660834478, 93.21163932068196800 ) ) ;
#1729 = ADVANCED_FACE ( 'NONE', ( #2716 ), #1712, .T. ) ;
#1730 = DIRECTION ( 'NONE',  ( -0.9496297344050212974, -0.3028089466163476073, 0.08068524885595078355 ) ) ;
#1731 = AXIS2_PLACEMENT_3D ( 'NONE', #2832, #3110, #3869 ) ;
#1732 = CARTESIAN_POINT ( 'NONE',  ( 63.89332229013523801, 4.572680490137770448, 122.2320575503780731 ) ) ;
#1733 = CARTESIAN_POINT ( 'NONE',  ( 55.10352913205741743, 9.199409596669736899, 151.6291602730146337 ) ) ;
#1734 = CARTESIAN_POINT ( 'NONE',  ( 52.15695605312416916, 9.605936010543910442, 127.8913103393188067 ) ) ;
#1735 = CARTESIAN_POINT ( 'NONE',  ( 49.23976583389185180, 8.181187081191731991, 105.4361811375999167 ) ) ;
#1736 = CARTESIAN_POINT ( 'NONE',  ( 46.63980147176545188, 5.489510882107169643, 143.6727322286095898 ) ) ;
#1737 = FACE_OUTER_BOUND ( 'NONE', #1348, .T. ) ;
#1738 = CARTESIAN_POINT ( 'NONE',  ( 49.40957327284053946, 8.298042930170176135, 176.6903334828571701 ) ) ;
#1739 = EDGE_CURVE ( 'NONE', #640, #3691, #3455, .T. ) ;
#1740 = CYLINDRICAL_SURFACE ( 'NONE', #2487, 10.00000000000000178 ) ;
#1741 = CARTESIAN_POINT ( 'NONE',  ( 46.79439936929666288, 5.719334244038901005, 125.4417233233561575 ) ) ;
#1742 = ORIENTED_EDGE ( 'NONE', *, *, #550, .F. ) ;
#1743 = CARTESIAN_POINT ( 'NONE',  ( 56.89854826596111081, 9.836399893339251577, 103.9447891573769738 ) ) ;
#1744 = CARTESIAN_POINT ( 'NONE',  ( 61.19061488377202096, 7.134348954715199476, 176.0159963467396551 ) ) ;
#1745 = ORIENTED_EDGE ( 'NONE', *, *, #1677, .T. ) ;
#1746 = CARTESIAN_POINT ( 'NONE',  ( 51.74846579442900207, 8.694626422739247573, 93.28478603833971761 ) ) ;
#1747 = CARTESIAN_POINT ( 'NONE',  ( 62.71359680023803662, 5.554425828665165099, 148.8025507449985980 ) ) ;
#1748 = CARTESIAN_POINT ( 'NONE',  ( 54.30334357172518622, 9.980233355848405097, 166.1101809596381145 ) ) ;
#1749 = CARTESIAN_POINT ( 'NONE',  ( 47.30100110723113715, 6.385602027046437534, 150.8303669220103984 ) ) ;
#1750 = CARTESIAN_POINT ( 'NONE',  ( 63.73652144475719439, 4.867065980979945472, 161.1307152346472833 ) ) ;
#1751 = CARTESIAN_POINT ( 'NONE',  ( 47.60619032405358553, 5.965131566334161306, 112.8684019078039711 ) ) ;
#1752 = CARTESIAN_POINT ( 'NONE',  ( 46.20871973579140501, 4.766325302418223053, 123.5183892985672003 ) ) ;
#1753 = CARTESIAN_POINT ( 'NONE',  ( 60.81497358516346452, 8.142454249388812570, 93.45597751203639802 ) ) ;
#1754 = B_SPLINE_CURVE_WITH_KNOTS ( 'NONE', 3,
 ( #2640, #2617, #71, #2237, #777, #4053, #1212, #2662, #3681, #2939, #3341, #4119, #840, #2959, #397, #1854, #3316, #1563, #2261, #4456, #3029, #4411, #4098, #1145, #1521, #3382, #2981, #88, #2286, #4075, #3766, #1188, #799, #3363, #3727, #485, #1943, #449, #3402, #1482, #4389, #4547, #908, #3145, #3786, #2373, #3118, #187, #4236, #3879, #604, #2064, #112, #4501 ),
 .UNSPECIFIED., .F., .F.,
 ( 4, 2, 2, 2, 2, 2, 2, 2, 2, 2, 2, 2, 2, 2, 2, 2, 2, 2, 2, 2, 2, 2, 2, 2, 2, 2, 4 ),
 ( 0.02457876105883210344, 0.02544304615895617849, 0.02630733125908025008, 0.02803590145932837938, 0.02890018655945245096, 0.02976447165957652602, 0.03149304185982467613, 0.03235732695994873731, 0.03322161206007280543, 0.03495018226032092779, 0.03667875246056905014, 0.03754303756069309744, 0.03840732266081715168, 0.03927160776094120592, 0.04013589286106525322, 0.04100017796118930746, 0.04186446306131336170, 0.04272874816143741594, 0.04359303326156147018, 0.04445731836168552442, 0.04532160346180957172, 0.04618588856193362596, 0.04705017366205767326, 0.04877874386230579562, 0.04964302896242986374, 0.05050731406255391798, 0.05223588426280205421 ),
 .UNSPECIFIED. ) ;
#1755 = CARTESIAN_POINT ( 'NONE',  ( 62.71874267194534980, 6.374945883463773555, 156.0274801607260997 ) ) ;
#1756 = CARTESIAN_POINT ( 'NONE',  ( 54.34800506756138105, 9.982885021877832443, 115.9684340369834246 ) ) ;
#1757 = CARTESIAN_POINT ( 'NONE',  ( 56.54367434603807396, 9.896935022339144794, 140.8371529368575636 ) ) ;
#1758 = CARTESIAN_POINT ( 'NONE',  ( 47.29909703707991753, 5.569931025686437387, 157.2724926091867133 ) ) ;
#1759 = CARTESIAN_POINT ( 'NONE',  ( 63.74758970445952855, 4.846851481311516885, 120.3638939463898794 ) ) ;
#1760 = CARTESIAN_POINT ( 'NONE',  ( 54.29926761813657521, 9.167153796515025377, 151.6229755109913242 ) ) ;
#1761 = CARTESIAN_POINT ( 'NONE',  ( 59.46748205588134795, 8.201058478069336743, 102.6982524658270961 ) ) ;
#1762 = CARTESIAN_POINT ( 'NONE',  ( 46.12928854518442279, 4.616392227800049319, 109.3729119221981136 ) ) ;
#1763 = CARTESIAN_POINT ( 'NONE',  ( 47.10930947318935580, 6.147448320609535166, 142.8390169809017038 ) ) ;
#1764 = CARTESIAN_POINT ( 'NONE',  ( 60.74624597017943728, 7.462811600403213674, 114.3152624589652220 ) ) ;
#1765 = CARTESIAN_POINT ( 'NONE',  ( 50.61455108019551830, 9.005583512732277640, 164.2793414931456084 ) ) ;
#1766 = CARTESIAN_POINT ( 'NONE',  ( 56.86385371193738081, 9.842271263911710477, 177.0573472444818321 ) ) ;
#1767 = CARTESIAN_POINT ( 'NONE',  ( 52.26580499390998824, 8.574624054072137014, 140.9167759473871229 ) ) ;
#1768 = CARTESIAN_POINT ( 'NONE',  ( 48.79945064002179578, 7.864390690084266389, 127.2605596968501516 ) ) ;
#1769 = CARTESIAN_POINT ( 'NONE',  ( 48.51188005366435618, 6.887692065454632306, 101.8993088616730489 ) ) ;
#1770 = CARTESIAN_POINT ( 'NONE',  ( 59.29370975856893722, 9.049468146165207116, 92.41028417812938756 ) ) ;
#1771 = AXIS2_PLACEMENT_3D ( 'NONE', #1299, #128, #2344 ) ;
#1772 = ORIENTED_EDGE ( 'NONE', *, *, #1888, .T. ) ;
#1773 = CARTESIAN_POINT ( 'NONE',  ( 60.93541634087419823, 7.328044242591121638, 150.8661999828481441 ) ) ;
#1774 = CARTESIAN_POINT ( 'NONE',  ( 55.18546407742329052, 9.188333276749954592, 167.0888783568932183 ) ) ;
#1775 = CARTESIAN_POINT ( 'NONE',  ( 63.49975488790503420, 5.271047526815114459, 156.6791367288818151 ) ) ;
#1776 = CARTESIAN_POINT ( 'NONE',  ( 53.94110282835494985, 9.947972631749170347, 104.1910645930664998 ) ) ;
#1777 = CARTESIAN_POINT ( 'NONE',  ( 60.17305398007280104, 7.827698975264403281, 129.6251888566661421 ) ) ;
#1778 = CARTESIAN_POINT ( 'NONE',  ( 48.10216372359205650, 6.507083401393611410, 118.6110611952761644 ) ) ;
#1779 = CARTESIAN_POINT ( 'NONE',  ( 63.89332229013518116, 4.572680490137861042, 98.23776658631832959 ) ) ;
#1780 = CARTESIAN_POINT ( 'NONE',  ( 62.05491934609037230, 6.358768436816359504, 156.0393193536645811 ) ) ;
#1781 = CARTESIAN_POINT ( 'NONE',  ( 63.79741732689607403, 4.760013507061324312, 160.8529098895953950 ) ) ;
#1782 = DIRECTION ( 'NONE',  ( 1.000000000000000000, 0.000000000000000000, 0.000000000000000000 ) ) ;
#1783 = LINE ( 'NONE', #4258, #3262 ) ;
#1784 = CARTESIAN_POINT ( 'NONE',  ( 47.72826916505567851, 6.877641722268684532, 155.5318465347795325 ) ) ;
#1785 = FACE_OUTER_BOUND ( 'NONE', #1511, .T. ) ;
#1786 = CARTESIAN_POINT ( 'NONE',  ( 48.05333913996367556, 7.203965809688830824, 105.9925994007857923 ) ) ;
#1787 = CARTESIAN_POINT ( 'NONE',  ( 63.07831368495440927, 5.897313240180563021, 113.6697498590328621 ) ) ;
#1788 = CARTESIAN_POINT ( 'NONE',  ( 58.61288553951347069, 9.328998685859478002, 152.4626365819312639 ) ) ;
#1789 = CARTESIAN_POINT ( 'NONE',  ( 51.40575526271010887, 9.349988230744910922, 116.3186972431856105 ) ) ;
#1790 = DIRECTION ( 'NONE',  ( -0.9496297344050207423, -0.3028089466163491061, 0.08068524885595142193 ) ) ;
#1791 = ADVANCED_FACE ( 'NONE', ( #1544 ), #2572, .F. ) ;
#1792 = CARTESIAN_POINT ( 'NONE',  ( 52.02184882211765427, 9.546442316987482357, 105.0549600977132485 ) ) ;
#1793 = CARTESIAN_POINT ( 'NONE',  ( 51.79458057772388457, 9.489712760962163429, 177.7935323471968445 ) ) ;
#1794 = ORIENTED_EDGE ( 'NONE', *, *, #34, .T. ) ;
#1795 = CARTESIAN_POINT ( 'NONE',  ( 56.54367434603810949, 9.896935022339144794, 92.20224766548591333 ) ) ;
#1796 = CARTESIAN_POINT ( 'NONE',  ( 46.12928854518447253, 4.616392227800139025, 171.2976093620932829 ) ) ;
#1797 = EDGE_LOOP ( 'NONE', ( #3239, #1976 ) ) ;
#1798 = CARTESIAN_POINT ( 'NONE',  ( 63.57066311318617124, 5.157132343778714656, 149.2201629730663512 ) ) ;
#1799 = CARTESIAN_POINT ( 'NONE',  ( 62.20731469085026077, 6.936701978955508885, 167.4161943183909784 ) ) ;
#1800 = CARTESIAN_POINT ( 'NONE',  ( 47.28462626176521155, 5.549871579012417122, 148.7557076049335194 ) ) ;
#1801 = DIRECTION ( 'NONE',  ( -0.000000000000000000, -0.000000000000000000, -1.000000000000000000 ) ) ;
#1802 = CARTESIAN_POINT ( 'NONE',  ( 46.97623356993022981, 5.971584307402378222, 130.3900175083201134 ) ) ;
#1803 = CARTESIAN_POINT ( 'NONE',  ( 57.75646495579153594, 8.826152350266365687, 114.9065700675901525 ) ) ;
#1804 = CARTESIAN_POINT ( 'NONE',  ( 46.97192478587416531, 5.983920253220330387, 119.2473111142997055 ) ) ;
#1805 = CARTESIAN_POINT ( 'NONE',  ( 61.92950277434228212, 6.475286781758603283, 94.65038760542658736 ) ) ;
#1806 = CARTESIAN_POINT ( 'NONE',  ( 62.57035984036885168, 5.752953572801601467, 161.8300603975464185 ) ) ;
#1807 = CARTESIAN_POINT ( 'NONE',  ( 46.71754088119363502, 5.630268077808430860, 157.1389761600154884 ) ) ;
#1808 = CARTESIAN_POINT ( 'NONE',  ( 47.60619032405358553, 5.965131566334161306, 100.8712564257731117 ) ) ;
#1809 = CARTESIAN_POINT ( 'NONE',  ( 61.76618412459835383, 6.635613735740237829, 125.6651870478247588 ) ) ;
#1810 = DIRECTION ( 'NONE',  ( -1.000000000000000000, 1.224646799147353454E-16, 0.000000000000000000 ) ) ;
#1811 = AXIS2_PLACEMENT_3D ( 'NONE', #2383, #1977, #197 ) ;
#1812 =( BOUNDED_SURFACE ( )  B_SPLINE_SURFACE ( 3, 2, ( 
 ( #3756, #1534, #1868 ),
 ( #1514, #438, #1895 ),
 ( #411, #3737, #2608 ),
 ( #2971, #42, #4445 ),
 ( #3392, #2208, #3672 ),
 ( #3352, #456, #1848 ),
 ( #791, #2949, #1137 ),
 ( #2583, #4046, #4486 ),
 ( #162, #1950, #939 ),
 ( #3859, #2669, #1973 ),
 ( #847, #4528, #94 ),
 ( #1259, #2402, #1238 ),
 ( #4167, #1630, #3098 ),
 ( #2017, #1661, #4640 ),
 ( #3912, #2031, #1228 ),
 ( #3494, #3064, #204 ),
 ( #2680, #4133, #856 ),
 ( #4152, #1673, #2324 ),
 ( #3780, #127, #1599 ),
 ( #2698, #2004, #877 ),
 ( #3803, #518, #1983 ),
 ( #3441, #150, #3086 ),
 ( #4542, #1271, #2729 ),
 ( #982, #3977, #2515 ),
 ( #4252, #1005, #3623 ),
 ( #1033, #3240, #1091 ),
 ( #4622, #3923, #1350 ),
 ( #1378, #2835, #3601 ),
 ( #4277, #2154, #696 ),
 ( #340, #2492, #4694 ),
 ( #2810, #2110, #2083 ),
 ( #3897, #1450, #2441 ),
 ( #2131, #1722, #4354 ),
 ( #3653, #623, #3572 ),
 ( #3545, #285, #3165 ),
 ( #1747, #2539, #1798 ),
 ( #258, #3269, #3215 ),
 ( #4331, #4649, #4669 ),
 ( #3195, #1068, #2468 ),
 ( #4718, #1402, #2907 ),
 ( #2858, #4000, #2883 ),
 ( #4300, #2183, #3948 ),
 ( #670, #367, #314 ),
 ( #1773, #1425, #2969 ),
 ( #2947, #3329, #3754 ),
 ( #1175, #3371, #2562 ),
 ( #2274, #2627, #4423 ),
 ( #4464, #60, #3291 ),
 ( #744, #1135, #15 ),
 ( #2249, #2650, #4401 ),
 ( #4085, #3013, #4107 ),
 ( #830, #2295, #1826 ) ),
 .UNSPECIFIED., .F., .F., .F. ) 
 B_SPLINE_SURFACE_WITH_KNOTS ( ( 4, 2, 2, 2, 2, 2, 2, 2, 2, 2, 2, 2, 2, 2, 2, 2, 2, 2, 2, 2, 2, 2, 2, 2, 2, 4 ),
 ( 3, 3 ),
 ( 0.000000000000000000, 0.001610545619918660578, 0.002415818429877990975, 0.003221091239837321155, 0.004831636859755981950, 0.006442182479674642311, 0.008052728099593302671, 0.008858000909552632418, 0.009663273719511963900, 0.01046854652947129365, 0.01127381933943062339, 0.01207909214938995487, 0.01288436495934928462, 0.01368963776930861437, 0.01449491057926794585, 0.01530018338922727560, 0.01610545619918660534, 0.01771600181910526484, 0.01932654743902392780, 0.02013182024898325928, 0.02093709305894258729, 0.02174236586890191530, 0.02254763867886124679, 0.02335291148882057827, 0.02415818429877990975, 0.02576872991869856924 ),
 ( 0.000000000000000000, 1.000000000000000000 ),
 .UNSPECIFIED. ) 
 GEOMETRIC_REPRESENTATION_ITEM ( )  RATIONAL_B_SPLINE_SURFACE ( (
 ( 1.000000000000000000, 0.7890828154404134764, 1.000000000000000000),
 ( 1.000000000000000000, 0.7822893168589473145, 1.000000000000000000),
 ( 1.000000000000000000, 0.7769804849967767435, 1.000000000000000000),
 ( 1.000000000000000000, 0.7721725132137343683, 1.000000000000000000),
 ( 1.000000000000000000, 0.7710932332192675931, 1.000000000000000000),
 ( 1.000000000000000000, 0.7700798014909181477, 1.000000000000000000),
 ( 1.000000000000000000, 0.7701535816300835169, 1.000000000000000000),
 ( 1.000000000000000000, 0.7720750407665277759, 1.000000000000000000),
 ( 1.000000000000000000, 0.7756304940360094768, 1.000000000000000000),
 ( 1.000000000000000000, 0.7863359135344007989, 1.000000000000000000),
 ( 1.000000000000000000, 0.7935593951761303888, 1.000000000000000000),
 ( 1.000000000000000000, 0.8091467546437449698, 1.000000000000000000),
 ( 1.000000000000000000, 0.8175403830185665743, 1.000000000000000000),
 ( 1.000000000000000000, 0.8293725801647059415, 1.000000000000000000),
 ( 1.000000000000000000, 0.8332126441996045019, 1.000000000000000000),
 ( 1.000000000000000000, 0.8401795453595656271, 1.000000000000000000),
 ( 1.000000000000000000, 0.8433236350766643019, 1.000000000000000000),
 ( 1.000000000000000000, 0.8487740273815466141, 1.000000000000000000),
 ( 1.000000000000000000, 0.8510826173129065753, 1.000000000000000000),
 ( 1.000000000000000000, 0.8547664239496889360, 1.000000000000000000),
 ( 1.000000000000000000, 0.8560988187924627457, 1.000000000000000000),
 ( 1.000000000000000000, 0.8578894373196737089, 1.000000000000000000),
 ( 1.000000000000000000, 0.8583480911738237129, 1.000000000000000000),
 ( 1.000000000000000000, 0.8586026888367161991, 1.000000000000000000),
 ( 1.000000000000000000, 0.8583936092663195794, 1.000000000000000000),
 ( 1.000000000000000000, 0.8576260442151026897, 1.000000000000000000),
 ( 1.000000000000000000, 0.8570717847901613284, 1.000000000000000000),
 ( 1.000000000000000000, 0.8559261330733766160, 1.000000000000000000),
 ( 1.000000000000000000, 0.8553319295049490734, 1.000000000000000000),
 ( 1.000000000000000000, 0.8543856825545130818, 1.000000000000000000),
 ( 1.000000000000000000, 0.8540309185582652951, 1.000000000000000000),
 ( 1.000000000000000000, 0.8536834302495746041, 1.000000000000000000),
 ( 1.000000000000000000, 0.8536930101918025482, 1.000000000000000000),
 ( 1.000000000000000000, 0.8542763716415046060, 1.000000000000000000),
 ( 1.000000000000000000, 0.8554358083882752650, 1.000000000000000000),
 ( 1.000000000000000000, 0.8577422966131532656, 1.000000000000000000),
 ( 1.000000000000000000, 0.8587773206774508283, 1.000000000000000000),
 ( 1.000000000000000000, 0.8582917136917500578, 1.000000000000000000),
 ( 1.000000000000000000, 0.8577805857905955733, 1.000000000000000000),
 ( 1.000000000000000000, 0.8558786611414568313, 1.000000000000000000),
 ( 1.000000000000000000, 0.8544870962718592589, 1.000000000000000000),
 ( 1.000000000000000000, 0.8507154623478733191, 1.000000000000000000),
 ( 1.000000000000000000, 0.8483264996656355583, 1.000000000000000000),
 ( 1.000000000000000000, 0.8427503636051359992, 1.000000000000000000),
 ( 1.000000000000000000, 0.8395509614151200894, 1.000000000000000000),
 ( 1.000000000000000000, 0.8325033572913539404, 1.000000000000000000),
 ( 1.000000000000000000, 0.8286329716660351119, 1.000000000000000000),
 ( 1.000000000000000000, 0.8206742539348238497, 1.000000000000000000),
 ( 1.000000000000000000, 0.8165730635147466776, 1.000000000000000000),
 ( 1.000000000000000000, 0.8043259065629215776, 1.000000000000000000),
 ( 1.000000000000000000, 0.7962203873510786956, 1.000000000000000000),
 ( 1.000000000000000000, 0.7893766639933602614, 1.000000000000000000) ) ) 
 REPRESENTATION_ITEM ( '' )  SURFACE ( )  );
#1813 = CARTESIAN_POINT ( 'NONE',  ( 51.96200554878886635, 9.527360060080148685, 153.5602447726662092 ) ) ;
#1814 = CARTESIAN_POINT ( 'NONE',  ( 61.45943834815970774, 6.912498802142551746, 113.9173162858527348 ) ) ;
#1815 = CARTESIAN_POINT ( 'NONE',  ( 49.22038510212523477, 7.439616899297260666, 176.2253642604933646 ) ) ;
#1816 = CARTESIAN_POINT ( 'NONE',  ( 59.37331677881269343, 8.244944847646344499, 102.7160614521206412 ) ) ;
#1817 = CIRCLE ( 'NONE', #2417, 0.9999999999999994449 ) ;
#1818 = CARTESIAN_POINT ( 'NONE',  ( 62.93427912261703483, 5.231429025161109081, 147.8745167996879957 ) ) ;
#1819 = CARTESIAN_POINT ( 'NONE',  ( 51.96200554878888767, 9.527360060080154014, 104.2790161580463746 ) ) ;
#1820 = CARTESIAN_POINT ( 'NONE',  ( 50.87292700822171554, 9.126714044405591864, 166.3062383417861554 ) ) ;
#1821 = ORIENTED_EDGE ( 'NONE', *, *, #4076, .F. ) ;
#1822 = CARTESIAN_POINT ( 'NONE',  ( 63.20414634103151030, 5.721408139710137064, 94.70902729840976519 ) ) ;
#1823 = CARTESIAN_POINT ( 'NONE',  ( 49.87721400366428526, 7.856965253421128281, 167.5406478768493059 ) ) ;
#1824 = CARTESIAN_POINT ( 'NONE',  ( 54.05976864150439809, 9.959940903609211915, 165.2457309700750159 ) ) ;
#1825 = ORIENTED_EDGE ( 'NONE', *, *, #2025, .F. ) ;
#1826 = CARTESIAN_POINT ( 'NONE',  ( 58.06273883976849959, 9.519434373920203640, 152.5102979066318198 ) ) ;
#1827 = CARTESIAN_POINT ( 'NONE',  ( 62.48345585630950438, 5.855520498815437236, 169.3817085140880749 ) ) ;
#1828 = CARTESIAN_POINT ( 'NONE',  ( 54.22930824269926120, 9.974490546950171677, 153.4677084431933451 ) ) ;
#1829 = CARTESIAN_POINT ( 'NONE',  ( 54.31458684759609667, 9.980867579701977022, 129.0054533228459377 ) ) ;
#1830 = EDGE_CURVE ( 'NONE', #829, #1592, #4016, .T. ) ;
#1831 = CARTESIAN_POINT ( 'NONE',  ( 62.30828731379579466, 6.839066913560395200, 94.28675930831907692 ) ) ;
#1832 = CARTESIAN_POINT ( 'NONE',  ( 61.36510415312923072, 6.992576442466584830, 163.2641339831940002 ) ) ;
#1833 = CARTESIAN_POINT ( 'NONE',  ( 62.91767559583709613, 5.256586699118238393, 160.6037513142426008 ) ) ;
#1834 = CARTESIAN_POINT ( 'NONE',  ( 47.03122524527839943, 5.172883716200233906, 160.1208111462958925 ) ) ;
#1835 = CARTESIAN_POINT ( 'NONE',  ( 48.31780346436399753, 6.714506904999829828, 94.41335093263431588 ) ) ;
#1836 = ADVANCED_FACE ( 'NONE', ( #1921 ), #3091, .F. ) ;
#1837 = CARTESIAN_POINT ( 'NONE',  ( 62.28069477105096041, 6.868238108318044155, 113.8948135835740771 ) ) ;
#1838 = CARTESIAN_POINT ( 'NONE',  ( 46.63586205828576681, 5.509120316698884245, 173.9550062730169770 ) ) ;
#1839 = FACE_BOUND ( 'NONE', #1797, .T. ) ;
#1840 = CARTESIAN_POINT ( 'NONE',  ( 50.17830547191813650, 8.766423579978738445, 105.2238794588124051 ) ) ;
#1841 = CARTESIAN_POINT ( 'NONE',  ( 47.89284940403270241, 6.291504846233707759, 143.4911423513812565 ) ) ;
#1842 = CARTESIAN_POINT ( 'NONE',  ( 63.73652144475722281, 4.867065980979956130, 99.85234113799668876 ) ) ;
#1843 = CARTESIAN_POINT ( 'NONE',  ( 48.62839689361966578, 7.712492149951566844, 166.9091087174968209 ) ) ;
#1844 = CARTESIAN_POINT ( 'NONE',  ( 58.06273883976852801, 9.519434373920192982, 165.1537667319109062 ) ) ;
#1845 = ORIENTED_EDGE ( 'NONE', *, *, #3047, .T. ) ;
#1846 = CARTESIAN_POINT ( 'NONE',  ( 60.23029704232363457, 7.793699469761563137, 114.5052767505934952 ) ) ;
#1847 = CARTESIAN_POINT ( 'NONE',  ( 62.28731661939787756, 6.090210063079148917, 169.0333890103735257 ) ) ;
#1848 = CARTESIAN_POINT ( 'NONE',  ( 54.90416333445902097, 10.00405934357567084, 140.8191443170484263 ) ) ;
#1849 = CARTESIAN_POINT ( 'NONE',  ( 53.30596085339696089, 9.066099362886495427, 129.1828814881655205 ) ) ;
#1850 = CARTESIAN_POINT ( 'NONE',  ( 63.51890666293262910, 5.273535158673881895, 99.40353375176101736 ) ) ;
#1851 = CARTESIAN_POINT ( 'NONE',  ( 58.55641790154787429, 9.364596556877813782, 164.3537205678063060 ) ) ;
#1852 = CARTESIAN_POINT ( 'NONE',  ( 61.21111240043371993, 7.855551034502757268, 128.8893646671479587 ) ) ;
#1853 = CARTESIAN_POINT ( 'NONE',  ( 55.10352913205743164, 9.199409596669287481, 138.9856914477354621 ) ) ;
#1854 = CARTESIAN_POINT ( 'NONE',  ( 50.21989629562328616, 8.788275287285827631, 103.6591487264818454 ) ) ;
#1855 = CARTESIAN_POINT ( 'NONE',  ( 49.02937369375167265, 7.302174966323316418, 163.4922224187961604 ) ) ;
#1856 = CARTESIAN_POINT ( 'NONE',  ( 47.03122524527839232, 5.172883716200229465, 172.7642799715749220 ) ) ;
#1857 = CARTESIAN_POINT ( 'NONE',  ( 62.97778315077307099, 5.161202783021793472, 97.26796193023081116 ) ) ;
#1858 = DIRECTION ( 'NONE',  ( 0.000000000000000000, 0.000000000000000000, 1.000000000000000000 ) ) ;
#1859 = CARTESIAN_POINT ( 'NONE',  ( 47.56380284655797652, 6.690788063413661391, 117.6856933659881861 ) ) ;
#1860 = CARTESIAN_POINT ( 'NONE',  ( 47.29554914561143164, 5.565355518015595138, 144.6371022094313048 ) ) ;
#1861 = CARTESIAN_POINT ( 'NONE',  ( 63.86439915523582300, 4.628538527456437457, 97.28223259461719863 ) ) ;
#1862 = CARTESIAN_POINT ( 'NONE',  ( 52.26580499390998824, 8.832096614886298269, 167.1699992081184973 ) ) ;
#1863 = CARTESIAN_POINT ( 'NONE',  ( 48.24224938975191890, 6.643585118842028514, 130.4720545141578611 ) ) ;
#1864 = CARTESIAN_POINT ( 'NONE',  ( 57.50564877396172392, 9.685375483001099184, 165.1920154880366738 ) ) ;
#1865 = VERTEX_POINT ( 'NONE', #4036 ) ;
#1866 = CARTESIAN_POINT ( 'NONE',  ( 62.52640870927757533, 6.588466231958587827, 142.4132879640584406 ) ) ;
#1867 = CARTESIAN_POINT ( 'NONE',  ( 60.81497358516173790, 8.142454249387501619, 167.3778204339643310 ) ) ;
#1868 = CARTESIAN_POINT ( 'NONE',  ( 51.96200554878887345, 9.527360060080150461, 140.9167759473871229 ) ) ;
#1869 = CARTESIAN_POINT ( 'NONE',  ( 58.08468766231406022, 8.746172792757045400, 129.2597641285412635 ) ) ;
#1870 = ADVANCED_BREP_SHAPE_REPRESENTATION ( 'Handel', ( #7, #3860 ), #1718 ) ;
#1871 = CARTESIAN_POINT ( 'NONE',  ( 46.14580582867390035, 4.648409528945403935, 147.6299128633953899 ) ) ;
#1872 = CARTESIAN_POINT ( 'NONE',  ( 46.26136208797602478, 4.863032493311354898, 120.3156767031747592 ) ) ;
#1873 = CARTESIAN_POINT ( 'NONE',  ( 61.90514189909322340, 6.499730951317779670, 101.5345811280340627 ) ) ;
#1874 = CARTESIAN_POINT ( 'NONE',  ( 54.21548994238947472, 9.160893810830714301, 154.4506873118414774 ) ) ;
#1875 = CARTESIAN_POINT ( 'NONE',  ( 61.90514189909324472, 6.499730951319449446, 162.8129552246866751 ) ) ;
#1876 = CARTESIAN_POINT ( 'NONE',  ( 47.71437749129187722, 6.093107366733876873, 101.0519218543031741 ) ) ;
#1877 = EDGE_CURVE ( 'NONE', #312, #3971, #24, .T. ) ;
#1878 = CARTESIAN_POINT ( 'NONE',  ( 9.000000000000001776, 1.102182119232617911E-15, -50.00000000000000000 ) ) ;
#1879 = CARTESIAN_POINT ( 'NONE',  ( 0.000000000000000000, 0.000000000000000000, 48.00000000000000000 ) ) ;
#1880 = CARTESIAN_POINT ( 'NONE',  ( 46.70182735340245728, 5.607350095415704949, 161.5297777756085793 ) ) ;
#1881 = CARTESIAN_POINT ( 'NONE',  ( 48.20991866401050885, 6.612754048646417360, 175.5704093431324679 ) ) ;
#1882 = CARTESIAN_POINT ( 'NONE',  ( 61.44063696507177497, 6.929039827278360875, 94.22571522491550411 ) ) ;
#1883 = EDGE_CURVE ( 'NONE', #3651, #4693, #1754, .T. ) ;
#1884 = CARTESIAN_POINT ( 'NONE',  ( 60.38483566946926828, 7.699755725212163782, 105.6985655694479931 ) ) ;
#1885 = CARTESIAN_POINT ( 'NONE',  ( 46.97623356993022981, 5.971584307402392433, 168.3204239841573440 ) ) ;
#1886 = CIRCLE ( 'NONE', #1731, 3.000000000000002665 ) ;
#1887 = FILL_AREA_STYLE_COLOUR ( '', #215 ) ;
#1888 = EDGE_CURVE ( 'NONE', #1242, #2129, #1430, .T. ) ;
#1889 = CARTESIAN_POINT ( 'NONE',  ( 55.80496229746811565, 9.167984432471085299, 138.9800334690906141 ) ) ;
#1890 = CARTESIAN_POINT ( 'NONE',  ( 51.96200554878883793, 9.527360060080138027, 116.2761616400772198 ) ) ;
#1891 = CARTESIAN_POINT ( 'NONE',  ( 52.26580499391000245, 8.574624054072138790, 104.2790161580463746 ) ) ;
#1892 = ORIENTED_EDGE ( 'NONE', *, *, #3173, .F. ) ;
#1893 = CARTESIAN_POINT ( 'NONE',  ( 62.93427912261702062, 5.231429025161109081, 111.2367570103472332 ) ) ;
#1894 = CARTESIAN_POINT ( 'NONE',  ( 61.48658322063943871, 6.889103053745907701, 168.1803998091052961 ) ) ;
#1895 = CARTESIAN_POINT ( 'NONE',  ( 52.53504117874594215, 9.710084241089134593, 140.8729567985412814 ) ) ;
#1896 = CARTESIAN_POINT ( 'NONE',  ( 63.41043546667177111, 5.411818570649121973, 131.1525483309016238 ) ) ;
#1897 = CARTESIAN_POINT ( 'NONE',  ( 48.05333913996453532, 7.203965809689562683, 117.9897448828148185 ) ) ;
#1898 = CARTESIAN_POINT ( 'NONE',  ( 60.93541634087326031, 7.328044242591122526, 102.2312947114765223 ) ) ;
#1899 = CARTESIAN_POINT ( 'NONE',  ( 47.18533296369286489, 6.257259080691541797, 143.5218674550119999 ) ) ;
#1900 = CARTESIAN_POINT ( 'NONE',  ( 47.89284940403269530, 6.291504846233714865, 94.85623708000954935 ) ) ;
#1901 = CARTESIAN_POINT ( 'NONE',  ( 55.00000000000000000, 0.000000000000000000, 82.00000000000000000 ) ) ;
#1902 = CARTESIAN_POINT ( 'NONE',  ( 53.92334742098002920, 9.946430965722310447, 139.9564255980086216 ) ) ;
#1903 = DIRECTION ( 'NONE',  ( 0.000000000000000000, -1.000000000000000000, 0.000000000000000000 ) ) ;
#1904 = CARTESIAN_POINT ( 'NONE',  ( 54.37300921454382774, 9.171751586878754026, 105.1673579028770149 ) ) ;
#1905 = CARTESIAN_POINT ( 'NONE',  ( 57.49307983565687152, 9.702713830323295596, 165.1979365030900340 ) ) ;
#1906 = EDGE_LOOP ( 'NONE', ( #1340, #4378, #3731, #3158, #3708, #1112 ) ) ;
#1907 = EDGE_CURVE ( 'NONE', #3079, #3540, #2258, .T. ) ;
#1908 = CARTESIAN_POINT ( 'NONE',  ( 50.97962452272794565, 8.399973041681208841, 138.7669937099951767 ) ) ;
#1909 = CARTESIAN_POINT ( 'NONE',  ( 48.22970048141960575, 7.369820596812267866, 167.8024392291996492 ) ) ;
#1910 = DIRECTION ( 'NONE',  ( -0.000000000000000000, -0.000000000000000000, -1.000000000000000000 ) ) ;
#1911 = CARTESIAN_POINT ( 'NONE',  ( 58.06273883976849959, 9.519434373920203640, 177.7972355571899925 ) ) ;
#1912 = LINE ( 'NONE', #324, #1130 ) ;
#1913 = CARTESIAN_POINT ( 'NONE',  ( 63.89382571015990209, 4.571687935065333441, 133.9555798726914304 ) ) ;
#1914 = FACE_OUTER_BOUND ( 'NONE', #4247, .T. ) ;
#1915 = CARTESIAN_POINT ( 'NONE',  ( 50.93650512536520125, 9.155526916510298818, 141.7558600914606188 ) ) ;
#1916 = CARTESIAN_POINT ( 'NONE',  ( 48.41599567710984786, 7.531597636075558988, 93.09164677914681363 ) ) ;
#1917 = CARTESIAN_POINT ( 'NONE',  ( 54.22930824269928962, 9.974490546950173453, 166.1111772684724599 ) ) ;
#1918 = DIRECTION ( 'NONE',  ( -1.000000000000000000, 0.000000000000000000, 0.000000000000000000 ) ) ;
#1919 = CARTESIAN_POINT ( 'NONE',  ( 58.42743073613604565, 9.412794963759214539, 153.5844504462900204 ) ) ;
#1920 = CARTESIAN_POINT ( 'NONE',  ( 49.22038510212337314, 7.439616899296571439, 138.2949577846557077 ) ) ;
#1921 = FACE_OUTER_BOUND ( 'NONE', #4172, .T. ) ;
#1922 = CARTESIAN_POINT ( 'NONE',  ( 58.42743073613254978, 9.412794963760722666, 116.3003673137047116 ) ) ;
#1923 = CARTESIAN_POINT ( 'NONE',  ( 56.65852795480827098, 9.878945915881962136, 105.0167108782723204 ) ) ;
#1924 = APPLICATION_CONTEXT ( 'automotive_design' ) ;
#1925 = CARTESIAN_POINT ( 'NONE',  ( 47.22823210998647880, 5.469886505671246013, 144.8598698723677103 ) ) ;
#1926 = CARTESIAN_POINT ( 'NONE',  ( 63.49975488790501998, 5.271047526815129558, 119.3950535962928683 ) ) ;
#1927 = ORIENTED_EDGE ( 'NONE', *, *, #2878, .T. ) ;
#1928 = EDGE_CURVE ( 'NONE', #2621, #335, #1783, .T. ) ;
#1929 = CARTESIAN_POINT ( 'NONE',  ( 47.89284940403270241, 6.291504846233705095, 130.8476735261021986 ) ) ;
#1930 = DIRECTION ( 'NONE',  ( -0.000000000000000000, -0.000000000000000000, -1.000000000000000000 ) ) ;
#1931 = ORIENTED_EDGE ( 'NONE', *, *, #4430, .F. ) ;
#1932 = CARTESIAN_POINT ( 'NONE',  ( 62.00405866504448227, 7.142031051775712847, 141.9796761743650393 ) ) ;
#1933 = CARTESIAN_POINT ( 'NONE',  ( 58.76809692213402769, 8.511807670581456264, 176.7411409287003039 ) ) ;
#1934 = CARTESIAN_POINT ( 'NONE',  ( 63.51252146016539513, 5.280248471685369260, 132.7883833386890444 ) ) ;
#1935 = DIRECTION ( 'NONE',  ( 1.000000000000000000, 2.620428211445327472E-16, 0.000000000000000000 ) ) ;
#1936 = CARTESIAN_POINT ( 'NONE',  ( 49.66671152457386285, 7.731588385111097139, 142.3189432720844820 ) ) ;
#1937 = CARTESIAN_POINT ( 'NONE',  ( 46.97192478587607667, 5.983920253220628815, 95.25302015023602564 ) ) ;
#1938 = CARTESIAN_POINT ( 'NONE',  ( 62.52640870927754690, 6.588466231958600261, 129.7698191387793258 ) ) ;
#1939 = CARTESIAN_POINT ( 'NONE',  ( 51.59327452751440291, 9.420490314612502303, 152.4899705105718795 ) ) ;
#1940 = EDGE_CURVE ( 'NONE', #512, #3412, #4707, .T. ) ;
#1941 = CARTESIAN_POINT ( 'NONE',  ( 59.05930879471410577, 8.394981558994611959, 154.6611208950322407 ) ) ;
#1942 = CARTESIAN_POINT ( 'NONE',  ( 55.11503236896307811, 10.01711070217749189, 139.9686255808960880 ) ) ;
#1943 = CARTESIAN_POINT ( 'NONE',  ( 46.26515111590567386, 4.870041013991827761, 96.29867512976403532 ) ) ;
#1944 = AXIS2_PLACEMENT_3D ( 'NONE', #714, #924, #2533 ) ;
#1945 = CARTESIAN_POINT ( 'NONE',  ( 59.51034310500980951, 8.944539985705015184, 116.4376702565930799 ) ) ;
#1946 = CIRCLE ( 'NONE', #2879, 9.000000000000001776 ) ;
#1947 = CARTESIAN_POINT ( 'NONE',  ( 56.10150447838184107, 9.957105667169786400, 104.1894850598820170 ) ) ;
#1948 = CARTESIAN_POINT ( 'NONE',  ( 47.20004543314381351, 5.429916762065579050, 148.4653951233967746 ) ) ;
#1949 = CARTESIAN_POINT ( 'NONE',  ( 53.08248765452827200, 9.831420915287731432, 116.2096452194959397 ) ) ;
#1950 = CARTESIAN_POINT ( 'NONE',  ( 56.65852795480925153, 9.878945915877972439, 141.6544706676093313 ) ) ;
#1951 = AXIS2_PLACEMENT_3D ( 'NONE', #832, #3716, #731 ) ;
#1952 = CARTESIAN_POINT ( 'NONE',  ( 50.41981227463384130, 8.156482125065451783, 129.4678112480062566 ) ) ;
#1953 = CARTESIAN_POINT ( 'NONE',  ( 46.21803602711789694, 4.783575837418977628, 108.5677107640336487 ) ) ;
#1954 = ORIENTED_EDGE ( 'NONE', *, *, #1587, .T. ) ;
#1955 = CARTESIAN_POINT ( 'NONE',  ( 62.28069477105198359, 6.868238108318542423, 175.8195110234729555 ) ) ;
#1956 = CIRCLE ( 'NONE', #98, 9.000000000000001776 ) ;
#1957 = CARTESIAN_POINT ( 'NONE',  ( 61.63371456311633523, 7.487680896838837974, 129.1098295721981799 ) ) ;
#1958 = CARTESIAN_POINT ( 'NONE',  ( 0.000000000000000000, 0.000000000000000000, 0.000000000000000000 ) ) ;
#1959 = CARTESIAN_POINT ( 'NONE',  ( -9.000000000000001776, 0.000000000000000000, -10.00000000000000178 ) ) ;
#1960 = CARTESIAN_POINT ( 'NONE',  ( 47.33573746969564411, 6.427342441338722345, 142.5591126802051463 ) ) ;
#1961 = CARTESIAN_POINT ( 'NONE',  ( 48.71446570628426542, 7.058317190974043420, 94.12249734551498648 ) ) ;
#1962 = CARTESIAN_POINT ( 'NONE',  ( 63.38105570105262387, 5.470257608447998798, 137.1150706804634751 ) ) ;
#1963 = CARTESIAN_POINT ( 'NONE',  ( 57.16389473293805423, 8.969538888940890686, 105.2104212784058035 ) ) ;
#1964 = CARTESIAN_POINT ( 'NONE',  ( 47.03757161840276524, 6.053296636839292866, 137.8447358419207376 ) ) ;
#1965 = EDGE_CURVE ( 'NONE', #2023, #2129, #2209, .T. ) ;
#1966 = CARTESIAN_POINT ( 'NONE',  ( 48.18832488148273541, 7.331682285074561101, 150.8877614687609139 ) ) ;
#1967 = CARTESIAN_POINT ( 'NONE',  ( 47.84648948385846268, 6.240964304907217652, 130.9091198242040264 ) ) ;
#1968 = CARTESIAN_POINT ( 'NONE',  ( 59.05930879471594608, 8.394981558993778847, 117.3770377624434929 ) ) ;
#1969 = B_SPLINE_CURVE_WITH_KNOTS ( 'NONE', 3,
 ( #3343, #4391, #1503, #1816, #2240, #399, #800, #1464, #2596, #2922, #424, #4709, #2263, #3728, #1440, #4344, #4370, #3705, #1857, #759, #3301, #1080, #4414, #4015, #1882, #3318, #2173, #26, #734, #3640, #357, #2196, #3664, #4056, #379, #1125, #779, #860, #4481, #486, #548, #4161, #2707, #3450, #4457, #1213 ),
 .UNSPECIFIED., .F., .F.,
 ( 4, 2, 2, 2, 2, 2, 2, 2, 2, 2, 2, 2, 2, 2, 2, 2, 2, 2, 2, 2, 2, 2, 4 ),
 ( 0.02670436104153409151, 0.02819925873772818198, 0.02894670758582522027, 0.02969415643392225510, 0.03044160528201928992, 0.03118905413011632474, 0.03268395182631038398, 0.03417884952250443281, 0.03567374721869848858, 0.03716864491489254435, 0.03866354261108660012, 0.04015844030728066977, 0.04090588915537769765, 0.04165333800347471860, 0.04240078685157173954, 0.04314823569966876743, 0.04464313339586281626, 0.04539058224395983721, 0.04613803109205685815, 0.04763292878825091392, 0.04838037763634792099, 0.04912782648444494193, 0.05062272418063894219 ),
 .UNSPECIFIED. ) ;
#1970 = CARTESIAN_POINT ( 'NONE',  ( 63.51252146016354061, 5.280248471684770628, 108.7940923746330242 ) ) ;
#1971 = CARTESIAN_POINT ( 'NONE',  ( 53.32683844740376600, 9.863630171022419901, 165.2280866307455938 ) ) ;
#1972 = CARTESIAN_POINT ( 'NONE',  ( 48.56206203521963971, 6.931364329149412917, 163.2137662147338233 ) ) ;
#1973 = CARTESIAN_POINT ( 'NONE',  ( 57.85158107991598087, 9.603328847306656257, 140.8976432694721552 ) ) ;
#1974 = CARTESIAN_POINT ( 'NONE',  ( 47.00027721053684360, 5.123089033000382209, 134.3839821953802698 ) ) ;
#1975 = CARTESIAN_POINT ( 'NONE',  ( 49.14993703466953434, 8.115027429206371323, 104.7757015656208068 ) ) ;
#1976 = ORIENTED_EDGE ( 'NONE', *, *, #1580, .T. ) ;
#1977 = DIRECTION ( 'NONE',  ( 0.9487581048920091797, -0.3052490498131644192, -0.08173784918802208532 ) ) ;
#1978 = CARTESIAN_POINT ( 'NONE',  ( 62.51798235954228744, 6.598716221074279353, 176.3110013541429737 ) ) ;
#1979 = CARTESIAN_POINT ( 'NONE',  ( 62.28069477105201912, 6.868238108318877266, 137.8891045476319448 ) ) ;
#1980 = CARTESIAN_POINT ( 'NONE',  ( 55.69677459827614285, 9.993178946704151855, 115.1435432523046956 ) ) ;
#1981 = CARTESIAN_POINT ( 'NONE',  ( 50.31798015404012148, 8.095541075609279602, 142.1405211908892170 ) ) ;
#1982 = CARTESIAN_POINT ( 'NONE',  ( 46.99611979593750277, 5.116265858384927867, 97.94245027179420049 ) ) ;
#1983 = CARTESIAN_POINT ( 'NONE',  ( 62.69944752825639966, 6.384946949218246459, 142.5994535297012931 ) ) ;
#1984 = CARTESIAN_POINT ( 'NONE',  ( 59.90799249476172150, 8.717386969899800775, 139.6249522809089285 ) ) ;
#1985 = CARTESIAN_POINT ( 'NONE',  ( 55.00000000000000000, 0.000000000000000000, 80.00000000000000000 ) ) ;
#1986 = CARTESIAN_POINT ( 'NONE',  ( 56.65852795481070103, 9.878945915878068362, 154.2979394928959209 ) ) ;
#1987 = CARTESIAN_POINT ( 'NONE',  ( 46.10679977349124670, 4.572919050968829779, 133.9064599048171829 ) ) ;
#1988 = CARTESIAN_POINT ( 'NONE',  ( 53.30596085339879409, 9.066099362886939517, 117.1857360061345901 ) ) ;
#1989 = CARTESIAN_POINT ( 'NONE',  ( 63.58093193676739219, 5.170224649173266407, 110.9356841446327309 ) ) ;
#1990 = CARTESIAN_POINT ( 'NONE',  ( 47.41691183942197085, 5.728533843635015721, 149.1169145396136742 ) ) ;
#1991 = CARTESIAN_POINT ( 'NONE',  ( 54.32793912715421669, 9.176892457048360541, 164.2683186077659911 ) ) ;
#1992 = CARTESIAN_POINT ( 'NONE',  ( 57.88460117304831698, 8.793977291360704385, 129.2493224509115350 ) ) ;
#1993 = CARTESIAN_POINT ( 'NONE',  ( 52.26580499390995271, 8.832096614886289387, 117.2424472502504216 ) ) ;
#1994 = LINE ( 'NONE', #2433, #3478 ) ;
#1995 = CARTESIAN_POINT ( 'NONE',  ( 50.09101680733832040, 7.986924266592883903, 176.5295743727276658 ) ) ;
#1996 = EDGE_LOOP ( 'NONE', ( #2248, #3896, #2414, #2363 ) ) ;
#1997 = CARTESIAN_POINT ( 'NONE',  ( 63.87457847529200450, 4.608941689278576170, 147.3683766139565137 ) ) ;
#1998 = CARTESIAN_POINT ( 'NONE',  ( 63.85989481328446971, 4.637307061425409493, 172.9714177616067730 ) ) ;
#1999 = CARTESIAN_POINT ( 'NONE',  ( 48.76622486241243593, 7.827399227884221489, 114.5474395582370590 ) ) ;
#2000 = CARTESIAN_POINT ( 'NONE',  ( 59.59225466254736148, 8.140216882504326179, 176.5946803154588736 ) ) ;
#2001 = CARTESIAN_POINT ( 'NONE',  ( 51.96200554878883793, 9.527360060080138027, 116.2761616400772198 ) ) ;
#2002 = ORIENTED_EDGE ( 'NONE', *, *, #158, .F. ) ;
#2003 = CARTESIAN_POINT ( 'NONE',  ( 46.92594337315493647, 5.903099134265515247, 94.47977343906816827 ) ) ;
#2004 = CARTESIAN_POINT ( 'NONE',  ( 62.30828731379776286, 6.839066913561847372, 142.9216645796888940 ) ) ;
#2005 = CARTESIAN_POINT ( 'NONE',  ( 63.49975488790503420, 5.271047526815114459, 131.3921990783236140 ) ) ;
#2006 = CARTESIAN_POINT ( 'NONE',  ( 48.16810036782416660, 6.572245933587114841, 155.8280178903614797 ) ) ;
#2007 = CARTESIAN_POINT ( 'NONE',  ( 49.82645303404175507, 7.827406634454504797, 151.1601694280975039 ) ) ;
#2008 = CARTESIAN_POINT ( 'NONE',  ( 53.15206198002800875, 9.845117366679927429, 154.3018097385510430 ) ) ;
#2009 = CARTESIAN_POINT ( 'NONE',  ( 46.40832936611305826, 5.152572761275551194, 133.4476752582219774 ) ) ;
#2010 = CARTESIAN_POINT ( 'NONE',  ( 61.80902817085330270, 7.334075081431115528, 117.8990354070326987 ) ) ;
#2011 = ADVANCED_FACE ( 'NONE', ( #329 ), #2850, .T. ) ;
#2012 = CARTESIAN_POINT ( 'NONE',  ( 53.32683844740565604, 9.863630171022682802, 127.9440034981565759 ) ) ;
#2013 = CARTESIAN_POINT ( 'NONE',  ( 47.08784776273983397, 5.261320546974379120, 111.2804914835119661 ) ) ;
#2014 = B_SPLINE_CURVE_WITH_KNOTS ( 'NONE', 3,
 ( #1704, #3635, #3174, #3146, #1142, #2636, #2235, #1835, #797, #1900, #4093, #3298, #1164, #3359, #395, #2954, #4051, #774, #1519, #3339, #3700, #2615, #68, #2917, #4431, #4408, #1541, #1808, #1876, #4453, #47, #3279, #2192, #2283, #3661, #4728, #1479, #417, #1184, #2935, #2257, #4073, #21, #4034, #376, #3002, #818, #3743, #1460, #3722 ),
 .UNSPECIFIED., .F., .F.,
 ( 4, 2, 2, 2, 2, 2, 2, 2, 2, 2, 2, 2, 2, 2, 2, 2, 2, 2, 2, 2, 2, 2, 2, 2, 4 ),
 ( 0.002779998200560663234, 0.004275270878121490738, 0.005770543555682318242, 0.007265816233243146613, 0.008013452572023566436, 0.008761088910803987995, 0.009508725249584407818, 0.01025636158836482764, 0.01100399792714524747, 0.01175163426592566729, 0.01249927060470609058, 0.01324690694348651041, 0.01399454328226693023, 0.01474217962104735005, 0.01548981595982777335, 0.01623745229860819664, 0.01698508863738861299, 0.01773272497616903629, 0.01922799765372989328, 0.01997563399251031657, 0.02072327033129073293, 0.02221854300885157257, 0.02371381568641241222, 0.02520908836397324840, 0.02670436104153409151 ),
 .UNSPECIFIED. ) ;
#2015 = CARTESIAN_POINT ( 'NONE',  ( 60.98315074442973582, 8.017572207114987748, 104.8229327183155561 ) ) ;
#2016 = CARTESIAN_POINT ( 'NONE',  ( 63.89482594144078575, 4.569743765328385443, 122.1446083229431281 ) ) ;
#2017 = CARTESIAN_POINT ( 'NONE',  ( 60.17305398007282236, 7.827698975263116310, 142.2686576819458253 ) ) ;
#2018 = AXIS2_PLACEMENT_3D ( 'NONE', #1360, #3581, #1386 ) ;
#2019 = CARTESIAN_POINT ( 'NONE',  ( 60.91257353398653862, 7.344865888633693274, 129.9086016372168615 ) ) ;
#2020 = CARTESIAN_POINT ( 'NONE',  ( 63.38105570105262387, 5.470257608448016562, 113.1207797164018558 ) ) ;
#2021 = DIRECTION ( 'NONE',  ( 1.000000000000000000, 0.000000000000000000, 0.000000000000000000 ) ) ;
#2022 = CARTESIAN_POINT ( 'NONE',  ( 50.41981227463384130, 8.156482125065457112, 167.3982177238434872 ) ) ;
#2023 = VERTEX_POINT ( 'NONE', #869 ) ;
#2024 = CARTESIAN_POINT ( 'NONE',  ( 50.10597725747445708, 8.739175768930799393, 102.9323608708469777 ) ) ;
#2025 = EDGE_CURVE ( 'NONE', #3670, #1720, #2193, .T. ) ;
#2026 = CARTESIAN_POINT ( 'NONE',  ( 60.21535026521144118, 8.537251581569815784, 139.5565710337052963 ) ) ;
#2027 = CARTESIAN_POINT ( 'NONE',  ( 48.07090099777945369, 6.475778089736076382, 113.5066275800056133 ) ) ;
#2028 = CARTESIAN_POINT ( 'NONE',  ( 60.23029704232364168, 7.793699469761559584, 176.4299741904924304 ) ) ;
#2029 = CARTESIAN_POINT ( 'NONE',  ( 47.62996333539076232, 6.775380419533732379, 151.1922969333083415 ) ) ;
#2030 = ORIENTED_EDGE ( 'NONE', *, *, #3807, .T. ) ;
#2031 = CARTESIAN_POINT ( 'NONE',  ( 60.81497358516173790, 8.142454249387501619, 142.0908827834061299 ) ) ;
#2032 = CARTESIAN_POINT ( 'NONE',  ( 59.39943757162941296, 8.998589038412783125, 167.0817900755203880 ) ) ;
#2033 = CARTESIAN_POINT ( 'NONE',  ( 47.89284940403270241, 6.291504846233705095, 156.1346111766603428 ) ) ;
#2034 = CARTESIAN_POINT ( 'NONE',  ( -8.485281374238571317, 2.999999999999999112, -10.00000000000000178 ) ) ;
#2035 = CARTESIAN_POINT ( 'NONE',  ( 47.14677279187604597, 5.350798455525759501, 111.5996425048825103 ) ) ;
#2036 = CARTESIAN_POINT ( 'NONE',  ( 49.40957327284355927, 8.298042930168444187, 126.7627815249853853 ) ) ;
#2037 = CARTESIAN_POINT ( 'NONE',  ( 56.65852795480962101, 9.878945915875529948, 93.01956539624526954 ) ) ;
#2038 = CARTESIAN_POINT ( 'NONE',  ( 62.87283073483806817, 5.321715180618387109, 157.9329739712307230 ) ) ;
#2039 = CARTESIAN_POINT ( 'NONE',  ( 47.03122524527839943, 5.172883716200233906, 134.8338734957377198 ) ) ;
#2040 = CARTESIAN_POINT ( 'NONE',  ( 62.97454941799733774, 6.037847411505484985, 118.3183765476829450 ) ) ;
#2041 = CARTESIAN_POINT ( 'NONE',  ( 58.00222507193218036, 9.538903794036253103, 103.1002811010998528 ) ) ;
#2042 = CARTESIAN_POINT ( 'NONE',  ( 46.99611979593750277, 5.116265858384927867, 109.9395957538250457 ) ) ;
#2043 = CARTESIAN_POINT ( 'NONE',  ( 46.38656434264655815, 5.081693682480135976, 144.4078070142412287 ) ) ;
#2044 = CARTESIAN_POINT ( 'NONE',  ( 62.30828731379973107, 6.839066913562102279, 106.2839047903425183 ) ) ;
#2045 = CARTESIAN_POINT ( 'NONE',  ( 52.44126044772263384, 8.891028577845771608, 176.8492897917422795 ) ) ;
#2046 = CARTESIAN_POINT ( 'NONE',  ( 54.05976864150436967, 9.959940903609210139, 177.8891997953541022 ) ) ;
#2047 = DIRECTION ( 'NONE',  ( -1.000000000000000000, 0.000000000000000000, 0.000000000000000000 ) ) ;
#2048 = CARTESIAN_POINT ( 'NONE',  ( 47.55172446441825684, 5.899514450579429692, 119.3829185500564876 ) ) ;
#2049 = CARTESIAN_POINT ( 'NONE',  ( 0.000000000000000000, 0.000000000000000000, 50.00000000000000000 ) ) ;
#2050 = CARTESIAN_POINT ( 'NONE',  ( 52.37330849492776252, 8.872119490500683270, 176.8456376323595123 ) ) ;
#2051 = ORIENTED_EDGE ( 'NONE', *, *, #1177, .T. ) ;
#2052 = CARTESIAN_POINT ( 'NONE',  ( 48.18832488148366622, 7.331682285074666794, 102.2528561973893062 ) ) ;
#2053 = CARTESIAN_POINT ( 'NONE',  ( 62.57035984036885168, 5.752953572801601467, 136.5431227469882458 ) ) ;
#2054 = CARTESIAN_POINT ( 'NONE',  ( 47.22401348881123084, 5.463691046409051566, 111.9132163080941496 ) ) ;
#2055 = CARTESIAN_POINT ( 'NONE',  ( 58.23492339567820153, 8.697871510119062677, 176.7969171959251753 ) ) ;
#2056 = CARTESIAN_POINT ( 'NONE',  ( 51.79458057772388457, 9.489712760962163429, 152.5065946966386434 ) ) ;
#2057 = CARTESIAN_POINT ( 'NONE',  ( 46.53894416134638590, 5.361538783805793962, 170.4433546352735789 ) ) ;
#2058 = ORIENTED_EDGE ( 'NONE', *, *, #4473, .F. ) ;
#2059 = CARTESIAN_POINT ( 'NONE',  ( 54.02179853934021736, 9.956378943639787593, 166.9372823931546463 ) ) ;
#2060 = CARTESIAN_POINT ( 'NONE',  ( 47.45766495379729832, 5.780647371009949964, 156.8619394516736634 ) ) ;
#2061 = CARTESIAN_POINT ( 'NONE',  ( 58.35242213592603377, 9.439016129247134401, 93.06925341711563249 ) ) ;
#2062 = CARTESIAN_POINT ( 'NONE',  ( 63.57137326608003036, 5.153131602647213150, 156.9045458191978923 ) ) ;
#2063 = CARTESIAN_POINT ( 'NONE',  ( 46.20871973579080105, 4.766325302417089738, 135.5155347805961412 ) ) ;
#2064 = CARTESIAN_POINT ( 'NONE',  ( 50.87292700822172264, 9.126714044405597193, 92.38439541985634662 ) ) ;
#2065 = CARTESIAN_POINT ( 'NONE',  ( 59.04305895139646054, 8.400247012403871949, 117.3733221955854873 ) ) ;
#2066 = CARTESIAN_POINT ( 'NONE',  ( 63.14013181088597548, 5.831433192483908456, 119.4855849780990553 ) ) ;
#2067 = CARTESIAN_POINT ( 'NONE',  ( 51.66770777369648471, 9.446314554128370844, 127.0853872861227956 ) ) ;
#2068 = CARTESIAN_POINT ( 'NONE',  ( 46.99544896960803442, 5.115165755695207039, 110.1642006996511043 ) ) ;
#2069 = CARTESIAN_POINT ( 'NONE',  ( 62.45465153030921357, 6.679435296492469476, 106.4293748031375628 ) ) ;
#2070 = CARTESIAN_POINT ( 'NONE',  ( 61.51270847242496842, 7.593153700050412347, 127.0981707812934332 ) ) ;
#2071 = CARTESIAN_POINT ( 'NONE',  ( 46.10605441087212597, 4.571452247488385190, 146.8194546651212420 ) ) ;
#2072 = CARTESIAN_POINT ( 'NONE',  ( 62.56214639762701069, 5.765419674384433257, 136.5697937369602641 ) ) ;
#2073 = CARTESIAN_POINT ( 'NONE',  ( 47.29554914561144585, 5.565355518015583591, 119.9964879021214159 ) ) ;
#2074 = DIRECTION ( 'NONE',  ( 1.224646799147353207E-16, 1.000000000000000000, -0.000000000000000000 ) ) ;
#2075 = CARTESIAN_POINT ( 'NONE',  ( 49.38021110991950735, 8.276418821143119331, 153.9829608416243616 ) ) ;
#2076 = ORIENTED_EDGE ( 'NONE', *, *, #3616, .F. ) ;
#2077 = CARTESIAN_POINT ( 'NONE',  ( 46.67041506487068148, 5.541853993703092840, 101.2322812180673850 ) ) ;
#2078 = CARTESIAN_POINT ( 'NONE',  ( 62.67237988899350398, 6.417539175028458942, 138.2170169332622720 ) ) ;
#2079 = CARTESIAN_POINT ( 'NONE',  ( 49.82645303404080295, 7.827406634454304957, 114.5224096387566846 ) ) ;
#2080 = CARTESIAN_POINT ( 'NONE',  ( 53.23254026797670235, 9.052129902008438478, 167.1163081081743087 ) ) ;
#2081 = EDGE_LOOP ( 'NONE', ( #4060, #3290 ) ) ;
#2082 = CARTESIAN_POINT ( 'NONE',  ( 49.30801555997229002, 8.227184911557252178, 92.72664907968744785 ) ) ;
#2083 = CARTESIAN_POINT ( 'NONE',  ( 63.87399785250332229, 4.610057315488592877, 146.0611408295243905 ) ) ;
#2084 = CARTESIAN_POINT ( 'NONE',  ( 56.10150447837806809, 9.957105667169980023, 166.1141824997772005 ) ) ;
#2085 = CARTESIAN_POINT ( 'NONE',  ( 62.36007694962879100, 6.774563648195802479, 154.9006852223724593 ) ) ;
#2086 = CARTESIAN_POINT ( 'NONE',  ( 57.67061898116735819, 9.654017173200378110, 104.2487589767948180 ) ) ;
#2087 = CARTESIAN_POINT ( 'NONE',  ( 47.00567567153769488, 5.131674157883350240, 109.6488525101741232 ) ) ;
#2088 = CARTESIAN_POINT ( 'NONE',  ( 48.07090099778042003, 6.475778089735367615, 125.5037730620356058 ) ) ;
#2089 = CARTESIAN_POINT ( 'NONE',  ( 60.97034310623994458, 7.302337242771387515, 93.94525832905202378 ) ) ;
#2090 = CARTESIAN_POINT ( 'NONE',  ( 63.29693824496889221, 5.609128168304954976, 157.1826287169286900 ) ) ;
#2091 = CARTESIAN_POINT ( 'NONE',  ( 47.05165498302734051, 6.072516980859568037, 130.2767396336230945 ) ) ;
#2092 = CARTESIAN_POINT ( 'NONE',  ( 55.97218262889732188, 9.969514250595711502, 140.8250869532706133 ) ) ;
#2093 = CARTESIAN_POINT ( 'NONE',  ( 62.97778315077305678, 5.161202783021804130, 121.2622528942924447 ) ) ;
#2094 = CARTESIAN_POINT ( 'NONE',  ( 60.81497358516165974, 8.142454249387110821, 117.4502684760999642 ) ) ;
#2095 = CARTESIAN_POINT ( 'NONE',  ( 53.94135260373420948, 9.948228571440369095, 127.1375039364697273 ) ) ;
#2096 = CARTESIAN_POINT ( 'NONE',  ( 48.24224938975287102, 6.643585118844161919, 106.4777635500942807 ) ) ;
#2097 = CARTESIAN_POINT ( 'NONE',  ( 61.90514189909322340, 6.499730951317779670, 113.5317266100649078 ) ) ;
#2098 = CARTESIAN_POINT ( 'NONE',  ( 50.09101680733835593, 7.986924266592896338, 126.6020224148595759 ) ) ;
#2099 = CARTESIAN_POINT ( 'NONE',  ( 54.03101267884603942, 9.146399794390291049, 176.9059312710697327 ) ) ;
#2100 = B_SPLINE_CURVE_WITH_KNOTS ( 'NONE', 3,
 ( #1094, #1071, #3952, #1776, #3218, #2910, #2158, #4280, #2541, #2086, #673, #3627, #261, #1725, #4671, #3548, #649, #3199, #4698, #1008, #2134, #2471, #288, #317, #3243, #1428, #344, #3817, #530, #3431, #2800, #3536, #638, #996, #1370, #3101, #2020, #4268, #3076, #219, #3457, #4169, #4244, #1286, #4611, #3914, #2826, #4585, #140, #1611, #248, #3185 ),
 .UNSPECIFIED., .F., .F.,
 ( 4, 2, 2, 2, 2, 2, 2, 2, 2, 2, 2, 2, 2, 2, 2, 2, 2, 2, 2, 2, 2, 2, 2, 2, 2, 4 ),
 ( 0.05223588426280205421, 0.05396372264429215304, 0.05482764183503720246, 0.05569156102578225187, 0.05741939940727235070, 0.05914723778876244953, 0.06087507617025254836, 0.06260291455174264719, 0.06346683374248771048, 0.06433075293323275989, 0.06519467212397782319, 0.06605859131472287260, 0.06692251050546793589, 0.06778642969621298531, 0.06865034888695803472, 0.06951426807770309801, 0.07037818726844814743, 0.07124210645919321072, 0.07296994484068332343, 0.07469778322217343614, 0.07556170241291851331, 0.07642562160366356272, 0.07728954079440863989, 0.07815345998515370318, 0.07901737917589878035, 0.07988129836664384364 ),
 .UNSPECIFIED. ) ;
#2101 = CARTESIAN_POINT ( 'NONE',  ( 57.16389473293802581, 8.969538888940899568, 129.2047122424674228 ) ) ;
#2102 = CARTESIAN_POINT ( 'NONE',  ( 47.00027721053686491, 5.123089033000383097, 172.3143886712175572 ) ) ;
#2103 = CARTESIAN_POINT ( 'NONE',  ( 47.02274622614077515, 5.159411770475970549, 158.6804776235619840 ) ) ;
#2104 = CARTESIAN_POINT ( 'NONE',  ( 56.70869343931311590, 9.063876489394608882, 102.9672550212167579 ) ) ;
#2105 = AXIS2_PLACEMENT_3D ( 'NONE', #4345, #4540, #3163 ) ;
#2106 = CARTESIAN_POINT ( 'NONE',  ( 47.12589686711790193, 5.319791508086498588, 111.4951971992141040 ) ) ;
#2107 = CARTESIAN_POINT ( 'NONE',  ( 54.71122797480398248, 9.185570436763899949, 167.0894002580915867 ) ) ;
#2108 = EDGE_LOOP ( 'NONE', ( #1420, #2268 ) ) ;
#2109 = CYLINDRICAL_SURFACE ( 'NONE', #3853, 5.000000000000004441 ) ;
#2110 = CARTESIAN_POINT ( 'NONE',  ( 63.59493378326877178, 5.147221717292318033, 146.1358495341266064 ) ) ;
#2111 = CARTESIAN_POINT ( 'NONE',  ( 57.85158107991598087, 9.603328847306656257, 166.1845809200303279 ) ) ;
#2112 = CARTESIAN_POINT ( 'NONE',  ( 63.76007309217547459, 4.823683520021471161, 157.7160382942013541 ) ) ;
#2113 = CARTESIAN_POINT ( 'NONE',  ( 49.86043717471093117, 8.582891682699424152, 128.5675850898453234 ) ) ;
#2114 = CARTESIAN_POINT ( 'NONE',  ( 47.54578551198117964, 6.680007889704361546, 125.7219812666594976 ) ) ;
#2115 = CARTESIAN_POINT ( 'NONE',  ( 54.37300921454382774, 9.171751586878754026, 93.17021242084616972 ) ) ;
#2116 = CARTESIAN_POINT ( 'NONE',  ( 48.01607300787497223, 7.162320828072661349, 129.3225163943518510 ) ) ;
#2117 = CARTESIAN_POINT ( 'NONE',  ( 46.53894416134544798, 5.361538783807166197, 157.7998858099908830 ) ) ;
#2118 = ADVANCED_FACE ( 'NONE', ( #3487 ), #3723, .T. ) ;
#2119 = CARTESIAN_POINT ( 'NONE',  ( 62.28731661939691833, 6.090210063078561831, 119.1058370525063310 ) ) ;
#2120 = CARTESIAN_POINT ( 'NONE',  ( 57.49307983565712021, 9.702713830323215660, 127.9138533704784209 ) ) ;
#2121 = CARTESIAN_POINT ( 'NONE',  ( 46.20871973579093606, 4.766325302417357967, 111.5212438165344366 ) ) ;
#2122 = CARTESIAN_POINT ( 'NONE',  ( 62.67237988899408663, 6.417539175027727083, 114.2227259691987769 ) ) ;
#2123 = CARTESIAN_POINT ( 'NONE',  ( 55.63903762998472757, 9.181140437901788687, 176.9129583367434577 ) ) ;
#2124 = CARTESIAN_POINT ( 'NONE',  ( 63.70786460592224643, 4.918311851936072898, 144.7995537954677729 ) ) ;
#2125 = CARTESIAN_POINT ( 'NONE',  ( 60.63252385833555280, 7.540011595381823639, 151.0002376401359925 ) ) ;
#2126 = CARTESIAN_POINT ( 'NONE',  ( 48.05333913996454953, 7.203965809688756217, 155.2738280154038648 ) ) ;
#2127 = CARTESIAN_POINT ( 'NONE',  ( 50.61455108019372062, 9.005583512731835327, 103.0009673965023040 ) ) ;
#2128 = CARTESIAN_POINT ( 'NONE',  ( 62.36007694962881232, 6.774563648195772281, 93.62231112572182212 ) ) ;
#2129 = VERTEX_POINT ( 'NONE', #1023 ) ;
#2130 = CARTESIAN_POINT ( 'NONE',  ( 51.38717287929958388, 9.344062856104358161, 92.32582724251098227 ) ) ;
#2131 = CARTESIAN_POINT ( 'NONE',  ( 63.00399006132136037, 5.116086936991082190, 146.8463081495213203 ) ) ;
#2132 = CARTESIAN_POINT ( 'NONE',  ( 63.89263304186031434, 4.574059342237386083, 171.7788884952273918 ) ) ;
#2133 = CARTESIAN_POINT ( 'NONE',  ( 62.52640870927754690, 6.588466231958600261, 155.0567567893374985 ) ) ;
#2134 = CARTESIAN_POINT ( 'NONE',  ( 62.96129326636312840, 6.054778097764095257, 106.3014049475456062 ) ) ;
#2135 = CARTESIAN_POINT ( 'NONE',  ( 59.52117972281780567, 8.186041185794989516, 129.4523365836321886 ) ) ;
#2136 = CARTESIAN_POINT ( 'NONE',  ( 47.13522587829005772, 5.333850940081759973, 120.6087098027777955 ) ) ;
#2137 = CARTESIAN_POINT ( 'NONE',  ( 63.41151093087721335, 5.421836002781305730, 101.0461066931601692 ) ) ;
#2138 = CARTESIAN_POINT ( 'NONE',  ( 56.64974393248181173, 9.867243156427706552, 115.9475342164608236 ) ) ;
#2139 = CARTESIAN_POINT ( 'NONE',  ( 53.23254026797666683, 9.052129902008433149, 117.1887561503062614 ) ) ;
#2140 = CARTESIAN_POINT ( 'NONE',  ( 58.00222507193293353, 9.538903794036023953, 151.7351863724714462 ) ) ;
#2141 = CARTESIAN_POINT ( 'NONE',  ( 46.49562888470856592, 5.293167367075288787, 108.7461454190636374 ) ) ;
#2142 = CARTESIAN_POINT ( 'NONE',  ( 62.69720926563428520, 6.400779514661438796, 113.4363223747418061 ) ) ;
#2143 = CARTESIAN_POINT ( 'NONE',  ( 46.88239209525801243, 5.857169171159078758, 162.9259765473758250 ) ) ;
#2144 = CARTESIAN_POINT ( 'NONE',  ( 63.73652144475722281, 4.867065980979947248, 123.8466321020583223 ) ) ;
#2145 = CARTESIAN_POINT ( 'NONE',  ( 62.90854613541825557, 6.133572449306416097, 150.6021590137757471 ) ) ;
#2146 = CARTESIAN_POINT ( 'NONE',  ( 47.03757161840274392, 6.053296636839285760, 150.4882046671997955 ) ) ;
#2147 = CARTESIAN_POINT ( 'NONE',  ( 54.71122797480398248, 9.185570436763899949, 141.8024626075334709 ) ) ;
#2148 = CARTESIAN_POINT ( 'NONE',  ( 55.21219620077409473, 10.01435648357947805, 127.9709883175013090 ) ) ;
#2149 = CARTESIAN_POINT ( 'NONE',  ( 47.62996333539076232, 6.775380419533732379, 176.4792345838665426 ) ) ;
#2150 = CARTESIAN_POINT ( 'NONE',  ( 46.70182735340340230, 5.607350095415218227, 100.2514036789540910 ) ) ;
#2151 = DIRECTION ( 'NONE',  ( 0.000000000000000000, 0.000000000000000000, -1.000000000000000000 ) ) ;
#2152 = CARTESIAN_POINT ( 'NONE',  ( 49.96884337090178718, 8.646839764344280255, 164.8859604216640662 ) ) ;
#2153 = ORIENTED_EDGE ( 'NONE', *, *, #2288, .T. ) ;
#2154 = CARTESIAN_POINT ( 'NONE',  ( 63.51252146016353350, 5.280248471685245804, 145.4318521639681308 ) ) ;
#2155 = CARTESIAN_POINT ( 'NONE',  ( 60.97034310623993747, 7.302337242769535663, 167.8671012509831542 ) ) ;
#2156 = CARTESIAN_POINT ( 'NONE',  ( 47.69388215472589820, 6.841279761360972600, 150.5091166454661220 ) ) ;
#2157 = FACE_OUTER_BOUND ( 'NONE', #3840, .T. ) ;
#2158 = CARTESIAN_POINT ( 'NONE',  ( 55.10291375400689162, 10.00367418119094864, 104.1814510210643192 ) ) ;
#2159 = CARTESIAN_POINT ( 'NONE',  ( 52.37330849492776963, 8.872119490500677941, 114.9209401924605061 ) ) ;
#2160 = CARTESIAN_POINT ( 'NONE',  ( 47.44831991125062132, 5.768367987464323221, 119.6009459326940885 ) ) ;
#2161 = CARTESIAN_POINT ( 'NONE',  ( 62.42870366399719018, 6.708147977603911905, 101.7541485489087592 ) ) ;
#2162 = CARTESIAN_POINT ( 'NONE',  ( 59.59225466254738990, 8.140216882504324403, 163.9512114901798441 ) ) ;
#2163 = CARTESIAN_POINT ( 'NONE',  ( 62.15695394351463676, 6.237117613918480963, 162.5149917110033471 ) ) ;
#2164 = CARTESIAN_POINT ( 'NONE',  ( 53.08248765452830042, 9.831420915287738538, 140.8502595268058428 ) ) ;
#2165 = CARTESIAN_POINT ( 'NONE',  ( 46.44344115341603896, 5.177805941661429046, 156.8553994448421065 ) ) ;
#2166 = CARTESIAN_POINT ( 'NONE',  ( 55.70345532960203627, 9.175000524501768950, 117.1638761035025027 ) ) ;
#2167 = CARTESIAN_POINT ( 'NONE',  ( 63.07831368495487823, 5.897313240179895999, 125.6668953410598704 ) ) ;
#2168 = CARTESIAN_POINT ( 'NONE',  ( 48.22970048141960575, 7.369820596812604485, 155.1589704039168112 ) ) ;
#2169 = CARTESIAN_POINT ( 'NONE',  ( 47.01285467194235679, 5.143239718313672881, 147.2510002924182118 ) ) ;
#2170 = CARTESIAN_POINT ( 'NONE',  ( 58.00222507193218036, 9.538903794036253103, 115.0974265831307122 ) ) ;
#2171 = B_SPLINE_CURVE_WITH_KNOTS ( 'NONE', 3,
 ( #810, #2205, #2227, #387, #1157, #40, #1846, #3310, #1512, #2606, #3713, #4065, #789, #436, #1531, #1893, #3350, #2993, #4443, #179, #1648, #4181, #984, #3443, #597, #3470, #4596, #152, #4229, #569, #230, #1621, #1323, #3088, #2418, #1963, #3522, #1697, #2812, #3421, #4544, #4624, #1273, #542, #129, #1601 ),
 .UNSPECIFIED., .F., .F.,
 ( 4, 2, 2, 2, 2, 2, 2, 2, 2, 2, 2, 2, 2, 2, 2, 2, 2, 2, 2, 2, 2, 2, 4 ),
 ( 0.02670436104153409151, 0.02819925873772818198, 0.02894670758582522027, 0.02969415643392225510, 0.03044160528201928992, 0.03118905413011632474, 0.03268395182631038398, 0.03417884952250443281, 0.03567374721869848858, 0.03716864491489254435, 0.03866354261108660012, 0.04015844030728066977, 0.04090588915537769765, 0.04165333800347471860, 0.04240078685157173954, 0.04314823569966876743, 0.04464313339586281626, 0.04539058224395983721, 0.04613803109205685815, 0.04763292878825091392, 0.04838037763634792099, 0.04912782648444494193, 0.05062272418063894219 ),
 .UNSPECIFIED. ) ;
#2172 = CARTESIAN_POINT ( 'NONE',  ( 48.01457603732397672, 7.166525625399494004, 176.0581428682816352 ) ) ;
#2173 = CARTESIAN_POINT ( 'NONE',  ( 60.91257353398655994, 7.344865888633686168, 93.91716519112439698 ) ) ;
#2174 =( BOUNDED_SURFACE ( )  B_SPLINE_SURFACE ( 3, 2, ( 
 ( #4292, #3911, #636 ),
 ( #246, #3858, #4216 ),
 ( #3938, #1766, #937 ),
 ( #2123, #661, #4265 ),
 ( #1056, #4662, #3124 ),
 ( #4582, #969, #4609 ),
 ( #2099, #3966, #1334 ),
 ( #304, #1416, #684 ),
 ( #3210, #3614, #583 ),
 ( #2045, #3563, #1710 ),
 ( #216, #1684, #994 ),
 ( #4242, #3182, #4638 ),
 ( #1368, #2824, #2457 ),
 ( #275, #1738, #1394 ),
 ( #4390, #4037, #3639 ),
 ( #1815, #2262, #4708 ),
 ( #1463, #1079, #4014 ),
 ( #4343, #2195, #2983 ),
 ( #711, #2172, #2239 ),
 ( #1881, #423, #3254 ),
 ( #1147, #3283, #4413 ),
 ( #3663, #328, #1483 ),
 ( #3342, #52, #2595 ),
 ( #2218, #378, #4055 ),
 ( #3317, #1838, #778 ),
 ( #1502, #2940, #1124 ),
 ( #2573, #758, #1523 ),
 ( #1856, #3682, #4435 ),
 ( #398, #25, #4154 ),
 ( #2637, #3591, #306 ),
 ( #1059, #2780, #3895 ),
 ( #3193, #2466, #1796 ),
 ( #3265, #643, #4715 ),
 ( #4227, #953, #3570 ),
 ( #2413, #2057, #282 ),
 ( #2989, #13, #2579 ),
 ( #2559, #3308, #3369 ),
 ( #2965, #1447, #3997 ),
 ( #3688, #4023, #2270 ),
 ( #4081, #4419, #4351 ),
 ( #1087, #742, #4377 ),
 ( #2224, #2203, #807 ),
 ( #4062, #4397, #3669 ),
 ( #1529, #1171, #4439 ),
 ( #785, #1909, #4736 ),
 ( #1470, #720, #2179 ),
 ( #384, #3649, #1843 ),
 ( #364, #1488, #3734 ),
 ( #1823, #3289, #3347 ),
 ( #2623, #453, #2927 ),
 ( #2246, #1110, #3710 ),
 ( #2944, #1132, #4042 ),
 ( #764, #406, #1154 ),
 ( #1862, #3324, #36 ) ),
 .UNSPECIFIED., .F., .F., .F. ) 
 B_SPLINE_SURFACE_WITH_KNOTS ( ( 4, 2, 2, 2, 2, 2, 2, 2, 2, 2, 2, 2, 2, 2, 2, 2, 2, 2, 2, 2, 2, 2, 2, 2, 2, 2, 4 ),
 ( 3, 3 ),
 ( 0.02576872991869785454, 0.02737927553861655566, 0.02898982115853526026, 0.02979509396849461256, 0.03060036677845396486, 0.03221091239837266945, 0.03382145801829137405, 0.03462673082825072635, 0.03543200363821007864, 0.03623727644816943094, 0.03704254925812878324, 0.03865309487804748784, 0.03945836768800684013, 0.04026364049796619243, 0.04106891330792554473, 0.04187418611788489703, 0.04267945892784424933, 0.04348473173780360163, 0.04429000454776295392, 0.04509527735772230622, 0.04590055016768165852, 0.04670582297764101082, 0.04751109578760036312, 0.04831636859755971541, 0.04912164140751906771, 0.04992691421747842001, 0.05153745983739712461 ),
 ( 0.000000000000000000, 1.000000000000000000 ),
 .UNSPECIFIED. ) 
 GEOMETRIC_REPRESENTATION_ITEM ( )  RATIONAL_B_SPLINE_SURFACE ( (
 ( 1.000000000000000000, 0.7893766639933647022, 1.000000000000000000),
 ( 1.000000000000000000, 0.7825608850403387162, 1.000000000000000000),
 ( 1.000000000000000000, 0.7771021633351062885, 1.000000000000000000),
 ( 1.000000000000000000, 0.7705973665936691752, 1.000000000000000000),
 ( 1.000000000000000000, 0.7695258663428889978, 1.000000000000000000),
 ( 1.000000000000000000, 0.7713532626316703666, 1.000000000000000000),
 ( 1.000000000000000000, 0.7725286462564512346, 1.000000000000000000),
 ( 1.000000000000000000, 0.7759640334789171812, 1.000000000000000000),
 ( 1.000000000000000000, 0.7782203734833643693, 1.000000000000000000),
 ( 1.000000000000000000, 0.7862364096874865371, 1.000000000000000000),
 ( 1.000000000000000000, 0.7932838177401023705, 1.000000000000000000),
 ( 1.000000000000000000, 0.8089164715662441330, 1.000000000000000000),
 ( 1.000000000000000000, 0.8175560581406663418, 1.000000000000000000),
 ( 1.000000000000000000, 0.8293815250396840977, 1.000000000000000000),
 ( 1.000000000000000000, 0.8331564301209263279, 1.000000000000000000),
 ( 1.000000000000000000, 0.8401216011109934323, 1.000000000000000000),
 ( 1.000000000000000000, 0.8433292833434569147, 1.000000000000000000),
 ( 1.000000000000000000, 0.8488115562013627269, 1.000000000000000000),
 ( 1.000000000000000000, 0.8511007898940280425, 1.000000000000000000),
 ( 1.000000000000000000, 0.8547420613064630190, 1.000000000000000000),
 ( 1.000000000000000000, 0.8560984231036320447, 1.000000000000000000),
 ( 1.000000000000000000, 0.8588155039591877093, 1.000000000000000000),
 ( 1.000000000000000000, 0.8587820620767235846, 1.000000000000000000),
 ( 1.000000000000000000, 0.8576185801973872369, 1.000000000000000000),
 ( 1.000000000000000000, 0.8570536465222906575, 1.000000000000000000),
 ( 1.000000000000000000, 0.8559083013765063086, 1.000000000000000000),
 ( 1.000000000000000000, 0.8553250822065242565, 1.000000000000000000),
 ( 1.000000000000000000, 0.8543789501288118204, 1.000000000000000000),
 ( 1.000000000000000000, 0.8540204092089364041, 1.000000000000000000),
 ( 1.000000000000000000, 0.8536811764978323724, 1.000000000000000000),
 ( 1.000000000000000000, 0.8536952463235545352, 1.000000000000000000),
 ( 1.000000000000000000, 0.8540874963651323704, 1.000000000000000000),
 ( 1.000000000000000000, 0.8544710660372635269, 1.000000000000000000),
 ( 1.000000000000000000, 0.8554464632890402820, 1.000000000000000000),
 ( 1.000000000000000000, 0.8560366967961541285, 1.000000000000000000),
 ( 1.000000000000000000, 0.8571760181855965222, 1.000000000000000000),
 ( 1.000000000000000000, 0.8577278933287880713, 1.000000000000000000),
 ( 1.000000000000000000, 0.8584490022496301664, 1.000000000000000000),
 ( 1.000000000000000000, 0.8586165396469922495, 1.000000000000000000),
 ( 1.000000000000000000, 0.8582760942370870616, 1.000000000000000000),
 ( 1.000000000000000000, 0.8577641227061841844, 1.000000000000000000),
 ( 1.000000000000000000, 0.8558135268182202049, 1.000000000000000000),
 ( 1.000000000000000000, 0.8543941140443731541, 1.000000000000000000),
 ( 1.000000000000000000, 0.8506077918238477142, 1.000000000000000000),
 ( 1.000000000000000000, 0.8482408245658680235, 1.000000000000000000),
 ( 1.000000000000000000, 0.8425896108486427005, 1.000000000000000000),
 ( 1.000000000000000000, 0.8393481563450050364, 1.000000000000000000),
 ( 1.000000000000000000, 0.8322870269461658532, 1.000000000000000000),
 ( 1.000000000000000000, 0.8284595966005531276, 1.000000000000000000),
 ( 1.000000000000000000, 0.8204604413419246400, 1.000000000000000000),
 ( 1.000000000000000000, 0.8162885345088963795, 1.000000000000000000),
 ( 1.000000000000000000, 0.8039529003816564545, 1.000000000000000000),
 ( 1.000000000000000000, 0.7958850563967858616, 1.000000000000000000),
 ( 1.000000000000000000, 0.7890828154404134764, 1.000000000000000000) ) ) 
 REPRESENTATION_ITEM ( '' )  SURFACE ( )  );
#2175 = DIRECTION ( 'NONE',  ( 0.000000000000000000, 0.000000000000000000, -1.000000000000000000 ) ) ;
#2176 = CARTESIAN_POINT ( 'NONE',  ( 49.46354180470394368, 8.334154943298328178, 105.3733434401592319 ) ) ;
#2177 = CARTESIAN_POINT ( 'NONE',  ( 49.14993703466952013, 8.115027429206369547, 166.7003990055197846 ) ) ;
#2178 = B_SPLINE_CURVE_WITH_KNOTS ( 'NONE', 3,
 ( #3465, #4619, #175, #2779, #1082, #3845, #2725, #3993, #148, #3111, #3968, #594, #2056, #566, #1672, #899, #1618, #1060, #4177, #687, #2029, #4565, #2146, #3617, #2362, #3492, #4710, #1441, #202, #4593, #3519, #3137, #3824, #539, #3150, #3936, #581, #2043, #3505, #1736, #300, #2794, #1763, #966, #243, #4636, #1365, #2822, #1391, #4262, #2454, #3558, #1143, #754 ),
 .UNSPECIFIED., .F., .F.,
 ( 4, 2, 2, 2, 2, 2, 2, 2, 2, 2, 2, 2, 2, 2, 2, 2, 2, 2, 2, 2, 2, 2, 2, 2, 2, 2, 4 ),
 ( 0.02457876105883209997, 0.02544304615895616462, 0.02630733125908022579, 0.02803590145932833427, 0.02890018655945240239, 0.02976447165957646357, 0.03149304185982459287, 0.03235732695994866792, 0.03322161206007274298, 0.03495018226032091391, 0.03667875246056907790, 0.03754303756069313214, 0.03840732266081718638, 0.03927160776094124062, 0.04013589286106529486, 0.04100017796118934910, 0.04186446306131340334, 0.04272874816143745758, 0.04359303326156151182, 0.04445731836168556605, 0.04532160346180962029, 0.04618588856193367453, 0.04705017366205772877, 0.04877874386230582338, 0.04964302896242987762, 0.05050731406255393185, 0.05223588426280204033 ),
 .UNSPECIFIED. ) ;
#2179 = CARTESIAN_POINT ( 'NONE',  ( 48.41599567711139684, 7.531597636076985403, 167.0134897010747181 ) ) ;
#2180 = CARTESIAN_POINT ( 'NONE',  ( 56.93788342832041849, 9.814753274709234532, 165.2187865290428022 ) ) ;
#2181 = CIRCLE ( 'NONE', #4083, 75.00000000000001421 ) ;
#2182 = ORIENTED_EDGE ( 'NONE', *, *, #2664, .T. ) ;
#2183 = CARTESIAN_POINT ( 'NONE',  ( 61.95497566470969275, 7.196004805649469205, 150.7928901951697185 ) ) ;
#2184 = CARTESIAN_POINT ( 'NONE',  ( 63.61463455115068655, 5.114818271839379982, 171.8992476730945782 ) ) ;
#2185 = CARTESIAN_POINT ( 'NONE',  ( 56.78831919319966914, 9.048678585008566699, 176.8858042516325781 ) ) ;
#2186 = DIRECTION ( 'NONE',  ( 0.000000000000000000, 0.000000000000000000, 1.000000000000000000 ) ) ;
#2187 = CIRCLE ( 'NONE', #4156, 72.00000000000001421 ) ;
#2188 = CARTESIAN_POINT ( 'NONE',  ( 47.09571760920674421, 5.273424347776759724, 120.8224027496858923 ) ) ;
#2189 = CARTESIAN_POINT ( 'NONE',  ( 63.79741732689678457, 4.760013507060079974, 99.57453579294092094 ) ) ;
#2190 = CARTESIAN_POINT ( 'NONE',  ( 58.70271050497982657, 8.535328161286010129, 164.1048972183133685 ) ) ;
#2191 = CARTESIAN_POINT ( 'NONE',  ( 60.93541634087515035, 7.328044242588410917, 163.5096688081252694 ) ) ;
#2192 = CARTESIAN_POINT ( 'NONE',  ( 48.56206203521962550, 6.931364329149396930, 101.9353921180831009 ) ) ;
#2193 = CIRCLE ( 'NONE', #1811, 1.000000000000000888 ) ;
#2194 = DIRECTION ( 'NONE',  ( 1.000000000000000000, -0.000000000000000000, -0.000000000000000000 ) ) ;
#2195 = CARTESIAN_POINT ( 'NONE',  ( 48.18832488148472493, 7.331682285073371830, 176.1746991193154201 ) ) ;
#2196 = CARTESIAN_POINT ( 'NONE',  ( 59.04305895139649607, 8.400247012403857738, 93.37903123152378271 ) ) ;
#2197 = CARTESIAN_POINT ( 'NONE',  ( 57.75646495579153594, 8.826152350266365687, 102.9094245855593073 ) ) ;
#2198 = CARTESIAN_POINT ( 'NONE',  ( 50.73432588519229114, 9.049154562497777832, 127.7408140718397362 ) ) ;
#2199 = CARTESIAN_POINT ( 'NONE',  ( 51.96200554878887345, 9.527360060080148685, 166.2037135979452955 ) ) ;
#2200 = ORIENTED_EDGE ( 'NONE', *, *, #4067, .T. ) ;
#2201 = ADVANCED_FACE ( 'NONE', ( #2482 ), #2748, .F. ) ;
#2202 = CARTESIAN_POINT ( 'NONE',  ( 61.90879296849657010, 7.234634370708545426, 102.8774073036449153 ) ) ;
#2203 = CARTESIAN_POINT ( 'NONE',  ( 47.57908177531788141, 6.716785288496907036, 168.3186134393298516 ) ) ;
#2204 = ORIENTED_EDGE ( 'NONE', *, *, #2757, .F. ) ;
#2205 = CARTESIAN_POINT ( 'NONE',  ( 58.23492339567820864, 8.697871510119060900, 114.8722197560263254 ) ) ;
#2206 = CARTESIAN_POINT ( 'NONE',  ( 63.46987679767869395, 5.347783483074295852, 170.4861408208655860 ) ) ;
#2207 = CARTESIAN_POINT ( 'NONE',  ( 46.42736251415522020, 5.151060012856823356, 149.1639512036572341 ) ) ;
#2208 = CARTESIAN_POINT ( 'NONE',  ( 54.31458684759702749, 9.980867579702444203, 141.6489221481249956 ) ) ;
#2209 = B_SPLINE_CURVE_WITH_KNOTS ( 'NONE', 3,
 ( #294, #704, #2164, #3278, #4726, #1045, #4363, #2092, #1757, #4677, #2498, #677, #3958, #2626, #1593, #409, #1932, #2273, #1866, #100, #4490, #1417, #3796, #3820, #3232, #2124, #559, #1395, #3967, #4293, #2692, #1997, #4145, #534, #2358, #3461, #1667, #2145, #169, #305, #3590, #4197, #1638, #4535, #2872, #1058, #4319, #3615, #662, #1788, #3106, #3255 ),
 .UNSPECIFIED., .F., .F.,
 ( 4, 2, 2, 2, 2, 2, 2, 2, 2, 2, 2, 2, 2, 2, 2, 2, 2, 2, 2, 2, 2, 2, 2, 2, 2, 4 ),
 ( 0.05223588426280204033, 0.05396372264429217386, 0.05482764183503723715, 0.05569156102578230044, 0.05741939940727243397, 0.05914723778876256055, 0.06087507617025269407, 0.06260291455174282760, 0.06346683374248787701, 0.06433075293323294030, 0.06519467212397798972, 0.06605859131472305301, 0.06692251050546810243, 0.06778642969621316572, 0.06865034888695822901, 0.06951426807770327843, 0.07037818726844832784, 0.07124210645919339113, 0.07296994484068350384, 0.07469778322217361655, 0.07556170241291865208, 0.07642562160366368762, 0.07728954079440872316, 0.07815345998515377257, 0.07901737917589880811, 0.07988129836664384364 ),
 .UNSPECIFIED. ) ;
#2210 = CARTESIAN_POINT ( 'NONE',  ( 54.00523880405292942, 9.954870709626831626, 128.1841307272061385 ) ) ;
#2211 = CARTESIAN_POINT ( 'NONE',  ( 46.99611979593750277, 5.116265858384934084, 121.9367412358559193 ) ) ;
#2212 = CARTESIAN_POINT ( 'NONE',  ( 63.41043546667136610, 5.411818570649781890, 95.16111188480537919 ) ) ;
#2213 = CARTESIAN_POINT ( 'NONE',  ( 54.71122797480396116, 9.185570436763896396, 154.4459314328125288 ) ) ;
#2214 = CARTESIAN_POINT ( 'NONE',  ( 59.08731236767029316, 9.144646386993290577, 164.3141603499205132 ) ) ;
#2215 = CARTESIAN_POINT ( 'NONE',  ( 59.79932442817604255, 8.791135339016346251, 128.4841099478211675 ) ) ;
#2216 = CARTESIAN_POINT ( 'NONE',  ( 49.25161448254226570, 8.187773419763336946, 139.4058365654949796 ) ) ;
#2217 = DIRECTION ( 'NONE',  ( 0.000000000000000000, 0.000000000000000000, -1.000000000000000000 ) ) ;
#2218 = CARTESIAN_POINT ( 'NONE',  ( 47.28462626176521155, 5.549871579012417122, 174.0426452554916921 ) ) ;
#2219 = CARTESIAN_POINT ( 'NONE',  ( 0.000000000000000000, 0.000000000000000000, 80.00000000000000000 ) ) ;
#2220 = CARTESIAN_POINT ( 'NONE',  ( 57.78599216349051204, 9.608473571095149879, 127.8911417667674755 ) ) ;
#2221 = CARTESIAN_POINT ( 'NONE',  ( 47.55172446441824974, 5.899514450579438574, 144.0235328573663196 ) ) ;
#2222 = ORIENTED_EDGE ( 'NONE', *, *, #3616, .T. ) ;
#2223 = CARTESIAN_POINT ( 'NONE',  ( 59.79932442817605676, 8.791135339016335593, 92.49267350172864610 ) ) ;
#2224 = CARTESIAN_POINT ( 'NONE',  ( 48.10216372359111148, 6.507083401396075217, 168.5386131531414549 ) ) ;
#2225 = CARTESIAN_POINT ( 'NONE',  ( 49.93256834886371820, 8.626841858588868206, 129.2613529019529892 ) ) ;
#2226 = VERTEX_POINT ( 'NONE', #2897 ) ;
#2227 = CARTESIAN_POINT ( 'NONE',  ( 58.70271050497982657, 8.535328161286017234, 114.8236686036935623 ) ) ;
#2228 = CARTESIAN_POINT ( 'NONE',  ( 63.89332229013518116, 4.572680490137860154, 172.1596095082518900 ) ) ;
#2229 = EDGE_CURVE ( 'NONE', #3493, #894, #1969, .T. ) ;
#2230 = CARTESIAN_POINT ( 'NONE',  ( 57.85158107991596665, 9.603328847306663363, 128.2541744441930689 ) ) ;
#2231 = CARTESIAN_POINT ( 'NONE',  ( 47.29909703707897961, 5.569931025682099524, 119.9884094766062077 ) ) ;
#2232 = CARTESIAN_POINT ( 'NONE',  ( 63.57066311318668284, 5.157132343777827366, 100.5852577016909635 ) ) ;
#2233 = CARTESIAN_POINT ( 'NONE',  ( 63.01094754870391057, 5.104797726938687497, 159.0363974613774758 ) ) ;
#2234 = CARTESIAN_POINT ( 'NONE',  ( 59.69381523861602545, 8.089515256466603077, 163.9292503079999506 ) ) ;
#2235 = CARTESIAN_POINT ( 'NONE',  ( 48.80306772086800038, 7.139551878607983681, 94.04721195309278414 ) ) ;
#2236 = CARTESIAN_POINT ( 'NONE',  ( 48.01457603732217194, 7.166525625401558131, 138.1277363924481563 ) ) ;
#2237 = CARTESIAN_POINT ( 'NONE',  ( 56.93788342832041849, 9.814753274709239861, 103.9404124323921650 ) ) ;
#2238 = CARTESIAN_POINT ( 'NONE',  ( 47.14434652861899622, 6.216953614650798876, 162.5237052397216644 ) ) ;
#2239 = CARTESIAN_POINT ( 'NONE',  ( 47.79097783650875897, 6.934820660454568575, 176.5850966897150442 ) ) ;
#2240 = CARTESIAN_POINT ( 'NONE',  ( 59.59225466254738279, 8.140216882504327955, 102.6728373935291785 ) ) ;
#2241 = ADVANCED_FACE ( 'NONE', ( #841 ), #735, .T. ) ;
#2242 = CARTESIAN_POINT ( 'NONE',  ( 54.31458684759901701, 9.980867579702211501, 105.0111623587748966 ) ) ;
#2243 = CARTESIAN_POINT ( 'NONE',  ( 46.12550277891860873, 4.609098068777193191, 171.3472447745114664 ) ) ;
#2244 = ORIENTED_EDGE ( 'NONE', *, *, #4430, .T. ) ;
#2245 = CARTESIAN_POINT ( 'NONE',  ( 47.02274622614077515, 5.159411770475970549, 133.3935399730038398 ) ) ;
#2246 = CARTESIAN_POINT ( 'NONE',  ( 50.54836920980578441, 8.208647717286359224, 167.3796065623951677 ) ) ;
#2247 = CARTESIAN_POINT ( 'NONE',  ( 48.54839951417342547, 6.919195222741101325, 130.2249098344171045 ) ) ;
#2248 = ORIENTED_EDGE ( 'NONE', *, *, #1177, .F. ) ;
#2249 = CARTESIAN_POINT ( 'NONE',  ( 58.76809692213402769, 8.511807670581456264, 151.4542032781421312 ) ) ;
#2250 = CARTESIAN_POINT ( 'NONE',  ( 62.56939191889446050, 5.745440497506896449, 169.5693668822490281 ) ) ;
#2251 = CARTESIAN_POINT ( 'NONE',  ( 58.61288553951351332, 9.328998685859465567, 165.1061054072102934 ) ) ;
#2252 = CARTESIAN_POINT ( 'NONE',  ( 56.86385371193738081, 9.842271263911710477, 151.7704095939236595 ) ) ;
#2253 = CARTESIAN_POINT ( 'NONE',  ( 62.91170920564244540, 5.262002201130330903, 132.8646014697344810 ) ) ;
#2254 = CARTESIAN_POINT ( 'NONE',  ( 47.57908177531887617, 6.716785288498612339, 118.3910614814692508 ) ) ;
#2255 = CARTESIAN_POINT ( 'NONE',  ( 62.51798235954206007, 6.598716221074533372, 102.3891584322113459 ) ) ;
#2256 = CARTESIAN_POINT ( 'NONE',  ( 52.26580499390998114, 8.832096614886292940, 154.5265303828394110 ) ) ;
#2257 = CARTESIAN_POINT ( 'NONE',  ( 51.66960127879901421, 8.657291659821302332, 102.8615947096702712 ) ) ;
#2258 = CIRCLE ( 'NONE', #2018, 1.000000000000000888 ) ;
#2259 = AXIS2_PLACEMENT_3D ( 'NONE', #1530, #3773, #3793 ) ;
#2260 = CARTESIAN_POINT ( 'NONE',  ( 54.23403015127111360, 9.974937722186195899, 139.1362313840344882 ) ) ;
#2261 = CARTESIAN_POINT ( 'NONE',  ( 48.79945064002176025, 7.864390690084240632, 103.2662687327884754 ) ) ;
#2262 = CARTESIAN_POINT ( 'NONE',  ( 48.76622486241245014, 7.827399227883993227, 176.4721369981322709 ) ) ;
#2263 = CARTESIAN_POINT ( 'NONE',  ( 62.12444734203410235, 6.280166015458386042, 101.3139860644035650 ) ) ;
#2264 = CIRCLE ( 'NONE', #1437, 10.00000000000000178 ) ;
#2265 = CARTESIAN_POINT ( 'NONE',  ( 52.53504117874418000, 9.710084241088569712, 104.2351970092125413 ) ) ;
#2266 = CARTESIAN_POINT ( 'NONE',  ( 48.10049428152106543, 6.506111637378408474, 150.1760596909517460 ) ) ;
#2267 = AXIS2_PLACEMENT_3D ( 'NONE', #3738, #4704, #458 ) ;
#2268 = ORIENTED_EDGE ( 'NONE', *, *, #2528, .T. ) ;
#2269 = DIRECTION ( 'NONE',  ( 1.000000000000000000, 0.000000000000000000, 0.000000000000000000 ) ) ;
#2270 = CARTESIAN_POINT ( 'NONE',  ( 46.70499091778339107, 5.588362383418886914, 168.8146897177412598 ) ) ;
#2271 = DIRECTION ( 'NONE',  ( 1.000000000000000000, 0.000000000000000000, 0.000000000000000000 ) ) ;
#2272 = ORIENTED_EDGE ( 'NONE', *, *, #1877, .T. ) ;
#2273 = CARTESIAN_POINT ( 'NONE',  ( 62.36007694962883363, 6.774563648195782051, 142.2572163970934582 ) ) ;
#2274 = CARTESIAN_POINT ( 'NONE',  ( 60.13232452896347269, 7.851425666620217569, 151.1724494109684258 ) ) ;
#2275 = CARTESIAN_POINT ( 'NONE',  ( 62.15695394351553205, 6.237117613918411685, 175.1584605362823481 ) ) ;
#2276 = CARTESIAN_POINT ( 'NONE',  ( 60.63004872198177964, 8.269379125997854629, 164.7297873628810407 ) ) ;
#2277 = PLANE ( 'NONE',  #4162 ) ;
#2278 = CARTESIAN_POINT ( 'NONE',  ( 60.98315074442946582, 8.017572207115190253, 128.8172236823772323 ) ) ;
#2279 = APPLICATION_PROTOCOL_DEFINITION ( 'draft international standard', 'automotive_design', 1998, #4521 ) ;
#2280 = CARTESIAN_POINT ( 'NONE',  ( 0.000000000000000000, 0.000000000000000000, 48.00000000000000000 ) ) ;
#2281 = CARTESIAN_POINT ( 'NONE',  ( 50.05374356649020484, 8.696094863720256640, 141.1683047737151355 ) ) ;
#2282 = CARTESIAN_POINT ( 'NONE',  ( 47.05165498302746130, 6.072516980859727909, 94.28530318753244899 ) ) ;
#2283 = CARTESIAN_POINT ( 'NONE',  ( 48.90870446191334509, 7.211419073120918455, 102.1507641774552582 ) ) ;
#2284 = CARTESIAN_POINT ( 'NONE',  ( 56.10150447837991550, 9.957105667169887653, 153.4707136744981142 ) ) ;
#2285 = CARTESIAN_POINT ( 'NONE',  ( 48.56351503673993619, 7.661789287837676099, 138.4512789780353046 ) ) ;
#2286 = CARTESIAN_POINT ( 'NONE',  ( 46.23965276011529824, 4.823176879528277894, 99.71959405925137787 ) ) ;
#2287 = CARTESIAN_POINT ( 'NONE',  ( 58.35242213592297844, 9.439016129254204301, 117.0635443811734717 ) ) ;
#2288 = EDGE_CURVE ( 'NONE', #4566, #3946, #2887, .T. ) ;
#2289 = CARTESIAN_POINT ( 'NONE',  ( 53.11773428157453480, 9.839363724074399187, 104.2109626657553889 ) ) ;
#2290 = CARTESIAN_POINT ( 'NONE',  ( 48.56206203521964682, 6.931364329149410253, 150.5702973894547654 ) ) ;
#2291 = CARTESIAN_POINT ( 'NONE',  ( 55.31288058489258219, 9.193274031581424310, 164.2714348145273107 ) ) ;
#2292 = CARTESIAN_POINT ( 'NONE',  ( 51.31896712027680252, 8.543550549375044767, 129.3213545721888806 ) ) ;
#2293 = CARTESIAN_POINT ( 'NONE',  ( 49.38021110991952156, 8.276418821143129989, 104.7017322270044701 ) ) ;
#2294 = ORIENTED_EDGE ( 'NONE', *, *, #4628, .F. ) ;
#2295 = CARTESIAN_POINT ( 'NONE',  ( 58.00222507193219457, 9.538903794036254880, 151.7351863724714747 ) ) ;
#2296 = CARTESIAN_POINT ( 'NONE',  ( 60.34531325299209215, 7.724213858090593909, 176.3929799769080660 ) ) ;
#2297 = DIRECTION ( 'NONE',  ( 1.000000000000000000, 0.000000000000000000, 0.000000000000000000 ) ) ;
#2298 = CARTESIAN_POINT ( 'NONE',  ( 75.00000000000001421, 9.184850993605150311E-15, 77.00000000000000000 ) ) ;
#2299 = CARTESIAN_POINT ( 'NONE',  ( 63.85989481328429918, 4.637307061425777199, 135.0410112857769889 ) ) ;
#2300 = CARTESIAN_POINT ( 'NONE',  ( 48.54839951417341837, 6.919195222741481466, 118.2277643523859467 ) ) ;
#2301 = CARTESIAN_POINT ( 'NONE',  ( 46.49562888470763511, 5.293167367075064966, 145.3839052084005630 ) ) ;
#2302 = CARTESIAN_POINT ( 'NONE',  ( 46.12539407974080063, 4.608884198321117509, 98.72339715783471092 ) ) ;
#2303 = CARTESIAN_POINT ( 'NONE',  ( 59.29370975856891590, 9.049468146165214222, 166.3321271000591253 ) ) ;
#2304 = CARTESIAN_POINT ( 'NONE',  ( 53.06505158888803209, 9.815438573299918090, 151.7679074291584982 ) ) ;
#2305 = CARTESIAN_POINT ( 'NONE',  ( 56.08293835500071367, 9.958521810041688127, 154.2937242574209620 ) ) ;
#2306 = CARTESIAN_POINT ( 'NONE',  ( 58.00222507193295485, 9.538903794036015071, 139.0917175471923883 ) ) ;
#2307 = CARTESIAN_POINT ( 'NONE',  ( 55.31288058489258930, 9.193274031581422534, 126.9873516819382502 ) ) ;
#2308 = CARTESIAN_POINT ( 'NONE',  ( 52.58421687379441067, 9.721765353540604337, 117.0272780640412265 ) ) ;
#2309 = CYLINDRICAL_SURFACE ( 'NONE', #1635, 75.00000000000001421 ) ;
#2310 = CARTESIAN_POINT ( 'NONE',  ( 52.37330849492779095, 8.872119490500683270, 164.2021688070803975 ) ) ;
#2311 = SURFACE_SIDE_STYLE ('',( #4124 ) ) ;
#2312 = CARTESIAN_POINT ( 'NONE',  ( 47.06432823508515639, 5.225299163989135742, 135.1229646178680071 ) ) ;
#2313 = EDGE_CURVE ( 'NONE', #2781, #2407, #4099, .T. ) ;
#2314 = CARTESIAN_POINT ( 'NONE',  ( 47.98355310021061371, 7.145972725545919779, 114.8254666369674197 ) ) ;
#2315 = CARTESIAN_POINT ( 'NONE',  ( 46.68777835716316815, 5.562065177457448328, 162.5080057861840714 ) ) ;
#2316 = ORIENTED_EDGE ( 'NONE', *, *, #3579, .T. ) ;
#2317 = CARTESIAN_POINT ( 'NONE',  ( 62.57035984036882326, 5.752953572805066251, 174.4735292228305923 ) ) ;
#2318 = CARTESIAN_POINT ( 'NONE',  ( 62.02447327112441400, 7.122380878684159811, 129.3505882026604468 ) ) ;
#2319 =( NAMED_UNIT ( * ) PLANE_ANGLE_UNIT ( ) SI_UNIT ( $, .RADIAN. ) );
#2320 = CARTESIAN_POINT ( 'NONE',  ( 48.81413782898280829, 7.865219242364181795, 117.5834683366723254 ) ) ;
#2321 = CARTESIAN_POINT ( 'NONE',  ( 49.46354180470483897, 8.334154943298061724, 142.0111032295019129 ) ) ;
#2322 = ADVANCED_FACE ( 'NONE', ( #4187 ), #1355, .T. ) ;
#2323 = CARTESIAN_POINT ( 'NONE',  ( 46.21746400961500711, 4.782463703572554792, 96.57781727520543313 ) ) ;
#2324 = CARTESIAN_POINT ( 'NONE',  ( 62.02447327112414399, 7.122380878684409389, 141.9940570279357814 ) ) ;
#2325 = FACE_OUTER_BOUND ( 'NONE', #1315, .T. ) ;
#2326 = B_SPLINE_CURVE_WITH_KNOTS ( 'NONE', 3,
 ( #3848, #3496, #904, #4597, #880, #3829, #570, #206, #958, #1250, #1675, #3140, #2419, #3874, #598, #231, #1698, #3168, #4625, #1352, #2813, #502, #1964, #3422, #1602, #3066, #2701, #153, #4155, #2345, #3805, #1622, #4304, #4652, #3899, #3980, #1381, #699, #3575, #4334, #4003, #1802, #4357, #3926, #2518, #1454, #1405, #2494, #3605, #2113, #1037, #626, #2838, #2886 ),
 .UNSPECIFIED., .F., .F.,
 ( 4, 2, 2, 2, 2, 2, 2, 2, 2, 2, 2, 2, 2, 2, 2, 2, 2, 2, 2, 2, 2, 2, 2, 2, 2, 2, 4 ),
 ( 0.02457876105883205139, 0.02544304615895614033, 0.02630733125908022579, 0.02803590145932837938, 0.02890018655945246484, 0.02976447165957655377, 0.03149304185982472470, 0.03235732695994880670, 0.03322161206007288869, 0.03495018226032103187, 0.03667875246056917504, 0.03754303756069321540, 0.03840732266081726271, 0.03927160776094131001, 0.04013589286106535037, 0.04100017796118939073, 0.04186446306131343109, 0.04272874816143747145, 0.04359303326156151182, 0.04445731836168555218, 0.04532160346180959948, 0.04618588856193363984, 0.04705017366205768020, 0.04877874386230576786, 0.04964302896242980823, 0.05050731406255384859, 0.05223588426280195013 ),
 .UNSPECIFIED. ) ;
#2327 = CARTESIAN_POINT ( 'NONE',  ( 47.53449182484400382, 5.877848357450971228, 131.4154061650227732 ) ) ;
#2328 = TOROIDAL_SURFACE ( 'NONE', #1497, 11.00000000000000178, 2.000000000000000000 ) ;
#2329 = CARTESIAN_POINT ( 'NONE',  ( 54.00523880405199151, 9.954870709626710834, 116.1869852451734459 ) ) ;
#2330 = CARTESIAN_POINT ( 'NONE',  ( 60.17305398007189154, 7.827698975265499293, 105.6308978926039401 ) ) ;
#2331 = CARTESIAN_POINT ( 'NONE',  ( 47.60619032405359974, 5.965131566334162194, 149.5061616971448188 ) ) ;
#2332 = CARTESIAN_POINT ( 'NONE',  ( 48.40038187403239078, 6.789436746545262302, 163.0928879682613513 ) ) ;
#2333 = CIRCLE ( 'NONE', #3035, 3.000000000000002665 ) ;
#2334 = CARTESIAN_POINT ( 'NONE',  ( 47.22823210998647170, 5.469886505671244237, 132.2164010470885955 ) ) ;
#2335 = LINE ( 'NONE', #3432, #4627 ) ;
#2336 = CARTESIAN_POINT ( 'NONE',  ( 51.96200554878889477, 9.527360060080152238, 104.2790161580463746 ) ) ;
#2337 = ORIENTED_EDGE ( 'NONE', *, *, #2937, .F. ) ;
#2338 = CARTESIAN_POINT ( 'NONE',  ( 59.83862567448309022, 8.757034559883553726, 176.8514486730929889 ) ) ;
#2339 = CARTESIAN_POINT ( 'NONE',  ( 63.04739838192342205, 5.958159739868351679, 131.2826851330281954 ) ) ;
#2340 = EDGE_CURVE ( 'NONE', #829, #695, #2264, .T. ) ;
#2341 = LINE ( 'NONE', #515, #3560 ) ;
#2342 = CARTESIAN_POINT ( 'NONE',  ( 48.71446570628330619, 7.058317190972673849, 142.7574026168875605 ) ) ;
#2343 = CARTESIAN_POINT ( 'NONE',  ( 46.43026670858579052, 5.188603513095689124, 97.21566793233895964 ) ) ;
#2344 = DIRECTION ( 'NONE',  ( 0.000000000000000000, 0.000000000000000000, -1.000000000000000000 ) ) ;
#2345 = CARTESIAN_POINT ( 'NONE',  ( 46.16176466828635228, 4.678922439602986039, 135.1537564802954705 ) ) ;
#2346 = CARTESIAN_POINT ( 'NONE',  ( 54.30334357172422699, 9.980233355848366017, 153.4667121343590281 ) ) ;
#2347 = CARTESIAN_POINT ( 'NONE',  ( 46.67041506486921065, 5.541853993700727621, 137.2237176641561405 ) ) ;
#2348 = CARTESIAN_POINT ( 'NONE',  ( 51.96200554878883793, 9.527360060080141579, 116.2761616400772198 ) ) ;
#2349 = CARTESIAN_POINT ( 'NONE',  ( 63.29693824496703058, 5.609128168304149398, 107.9014001023181919 ) ) ;
#2350 = CARTESIAN_POINT ( 'NONE',  ( 55.31288058489258219, 9.193274031581422534, 151.6279659892481959 ) ) ;
#2351 = CARTESIAN_POINT ( 'NONE',  ( 57.67061898116729424, 9.654017173200395874, 116.2459044588256347 ) ) ;
#2352 = CARTESIAN_POINT ( 'NONE',  ( 59.59225466254738990, 8.140216882504317297, 126.6671283575908120 ) ) ;
#2353 = CARTESIAN_POINT ( 'NONE',  ( 59.90930408789583339, 7.976047613525650171, 129.5517448800467832 ) ) ;
#2354 = CARTESIAN_POINT ( 'NONE',  ( 51.31896712027678831, 8.543550549375037662, 117.3242090901580212 ) ) ;
#2355 = CARTESIAN_POINT ( 'NONE',  ( 52.26580499391000245, 8.832096614886300046, 105.2453017682195764 ) ) ;
#2356 = CARTESIAN_POINT ( 'NONE',  ( 46.97623356993022981, 5.971584307402378222, 155.6769551588783145 ) ) ;
#2357 = ORIENTED_EDGE ( 'NONE', *, *, #158, .T. ) ;
#2358 = CARTESIAN_POINT ( 'NONE',  ( 63.73652144475718018, 4.867065980979954354, 148.4872464093682822 ) ) ;
#2359 = CARTESIAN_POINT ( 'NONE',  ( 61.19837931051420554, 7.855397569819062120, 176.4867665954761264 ) ) ;
#2360 = CARTESIAN_POINT ( 'NONE',  ( 50.61455108019372062, 9.005583512731835327, 114.9981128785331350 ) ) ;
#2361 = CARTESIAN_POINT ( 'NONE',  ( 46.37396910149403340, 5.060085822047413195, 144.4568950110912908 ) ) ;
#2362 = CARTESIAN_POINT ( 'NONE',  ( 46.68777835716316105, 5.562065177457434118, 149.8645369609049851 ) ) ;
#2363 = ORIENTED_EDGE ( 'NONE', *, *, #769, .F. ) ;
#2364 = CARTESIAN_POINT ( 'NONE',  ( 46.10605441087179202, 4.571452247487726162, 98.18454939374591106 ) ) ;
#2365 = ADVANCED_FACE ( 'NONE', ( #1185 ), #819, .T. ) ;
#2366 = CARTESIAN_POINT ( 'NONE',  ( 63.70786460592221800, 4.918311851936073786, 132.1560849701886582 ) ) ;
#2367 = CARTESIAN_POINT ( 'NONE',  ( 51.31896712027680252, 8.543550549375044767, 154.6082922227470533 ) ) ;
#2368 = CARTESIAN_POINT ( 'NONE',  ( 55.00000000000000000, 0.000000000000000000, 82.00000000000000000 ) ) ;
#2369 = DIRECTION ( 'NONE',  ( 0.000000000000000000, -1.000000000000000000, 0.000000000000000000 ) ) ;
#2370 = CARTESIAN_POINT ( 'NONE',  ( 46.40446237705937449, 5.146230865020633871, 122.6440684721574286 ) ) ;
#2371 = CARTESIAN_POINT ( 'NONE',  ( 56.69036018613963535, 9.874113734708599210, 153.4846326521997355 ) ) ;
#2372 = CARTESIAN_POINT ( 'NONE',  ( 46.36001498661094189, 5.036152635730501537, 136.2748045700391515 ) ) ;
#2373 = CARTESIAN_POINT ( 'NONE',  ( 48.08417231327749874, 7.240581431423457559, 93.26194595519986308 ) ) ;
#2374 = CARTESIAN_POINT ( 'NONE',  ( 52.53504117874318524, 9.710084241088258850, 116.2323424912277545 ) ) ;
#2375 = CARTESIAN_POINT ( 'NONE',  ( 60.97034310623994458, 7.302337242771387515, 105.9424038110828690 ) ) ;
#2376 = ADVANCED_FACE ( 'NONE', ( #85 ), #4021, .T. ) ;
#2377 = CARTESIAN_POINT ( 'NONE',  ( 61.21111240043372703, 7.855551034502774144, 116.8922191851171277 ) ) ;
#2378 = CARTESIAN_POINT ( 'NONE',  ( 59.59225466254738990, 8.140216882504324403, 138.6642738396216430 ) ) ;
#2379 = CARTESIAN_POINT ( 'NONE',  ( 46.99461480058512564, 5.113791336405655308, 122.1399650082690869 ) ) ;
#2380 = CARTESIAN_POINT ( 'NONE',  ( -72.00000000000001421, 8.817456953860943289E-15, 77.00000000000000000 ) ) ;
#2381 = CARTESIAN_POINT ( 'NONE',  ( 65.00000000000000000, 1.224646799147353059E-15, 82.00000000000000000 ) ) ;
#2382 = VERTEX_POINT ( 'NONE', #4476 ) ;
#2383 = CARTESIAN_POINT ( 'NONE',  ( 57.75646495579165673, 8.567490936528182388, 115.8725381172910431 ) ) ;
#2384 = CARTESIAN_POINT ( 'NONE',  ( 50.50414519543519276, 8.952022441262068142, 103.7182579010698618 ) ) ;
#2385 = CARTESIAN_POINT ( 'NONE',  ( 60.54660515899672646, 8.327382635181935555, 138.7717045769684319 ) ) ;
#2386 = CARTESIAN_POINT ( 'NONE',  ( 52.15695605312579630, 9.605936010544283477, 115.8941648572842240 ) ) ;
#2387 = DIRECTION ( 'NONE',  ( -0.000000000000000000, -0.000000000000000000, -1.000000000000000000 ) ) ;
#2388 = CARTESIAN_POINT ( 'NONE',  ( 52.26580499390995271, 8.832096614886289387, 117.2424472502504216 ) ) ;
#2389 = CARTESIAN_POINT ( 'NONE',  ( 58.23112698503750551, 9.480961745827865883, 166.2114303070431731 ) ) ;
#2390 = CARTESIAN_POINT ( 'NONE',  ( 47.06432823508514218, 5.225299163989125972, 111.1286736538063309 ) ) ;
#2391 = CARTESIAN_POINT ( 'NONE',  ( 46.99544896960897944, 5.115165755695097793, 122.1613461816801163 ) ) ;
#2392 = CARTESIAN_POINT ( 'NONE',  ( 62.30828731379592966, 6.839066913562145800, 155.5651334049680372 ) ) ;
#2393 = CARTESIAN_POINT ( 'NONE',  ( 46.64953742103175216, 5.529565739382896972, 132.0696608075408562 ) ) ;
#2394 = CARTESIAN_POINT ( 'NONE',  ( 63.58093193676739219, 5.170224649173740694, 122.9328296266634908 ) ) ;
#2395 = B_SPLINE_CURVE_WITH_KNOTS ( 'NONE', 3,
 ( #1844, #38, #1864, #2180, #1029, #1111, #4399, #3326, #1824, #4298, #3974, #3266, #4692, #3597, #1066, #694, #2152, #1448, #2905, #1088, #3998, #3650, #365, #2604, #2315, #2991, #3411, #1591, #3794, #1241, #4441, #511, #2967, #4421, #1173, #787, #434, #1198, #4105, #3864, #2746, #2356, #4171, #2434, #974, #1713, #2718, #4195, #2075, #3890, #4220, #1688, #4269, #4613 ),
 .UNSPECIFIED., .F., .F.,
 ( 4, 2, 2, 2, 2, 2, 2, 2, 2, 2, 2, 2, 2, 2, 2, 2, 2, 2, 2, 2, 2, 2, 2, 2, 2, 2, 4 ),
 ( 0.02457876105883205139, 0.02544304615895614033, 0.02630733125908022579, 0.02803590145932837938, 0.02890018655945246484, 0.02976447165957655377, 0.03149304185982472470, 0.03235732695994880670, 0.03322161206007288869, 0.03495018226032103187, 0.03667875246056917504, 0.03754303756069321540, 0.03840732266081726271, 0.03927160776094131001, 0.04013589286106535037, 0.04100017796118939073, 0.04186446306131343109, 0.04272874816143747145, 0.04359303326156151182, 0.04445731836168555218, 0.04532160346180959948, 0.04618588856193363984, 0.04705017366205768020, 0.04877874386230576786, 0.04964302896242980823, 0.05050731406255384859, 0.05223588426280195013 ),
 .UNSPECIFIED. ) ;
#2396 = CARTESIAN_POINT ( 'NONE',  ( 52.21454945889203003, 9.621850444451874651, 127.1073334146180400 ) ) ;
#2397 = EDGE_CURVE ( 'NONE', #4221, #3358, #498, .T. ) ;
#2398 = CARTESIAN_POINT ( 'NONE',  ( 47.49138821177167813, 6.609344732279472723, 105.7579702974226024 ) ) ;
#2399 = CARTESIAN_POINT ( 'NONE',  ( 63.89382571016005841, 4.571687935065054553, 109.9612889086335485 ) ) ;
#2400 = CARTESIAN_POINT ( 'NONE',  ( 49.61829516912939653, 7.701694252335199664, 163.7371834018890127 ) ) ;
#2401 = CARTESIAN_POINT ( 'NONE',  ( 62.61911541557201133, 6.496652312036299115, 126.3094156504187850 ) ) ;
#2402 = CARTESIAN_POINT ( 'NONE',  ( 59.39943757162941296, 8.998589038412783125, 141.7948524249621869 ) ) ;
#2403 = CARTESIAN_POINT ( 'NONE',  ( 56.19373815769669989, 9.131716844379633713, 129.1689238600627334 ) ) ;
#2404 = CARTESIAN_POINT ( 'NONE',  ( 47.33515826933670922, 5.618959084976768992, 124.2654448749611191 ) ) ;
#2405 = FACE_OUTER_BOUND ( 'NONE', #1906, .T. ) ;
#2406 = CARTESIAN_POINT ( 'NONE',  ( 48.31780346436399753, 6.714506904999831605, 168.3351938545640394 ) ) ;
#2407 = VERTEX_POINT ( 'NONE', #1009 ) ;
#2408 = CARTESIAN_POINT ( 'NONE',  ( 53.32683844740473234, 9.863630171022553128, 103.9497125340967756 ) ) ;
#2409 = CARTESIAN_POINT ( 'NONE',  ( 62.69720926563810792, 6.400779514662506386, 137.4306133387977980 ) ) ;
#2410 = CARTESIAN_POINT ( 'NONE',  ( 49.18834902013837507, 8.144811136381880701, 114.7013703248874492 ) ) ;
#2411 = CARTESIAN_POINT ( 'NONE',  ( 59.04305895139648186, 8.400247012403859515, 167.3008741534535488 ) ) ;
#2412 = CARTESIAN_POINT ( 'NONE',  ( 0.000000000000000000, 0.000000000000000000, -10.00000000000000178 ) ) ;
#2413 = CARTESIAN_POINT ( 'NONE',  ( 47.13522587829006483, 5.333850940082340841, 170.5362617606442370 ) ) ;
#2414 = ORIENTED_EDGE ( 'NONE', *, *, #1051, .T. ) ;
#2415 = CARTESIAN_POINT ( 'NONE',  ( 50.31798015404012858, 8.095541075609819615, 93.50561591951735352 ) ) ;
#2416 = CARTESIAN_POINT ( 'NONE',  ( 63.78361255347419956, 4.780531750042445793, 173.4994800549787328 ) ) ;
#2417 = AXIS2_PLACEMENT_3D ( 'NONE', #1643, #4350, #3307 ) ;
#2418 = CARTESIAN_POINT ( 'NONE',  ( 57.64478945718200009, 8.858442268628396121, 105.2380200959235168 ) ) ;
#2419 = CARTESIAN_POINT ( 'NONE',  ( 51.79458057772393431, 9.489712760962175864, 139.8631258713596139 ) ) ;
#2420 = CARTESIAN_POINT ( 'NONE',  ( 48.10049428152107254, 6.506111637378400481, 113.5382999016109835 ) ) ;
#2421 = B_SPLINE_CURVE_WITH_KNOTS ( 'NONE', 3,
 ( #3594, #2220, #4665, #2511, #1419, #1025, #2148, #279, #1397, #3619, #1128, #1106, #2853, #308, #2198, #333, #3305, #1467, #1768, #4712, #2576, #3235, #737, #1741, #1443, #4039, #2900, #4347, #9, #1485, #3212, #2484, #360, #1084, #4688, #2535, #3285, #3995, #716, #2924, #3320, #3684, #402, #2961, #1859, #1505, #29, #4416, #1149, #781, #2598, #4058, #1789, #2001 ),
 .UNSPECIFIED., .F., .F.,
 ( 4, 2, 2, 2, 2, 2, 2, 2, 2, 2, 2, 2, 2, 2, 2, 2, 2, 2, 2, 2, 2, 2, 2, 2, 2, 2, 4 ),
 ( 0.02457876105883203405, 0.02544304615895609870, 0.02630733125908016334, 0.02803590145932831346, 0.02890018655945239198, 0.02976447165957646704, 0.03149304185982462062, 0.03235732695994869568, 0.03322161206007277767, 0.03495018226032091391, 0.03667875246056905014, 0.03754303756069309744, 0.03840732266081714474, 0.03927160776094119898, 0.04013589286106524628, 0.04100017796118929359, 0.04186446306131334782, 0.04272874816143738819, 0.04359303326156144243, 0.04445731836168549667, 0.04532160346180953703, 0.04618588856193359127, 0.04705017366205763857, 0.04877874386230574011, 0.04964302896242978047, 0.05050731406255383471, 0.05223588426280190850 ),
 .UNSPECIFIED. ) ;
#2422 = CARTESIAN_POINT ( 'NONE',  ( 62.17709447728485372, 6.214962128437405475, 156.2283761385357650 ) ) ;
#2423 = CARTESIAN_POINT ( 'NONE',  ( 46.37396910149318785, 5.060085822045940596, 131.8134261858159846 ) ) ;
#2424 = CARTESIAN_POINT ( 'NONE',  ( 62.68098186897004354, 5.606088688006777510, 119.8732172410725951 ) ) ;
#2425 = CARTESIAN_POINT ( 'NONE',  ( 63.51252146016350508, 5.280248471685377254, 120.7912378566619083 ) ) ;
#2426 = CARTESIAN_POINT ( 'NONE',  ( 58.63730878854187267, 9.334574892868147344, 103.8308420831410075 ) ) ;
#2427 = CARTESIAN_POINT ( 'NONE',  ( 46.26136208797633032, 4.863032493311898463, 108.3185312211420097 ) ) ;
#2428 = CARTESIAN_POINT ( 'NONE',  ( 61.92950277434228212, 6.475286781758603283, 106.6475330874574325 ) ) ;
#2429 = CARTESIAN_POINT ( 'NONE',  ( 59.40353527577839543, 8.982767000573458560, 127.7196943645216010 ) ) ;
#2430 = EDGE_CURVE ( 'NONE', #695, #3130, #1126, .T. ) ;
#2431 = CARTESIAN_POINT ( 'NONE',  ( 61.60481632962563481, 6.784775370763092894, 130.3402135246035130 ) ) ;
#2432 = CARTESIAN_POINT ( 'NONE',  ( 51.78496694166032199, 8.704325706903583537, 117.2764925703188652 ) ) ;
#2433 = CARTESIAN_POINT ( 'NONE',  ( -8.485281374238571317, 2.999999999999999112, -50.00000000000000000 ) ) ;
#2434 = CARTESIAN_POINT ( 'NONE',  ( 47.40370985353558808, 6.507725705282251027, 155.1284598548004396 ) ) ;
#2435 = EDGE_LOOP ( 'NONE', ( #3520, #2051, #981, #4594 ) ) ;
#2436 = CARTESIAN_POINT ( 'NONE',  ( 47.50337356033324454, 5.842967066016408140, 100.7068317369361807 ) ) ;
#2437 = CARTESIAN_POINT ( 'NONE',  ( 63.29618881369087546, 5.612132729244781792, 136.2921268121293394 ) ) ;
#2438 = CARTESIAN_POINT ( 'NONE',  ( 49.22038510212523477, 7.439616899298904684, 114.3006668205954099 ) ) ;
#2439 = CARTESIAN_POINT ( 'NONE',  ( 54.21548994238948183, 9.160893810830714301, 167.0941561371205069 ) ) ;
#2440 = ORIENTED_EDGE ( 'NONE', *, *, #3365, .F. ) ;
#2441 = CARTESIAN_POINT ( 'NONE',  ( 63.89382571015990209, 4.571687935065331665, 146.5990486979705452 ) ) ;
#2442 = EDGE_CURVE ( 'NONE', #4196, #3670, #4090, .T. ) ;
#2443 = CARTESIAN_POINT ( 'NONE',  ( 53.15206198002616134, 9.845117366678998394, 166.9452785638301293 ) ) ;
#2444 = CARTESIAN_POINT ( 'NONE',  ( 49.98338469713390708, 7.927565923282614335, 105.5734230138897090 ) ) ;
#2445 = CARTESIAN_POINT ( 'NONE',  ( 47.12589686711791614, 5.319791508087083898, 123.4923426812466403 ) ) ;
#2446 = CARTESIAN_POINT ( 'NONE',  ( 56.10150447838184107, 9.957105667169786400, 92.19233957785117184 ) ) ;
#2447 = CARTESIAN_POINT ( 'NONE',  ( 63.57486327818703842, 5.180248368778708645, 158.5433080803828432 ) ) ;
#2448 = CARTESIAN_POINT ( 'NONE',  ( 50.17830547192001944, 8.766423579979674585, 129.2181704228666206 ) ) ;
#2449 = CARTESIAN_POINT ( 'NONE',  ( 63.01094754870389636, 5.104797726938693714, 121.7523143287884011 ) ) ;
#2450 = CARTESIAN_POINT ( 'NONE',  ( 61.63371456311750052, 7.487680896837741962, 117.1126840901710864 ) ) ;
#2451 = CARTESIAN_POINT ( 'NONE',  ( 53.22688443397264280, 9.042995467466383275, 151.5975141555813650 ) ) ;
#2452 = CARTESIAN_POINT ( 'NONE',  ( 60.13232452896441060, 7.851425666619831212, 102.5375441395966334 ) ) ;
#2453 = CARTESIAN_POINT ( 'NONE',  ( 46.10605441087179202, 4.571452247487726162, 110.1816948757767562 ) ) ;
#2454 = CARTESIAN_POINT ( 'NONE',  ( 50.10984271994348660, 8.727472254797747908, 141.1568439179880841 ) ) ;
#2455 = CARTESIAN_POINT ( 'NONE',  ( 62.91170920564058378, 5.262002201129570622, 108.8703105056765565 ) ) ;
#2456 = CARTESIAN_POINT ( 'NONE',  ( 49.40957327284259293, 8.298042930168184839, 164.0468646575743605 ) ) ;
#2457 = CARTESIAN_POINT ( 'NONE',  ( 49.97550783295223198, 8.665376909637522829, 177.5436248434911874 ) ) ;
#2458 = CARTESIAN_POINT ( 'NONE',  ( 59.04305895139648896, 8.400247012403861291, 129.3704676776163467 ) ) ;
#2459 = CARTESIAN_POINT ( 'NONE',  ( 55.00000000000000000, 0.000000000000000000, 180.0000000000000000 ) ) ;
#2460 = CARTESIAN_POINT ( 'NONE',  ( 47.00567567153769488, 5.131674157883348464, 171.5735499500731009 ) ) ;
#2461 = CARTESIAN_POINT ( 'NONE',  ( 47.12127067598738250, 5.312998267755387971, 157.9593613354214483 ) ) ;
#2462 = CARTESIAN_POINT ( 'NONE',  ( 54.03101267884603232, 9.146399794390065452, 102.9840883491398813 ) ) ;
#2463 = CARTESIAN_POINT ( 'NONE',  ( 62.17715372129906370, 6.967896309898767626, 138.6797245441625535 ) ) ;
#2464 = CARTESIAN_POINT ( 'NONE',  ( 48.51188005366435618, 6.887692065454632306, 113.8964543437038941 ) ) ;
#2465 = CARTESIAN_POINT ( 'NONE',  ( 62.56214639762699647, 5.765419674384432369, 174.5002002127974663 ) ) ;
#2466 = CARTESIAN_POINT ( 'NONE',  ( 46.40832936611305826, 5.152572761275554747, 171.3780817340591511 ) ) ;
#2467 = EDGE_LOOP ( 'NONE', ( #2668, #3309, #1218, #3916 ) ) ;
#2468 = CARTESIAN_POINT ( 'NONE',  ( 62.95217104723760571, 6.067388059085463858, 150.5029295402463276 ) ) ;
#2469 = CARTESIAN_POINT ( 'NONE',  ( 60.86248629064851201, 8.106073365843601053, 177.2981940623157868 ) ) ;
#2470 = CARTESIAN_POINT ( 'NONE',  ( 63.20414634103151030, 5.721408139710159269, 155.9874013950604308 ) ) ;
#2471 = CARTESIAN_POINT ( 'NONE',  ( 63.20414634103151030, 5.721408139710137064, 106.7061727804406246 ) ) ;
#2472 = CARTESIAN_POINT ( 'NONE',  ( 46.63586205828298858, 5.509120316697051933, 124.0274543151451923 ) ) ;
#2473 = CARTESIAN_POINT ( 'NONE',  ( 54.00523880405207677, 9.954870709626723269, 92.19269428111361719 ) ) ;
#2474 = CARTESIAN_POINT ( 'NONE',  ( 50.21989629562328616, 8.788275287285827631, 115.6562942085126764 ) ) ;
#2475 = CARTESIAN_POINT ( 'NONE',  ( 46.64953742103175216, 5.529565739382896972, 157.3565984580990573 ) ) ;
#2476 = CARTESIAN_POINT ( 'NONE',  ( 56.19373815769667146, 9.131716844379635489, 117.1717783780319166 ) ) ;
#2477 = CARTESIAN_POINT ( 'NONE',  ( 60.74783775557114751, 8.188163207921730802, 116.7388769907693273 ) ) ;
#2478 = CARTESIAN_POINT ( 'NONE',  ( 61.19837931051419844, 7.855397569819060344, 102.5649236735444703 ) ) ;
#2479 = CARTESIAN_POINT ( 'NONE',  ( 47.01635969087064382, 5.148870740344168695, 109.4902149049950140 ) ) ;
#2480 = CARTESIAN_POINT ( 'NONE',  ( -75.00000000000001421, 10.11945941895709566, 159.3579584337054200 ) ) ;
#2481 = CARTESIAN_POINT ( 'NONE',  ( 60.86248629064852622, 8.106073365843579737, 127.3706421044475974 ) ) ;
#2482 = FACE_OUTER_BOUND ( 'NONE', #3753, .T. ) ;
#2483 = CARTESIAN_POINT ( 'NONE',  ( 57.88460117304832409, 8.793977291360704385, 141.8927912761906214 ) ) ;
#2484 = CARTESIAN_POINT ( 'NONE',  ( 46.10713990509116655, 4.573616144772636005, 122.2875967187336244 ) ) ;
#2485 = CARTESIAN_POINT ( 'NONE',  ( 52.44126044772261963, 8.891028577846146419, 102.9274468698125986 ) ) ;
#2486 = TOROIDAL_SURFACE ( 'NONE', #426, 12.00000000000000000, 2.000000000000000000 ) ;
#2487 = AXIS2_PLACEMENT_3D ( 'NONE', #890, #1711, #2047 ) ;
#2488 = CARTESIAN_POINT ( 'NONE',  ( 54.80976516418911615, 10.00241161736577133, 92.18451614046846032 ) ) ;
#2489 = EDGE_LOOP ( 'NONE', ( #1745, #4737 ) ) ;
#2490 = CARTESIAN_POINT ( 'NONE',  ( 51.25404505870223204, 8.520488222447763604, 93.33690547849931818 ) ) ;
#2491 = CARTESIAN_POINT ( 'NONE',  ( 60.74624597018040362, 7.462811600403195023, 126.3124079409960530 ) ) ;
#2492 = CARTESIAN_POINT ( 'NONE',  ( 63.57486327818890715, 5.180248368778820556, 145.8998392551038137 ) ) ;
#2493 = FACE_OUTER_BOUND ( 'NONE', #228, .T. ) ;
#2494 = CARTESIAN_POINT ( 'NONE',  ( 49.14993703466949171, 8.115027429206355336, 128.7699925296824972 ) ) ;
#2495 = CARTESIAN_POINT ( 'NONE',  ( 59.39943757163113958, 8.998589038412832863, 129.1513835996831006 ) ) ;
#2496 = CARTESIAN_POINT ( 'NONE',  ( 60.58990184077459418, 8.298400260850813837, 93.39053133327635692 ) ) ;
#2497 = CARTESIAN_POINT ( 'NONE',  ( 50.31798015403916935, 8.095541075609277826, 129.4970523656101307 ) ) ;
#2498 = CARTESIAN_POINT ( 'NONE',  ( 58.23112698503750551, 9.480961745827865883, 140.9244926564850289 ) ) ;
#2499 = CARTESIAN_POINT ( 'NONE',  ( 47.18533296369287200, 6.257259080691545350, 156.1653362802910578 ) ) ;
#2500 = CARTESIAN_POINT ( 'NONE',  ( 62.81092397861051779, 5.415186858300898187, 120.3095455490258416 ) ) ;
#2501 = CARTESIAN_POINT ( 'NONE',  ( 63.63796600337602882, 5.039626796100852957, 119.8621587875647094 ) ) ;
#2502 = CARTESIAN_POINT ( 'NONE',  ( 57.24380627673482280, 8.963602712083584834, 151.5811355306977077 ) ) ;
#2503 = CARTESIAN_POINT ( 'NONE',  ( 53.92334742097816758, 9.946430965722051099, 127.9592801159777622 ) ) ;
#2504 = CARTESIAN_POINT ( 'NONE',  ( 47.57908177532075200, 6.716785288498229534, 106.3939159994403241 ) ) ;
#2505 = DIRECTION ( 'NONE',  ( -0.000000000000000000, -0.000000000000000000, -1.000000000000000000 ) ) ;
#2506 = CARTESIAN_POINT ( 'NONE',  ( 47.69388215472587689, 6.841279761360027578, 163.1525854707452083 ) ) ;
#2507 = B_SPLINE_CURVE_WITH_KNOTS ( 'NONE', 3,
 ( #590, #3516, #1691, #3160, #713, #3641, #2713, #1283, #2046, #1506, #30, #782, #1793, #3286, #1150, #2962, #3306, #761, #54, #3685, #2149, #2577, #1107, #2599, #2925, #3646, #1486, #1468, #1526, #4374, #3321, #3667, #2556, #2243, #4059, #2985, #4019, #3707, #428, #1168, #361, #1885, #334, #10, #4394, #717, #4436, #2177, #2620, #3259, #738, #1820, #1444, #2199 ),
 .UNSPECIFIED., .F., .F.,
 ( 4, 2, 2, 2, 2, 2, 2, 2, 2, 2, 2, 2, 2, 2, 2, 2, 2, 2, 2, 2, 2, 2, 2, 2, 2, 2, 4 ),
 ( 0.02457876105883209997, 0.02544304615895616462, 0.02630733125908022579, 0.02803590145932833427, 0.02890018655945240239, 0.02976447165957646357, 0.03149304185982459287, 0.03235732695994866792, 0.03322161206007274298, 0.03495018226032091391, 0.03667875246056907790, 0.03754303756069313214, 0.03840732266081718638, 0.03927160776094124062, 0.04013589286106529486, 0.04100017796118934910, 0.04186446306131340334, 0.04272874816143745758, 0.04359303326156151182, 0.04445731836168556605, 0.04532160346180962029, 0.04618588856193367453, 0.04705017366205772877, 0.04877874386230582338, 0.04964302896242987762, 0.05050731406255393185, 0.05223588426280204033 ),
 .UNSPECIFIED. ) ;
#2508 = UNCERTAINTY_MEASURE_WITH_UNIT (LENGTH_MEASURE( 1.000000000000000082E-05 ), #3017, 'distance_accuracy_value', 'NONE');
#2509 = PLANE ( 'NONE',  #564 ) ;
#2510 = CARTESIAN_POINT ( 'NONE',  ( 57.75646495579153594, 8.826152350266365687, 151.5443298569308865 ) ) ;
#2511 = CARTESIAN_POINT ( 'NONE',  ( 56.93788342832043980, 9.814753274709229203, 127.9347033964537701 ) ) ;
#2512 = CARTESIAN_POINT ( 'NONE',  ( 46.42736251415452386, 5.151060012855706916, 100.5290459322837364 ) ) ;
#2513 = CARTESIAN_POINT ( 'NONE',  ( 60.15339356562066087, 8.574532902683232649, 103.5797246791133404 ) ) ;
#2514 = VERTEX_POINT ( 'NONE', #3273 ) ;
#2515 = CARTESIAN_POINT ( 'NONE',  ( 63.31495095032316556, 5.558591905874501471, 143.5708271153664271 ) ) ;
#2516 = CARTESIAN_POINT ( 'NONE',  ( 62.71874267194539954, 6.374945883461886176, 168.6709489860051860 ) ) ;
#2517 = PLANE ( 'NONE',  #3642 ) ;
#2518 = CARTESIAN_POINT ( 'NONE',  ( 47.56380284655799073, 6.690788063413674713, 129.6828388480189744 ) ) ;
#2519 = FACE_OUTER_BOUND ( 'NONE', #2727, .T. ) ;
#2520 = CARTESIAN_POINT ( 'NONE',  ( 62.15695394351460834, 6.237117613920211134, 101.2366176143546284 ) ) ;
#2521 =( NAMED_UNIT ( * ) PLANE_ANGLE_UNIT ( ) SI_UNIT ( $, .RADIAN. ) );
#2522 = ADVANCED_FACE ( 'NONE', ( #2519 ), #4721, .F. ) ;
#2523 = CARTESIAN_POINT ( 'NONE',  ( 63.51890666293263621, 5.273535158674822476, 160.6819078484116972 ) ) ;
#2524 = CARTESIAN_POINT ( 'NONE',  ( 47.30647879088789409, 6.405264418229070777, 155.9931947935666301 ) ) ;
#2525 = CARTESIAN_POINT ( 'NONE',  ( 52.74652246259464050, 8.959835480746896508, 117.2084104679964867 ) ) ;
#2526 = CARTESIAN_POINT ( 'NONE',  ( 63.41151093087635360, 5.421836002782535857, 125.0403976572293487 ) ) ;
#2527 = CARTESIAN_POINT ( 'NONE',  ( 57.75646495579233175, 8.826152350266152524, 151.5443298569308297 ) ) ;
#2528 = EDGE_CURVE ( 'NONE', #256, #4485, #273, .T. ) ;
#2529 = CARTESIAN_POINT ( 'NONE',  ( 52.53504117874457080, 9.710084241088699386, 153.5164256238204530 ) ) ;
#2530 = CARTESIAN_POINT ( 'NONE',  ( 58.27357708810804127, 8.687507960559244680, 114.8694446638466076 ) ) ;
#2531 = CARTESIAN_POINT ( 'NONE',  ( 47.97274515791106353, 7.119702119973038812, 164.0765568091721036 ) ) ;
#2532 = ADVANCED_FACE ( 'NONE', ( #1406 ), #3237, .T. ) ;
#2533 = DIRECTION ( 'NONE',  ( 1.000000000000000000, 0.000000000000000000, 0.000000000000000000 ) ) ;
#2534 = CARTESIAN_POINT ( 'NONE',  ( 53.23254026797670235, 9.052129902008438478, 141.8293704576161076 ) ) ;
#2535 = CARTESIAN_POINT ( 'NONE',  ( 46.21803602711789694, 4.783575837418972299, 120.5648562460645081 ) ) ;
#2536 = CARTESIAN_POINT ( 'NONE',  ( 48.31780346436399753, 6.714506904999831605, 143.0482562040059520 ) ) ;
#2537 = CARTESIAN_POINT ( 'NONE',  ( 61.21111240043377677, 7.855551034502744834, 92.89792822105545156 ) ) ;
#2538 = ORIENTED_EDGE ( 'NONE', *, *, #2229, .T. ) ;
#2539 = CARTESIAN_POINT ( 'NONE',  ( 63.29618881369086836, 5.612132729246902763, 148.9355956374159575 ) ) ;
#2540 = CARTESIAN_POINT ( 'NONE',  ( 63.57486327818890715, 5.180248368778820556, 171.1867769056620148 ) ) ;
#2541 = CARTESIAN_POINT ( 'NONE',  ( 56.54367434603810949, 9.896935022339144794, 104.1993931475167727 ) ) ;
#2542 = CARTESIAN_POINT ( 'NONE',  ( 52.53504117874454238, 9.710084241088690504, 128.2294879732622803 ) ) ;
#2543 = CARTESIAN_POINT ( 'NONE',  ( 46.44344115341397128, 5.177805941658125022, 119.5713163122606630 ) ) ;
#2544 = CARTESIAN_POINT ( 'NONE',  ( 62.69944752825655598, 6.384946949218035961, 93.96454825833156121 ) ) ;
#2545 = CARTESIAN_POINT ( 'NONE',  ( 57.16389473293802581, 8.969538888940899568, 154.4916498930255671 ) ) ;
#2546 = CARTESIAN_POINT ( 'NONE',  ( 62.27048231516931764, 6.109561499516850347, 162.3521418001182042 ) ) ;
#2547 = CARTESIAN_POINT ( 'NONE',  ( 46.10679977349124670, 4.572919050968829779, 159.1933975553753555 ) ) ;
#2548 = CARTESIAN_POINT ( 'NONE',  ( 53.94110282835491432, 9.947972631749170347, 128.1853555571281618 ) ) ;
#2549 = CARTESIAN_POINT ( 'NONE',  ( 62.28069477105292862, 6.868238108317739510, 125.8919590656085887 ) ) ;
#2550 = CARTESIAN_POINT ( 'NONE',  ( 56.70869343931125428, 9.063876489394607106, 151.6021602925883656 ) ) ;
#2551 = CYLINDRICAL_SURFACE ( 'NONE', #3564, 5.000000000000004441 ) ;
#2552 = CARTESIAN_POINT ( 'NONE',  ( 49.67524388704885041, 7.747463404106909479, 126.4864344142382890 ) ) ;
#2553 = EDGE_CURVE ( 'NONE', #2382, #3946, #2507, .T. ) ;
#2554 = CARTESIAN_POINT ( 'NONE',  ( 56.19373815769669278, 9.131716844379633713, 141.8123926853418197 ) ) ;
#2555 = CARTESIAN_POINT ( 'NONE',  ( 50.05374356648928824, 8.696094863719771695, 104.5305449843762631 ) ) ;
#2556 = CARTESIAN_POINT ( 'NONE',  ( 46.10526860420970507, 4.569927716203981305, 171.9259441956418186 ) ) ;
#2557 =( BOUNDED_SURFACE ( )  B_SPLINE_SURFACE ( 3, 2, ( 
 ( #2527, #2140, #3281 ),
 ( #2502, #1412, #4730 ),
 ( #2550, #2252, #439 ),
 ( #1535, #2995, #1655 ),
 ( #1733, #3205, #4286 ),
 ( #1760, #657, #3148 ),
 ( #990, #3120, #3882 ),
 ( #4579, #239, #607 ),
 ( #2451, #2304, #4207 ),
 ( #1603, #4182, #4475 ),
 ( #3783, #571, #1939 ),
 ( #4157, #3830, #3113 ),
 ( #543, #3445, #927 ),
 ( #2007, #1559, #4571 ),
 ( #3024, #2659, #2682 ),
 ( #154, #3808, #130 ),
 ( #3763, #3399, #3471 ),
 ( #4497, #1966, #3067 ),
 ( #4520, #3089, #4545 ),
 ( #1274, #2156, #3950 ),
 ( #3197, #647, #1749 ),
 ( #2860, #4302, #3625 ),
 ( #1035, #3603, #4696 ),
 ( #1800, #1452, #2207 ),
 ( #1492, #1533, #4109 ),
 ( #4513, #4135, #3469 ),
 ( #879, #547, #4502 ),
 ( #134, #2705, #1871 ),
 ( #2169, #3333, #4591 ),
 ( #592, #1284, #2071 ),
 ( #875, #461, #1206 ),
 ( #4516, #2656, #3376 ),
 ( #4113, #4539, #835 ),
 ( #3396, #2301, #816 ),
 ( #1617, #1247, #3439 ),
 ( #898, #82, #2361 ),
 ( #3083, #106, #1539 ),
 ( #1597, #1578, #3778 ),
 ( #4471, #3020, #147 ),
 ( #2634, #1899, #444 ),
 ( #499, #3062, #3000 ),
 ( #516, #1226, #1960 ),
 ( #3043, #3357, #1556 ),
 ( #3417, #4176, #4494 ),
 ( #2342, #2696, #2678 ),
 ( #1269, #3760, #4150 ),
 ( #125, #478, #874 ),
 ( #1936, #4131, #854 ),
 ( #4451, #2321, #3800 ),
 ( #1981, #2724, #67 ),
 ( #1182, #4091, #2281 ),
 ( #3741, #1915, #3569 ),
 ( #1003, #4592, #642 ),
 ( #538, #593, #4647 ) ),
 .UNSPECIFIED., .F., .F., .F. ) 
 B_SPLINE_SURFACE_WITH_KNOTS ( ( 4, 2, 2, 2, 2, 2, 2, 2, 2, 2, 2, 2, 2, 2, 2, 2, 2, 2, 2, 2, 2, 2, 2, 2, 2, 2, 4 ),
 ( 3, 3 ),
 ( 0.02576872991869785454, 0.02737927553861655566, 0.02898982115853526026, 0.02979509396849461256, 0.03060036677845396486, 0.03221091239837266945, 0.03382145801829137405, 0.03462673082825072635, 0.03543200363821007864, 0.03623727644816943094, 0.03704254925812878324, 0.03865309487804748784, 0.03945836768800684013, 0.04026364049796619243, 0.04106891330792554473, 0.04187418611788489703, 0.04267945892784424933, 0.04348473173780360163, 0.04429000454776295392, 0.04509527735772230622, 0.04590055016768165852, 0.04670582297764101082, 0.04751109578760036312, 0.04831636859755971541, 0.04912164140751906771, 0.04992691421747842001, 0.05153745983739712461 ),
 ( 0.000000000000000000, 1.000000000000000000 ),
 .UNSPECIFIED. ) 
 GEOMETRIC_REPRESENTATION_ITEM ( )  RATIONAL_B_SPLINE_SURFACE ( (
 ( 1.000000000000000000, 0.7893766639933711415, 1.000000000000000000),
 ( 1.000000000000000000, 0.7825608850403383832, 1.000000000000000000),
 ( 1.000000000000000000, 0.7771021633351062885, 1.000000000000000000),
 ( 1.000000000000000000, 0.7705973665936691752, 1.000000000000000000),
 ( 1.000000000000000000, 0.7695258663428889978, 1.000000000000000000),
 ( 1.000000000000000000, 0.7713532626316703666, 1.000000000000000000),
 ( 1.000000000000000000, 0.7725286462564582290, 1.000000000000000000),
 ( 1.000000000000000000, 0.7759640334789241756, 1.000000000000000000),
 ( 1.000000000000000000, 0.7782203734824459929, 1.000000000000000000),
 ( 1.000000000000000000, 0.7862364096893028620, 1.000000000000000000),
 ( 1.000000000000000000, 0.7932838177401023705, 1.000000000000000000),
 ( 1.000000000000000000, 0.8089164715662441330, 1.000000000000000000),
 ( 1.000000000000000000, 0.8175560581393858106, 1.000000000000000000),
 ( 1.000000000000000000, 0.8293815250403313577, 1.000000000000000000),
 ( 1.000000000000000000, 0.8331564301209263279, 1.000000000000000000),
 ( 1.000000000000000000, 0.8401216011109934323, 1.000000000000000000),
 ( 1.000000000000000000, 0.8433292833439682834, 1.000000000000000000),
 ( 1.000000000000000000, 0.8488115562008513582, 1.000000000000000000),
 ( 1.000000000000000000, 0.8511007898935791793, 1.000000000000000000),
 ( 1.000000000000000000, 0.8547420613069118822, 1.000000000000000000),
 ( 1.000000000000000000, 0.8560984231032388037, 1.000000000000000000),
 ( 1.000000000000000000, 0.8588155039599741913, 1.000000000000000000),
 ( 1.000000000000000000, 0.8587820620767235846, 1.000000000000000000),
 ( 1.000000000000000000, 0.8576185801973872369, 1.000000000000000000),
 ( 1.000000000000000000, 0.8570536465221109124, 1.000000000000000000),
 ( 1.000000000000000000, 0.8559083013766860537, 1.000000000000000000),
 ( 1.000000000000000000, 0.8553250822064188963, 1.000000000000000000),
 ( 1.000000000000000000, 0.8543789501289171806, 1.000000000000000000),
 ( 1.000000000000000000, 0.8540204092088911070, 1.000000000000000000),
 ( 1.000000000000000000, 0.8536811764978772255, 1.000000000000000000),
 ( 1.000000000000000000, 0.8536952463235545352, 1.000000000000000000),
 ( 1.000000000000000000, 0.8540874963651323704, 1.000000000000000000),
 ( 1.000000000000000000, 0.8544710660371441779, 1.000000000000000000),
 ( 1.000000000000000000, 0.8554464632891614073, 1.000000000000000000),
 ( 1.000000000000000000, 0.8560366967959609497, 1.000000000000000000),
 ( 1.000000000000000000, 0.8571760181857925875, 1.000000000000000000),
 ( 1.000000000000000000, 0.8577278933290444218, 1.000000000000000000),
 ( 1.000000000000000000, 0.8584490022493738159, 1.000000000000000000),
 ( 1.000000000000000000, 0.8586165396469922495, 1.000000000000000000),
 ( 1.000000000000000000, 0.8582760942370870616, 1.000000000000000000),
 ( 1.000000000000000000, 0.8577641227061869600, 1.000000000000000000),
 ( 1.000000000000000000, 0.8558135268182229805, 1.000000000000000000),
 ( 1.000000000000000000, 0.8543941140443763738, 1.000000000000000000),
 ( 1.000000000000000000, 0.8506077918238509339, 1.000000000000000000),
 ( 1.000000000000000000, 0.8482408245658680235, 1.000000000000000000),
 ( 1.000000000000000000, 0.8425896108486427005, 1.000000000000000000),
 ( 1.000000000000000000, 0.8393481563455900130, 1.000000000000000000),
 ( 1.000000000000000000, 0.8322870269455808767, 1.000000000000000000),
 ( 1.000000000000000000, 0.8284595966005531276, 1.000000000000000000),
 ( 1.000000000000000000, 0.8204604413419246400, 1.000000000000000000),
 ( 1.000000000000000000, 0.8162885345088963795, 1.000000000000000000),
 ( 1.000000000000000000, 0.8039529003816564545, 1.000000000000000000),
 ( 1.000000000000000000, 0.7958850563967858616, 1.000000000000000000),
 ( 1.000000000000000000, 0.7890828154404134764, 1.000000000000000000) ) ) 
 REPRESENTATION_ITEM ( '' )  SURFACE ( )  );
#2558 = CARTESIAN_POINT ( 'NONE',  ( 58.61288553951347780, 9.328998685859474449, 103.8277313105596278 ) ) ;
#2559 = CARTESIAN_POINT ( 'NONE',  ( 47.29909703707897961, 5.569931025684565995, 169.9159614344694376 ) ) ;
#2560 = AXIS2_PLACEMENT_3D ( 'NONE', #3870, #4322, #1347 ) ;
#2561 = ORIENTED_EDGE ( 'NONE', *, *, #3451, .T. ) ;
#2562 = CARTESIAN_POINT ( 'NONE',  ( 60.93923694828922066, 8.050183050874663238, 151.9843528711799081 ) ) ;
#2563 = CARTESIAN_POINT ( 'NONE',  ( 62.98659806707387787, 5.144119556594930032, 171.4569699432463494 ) ) ;
#2564 = CARTESIAN_POINT ( 'NONE',  ( 53.08248765452830042, 9.831420915287734985, 153.4937283520849292 ) ) ;
#2565 = CARTESIAN_POINT ( 'NONE',  ( 56.78831919319966914, 9.048678585008568476, 114.9611068117337140 ) ) ;
#2566 = AXIS2_PLACEMENT_3D ( 'NONE', #3458, #3889, #586 ) ;
#2567 = CARTESIAN_POINT ( 'NONE',  ( 46.10605441087204071, 4.571452247488211995, 122.1788403578076441 ) ) ;
#2568 = CARTESIAN_POINT ( 'NONE',  ( 59.83862567448289838, 8.757034559881548219, 164.2079798478102362 ) ) ;
#2569 = CARTESIAN_POINT ( 'NONE',  ( 46.99611979593750277, 5.116265858384655196, 159.2208243684486320 ) ) ;
#2570 = CARTESIAN_POINT ( 'NONE',  ( 52.51802033711722828, 9.704656796120442408, 128.2307895271500797 ) ) ;
#2571 = CARTESIAN_POINT ( 'NONE',  ( 56.89854826595939841, 9.836399893339477174, 139.9362256034657150 ) ) ;
#2572 = CYLINDRICAL_SURFACE ( 'NONE', #1260, 4.999999999999990230 ) ;
#2573 = CARTESIAN_POINT ( 'NONE',  ( 47.08784776273983397, 5.261320546974001644, 173.2051889234089970 ) ) ;
#2574 = VECTOR ( 'NONE', #916, 1000.000000000000000 ) ;
#2575 = CARTESIAN_POINT ( 'NONE',  ( 59.04305895139648186, 8.400247012403859515, 142.0139365028954614 ) ) ;
#2576 = CARTESIAN_POINT ( 'NONE',  ( 47.62996333539080496, 6.775380419533770571, 126.5516826259984526 ) ) ;
#2577 = CARTESIAN_POINT ( 'NONE',  ( 47.17548855091946791, 6.231598964148735931, 175.9645997139021745 ) ) ;
#2578 = CARTESIAN_POINT ( 'NONE',  ( 53.94110282835494985, 9.947972631749170347, 92.19391911103566883 ) ) ;
#2579 = CARTESIAN_POINT ( 'NONE',  ( 46.37396910149403340, 5.060085822047413195, 169.7438326616494635 ) ) ;
#2580 = CARTESIAN_POINT ( 'NONE',  ( 49.24612960458318156, 8.198443463231470218, 115.4222757944728670 ) ) ;
#2581 = VERTEX_POINT ( 'NONE', #690 ) ;
#2582 = CARTESIAN_POINT ( 'NONE',  ( 63.00399006132136037, 5.116086936991082190, 172.1332458000794929 ) ) ;
#2583 = CARTESIAN_POINT ( 'NONE',  ( 55.99135403055873184, 9.154405820447474085, 141.8084523088776336 ) ) ;
#2584 = CARTESIAN_POINT ( 'NONE',  ( 56.69036018613963535, 9.874113734708599210, 128.1976950016415628 ) ) ;
#2585 = CARTESIAN_POINT ( 'NONE',  ( 47.23657219223294135, 5.481640936089611671, 120.1925464700562856 ) ) ;
#2586 = CARTESIAN_POINT ( 'NONE',  ( 63.85989481328446971, 4.637307061425410382, 99.04957483968452436 ) ) ;
#2587 = CARTESIAN_POINT ( 'NONE',  ( 62.71838261689084959, 5.548279978712080229, 161.4419024685156216 ) ) ;
#2588 = EDGE_CURVE ( 'NONE', #1471, #1242, #3133, .T. ) ;
#2589 = CARTESIAN_POINT ( 'NONE',  ( 62.97390533155662951, 5.164556866772763932, 160.1662838524871404 ) ) ;
#2590 = CARTESIAN_POINT ( 'NONE',  ( 55.10291375400684899, 10.00367418119095042, 128.1757419851259954 ) ) ;
#2591 = CARTESIAN_POINT ( 'NONE',  ( 52.78155126160351074, 8.969143522660615986, 154.4900134173327331 ) ) ;
#2592 = CARTESIAN_POINT ( 'NONE',  ( 48.67547064135537482, 7.026353159813075067, 138.0031860969552042 ) ) ;
#2593 = DIRECTION ( 'NONE',  ( 1.000000000000000000, -0.000000000000000000, -0.000000000000000000 ) ) ;
#2594 = CARTESIAN_POINT ( 'NONE',  ( 47.54578551198111569, 6.680007889703357904, 163.0060643992446217 ) ) ;
#2595 = CARTESIAN_POINT ( 'NONE',  ( 46.67041506486932434, 5.541853993700898151, 175.1541241399933995 ) ) ;
#2596 = CARTESIAN_POINT ( 'NONE',  ( 60.82476335134175116, 7.407668578965309614, 102.2836109644944855 ) ) ;
#2597 = CARTESIAN_POINT ( 'NONE',  ( 57.75646495579165673, 8.567490936528182388, 103.8753926352601979 ) ) ;
#2598 = CARTESIAN_POINT ( 'NONE',  ( 50.10984271994345818, 8.727472254797730145, 116.5162296106781810 ) ) ;
#2599 = CARTESIAN_POINT ( 'NONE',  ( 46.79439936929664157, 5.719334244038869031, 175.3692752812242475 ) ) ;
#2600 = ORIENTED_EDGE ( 'NONE', *, *, #846, .F. ) ;
#2601 = CARTESIAN_POINT ( 'NONE',  ( 46.99461480058511853, 5.113791336405648202, 134.1371104902999321 ) ) ;
#2602 = DIRECTION ( 'NONE',  ( 0.9487581048920092908, -0.3052490498131644747, -0.08173784918802189103 ) ) ;
#2603 = CARTESIAN_POINT ( 'NONE',  ( 50.83782784291985024, 9.111882202611033321, 128.3798061504898840 ) ) ;
#2604 = CARTESIAN_POINT ( 'NONE',  ( 46.79439936929664867, 5.719334244038871695, 162.7258064559451611 ) ) ;
#2605 = ORIENTED_EDGE ( 'NONE', *, *, #4628, .T. ) ;
#2606 = CARTESIAN_POINT ( 'NONE',  ( 61.19061488377201385, 7.134348954715196811, 114.0912989068407484 ) ) ;
#2607 = CARTESIAN_POINT ( 'NONE',  ( 63.41043546667225428, 5.411818570648350146, 169.0829548067389112 ) ) ;
#2608 = CARTESIAN_POINT ( 'NONE',  ( 53.11773428157080446, 9.839363724073910689, 140.8487224550961514 ) ) ;
#2609 = CARTESIAN_POINT ( 'NONE',  ( 62.71874267194534980, 6.374945883463773555, 130.7405425101679270 ) ) ;
#2610 = ADVANCED_FACE ( 'NONE', ( #3814 ), #4033, .T. ) ;
#2611 = CARTESIAN_POINT ( 'NONE',  ( 52.26580499390995271, 8.832096614886289387, 117.2424472502504216 ) ) ;
#2612 = CARTESIAN_POINT ( 'NONE',  ( 62.91767559583709613, 5.256586699116920336, 99.32537721758816929 ) ) ;
#2613 = CARTESIAN_POINT ( 'NONE',  ( 58.58941537323907767, 8.576939620827312538, 154.5994562131503471 ) ) ;
#2614 = CARTESIAN_POINT ( 'NONE',  ( 60.70258280987691535, 8.219798796342505653, 164.7075101953511478 ) ) ;
#2615 = CARTESIAN_POINT ( 'NONE',  ( 47.03502175827141230, 5.178684348923749070, 98.88606036679721001 ) ) ;
#2616 = CARTESIAN_POINT ( 'NONE',  ( 54.03101267884605363, 9.146399794390291049, 138.9755247952324737 ) ) ;
#2617 = CARTESIAN_POINT ( 'NONE',  ( 57.78599216349049073, 9.608473571095167642, 103.8968508027057993 ) ) ;
#2618 = CARTESIAN_POINT ( 'NONE',  ( 46.63586205828485731, 5.509120316697862840, 161.3115374477341391 ) ) ;
#2619 = CARTESIAN_POINT ( 'NONE',  ( 55.20607119714537703, 10.00234227606099680, 104.1816711364485997 ) ) ;
#2620 = CARTESIAN_POINT ( 'NONE',  ( 49.38021110991950735, 8.276418821143122884, 166.6264296669034479 ) ) ;
#2621 = VERTEX_POINT ( 'NONE', #1178 ) ;
#2622 = CARTESIAN_POINT ( 'NONE',  ( 47.60619032405361395, 5.965131566334177293, 136.8626928718656472 ) ) ;
#2623 = CARTESIAN_POINT ( 'NONE',  ( 50.31798015404012148, 8.095541075609279602, 167.4274588414473897 ) ) ;
#2624 = DIRECTION ( 'NONE',  ( 0.000000000000000000, 0.000000000000000000, 1.000000000000000000 ) ) ;
#2625 = ORIENTED_EDGE ( 'NONE', *, *, #4067, .F. ) ;
#2626 = CARTESIAN_POINT ( 'NONE',  ( 60.75662975139344724, 8.196266797826993411, 141.3700255769794012 ) ) ;
#2627 = CARTESIAN_POINT ( 'NONE',  ( 60.54660515899673356, 8.327382635181946213, 151.4151734022475466 ) ) ;
#2628 = CARTESIAN_POINT ( 'NONE',  ( 61.76618412459738039, 6.635613735738586705, 175.5927390056913566 ) ) ;
#2629 = FACE_OUTER_BOUND ( 'NONE', #3846, .T. ) ;
#2630 = CARTESIAN_POINT ( 'NONE',  ( 63.87399785250332229, 4.610057315488594654, 133.4176720042452757 ) ) ;
#2631 = SURFACE_SIDE_STYLE ('',( #4361 ) ) ;
#2632 = DIRECTION ( 'NONE',  ( -1.000000000000000000, -2.620428211445327472E-16, 0.000000000000000000 ) ) ;
#2633 = CARTESIAN_POINT ( 'NONE',  ( 61.39914901153361626, 7.692893283999751475, 102.4775229099076768 ) ) ;
#2634 = CARTESIAN_POINT ( 'NONE',  ( 47.73334903700067855, 6.113900920464921285, 143.7146471938577577 ) ) ;
#2635 = CARTESIAN_POINT ( 'NONE',  ( 46.49562888470856592, 5.293167367075288787, 96.74899993703280643 ) ) ;
#2636 = CARTESIAN_POINT ( 'NONE',  ( 49.17807218654871804, 7.421430468857028728, 93.86000982503041712 ) ) ;
#2637 = CARTESIAN_POINT ( 'NONE',  ( 46.99544896960897233, 5.115165755695325167, 172.0888981395519295 ) ) ;
#2638 = AXIS2_PLACEMENT_3D ( 'NONE', #466, #1903, #4480 ) ;
#2639 = CARTESIAN_POINT ( 'NONE',  ( 49.02937369375167265, 7.302174966323316418, 138.2052847682379877 ) ) ;
#2640 = CARTESIAN_POINT ( 'NONE',  ( 58.06273883976849959, 9.519434373920201864, 103.8753926352601979 ) ) ;
#2641 = CARTESIAN_POINT ( 'NONE',  ( 56.69036018613959982, 9.874113734708602763, 116.2005495196107461 ) ) ;
#2642 = FACE_OUTER_BOUND ( 'NONE', #75, .T. ) ;
#2643 = CARTESIAN_POINT ( 'NONE',  ( 56.86385371193723870, 9.842271263910793877, 164.4138784192027458 ) ) ;
#2644 = CARTESIAN_POINT ( 'NONE',  ( 48.10049428152109385, 6.506111637378418244, 162.8195285162308892 ) ) ;
#2645 = ORIENTED_EDGE ( 'NONE', *, *, #479, .T. ) ;
#2646 = B_SPLINE_CURVE_WITH_KNOTS ( 'NONE', 3,
 ( #3791, #2712, #4166, #889, #2352, #3097, #1282, #3125, #4583, #1310, #2769, #938, #1214, #1207, #1387, #1410, #3906, #2449, #2093, #2500, #2424, #296, #3203, #2818, #323, #3554, #3880, #605, #237, #3250, #1016, #2065, #1435, #269, #3528, #3961, #350, #2476, #2166, #3931, #4310, #1048, #679, #2139, #2525, #706 ),
 .UNSPECIFIED., .F., .F.,
 ( 4, 2, 2, 2, 2, 2, 2, 2, 2, 2, 2, 2, 2, 2, 2, 2, 2, 2, 2, 2, 2, 2, 4 ),
 ( 0.02670436104153411927, 0.02819925873772814034, 0.02894670758582516823, 0.02969415643392219611, 0.03044160528201922400, 0.03118905413011625535, 0.03268395182631027296, 0.03417884952250431485, 0.03567374721869836368, 0.03716864491489241251, 0.03866354261108645440, 0.04015844030728050323, 0.04090588915537753112, 0.04165333800347456594, 0.04240078685157159383, 0.04314823569966862171, 0.04464313339586267748, 0.04539058224395970537, 0.04613803109205673325, 0.04763292878825078902, 0.04838037763634782384, 0.04912782648444485867, 0.05062272418063895607 ),
 .UNSPECIFIED. ) ;
#2647 = CARTESIAN_POINT ( 'NONE',  ( 49.67524388704884331, 7.747463404106897933, 138.4835798962691626 ) ) ;
#2648 = CARTESIAN_POINT ( 'NONE',  ( 46.38656434264654393, 5.081693682480141305, 107.7700472249004378 ) ) ;
#2649 = ORIENTED_EDGE ( 'NONE', *, *, #4687, .F. ) ;
#2650 = CARTESIAN_POINT ( 'NONE',  ( 59.08731236767209793, 9.144646386993329656, 151.6706915246413985 ) ) ;
#2651 = CARTESIAN_POINT ( 'NONE',  ( 62.71359680023803662, 5.554425828665165099, 174.0894883955567707 ) ) ;
#2652 = DIRECTION ( 'NONE',  ( 0.000000000000000000, 0.000000000000000000, 1.000000000000000000 ) ) ;
#2653 = CARTESIAN_POINT ( 'NONE',  ( 50.05374356649112855, 8.696094863720745138, 153.8117735989942219 ) ) ;
#2654 = CARTESIAN_POINT ( 'NONE',  ( 63.58093193676739929, 5.170224649173734477, 134.9299751086943786 ) ) ;
#2655 = CARTESIAN_POINT ( 'NONE',  ( 49.46354180470211048, 8.334154943298097251, 117.3704889221863397 ) ) ;
#2656 = CARTESIAN_POINT ( 'NONE',  ( 46.40832936611305826, 5.152572761275554747, 146.0911440835009785 ) ) ;
#2657 = CARTESIAN_POINT ( 'NONE',  ( 46.99544896960803442, 5.115165755695207039, 98.16705521762025910 ) ) ;
#2658 = CARTESIAN_POINT ( 'NONE',  ( 63.78361255347418535, 4.780531750042435135, 135.5690735791414454 ) ) ;
#2659 = CARTESIAN_POINT ( 'NONE',  ( 49.18834902013837507, 8.144811136382120509, 151.3391301142320060 ) ) ;
#2660 = CARTESIAN_POINT ( 'NONE',  ( 55.99135403055871762, 9.154405820447474085, 154.4519211341566916 ) ) ;
#2661 = CARTESIAN_POINT ( 'NONE',  ( 56.70869343931313011, 9.063876489394607106, 138.9586914673092792 ) ) ;
#2662 = CARTESIAN_POINT ( 'NONE',  ( 54.34800506756138105, 9.982885021877832443, 103.9712885549526078 ) ) ;
#2663 = DIRECTION ( 'NONE',  ( -0.000000000000000000, -0.000000000000000000, -1.000000000000000000 ) ) ;
#2664 = EDGE_CURVE ( 'NONE', #3971, #4417, #2807, .T. ) ;
#2665 = CARTESIAN_POINT ( 'NONE',  ( 57.75646495579153594, 8.826152350266365687, 114.9065700675901525 ) ) ;
#2666 = CARTESIAN_POINT ( 'NONE',  ( 57.27788649899657258, 8.954465368484958887, 151.5786887849552329 ) ) ;
#2667 = CARTESIAN_POINT ( 'NONE',  ( 55.10291375400681346, 10.00367418119094864, 116.1785965030951360 ) ) ;
#2668 = ORIENTED_EDGE ( 'NONE', *, *, #1940, .F. ) ;
#2669 = CARTESIAN_POINT ( 'NONE',  ( 57.79376854830130128, 9.619365640423957586, 141.6813411216925545 ) ) ;
#2670 = EDGE_CURVE ( 'NONE', #2581, #567, #1912, .T. ) ;
#2671 = FACE_OUTER_BOUND ( 'NONE', #944, .T. ) ;
#2672 = FACE_OUTER_BOUND ( 'NONE', #918, .T. ) ;
#2673 = CYLINDRICAL_SURFACE ( 'NONE', #2259, 9.000000000000001776 ) ;
#2674 = ORIENTED_EDGE ( 'NONE', *, *, #1525, .T. ) ;
#2675 = CARTESIAN_POINT ( 'NONE',  ( 57.44329775296656493, 9.714700144213002986, 103.1254287484769634 ) ) ;
#2676 = CARTESIAN_POINT ( 'NONE',  ( 63.00399006132137458, 5.116086936990811296, 134.2028393242384254 ) ) ;
#2677 = CARTESIAN_POINT ( 'NONE',  ( 50.17830547191996260, 8.766423579979184311, 117.2210249408432645 ) ) ;
#2678 = CARTESIAN_POINT ( 'NONE',  ( 48.01607300787473775, 7.162320828072449075, 141.9659852196347174 ) ) ;
#2679 = CARTESIAN_POINT ( 'NONE',  ( 49.07439611020325287, 7.335274796790398177, 93.92296970634326669 ) ) ;
#2680 = CARTESIAN_POINT ( 'NONE',  ( 60.97034310623993747, 7.302337242769535663, 142.5801636004249815 ) ) ;
#2681 = CARTESIAN_POINT ( 'NONE',  ( 63.85249590135413911, 4.651736194070073438, 135.0102562983784367 ) ) ;
#2682 = CARTESIAN_POINT ( 'NONE',  ( 49.02032796540737536, 8.020156909402693657, 151.9695595717278422 ) ) ;
#2683 = DIRECTION ( 'NONE',  ( 1.000000000000000000, 0.000000000000000000, 0.000000000000000000 ) ) ;
#2684 = CARTESIAN_POINT ( 'NONE',  ( 47.73334903700067855, 6.113900920464921285, 131.0711783685786713 ) ) ;
#2685 = CARTESIAN_POINT ( 'NONE',  ( 75.00000000000001421, 9.184850993605150311E-15, 80.00000000000000000 ) ) ;
#2686 = CARTESIAN_POINT ( 'NONE',  ( 57.85158107991609455, 9.603328847306631388, 104.2598834801314069 ) ) ;
#2687 = CARTESIAN_POINT ( 'NONE',  ( 55.11503236896307811, 10.01711070217749189, 165.2555632314542606 ) ) ;
#2688 = ORIENTED_EDGE ( 'NONE', *, *, #3960, .T. ) ;
#2689 = CARTESIAN_POINT ( 'NONE',  ( 49.98338469713387866, 7.927565923282609006, 129.5677139779513709 ) ) ;
#2690 = CARTESIAN_POINT ( 'NONE',  ( 46.68777835716314684, 5.562065177457429677, 113.2267771715642368 ) ) ;
#2691 = EDGE_LOOP ( 'NONE', ( #4620, #1174 ) ) ;
#2692 = CARTESIAN_POINT ( 'NONE',  ( 63.89482594144082839, 4.569743765328380114, 146.7852226302531164 ) ) ;
#2693 = CARTESIAN_POINT ( 'NONE',  ( 62.27048231516928922, 6.109561499515161920, 174.9956106253948178 ) ) ;
#2694 = CARTESIAN_POINT ( 'NONE',  ( 63.29693824496889221, 5.609128168304954976, 131.8956910663705457 ) ) ;
#2695 = CARTESIAN_POINT ( 'NONE',  ( 49.07439611020417658, 7.335274796790454133, 117.9172606704049286 ) ) ;
#2696 = CARTESIAN_POINT ( 'NONE',  ( 48.22970048141960575, 7.369820596812267866, 142.5155015786414765 ) ) ;
#2697 = CARTESIAN_POINT ( 'NONE',  ( 47.83155501481206784, 6.976824870294914049, 93.46425119745424581 ) ) ;
#2698 = CARTESIAN_POINT ( 'NONE',  ( 61.79213143778931538, 6.610875607894998396, 143.1472367915175141 ) ) ;
#2699 = CARTESIAN_POINT ( 'NONE',  ( 63.76007309217547459, 4.823683520021471161, 132.4291006436431815 ) ) ;
#2700 = CARTESIAN_POINT ( 'NONE',  ( 47.29554914561143875, 5.565355518015583591, 157.2805710347104196 ) ) ;
#2701 = CARTESIAN_POINT ( 'NONE',  ( 46.42124938416769453, 5.140218207882516488, 136.5003967828910163 ) ) ;
#2702 = AXIS2_PLACEMENT_3D ( 'NONE', #1180, #442, #2632 ) ;
#2703 = CARTESIAN_POINT ( 'NONE',  ( 60.97034310623991615, 7.302337242773265125, 155.2236324257013393 ) ) ;
#2704 = CARTESIAN_POINT ( 'NONE',  ( 47.69415288318923984, 6.079453448952654604, 137.0443692120122421 ) ) ;
#2705 = CARTESIAN_POINT ( 'NONE',  ( 46.42472887616531096, 5.179585050342603303, 147.5252441016392595 ) ) ;
#2706 = CIRCLE ( 'NONE', #3179, 1.000000000000000000 ) ;
#2707 = CARTESIAN_POINT ( 'NONE',  ( 53.96883685017676413, 9.140051540279340969, 93.17635524175186390 ) ) ;
#2708 = CIRCLE ( 'NONE', #1047, 1.000000000000000000 ) ;
#2709 = CARTESIAN_POINT ( 'NONE',  ( 63.87399785250316597, 4.610057315488869989, 109.4233810401799047 ) ) ;
#2710 = CARTESIAN_POINT ( 'NONE',  ( 51.43769919068924423, 8.577280284967850221, 151.4716398740806085 ) ) ;
#2711 = CARTESIAN_POINT ( 'NONE',  ( 61.81450198885188030, 7.323555316276286753, 117.2170676180756459 ) ) ;
#2712 = CARTESIAN_POINT ( 'NONE',  ( 58.23492339567821574, 8.697871510119048466, 126.8693652380570853 ) ) ;
#2713 = CARTESIAN_POINT ( 'NONE',  ( 55.21219620077405210, 10.01435648357948516, 177.8985402753694700 ) ) ;
#2714 = ADVANCED_FACE ( 'NONE', ( #2629 ), #2277, .F. ) ;
#2715 = CARTESIAN_POINT ( 'NONE',  ( 60.02018042092186079, 7.914974401871818444, 138.5605219211761039 ) ) ;
#2716 = FACE_OUTER_BOUND ( 'NONE', #4614, .T. ) ;
#2717 = CARTESIAN_POINT ( 'NONE',  ( 46.74206454131739008, 5.643327814770417561, 106.8119408207507774 ) ) ;
#2718 = CARTESIAN_POINT ( 'NONE',  ( 48.48880280955599886, 7.609989398649986470, 154.3155791707644937 ) ) ;
#2719 = ORIENTED_EDGE ( 'NONE', *, *, #519, .F. ) ;
#2720 = CARTESIAN_POINT ( 'NONE',  ( 55.00000000000000000, 0.000000000000000000, 180.0000000000000000 ) ) ;
#2721 = CARTESIAN_POINT ( 'NONE',  ( 63.57066311318617124, 5.157132343778714656, 174.5071006236245239 ) ) ;
#2722 = CARTESIAN_POINT ( 'NONE',  ( 59.96386895087234592, 8.685975877952405000, 139.6134225365287875 ) ) ;
#2723 = CARTESIAN_POINT ( 'NONE',  ( 48.56351503673900538, 7.661789287836265672, 114.4569880139736142 ) ) ;
#2724 = CARTESIAN_POINT ( 'NONE',  ( 49.93256834886371109, 8.626841858589090251, 141.9048217272282955 ) ) ;
#2725 = CARTESIAN_POINT ( 'NONE',  ( 55.21219620077405210, 10.01435648357948516, 152.6116026248112973 ) ) ;
#2726 = CARTESIAN_POINT ( 'NONE',  ( 58.63730878854210715, 9.334574892868067408, 165.1092161797808444 ) ) ;
#2727 = EDGE_LOOP ( 'NONE', ( #4422, #4106 ) ) ;
#2728 = CARTESIAN_POINT ( 'NONE',  ( 46.12928854518442279, 4.616392227800049319, 97.37576644016726846 ) ) ;
#2729 = CARTESIAN_POINT ( 'NONE',  ( 63.09701846712948026, 5.871511323781795966, 143.1528437092773629 ) ) ;
#2730 = CARTESIAN_POINT ( 'NONE',  ( 63.57787077003543175, 5.141675847478177630, 131.6388491735484649 ) ) ;
#2731 = CARTESIAN_POINT ( 'NONE',  ( 52.26580499390998114, 8.574624054072135237, 153.5602447726662092 ) ) ;
#2732 = CARTESIAN_POINT ( 'NONE',  ( 55.00000000000000000, 0.000000000000000000, 180.0000000000000000 ) ) ;
#2733 = CARTESIAN_POINT ( 'NONE',  ( 48.40038187403234815, 6.789436746545242762, 113.8116593536414598 ) ) ;
#2734 = CARTESIAN_POINT ( 'NONE',  ( 46.14580582867330349, 4.648409528944297264, 122.9892985560836536 ) ) ;
#2735 = PRODUCT_RELATED_PRODUCT_CATEGORY ( 'part', '', ( #2996 ) ) ;
#2736 = CARTESIAN_POINT ( 'NONE',  ( 54.02179853933927234, 9.956378943639320411, 154.2938135678755600 ) ) ;
#2737 = CARTESIAN_POINT ( 'NONE',  ( 46.93853970051158342, 5.943021735623952750, 136.8670128464107734 ) ) ;
#2738 = CARTESIAN_POINT ( 'NONE',  ( 57.85158107991593113, 9.603328847306670468, 116.2570289621622379 ) ) ;
#2739 = CARTESIAN_POINT ( 'NONE',  ( 46.52872961091479453, 5.345603975319454193, 111.5850773486330922 ) ) ;
#2740 = CARTESIAN_POINT ( 'NONE',  ( 62.71359680023803662, 5.554425828663876352, 112.1647909556541833 ) ) ;
#2741 = CARTESIAN_POINT ( 'NONE',  ( 54.80976516418904509, 10.00241161736576601, 116.1788071045301365 ) ) ;
#2742 = CARTESIAN_POINT ( 'NONE',  ( 72.00000000000001421, 0.000000000000000000, 80.00000000000000000 ) ) ;
#2743 = CARTESIAN_POINT ( 'NONE',  ( 50.41981227463380577, 8.156482125065442901, 117.4706657659753972 ) ) ;
#2744 = CARTESIAN_POINT ( 'NONE',  ( 52.26580499390998824, 8.832096614886294716, 141.8830615575603247 ) ) ;
#2745 = DIRECTION ( 'NONE',  ( -0.000000000000000000, -0.000000000000000000, -1.000000000000000000 ) ) ;
#2746 = CARTESIAN_POINT ( 'NONE',  ( 46.74206454131736876, 5.643327814770398021, 156.0931694353706405 ) ) ;
#2747 = ORIENTED_EDGE ( 'NONE', *, *, #2670, .T. ) ;
#2748 = PLANE ( 'NONE',  #576 ) ;
#2749 = CARTESIAN_POINT ( 'NONE',  ( 47.54578551197825931, 6.680007889702383572, 101.7276903026015020 ) ) ;
#2750 = CARTESIAN_POINT ( 'NONE',  ( 62.27048231516931764, 6.109561499516850347, 137.0652041495600315 ) ) ;
#2751 = CARTESIAN_POINT ( 'NONE',  ( 54.23403015127275495, 9.974937722187814160, 115.1419404199691172 ) ) ;
#2752 = CARTESIAN_POINT ( 'NONE',  ( 62.68098186897004354, 5.606088688006757970, 169.8007691989407419 ) ) ;
#2753 = CARTESIAN_POINT ( 'NONE',  ( 52.26580499390998114, 8.574624054072135237, 128.2733071221080365 ) ) ;
#2754 = ORIENTED_EDGE ( 'NONE', *, *, #3732, .T. ) ;
#2755 = CARTESIAN_POINT ( 'NONE',  ( 62.09662354391063133, 7.049984895078652336, 138.7402615087760864 ) ) ;
#2756 = DIRECTION ( 'NONE',  ( -0.9496297344050206313, -0.3028089466163498833, 0.08068524885595174112 ) ) ;
#2757 = EDGE_CURVE ( 'NONE', #640, #1424, #276, .T. ) ;
#2758 = CARTESIAN_POINT ( 'NONE',  ( 47.20004543314379930, 5.429916762065578162, 111.8276353340559552 ) ) ;
#2759 = CARTESIAN_POINT ( 'NONE',  ( 49.61829516912753490, 7.701694252333050272, 126.4531002692987016 ) ) ;
#2760 = CARTESIAN_POINT ( 'NONE',  ( 62.02447327112426478, 7.122380878684297478, 93.35915175656603537 ) ) ;
#2761 = CARTESIAN_POINT ( 'NONE',  ( 63.31495095032299503, 5.558591905874743055, 156.2142959406455134 ) ) ;
#2762 = CARTESIAN_POINT ( 'NONE',  ( 47.69388215472587689, 6.841279761360027578, 137.8656478201870073 ) ) ;
#2763 = CARTESIAN_POINT ( 'NONE',  ( 63.89382571015995893, 4.571687935065250841, 121.9584343906643369 ) ) ;
#2764 = CARTESIAN_POINT ( 'NONE',  ( 53.22688443397360913, 9.042995467465566151, 126.9568998482712772 ) ) ;
#2765 = CARTESIAN_POINT ( 'NONE',  ( 46.53894416134543377, 5.361538783807054287, 108.5186571953728674 ) ) ;
#2766 = CARTESIAN_POINT ( 'NONE',  ( 63.57486327818891425, 5.180248368779285073, 109.2620794657573953 ) ) ;
#2767 = CARTESIAN_POINT ( 'NONE',  ( 49.25161448254226570, 8.187773419763336946, 164.6927742160531523 ) ) ;
#2768 = CARTESIAN_POINT ( 'NONE',  ( 60.63004872198180095, 8.269379125997842195, 127.4457042302920513 ) ) ;
#2769 = CARTESIAN_POINT ( 'NONE',  ( 61.36510415312922362, 6.992576442466575948, 125.9800508506049255 ) ) ;
#2770 = CARTESIAN_POINT ( 'NONE',  ( 59.37331677881273606, 8.244944847646340946, 138.7074978982131768 ) ) ;
#2771 = CARTESIAN_POINT ( 'NONE',  ( 47.14677279187607439, 5.350798455525780817, 123.5967879869133839 ) ) ;
#2772 = LINE ( 'NONE', #3128, #3261 ) ;
#2773 = CARTESIAN_POINT ( 'NONE',  ( 50.75243282530527722, 8.302145291125132331, 176.6608612348795475 ) ) ;
#2774 = ORIENTED_EDGE ( 'NONE', *, *, #1928, .F. ) ;
#2775 = CARTESIAN_POINT ( 'NONE',  ( 48.07090099777945369, 6.475778089736076382, 101.5094820979747681 ) ) ;
#2776 = CARTESIAN_POINT ( 'NONE',  ( 57.75646495579167805, 8.826152350266328384, 138.9008610316518002 ) ) ;
#2777 = CARTESIAN_POINT ( 'NONE',  ( 47.28462626176425232, 5.549871579011510292, 112.1179478155909663 ) ) ;
#2778 = CARTESIAN_POINT ( 'NONE',  ( 62.81092397861047516, 5.415186858300874206, 170.2370975068938890 ) ) ;
#2779 = CARTESIAN_POINT ( 'NONE',  ( 56.93788342832039717, 9.814753274709239861, 152.5753177037637158 ) ) ;
#2780 = CARTESIAN_POINT ( 'NONE',  ( 46.38598772423438277, 5.115855325677961751, 171.8557519366385122 ) ) ;
#2781 = VERTEX_POINT ( 'NONE', #2298 ) ;
#2782 = CARTESIAN_POINT ( 'NONE',  ( 63.70786460592224643, 4.918311851936072898, 170.0864914460259172 ) ) ;
#2783 = CARTESIAN_POINT ( 'NONE',  ( 47.76871044568139268, 6.154331216625183565, 156.3039541587766621 ) ) ;
#2784 = DIRECTION ( 'NONE',  ( 0.000000000000000000, 0.000000000000000000, 1.000000000000000000 ) ) ;
#2785 = CARTESIAN_POINT ( 'NONE',  ( 47.55172446441826395, 5.899514450579447455, 107.3857730680255855 ) ) ;
#2786 = CARTESIAN_POINT ( 'NONE',  ( 47.69388215472591241, 6.841279761361228395, 125.8685023381562189 ) ) ;
#2787 = CARTESIAN_POINT ( 'NONE',  ( 53.30596085339885093, 9.066099362887227286, 93.19144504207284285 ) ) ;
#2788 = EDGE_CURVE ( 'NONE', #256, #2621, #3099, .T. ) ;
#2789 = CARTESIAN_POINT ( 'NONE',  ( 62.20731469085006893, 6.936701978955707837, 154.7727254931118637 ) ) ;
#2790 = CARTESIAN_POINT ( 'NONE',  ( 46.42472887616530386, 5.179585050342605079, 134.8817752763601732 ) ) ;
#2791 = CARTESIAN_POINT ( 'NONE',  ( 61.23737090044142661, 7.824552775042063146, 117.6046561543099358 ) ) ;
#2792 = CARTESIAN_POINT ( 'NONE',  ( 58.76809692213403480, 8.511807670582713925, 102.8192980067710351 ) ) ;
#2793 = CARTESIAN_POINT ( 'NONE',  ( 48.62839689361896944, 7.712492149951019726, 104.9844112775978999 ) ) ;
#2794 = CARTESIAN_POINT ( 'NONE',  ( 46.97623356993022981, 5.971584307402392433, 143.0334863335991713 ) ) ;
#2795 = CARTESIAN_POINT ( 'NONE',  ( 61.43619233774123956, 7.661981918423614424, 105.6964195023954289 ) ) ;
#2796 = CARTESIAN_POINT ( 'NONE',  ( 62.90854613541825557, 6.133572449306389451, 125.9615447064657303 ) ) ;
#2797 = CIRCLE ( 'NONE', #3023, 1.000000000000000888 ) ;
#2798 = ADVANCED_FACE ( 'NONE', ( #1785 ), #2557, .T. ) ;
#2799 = CARTESIAN_POINT ( 'NONE',  ( 53.23254026797667393, 9.052129902008438478, 129.1859016323370497 ) ) ;
#2800 = CARTESIAN_POINT ( 'NONE',  ( 63.89482594144082839, 4.569743765328379226, 110.1474628409123966 ) ) ;
#2801 = CARTESIAN_POINT ( 'NONE',  ( 52.26580499390998824, 8.832096614886294716, 167.1699992081184973 ) ) ;
#2802 = CARTESIAN_POINT ( 'NONE',  ( 55.80496229746810855, 9.167984432471085299, 176.9104399449279015 ) ) ;
#2803 = ORIENTED_EDGE ( 'NONE', *, *, #1422, .F. ) ;
#2804 = CARTESIAN_POINT ( 'NONE',  ( 53.92334742097902023, 9.946430965722173667, 103.9649891519141960 ) ) ;
#2805 = CARTESIAN_POINT ( 'NONE',  ( 63.57066311318738627, 5.157132343776571481, 136.5766941477796763 ) ) ;
#2806 = CARTESIAN_POINT ( 'NONE',  ( 55.11401134231091703, 10.01660587324409590, 115.1444031774894086 ) ) ;
#2807 = CIRCLE ( 'NONE', #2267, 9.000000000000001776 ) ;
#2808 = CARTESIAN_POINT ( 'NONE',  ( 55.00000000000000000, 0.000000000000000000, 179.0000000000000000 ) ) ;
#2809 = ORIENTED_EDGE ( 'NONE', *, *, #3644, .F. ) ;
#2810 = CARTESIAN_POINT ( 'NONE',  ( 62.98659806707387787, 5.144119556594930032, 146.1700322926881768 ) ) ;
#2811 = CARTESIAN_POINT ( 'NONE',  ( 63.83844923529446902, 4.678527374794983373, 170.9201709834443648 ) ) ;
#2812 = CARTESIAN_POINT ( 'NONE',  ( 55.70345532960209312, 9.175000524501763621, 105.1667306214716859 ) ) ;
#2813 = CARTESIAN_POINT ( 'NONE',  ( 47.62996333539077654, 6.775380419533755472, 138.5488281080292836 ) ) ;
#2814 = CARTESIAN_POINT ( 'NONE',  ( 47.45766495379729832, 5.780647371009960622, 107.5807108370538288 ) ) ;
#2815 = CARTESIAN_POINT ( 'NONE',  ( 54.30334357172520043, 9.980233355848405097, 92.18833803770456825 ) ) ;
#2816 = CARTESIAN_POINT ( 'NONE',  ( 63.79078800688546380, 4.767234175635416626, 157.9102552576531764 ) ) ;
#2817 = DIRECTION ( 'NONE',  ( 0.3037994451211137314, -0.9527360060080144466, 0.000000000000000000 ) ) ;
#2818 = CARTESIAN_POINT ( 'NONE',  ( 61.60481632962563481, 6.784775370763115987, 118.3430680425726251 ) ) ;
#2819 = CARTESIAN_POINT ( 'NONE',  ( 62.30828731379684626, 6.839066913562064087, 118.2810502723771151 ) ) ;
#2820 = CARTESIAN_POINT ( 'NONE',  ( 54.03101267884512282, 9.146399794390067228, 126.9783793132015717 ) ) ;
#2821 = CARTESIAN_POINT ( 'NONE',  ( 46.38598772423439698, 5.115855325678082544, 109.9310544967377012 ) ) ;
#2822 = CARTESIAN_POINT ( 'NONE',  ( 49.14993703466952013, 8.115027429206369547, 141.4134613549615551 ) ) ;
#2823 = CARTESIAN_POINT ( 'NONE',  ( 62.87283073483994400, 5.321715180617709429, 108.6517453566128211 ) ) ;
#2824 = CARTESIAN_POINT ( 'NONE',  ( 50.10597725747374653, 8.739175768925649734, 176.8542037927727790 ) ) ;
#2825 = DIRECTION ( 'NONE',  ( -0.000000000000000000, -0.000000000000000000, -1.000000000000000000 ) ) ;
#2826 = CARTESIAN_POINT ( 'NONE',  ( 59.90799249476170019, 8.717386969899816762, 115.6306613168472524 ) ) ;
#2827 = CARTESIAN_POINT ( 'NONE',  ( 47.08072785081021294, 5.250374855292973209, 170.8382125603138206 ) ) ;
#2828 = ORIENTED_EDGE ( 'NONE', *, *, #584, .F. ) ;
#2829 = CARTESIAN_POINT ( 'NONE',  ( 47.79097783650856712, 6.934820660454371399, 102.6632537677833739 ) ) ;
#2830 = CARTESIAN_POINT ( 'NONE',  ( 63.14056317448305577, 5.839416528213801527, 136.7025174868393265 ) ) ;
#2831 = CARTESIAN_POINT ( 'NONE',  ( 52.44126044772261963, 8.891028577846146419, 114.9245923518434438 ) ) ;
#2832 = CARTESIAN_POINT ( 'NONE',  ( 72.00000000000001421, 0.000000000000000000, 53.00000000000000711 ) ) ;
#2833 = ORIENTED_EDGE ( 'NONE', *, *, #4598, .F. ) ;
#2834 = CARTESIAN_POINT ( 'NONE',  ( 50.83782784292356638, 9.111882202613008630, 92.38836970439361096 ) ) ;
#2835 = CARTESIAN_POINT ( 'NONE',  ( 63.46987679767869395, 5.347783483074295852, 145.1992031703074417 ) ) ;
#2836 = CARTESIAN_POINT ( 'NONE',  ( 63.85249590135413911, 4.651736194070079655, 172.9406627742157241 ) ) ;
#2837 = CARTESIAN_POINT ( 'NONE',  ( 62.00405866504445385, 7.142031051775734163, 154.6231449996441256 ) ) ;
#2838 = CARTESIAN_POINT ( 'NONE',  ( 51.40575526271015150, 9.349988230744923356, 128.3158427252164699 ) ) ;
#2839 = CARTESIAN_POINT ( 'NONE',  ( 47.41691183942197085, 5.728533843635017497, 112.4791547502729543 ) ) ;
#2840 = CARTESIAN_POINT ( 'NONE',  ( 49.25161448254378627, 8.187773419764342364, 127.4086910834641770 ) ) ;
#2841 = CARTESIAN_POINT ( 'NONE',  ( 60.78300708779222106, 7.437257093473002456, 93.85713494748294750 ) ) ;
#2842 = CARTESIAN_POINT ( 'NONE',  ( 61.32202594457675104, 7.028362228521349842, 155.4242646155129250 ) ) ;
#2843 = CARTESIAN_POINT ( 'NONE',  ( 53.19395076106218312, 9.839821165879484965, 115.9424250304910515 ) ) ;
#2844 = CARTESIAN_POINT ( 'NONE',  ( 62.69944752825603018, 6.384946949218694101, 117.9588392223932090 ) ) ;
#2845 = CARTESIAN_POINT ( 'NONE',  ( 57.24380627673439648, 8.963602712080700030, 126.9405212233870373 ) ) ;
#2846 = CARTESIAN_POINT ( 'NONE',  ( 49.07412391582410294, 8.060015753290604934, 104.8020742140920873 ) ) ;
#2847 = CARTESIAN_POINT ( 'NONE',  ( 59.46748205588134795, 8.201058478069336743, 114.6953979478579555 ) ) ;
#2848 = CARTESIAN_POINT ( 'NONE',  ( 48.56206203521967524, 6.931364329149428016, 125.9296830821448623 ) ) ;
#2849 = CARTESIAN_POINT ( 'NONE',  ( 58.61288553951352043, 9.328998685859456685, 127.8220222746212755 ) ) ;
#2850 = CYLINDRICAL_SURFACE ( 'NONE', #4094, 10.00000000000000178 ) ;
#2851 = CARTESIAN_POINT ( 'NONE',  ( 54.96119301142182678, 9.189341984288422083, 141.8017607090572199 ) ) ;
#2852 = EDGE_CURVE ( 'NONE', #3079, #4221, #440, .T. ) ;
#2853 = CARTESIAN_POINT ( 'NONE',  ( 51.79458057772394142, 9.489712760962179416, 127.8659803893286977 ) ) ;
#2854 = CARTESIAN_POINT ( 'NONE',  ( 54.29926761813749891, 9.167153796514904585, 102.9880702396196881 ) ) ;
#2855 = CARTESIAN_POINT ( 'NONE',  ( 57.75646495579155726, 8.826152350266362134, 164.1877986822099729 ) ) ;
#2856 = EDGE_LOOP ( 'NONE', ( #2881, #2987, #1067, #4442 ) ) ;
#2857 = CARTESIAN_POINT ( 'NONE',  ( 61.39914901153456128, 7.692893283998444076, 126.4718138739674487 ) ) ;
#2858 = CARTESIAN_POINT ( 'NONE',  ( 61.76618412459738039, 6.635613735738586705, 150.3058013551331840 ) ) ;
#2859 = CARTESIAN_POINT ( 'NONE',  ( 56.69036018613964956, 9.874113734708595658, 166.1281014774788218 ) ) ;
#2860 = CARTESIAN_POINT ( 'NONE',  ( 47.69415288319112989, 6.079453448953565875, 149.6878380372923800 ) ) ;
#2861 = DIRECTION ( 'NONE',  ( 1.000000000000000000, 0.000000000000000000, -0.000000000000000000 ) ) ;
#2862 = CARTESIAN_POINT ( 'NONE',  ( 51.43769919068924423, 8.577280284967850221, 114.8338800847398460 ) ) ;
#2863 = CARTESIAN_POINT ( 'NONE',  ( 47.73334903700067855, 6.113900920464156563, 119.0740328865489630 ) ) ;
#2864 = CARTESIAN_POINT ( 'NONE',  ( 54.91374700102200279, 9.189621077341664446, 93.16679659432638516 ) ) ;
#2865 = CARTESIAN_POINT ( 'NONE',  ( 47.57908177531886906, 6.716785288498344997, 130.3882069635001244 ) ) ;
#2866 = CARTESIAN_POINT ( 'NONE',  ( 46.97192478587601272, 5.983920253221596930, 156.5313942468943083 ) ) ;
#2867 = CARTESIAN_POINT ( 'NONE',  ( 61.48658322064036241, 6.889103053745987637, 118.2528478512371350 ) ) ;
#2868 = CARTESIAN_POINT ( 'NONE',  ( 50.54836920980671522, 8.208647717286565282, 154.7361377371159961 ) ) ;
#2869 = CARTESIAN_POINT ( 'NONE',  ( 56.86385371193552629, 9.842271263912174106, 127.1297952866211602 ) ) ;
#2870 = CARTESIAN_POINT ( 'NONE',  ( 47.18533296369383123, 6.257259080692278097, 106.8841076656805171 ) ) ;
#2871 = CARTESIAN_POINT ( 'NONE',  ( 60.54660515899656303, 8.327382635180175185, 114.7774136129086884 ) ) ;
#2872 = CARTESIAN_POINT ( 'NONE',  ( 60.63004872198175832, 8.269379125997870617, 152.0863185376020112 ) ) ;
#2873 = CARTESIAN_POINT ( 'NONE',  ( 0.000000000000000000, 0.000000000000000000, 77.00000000000000000 ) ) ;
#2874 = CARTESIAN_POINT ( 'NONE',  ( 62.81092397861047516, 5.415186858300874206, 144.9501598563357163 ) ) ;
#2875 = ORIENTED_EDGE ( 'NONE', *, *, #864, .F. ) ;
#2876 = CARTESIAN_POINT ( 'NONE',  ( 47.22401348881123084, 5.463691046409051566, 99.91607082606329016 ) ) ;
#2877 = TOROIDAL_SURFACE ( 'NONE', #1944, 72.00000000000001421, 3.000000000000000000 ) ;
#2878 = EDGE_CURVE ( 'NONE', #788, #2407, #1886, .T. ) ;
#2879 = AXIS2_PLACEMENT_3D ( 'NONE', #4462, #1930, #3389 ) ;
#2880 = CARTESIAN_POINT ( 'NONE',  ( 62.96129326636312840, 6.054778097764095257, 94.30425946551474681 ) ) ;
#2881 = ORIENTED_EDGE ( 'NONE', *, *, #3419, .F. ) ;
#2882 = CARTESIAN_POINT ( 'NONE',  ( 61.19837931051332447, 7.855397569819031034, 126.5592146376080223 ) ) ;
#2883 = CARTESIAN_POINT ( 'NONE',  ( 62.51798235954228744, 6.598716221074279353, 151.0240637035848295 ) ) ;
#2884 = CARTESIAN_POINT ( 'NONE',  ( 55.20263286552734883, 10.00227628322047835, 166.9345979189370723 ) ) ;
#2885 = CARTESIAN_POINT ( 'NONE',  ( 61.90879296849657720, 7.234634370708538320, 164.1557814002956093 ) ) ;
#2886 = CARTESIAN_POINT ( 'NONE',  ( 51.96200554878886635, 9.527360060080146908, 128.2733071221080365 ) ) ;
#2887 = CIRCLE ( 'NONE', #1353, 1.000000000000000000 ) ;
#2888 = CARTESIAN_POINT ( 'NONE',  ( 52.85304714822455452, 8.981875585555117780, 114.9462290959183406 ) ) ;
#2889 = CARTESIAN_POINT ( 'NONE',  ( 63.59493378326877888, 5.147221717292789656, 97.50094426275124704 ) ) ;
#2890 = CARTESIAN_POINT ( 'NONE',  ( 60.32548170357126338, 7.736325962368058029, 154.9603745761657478 ) ) ;
#2891 = CARTESIAN_POINT ( 'NONE',  ( 49.26555720392489235, 7.470945681971111085, 129.8274219974222774 ) ) ;
#2892 = CIRCLE ( 'NONE', #4477, 75.00000000000001421 ) ;
#2893 = CARTESIAN_POINT ( 'NONE',  ( 46.12928854518447253, 4.616392227800137249, 158.6541405368142250 ) ) ;
#2894 = CARTESIAN_POINT ( 'NONE',  ( 51.96200554878886635, 9.527360060080148685, 153.5602447726662092 ) ) ;
#2895 = CARTESIAN_POINT ( 'NONE',  ( 58.63730878854188688, 9.334574892868142015, 115.8279875651718527 ) ) ;
#2896 = CARTESIAN_POINT ( 'NONE',  ( 48.51188005366530120, 6.887692065455277124, 163.1776829583243398 ) ) ;
#2897 = CARTESIAN_POINT ( 'NONE',  ( 51.96200554878889477, 9.527360060080152238, 104.2790161580463746 ) ) ;
#2898 = DIRECTION ( 'NONE',  ( 0.000000000000000000, 0.000000000000000000, -1.000000000000000000 ) ) ;
#2899 = CARTESIAN_POINT ( 'NONE',  ( 63.01094754870391057, 5.104797726938683056, 146.3929286360983895 ) ) ;
#2900 = CARTESIAN_POINT ( 'NONE',  ( 46.42124938416771585, 5.140218207882531587, 124.5032513008602280 ) ) ;
#2901 = CARTESIAN_POINT ( 'NONE',  ( 51.31896712027680962, 8.543550549375050096, 141.9648233974679101 ) ) ;
#2902 = CARTESIAN_POINT ( 'NONE',  ( 47.00567567153770199, 5.131674157883345799, 158.9300811247940430 ) ) ;
#2903 = B_SPLINE_CURVE_WITH_KNOTS ( 'NONE', 3,
 ( #1632, #4529, #3887, #2770, #2378, #2715, #193, #4168, #4243, #4610, #3816, #1335, #4554, #2072, #3861, #4192, #1285, #554, #4584, #4267, #637, #3508, #247, #2431, #218, #1685, #2019, #1662, #529, #2353, #995, #2458, #3913, #1992, #3126, #2101, #3565, #2403, #4217, #585, #940, #971, #3153, #2799, #3456, #3100 ),
 .UNSPECIFIED., .F., .F.,
 ( 4, 2, 2, 2, 2, 2, 2, 2, 2, 2, 2, 2, 2, 2, 2, 2, 2, 2, 2, 2, 2, 2, 4 ),
 ( 0.02670436104153409498, 0.02819925873772816463, 0.02894670758582521680, 0.02969415643392226897, 0.03044160528201932114, 0.03118905413011637678, 0.03268395182631045337, 0.03417884952250452996, 0.03567374721869861348, 0.03716864491489269007, 0.03866354261108676665, 0.04015844030728083630, 0.04090588915537785031, 0.04165333800347486432, 0.04240078685157187138, 0.04314823569966888539, 0.04464313339586291340, 0.04539058224395992047, 0.04613803109205692754, 0.04763292878825094168, 0.04838037763634794874, 0.04912782648444494193, 0.05062272418063891444 ),
 .UNSPECIFIED. ) ;
#2904 = CARTESIAN_POINT ( 'NONE',  ( 62.61911541557198291, 6.496652312036326649, 102.3151246863571942 ) ) ;
#2905 = CARTESIAN_POINT ( 'NONE',  ( 48.79945064002177446, 7.864390690084252178, 164.5446428294391694 ) ) ;
#2906 = ORIENTED_EDGE ( 'NONE', *, *, #1830, .F. ) ;
#2907 = CARTESIAN_POINT ( 'NONE',  ( 62.67237988899329793, 6.417539175028718290, 150.8604857585414152 ) ) ;
#2908 = CARTESIAN_POINT ( 'NONE',  ( 60.38483566946831615, 7.699755725213814017, 167.6232630093459477 ) ) ;
#2909 = CARTESIAN_POINT ( 'NONE',  ( 55.97218262889730767, 9.969514250595715055, 153.4685557785497281 ) ) ;
#2910 = CARTESIAN_POINT ( 'NONE',  ( 54.80976516418911615, 10.00241161736577133, 104.1816616224993197 ) ) ;
#2911 = CARTESIAN_POINT ( 'NONE',  ( 57.27788649899660101, 8.954465368484962440, 114.9409289956145130 ) ) ;
#2912 = CARTESIAN_POINT ( 'NONE',  ( 47.30647879088792251, 6.405264418228867385, 118.7091116609775838 ) ) ;
#2913 = CARTESIAN_POINT ( 'NONE',  ( 62.56939191889259178, 5.745440497508466748, 95.64752396031612136 ) ) ;
#2914 = FILL_AREA_STYLE ('',( #4406 ) ) ;
#2915 = CARTESIAN_POINT ( 'NONE',  ( 63.57066311318738627, 5.157132343776571481, 161.8636317983378490 ) ) ;
#2916 = CARTESIAN_POINT ( 'NONE',  ( 47.33573746969653229, 6.427342441339829016, 155.2025815054880127 ) ) ;
#2917 = CARTESIAN_POINT ( 'NONE',  ( 47.14677279187604597, 5.350798455525759501, 99.60249702285169349 ) ) ;
#2918 = CARTESIAN_POINT ( 'NONE',  ( 62.71359680023803662, 5.554425828663808851, 124.1619364376848296 ) ) ;
#2919 = CARTESIAN_POINT ( 'NONE',  ( 49.23976583389093520, 8.181187081191511723, 154.7174097522178613 ) ) ;
#2920 =( GEOMETRIC_REPRESENTATION_CONTEXT ( 3 ) GLOBAL_UNCERTAINTY_ASSIGNED_CONTEXT ( ( #358 ) ) GLOBAL_UNIT_ASSIGNED_CONTEXT ( ( #404, #32, #4079 ) ) REPRESENTATION_CONTEXT ( 'NONE', 'WORKASPACE' ) );
#2921 = CARTESIAN_POINT ( 'NONE',  ( 60.34531325299209215, 7.724213858090596574, 114.4682825370091024 ) ) ;
#2922 = CARTESIAN_POINT ( 'NONE',  ( 61.19061488377201385, 7.134348954715196811, 102.0941534248098890 ) ) ;
#2923 = CARTESIAN_POINT ( 'NONE',  ( -5.175281374238570820, -3.000000000000000000, -10.00000000000000178 ) ) ;
#2924 = CARTESIAN_POINT ( 'NONE',  ( 46.63980147176545188, 5.489510882107155432, 119.0321179212997293 ) ) ;
#2925 = CARTESIAN_POINT ( 'NONE',  ( 46.68777835716316105, 5.562065177457434118, 175.1514746114631862 ) ) ;
#2926 = CARTESIAN_POINT ( 'NONE',  ( 55.97218262889733609, 9.969514250595711502, 92.19018168189904827 ) ) ;
#2927 = CARTESIAN_POINT ( 'NONE',  ( 49.79775572636528835, 8.545286007613045243, 166.5126651567468627 ) ) ;
#2928 = EDGE_LOOP ( 'NONE', ( #1156, #2828, #39, #766 ) ) ;
#2929 = CARTESIAN_POINT ( 'NONE',  ( 61.32202594457677236, 7.028362228525045552, 168.0677334407892829 ) ) ;
#2930 = CARTESIAN_POINT ( 'NONE',  ( 54.37300921454379221, 9.171751586877595841, 129.1616488669388900 ) ) ;
#2931 = CARTESIAN_POINT ( 'NONE',  ( 62.48345585631044230, 5.855520498815900865, 95.45986559215762668 ) ) ;
#2932 = CARTESIAN_POINT ( 'NONE',  ( 62.56214639762701069, 5.765419674384433257, 161.8567313875184368 ) ) ;
#2933 = CARTESIAN_POINT ( 'NONE',  ( 59.46748205588136926, 8.201058478069755964, 163.9766265624779749 ) ) ;
#2934 = CARTESIAN_POINT ( 'NONE',  ( 47.08784776273984107, 5.261320546974008749, 160.5617200981299391 ) ) ;
#2935 = CARTESIAN_POINT ( 'NONE',  ( 51.43769919068924423, 8.577280284967850221, 102.8367346027089866 ) ) ;
#2936 = CARTESIAN_POINT ( 'NONE',  ( 62.17715372129840290, 6.967896309899484386, 126.6825790621278998 ) ) ;
#2937 = EDGE_CURVE ( 'NONE', #868, #4566, #3303, .T. ) ;
#2938 = CARTESIAN_POINT ( 'NONE',  ( 58.06273883976849959, 9.519434373920203640, 115.8725381172910431 ) ) ;
#2939 = CARTESIAN_POINT ( 'NONE',  ( 53.48293986000434330, 9.888528016976170676, 103.9543780626621583 ) ) ;
#2940 = CARTESIAN_POINT ( 'NONE',  ( 46.52872961091385662, 5.345603975317581025, 173.5097747885282331 ) ) ;
#2941 = CARTESIAN_POINT ( 'NONE',  ( 61.09519179463827498, 7.208412500844550763, 142.6454737390770902 ) ) ;
#2942 = CARTESIAN_POINT ( 'NONE',  ( 51.78496694166037884, 8.704325706903594195, 141.9171068776288109 ) ) ;
#2943 = CARTESIAN_POINT ( 'NONE',  ( 63.76007309217547459, 4.823683520021466720, 96.43766419755064589 ) ) ;
#2944 = CARTESIAN_POINT ( 'NONE',  ( 51.25404505870034200, 8.520488222445226967, 167.2587484004300507 ) ) ;
#2945 = AXIS2_PLACEMENT_3D ( 'NONE', #2753, #1296, #3256 ) ;
#2946 = ORIENTED_EDGE ( 'NONE', *, *, #2553, .T. ) ;
#2947 = CARTESIAN_POINT ( 'NONE',  ( 60.74624597017943728, 7.462811600403211010, 150.9530222483059845 ) ) ;
#2948 = CARTESIAN_POINT ( 'NONE',  ( 63.51252146016353350, 5.280248471685245804, 170.7187898145263034 ) ) ;
#2949 = CARTESIAN_POINT ( 'NONE',  ( 55.20263286552734883, 10.00227628322047835, 141.6476602683788428 ) ) ;
#2950 = CARTESIAN_POINT ( 'NONE',  ( 56.10150447837991550, 9.957105667169887653, 128.1837760239399415 ) ) ;
#2951 = VECTOR ( 'NONE', #195, 1000.000000000000000 ) ;
#2952 = CARTESIAN_POINT ( 'NONE',  ( 63.00399006132136037, 5.116086936990680734, 98.21140287814408509 ) ) ;
#2953 = CARTESIAN_POINT ( 'NONE',  ( 62.42870366399353088, 6.708147977602643586, 163.0325226455649386 ) ) ;
#2954 = CARTESIAN_POINT ( 'NONE',  ( 47.12127067598736829, 5.312998267755391524, 96.68098723877071166 ) ) ;
#2955 = AXIS2_PLACEMENT_3D ( 'NONE', #143, #4560, #1290 ) ;
#2956 = CARTESIAN_POINT ( 'NONE',  ( 62.51798235954288430, 6.598716221073647858, 126.3834493962748553 ) ) ;
#2957 = AXIS2_PLACEMENT_3D ( 'NONE', #3346, #1528, #2988 ) ;
#2958 = CARTESIAN_POINT ( 'NONE',  ( 52.44126044772451678, 8.891028577846217473, 138.9188833159051342 ) ) ;
#2959 = CARTESIAN_POINT ( 'NONE',  ( 50.99612368823516562, 9.167950423603773658, 103.7821844404936513 ) ) ;
#2960 = CARTESIAN_POINT ( 'NONE',  ( 56.08293835499853230, 9.958521810038439170, 105.0124956428160488 ) ) ;
#2961 = CARTESIAN_POINT ( 'NONE',  ( 47.40370985353556677, 6.507725705282241258, 117.8443767222114360 ) ) ;
#2962 = CARTESIAN_POINT ( 'NONE',  ( 50.21989629562327906, 8.788275287285827631, 177.5809916484116115 ) ) ;
#2963 = EDGE_CURVE ( 'NONE', #1199, #335, #1203, .T. ) ;
#2964 = DIRECTION ( 'NONE',  ( 0.000000000000000000, -1.000000000000000000, 0.000000000000000000 ) ) ;
#2965 = CARTESIAN_POINT ( 'NONE',  ( 47.44831991125062132, 5.768367987461858526, 169.5284978905669675 ) ) ;
#2966 = CARTESIAN_POINT ( 'NONE',  ( 49.07439611020419790, 7.335274796789880369, 129.9144061524361575 ) ) ;
#2967 = CARTESIAN_POINT ( 'NONE',  ( 46.10526860420971929, 4.569927716203982193, 159.2824753703627891 ) ) ;
#2968 = ORIENTED_EDGE ( 'NONE', *, *, #3419, .T. ) ;
#2969 = CARTESIAN_POINT ( 'NONE',  ( 61.59490704598622557, 7.521956896509281343, 151.6965420591353961 ) ) ;
#2970 = CARTESIAN_POINT ( 'NONE',  ( 62.91170920564058378, 5.262002201130322021, 170.7950079455717685 ) ) ;
#2971 = CARTESIAN_POINT ( 'NONE',  ( 54.10471492365690693, 9.152729602044187729, 141.8087478954120115 ) ) ;
#2972 = CARTESIAN_POINT ( 'NONE',  ( 60.81497358516358531, 8.142454249387771625, 129.4474139581270720 ) ) ;
#2973 = SURFACE_STYLE_USAGE ( .BOTH. , #2631 ) ;
#2974 = CARTESIAN_POINT ( 'NONE',  ( 47.49138821177040626, 6.609344732278093382, 117.7551157794553376 ) ) ;
#2975 = CARTESIAN_POINT ( 'NONE',  ( 63.57486327818891425, 5.180248368779285073, 97.26493398372653587 ) ) ;
#2976 = CARTESIAN_POINT ( 'NONE',  ( 61.09519179463825367, 7.208412500844563198, 155.2889425643561481 ) ) ;
#2977 = CARTESIAN_POINT ( 'NONE',  ( 61.95497566470972828, 7.196004805649097946, 163.4363590204525565 ) ) ;
#2978 = CARTESIAN_POINT ( 'NONE',  ( 61.81450198885188030, 7.323555316276268101, 129.2142131001064627 ) ) ;
#2979 = CARTESIAN_POINT ( 'NONE',  ( 62.57035984036696163, 5.752953572804184290, 124.5459772649611807 ) ) ;
#2980 = CARTESIAN_POINT ( 'NONE',  ( 48.36597076998565825, 7.487464528672327368, 139.0321375663589549 ) ) ;
#2981 = CARTESIAN_POINT ( 'NONE',  ( 46.42124938416768032, 5.140218207882502277, 100.5089603367984807 ) ) ;
#2982 = CARTESIAN_POINT ( 'NONE',  ( 47.22401348881217586, 5.463691046409110186, 161.1944449227141263 ) ) ;
#2983 = CARTESIAN_POINT ( 'NONE',  ( 47.97274515791238514, 7.119702119974274268, 176.7200256344511899 ) ) ;
#2984 = CARTESIAN_POINT ( 'NONE',  ( 55.18546407742237392, 9.188333276751217582, 105.1641809169940700 ) ) ;
#2985 = CARTESIAN_POINT ( 'NONE',  ( 46.21803602711789694, 4.783575837418970522, 170.4924082039325697 ) ) ;
#2986 = CARTESIAN_POINT ( 'NONE',  ( 47.96114348693997442, 6.363352376660682985, 162.6652172762661905 ) ) ;
#2987 = ORIENTED_EDGE ( 'NONE', *, *, #550, .T. ) ;
#2988 = DIRECTION ( 'NONE',  ( 1.000000000000000000, 0.000000000000000000, 0.000000000000000000 ) ) ;
#2989 = CARTESIAN_POINT ( 'NONE',  ( 47.23657219223294845, 5.481640936089040572, 170.1200984279259671 ) ) ;
#2990 = CARTESIAN_POINT ( 'NONE',  ( 46.97623356993025112, 5.971584307402399538, 106.3957265442584230 ) ) ;
#2991 = CARTESIAN_POINT ( 'NONE',  ( 46.50137470937610118, 5.272851775604715741, 162.0399328924119686 ) ) ;
#2992 = EDGE_LOOP ( 'NONE', ( #2357, #2946 ) ) ;
#2993 = CARTESIAN_POINT ( 'NONE',  ( 63.01094754870389636, 5.104797726938683056, 109.7551688467576412 ) ) ;
#2994 = CARTESIAN_POINT ( 'NONE',  ( 63.29693824496709453, 5.609128168304907902, 169.8260975422078616 ) ) ;
#2995 = CARTESIAN_POINT ( 'NONE',  ( 55.69677459827907740, 9.993178946707081067, 151.7813030416454296 ) ) ;
#2996 = PRODUCT ( 'Handel', 'Handel', '', ( #123 ) ) ;
#2997 = CARTESIAN_POINT ( 'NONE',  ( 63.85378290661051892, 4.649193877432844957, 133.1512018636237258 ) ) ;
#2998 = CARTESIAN_POINT ( 'NONE',  ( 49.26555720392487103, 7.470945681973193864, 117.8302765153902385 ) ) ;
#2999 = CARTESIAN_POINT ( 'NONE',  ( 61.77657249735100464, 7.363996869258549793, 102.2746099133133697 ) ) ;
#3000 = CARTESIAN_POINT ( 'NONE',  ( 47.05165498302822868, 6.072516980860683589, 142.9202084589059609 ) ) ;
#3001 = CARTESIAN_POINT ( 'NONE',  ( 47.72826916505567851, 6.877641722269610014, 94.25347243812323939 ) ) ;
#3002 = CARTESIAN_POINT ( 'NONE',  ( 55.31288058489254666, 9.193274031581424310, 102.9930607178765882 ) ) ;
#3003 = CARTESIAN_POINT ( 'NONE',  ( 55.63903762998285885, 9.181140437901788687, 138.9825518609061987 ) ) ;
#3004 = CARTESIAN_POINT ( 'NONE',  ( 56.78831919319969757, 9.048678585008559594, 126.9582522937644455 ) ) ;
#3005 = CARTESIAN_POINT ( 'NONE',  ( 52.78155126160196176, 8.969143522660644408, 117.2059302847437010 ) ) ;
#3006 = CARTESIAN_POINT ( 'NONE',  ( 56.52132416758047384, 9.092161871278332086, 105.1822916688034439 ) ) ;
#3007 = CARTESIAN_POINT ( 'NONE',  ( 55.69677459827893529, 9.993178946708040300, 164.4247718669245444 ) ) ;
#3008 = CARTESIAN_POINT ( 'NONE',  ( 63.85249590135415332, 4.651736194070080543, 123.0131108163475915 ) ) ;
#3009 = ORIENTED_EDGE ( 'NONE', *, *, #2340, .T. ) ;
#3010 = CARTESIAN_POINT ( 'NONE',  ( 47.12127067598738250, 5.312998267755387971, 132.6724236848632472 ) ) ;
#3011 = CYLINDRICAL_SURFACE ( 'NONE', #1263, 5.000000000000004441 ) ;
#3012 = ORIENTED_EDGE ( 'NONE', *, *, #1677, .F. ) ;
#3013 = CARTESIAN_POINT ( 'NONE',  ( 58.55641790154551529, 9.364596556875243394, 151.7102517425265944 ) ) ;
#3014 = CARTESIAN_POINT ( 'NONE',  ( 57.24380627673194510, 8.963602712078367674, 102.9462302593247216 ) ) ;
#3015 = DIRECTION ( 'NONE',  ( -2.620428211445327472E-16, -1.000000000000000000, 0.000000000000000000 ) ) ;
#3016 = CARTESIAN_POINT ( 'NONE',  ( 62.96840461650395326, 5.173471978323230580, 133.3045050169135664 ) ) ;
#3017 =( LENGTH_UNIT ( ) NAMED_UNIT ( * ) SI_UNIT ( .MILLI., .METRE. ) );
#3018 = CARTESIAN_POINT ( 'NONE',  ( 57.44329775296775153, 9.714700144212631727, 115.1225742305077659 ) ) ;
#3019 = CIRCLE ( 'NONE', #730, 1.000000000000000888 ) ;
#3020 = CARTESIAN_POINT ( 'NONE',  ( 46.97192478587599140, 5.983920253221594265, 143.8879254216152503 ) ) ;
#3021 = CARTESIAN_POINT ( 'NONE',  ( 47.13522587829099564, 5.333850940081832803, 96.61441883871587777 ) ) ;
#3022 = CARTESIAN_POINT ( 'NONE',  ( 51.96200554878887345, 9.527360060080148685, 166.2037135979452955 ) ) ;
#3023 = AXIS2_PLACEMENT_3D ( 'NONE', #2597, #115, #1504 ) ;
#3024 = CARTESIAN_POINT ( 'NONE',  ( 49.61829516912752069, 7.701694252334501556, 151.0937145766095000 ) ) ;
#3025 = VECTOR ( 'NONE', #1801, 1000.000000000000000 ) ;
#3026 = B_SPLINE_CURVE_WITH_KNOTS ( 'NONE', 3,
 ( #3873, #4205, #2367, #4519, #3828, #4569, #1300, #3167, #2006, #2033, #2783, #957, #2060, #2700, #309, #2461, #1445, #2103, #2902, #3512, #222, #3157, #1339, #616, #3539, #250, #783, #11, #31, #2986, #2644, #2332, #1972, #1569, #4191, #3034, #3480, #4102, #489, #4123, #3750, #2310, #1236, #4140, #1991, #2291, #3054, #4527, #3790, #863 ),
 .UNSPECIFIED., .F., .F.,
 ( 4, 2, 2, 2, 2, 2, 2, 2, 2, 2, 2, 2, 2, 2, 2, 2, 2, 2, 2, 2, 2, 2, 2, 2, 4 ),
 ( 0.002779998200560685785, 0.004275270878121489870, 0.005770543555682293088, 0.007265816233243095439, 0.008013452572023523068, 0.008761088910803951565, 0.009508725249584380063, 0.01025636158836480856, 0.01100399792714523706, 0.01175163426592566382, 0.01249927060470609405, 0.01324690694348652081, 0.01399454328226695105, 0.01474217962104737781, 0.01548981595982780457, 0.01623745229860823480, 0.01698508863738866156, 0.01773272497616909180, 0.01922799765372992103, 0.01997563399251033392, 0.02072327033129075027, 0.02221854300885158645, 0.02371381568641242263, 0.02520908836397325534, 0.02670436104153409498 ),
 .UNSPECIFIED. ) ;
#3027 = CARTESIAN_POINT ( 'NONE',  ( 60.38483566946829484, 7.699755725213917046, 154.9797941840668329 ) ) ;
#3028 = CARTESIAN_POINT ( 'NONE',  ( 57.24380627673393462, 8.963602712085197766, 138.9376667054190762 ) ) ;
#3029 = CARTESIAN_POINT ( 'NONE',  ( 47.62996333539074811, 6.775380419533734155, 102.5573916619367481 ) ) ;
#3030 = CARTESIAN_POINT ( 'NONE',  ( 55.20607119714532729, 10.00234227606099857, 116.1788166184794449 ) ) ;
#3031 = CARTESIAN_POINT ( 'NONE',  ( 58.08468766231408864, 8.746172792757455738, 105.2654731644794452 ) ) ;
#3032 = B_SPLINE_CURVE_WITH_KNOTS ( 'NONE', 3,
 ( #1114, #3574, #2564, #3217, #1828, #3604, #1724, #2909, #1093, #316, #3979, #1404, #4303, #3951, #369, #3293, #2837, #2085, #2133, #4739, #1473, #2470, #4002, #1775, #4380, #723, #2112, #3242, #625, #3198, #3547, #3925, #260, #1380, #1750, #4279, #648, #4697, #1427, #343, #2885, #1070, #698, #3626, #2276, #4425, #4466, #4403, #3331, #2251, #3715, #1201 ),
 .UNSPECIFIED., .F., .F.,
 ( 4, 2, 2, 2, 2, 2, 2, 2, 2, 2, 2, 2, 2, 2, 2, 2, 2, 2, 2, 2, 2, 2, 2, 2, 2, 4 ),
 ( 0.05223588426280195013, 0.05396372264429206977, 0.05482764183503712613, 0.05569156102578218248, 0.05741939940727230213, 0.05914723778876242177, 0.06087507617025253448, 0.06260291455174266106, 0.06346683374248769660, 0.06433075293323274602, 0.06519467212397779543, 0.06605859131472284484, 0.06692251050546789426, 0.06778642969621294367, 0.06865034888695799309, 0.06951426807770304250, 0.07037818726844809192, 0.07124210645919314133, 0.07296994484068324016, 0.07469778322217332511, 0.07556170241291840228, 0.07642562160366346558, 0.07728954079440852887, 0.07815345998515359216, 0.07901737917589865545, 0.07988129836664371874 ),
 .UNSPECIFIED. ) ;
#3033 = CARTESIAN_POINT ( 'NONE',  ( 50.09101680733832040, 7.986924266592883903, 151.2426367221694647 ) ) ;
#3034 = CARTESIAN_POINT ( 'NONE',  ( 49.67524388704884331, 7.747463404106897933, 163.7705175468273069 ) ) ;
#3035 = AXIS2_PLACEMENT_3D ( 'NONE', #741, #2964, #2151 ) ;
#3036 = VERTEX_POINT ( 'NONE', #2855 ) ;
#3037 = CARTESIAN_POINT ( 'NONE',  ( 57.27788649899659390, 8.954465368484951782, 138.9352199596761466 ) ) ;
#3038 = CARTESIAN_POINT ( 'NONE',  ( 47.62996333539074811, 6.775380419533734155, 114.5545371439675932 ) ) ;
#3039 = EDGE_LOOP ( 'NONE', ( #176, #4024 ) ) ;
#3040 = CARTESIAN_POINT ( 'NONE',  ( 58.00222507193219457, 9.538903794036254880, 177.0221240230296473 ) ) ;
#3041 = CARTESIAN_POINT ( 'NONE',  ( 63.79741732689607403, 4.760013507061324312, 135.5659722390372224 ) ) ;
#3042 = CARTESIAN_POINT ( 'NONE',  ( 55.63903762998284463, 9.181140437901790463, 114.9882608968445226 ) ) ;
#3043 = CARTESIAN_POINT ( 'NONE',  ( 48.24224938975194021, 6.643585118842108450, 143.1155233394368622 ) ) ;
#3044 = CARTESIAN_POINT ( 'NONE',  ( 47.30647879088795804, 6.405264418228552081, 94.71482069691583661 ) ) ;
#3045 = CARTESIAN_POINT ( 'NONE',  ( 61.51270847242494000, 7.593153700050443433, 139.0953162633243210 ) ) ;
#3046 = CARTESIAN_POINT ( 'NONE',  ( 0.000000000000000000, 0.000000000000000000, 80.00000000000000000 ) ) ;
#3047 = EDGE_CURVE ( 'NONE', #3691, #1865, #1817, .T. ) ;
#3048 = CARTESIAN_POINT ( 'NONE',  ( 60.74783775557267518, 8.188163207920712949, 154.0229601233583310 ) ) ;
#3049 = CARTESIAN_POINT ( 'NONE',  ( 50.47795705014936374, 8.185609252442574757, 138.6895187681400046 ) ) ;
#3050 =( BOUNDED_SURFACE ( )  B_SPLINE_SURFACE ( 3, 2, ( 
 ( #87, #2306, #3765 ),
 ( #3028, #4052, #4479 ),
 ( #2661, #49, #2571 ),
 ( #3003, #3340, #4118 ),
 ( #1853, #484, #1942 ),
 ( #798, #2260, #1562 ),
 ( #2616, #4097, #1902 ),
 ( #1211, #3401, #820 ),
 ( #396, #1584, #3726 ),
 ( #2958, #4410, #4035 ),
 ( #4074, #3702, #755 ),
 ( #1144, #111, #1543 ),
 ( #3049, #448, #4500 ),
 ( #776, #1187, #2216 ),
 ( #4455, #3680, #3315 ),
 ( #1920, #23, #4432 ),
 ( #2639, #2285, #2980 ),
 ( #2592, #1520, #3745 ),
 ( #1499, #2236, #420 ),
 ( #1165, #2762, #3069 ),
 ( #1653, #4235, #156 ),
 ( #2704, #1604, #4523 ),
 ( #575, #2737, #2347 ),
 ( #1624, #859, #931 ),
 ( #504, #523, #2372 ),
 ( #210, #4160, #1253 ),
 ( #1276, #1328, #2063 ),
 ( #2039, #2790, #4546 ),
 ( #3474, #3811, #3090 ),
 ( #3424, #4210, #3172 ),
 ( #3144, #186, #1987 ),
 ( #4186, #2009, #907 ),
 ( #3117, #3832, #3501 ),
 ( #546, #1679, #4577 ),
 ( #3449, #3852, #1304 ),
 ( #884, #2393, #2423 ),
 ( #962, #4603, #1703 ),
 ( #1232, #3878, #603 ),
 ( #2327, #3527, #236 ),
 ( #2684, #4137, #3785 ),
 ( #1967, #132, #2091 ),
 ( #3553, #2865, #4420 ),
 ( #1863, #765, #1155 ),
 ( #2247, #407, #1385 ),
 ( #1133, #37, #2116 ),
 ( #2966, #321, #3929 ),
 ( #2891, #293, #4043 ),
 ( #653, #4308, #1044 ),
 ( #3904, #4676, #1433 ),
 ( #2497, #2225, #1510 ),
 ( #3689, #2448, #3711 ),
 ( #3325, #4630, #2603 ),
 ( #4063, #3580, #786 ),
 ( #3223, #1359, #433 ) ),
 .UNSPECIFIED., .F., .F., .F. ) 
 B_SPLINE_SURFACE_WITH_KNOTS ( ( 4, 2, 2, 2, 2, 2, 2, 2, 2, 2, 2, 2, 2, 2, 2, 2, 2, 2, 2, 2, 2, 2, 2, 2, 2, 2, 4 ),
 ( 3, 3 ),
 ( 0.02576872991869781637, 0.02737927553861651750, 0.02898982115853521863, 0.02979509396849457092, 0.03060036677845391975, 0.03221091239837262088, 0.03382145801829132548, 0.03462673082825067084, 0.03543200363821002313, 0.03623727644816937543, 0.03704254925812872079, 0.03865309487804742539, 0.03945836768800677768, 0.04026364049796612998, 0.04106891330792547534, 0.04187418611788482764, 0.04267945892784417994, 0.04348473173780352530, 0.04429000454776287760, 0.04509527735772222989, 0.04590055016768158219, 0.04670582297764093449, 0.04751109578760028679, 0.04831636859755963909, 0.04912164140751899138, 0.04992691421747834368, 0.05153745983739704134 ),
 ( 0.000000000000000000, 1.000000000000000000 ),
 .UNSPECIFIED. ) 
 GEOMETRIC_REPRESENTATION_ITEM ( )  RATIONAL_B_SPLINE_SURFACE ( (
 ( 1.000000000000000000, 0.7893766639933705864, 1.000000000000000000),
 ( 1.000000000000000000, 0.7825608850402044903, 1.000000000000000000),
 ( 1.000000000000000000, 0.7771021633352858116, 1.000000000000000000),
 ( 1.000000000000000000, 0.7705973665934892081, 1.000000000000000000),
 ( 1.000000000000000000, 0.7695258663428594659, 1.000000000000000000),
 ( 1.000000000000000000, 0.7713532626316854657, 1.000000000000000000),
 ( 1.000000000000000000, 0.7725286462565029710, 1.000000000000000000),
 ( 1.000000000000000000, 0.7759640334788785454, 1.000000000000000000),
 ( 1.000000000000000000, 0.7782203734822662478, 1.000000000000000000),
 ( 1.000000000000000000, 0.7862364096896610199, 1.000000000000000000),
 ( 1.000000000000000000, 0.7932838177401024815, 1.000000000000000000),
 ( 1.000000000000000000, 0.8089164715662441330, 1.000000000000000000),
 ( 1.000000000000000000, 0.8175560581394157866, 1.000000000000000000),
 ( 1.000000000000000000, 0.8293815250403163697, 1.000000000000000000),
 ( 1.000000000000000000, 0.8331564301207160517, 1.000000000000000000),
 ( 1.000000000000000000, 0.8401216011112031534, 1.000000000000000000),
 ( 1.000000000000000000, 0.8433292833440585445, 1.000000000000000000),
 ( 1.000000000000000000, 0.8488115562007610970, 1.000000000000000000),
 ( 1.000000000000000000, 0.8511007898936689964, 1.000000000000000000),
 ( 1.000000000000000000, 0.8547420613068220652, 1.000000000000000000),
 ( 1.000000000000000000, 0.8560984231032540137, 1.000000000000000000),
 ( 1.000000000000000000, 0.8588155039599441043, 1.000000000000000000),
 ( 1.000000000000000000, 0.8587820620767235846, 1.000000000000000000),
 ( 1.000000000000000000, 0.8576185801973872369, 1.000000000000000000),
 ( 1.000000000000000000, 0.8570536465220951472, 1.000000000000000000),
 ( 1.000000000000000000, 0.8559083013767002646, 1.000000000000000000),
 ( 1.000000000000000000, 0.8553250822064201175, 1.000000000000000000),
 ( 1.000000000000000000, 0.8543789501289184019, 1.000000000000000000),
 ( 1.000000000000000000, 0.8540204092088613530, 1.000000000000000000),
 ( 1.000000000000000000, 0.8536811764979074235, 1.000000000000000000),
 ( 1.000000000000000000, 0.8536952463235093491, 1.000000000000000000),
 ( 1.000000000000000000, 0.8540874963651773344, 1.000000000000000000),
 ( 1.000000000000000000, 0.8544710660371589439, 1.000000000000000000),
 ( 1.000000000000000000, 0.8554464632891461973, 1.000000000000000000),
 ( 1.000000000000000000, 0.8560366967959311957, 1.000000000000000000),
 ( 1.000000000000000000, 0.8571760181858227856, 1.000000000000000000),
 ( 1.000000000000000000, 0.8577278933290897189, 1.000000000000000000),
 ( 1.000000000000000000, 0.8584490022493285188, 1.000000000000000000),
 ( 1.000000000000000000, 0.8586165396470071265, 1.000000000000000000),
 ( 1.000000000000000000, 0.8582760942370721846, 1.000000000000000000),
 ( 1.000000000000000000, 0.8577641227063231844, 1.000000000000000000),
 ( 1.000000000000000000, 0.8558135268180867561, 1.000000000000000000),
 ( 1.000000000000000000, 0.8543941140444074600, 1.000000000000000000),
 ( 1.000000000000000000, 0.8506077918238220681, 1.000000000000000000),
 ( 1.000000000000000000, 0.8482408245658076273, 1.000000000000000000),
 ( 1.000000000000000000, 0.8425896108487033187, 1.000000000000000000),
 ( 1.000000000000000000, 0.8393481563456960393, 1.000000000000000000),
 ( 1.000000000000000000, 0.8322870269454768488, 1.000000000000000000),
 ( 1.000000000000000000, 0.8284595966006436107, 1.000000000000000000),
 ( 1.000000000000000000, 0.8204604413418343789, 1.000000000000000000),
 ( 1.000000000000000000, 0.8162885345088510824, 1.000000000000000000),
 ( 1.000000000000000000, 0.8039529003817463826, 1.000000000000000000),
 ( 1.000000000000000000, 0.7958850563967179159, 1.000000000000000000),
 ( 1.000000000000000000, 0.7890828154404134764, 1.000000000000000000) ) ) 
 REPRESENTATION_ITEM ( '' )  SURFACE ( )  );
#3051 = CARTESIAN_POINT ( 'NONE',  ( 59.89309770085706219, 8.739711215131819699, 117.2209284091552632 ) ) ;
#3052 = CARTESIAN_POINT ( 'NONE',  ( 54.90582791262918505, 10.00393674309989933, 105.0098140020580075 ) ) ;
#3053 = CARTESIAN_POINT ( 'NONE',  ( 53.35575525054846935, 9.868342651226418738, 164.4156851182585228 ) ) ;
#3054 = CARTESIAN_POINT ( 'NONE',  ( 55.80496229746811565, 9.167984432471085299, 164.2669711196487867 ) ) ;
#3055 = ORIENTED_EDGE ( 'NONE', *, *, #3102, .F. ) ;
#3056 = CARTESIAN_POINT ( 'NONE',  ( 48.90870446191338772, 7.211419073120937995, 138.1422006235477795 ) ) ;
#3057 = CARTESIAN_POINT ( 'NONE',  ( 51.96200554878886635, 9.527360060080146908, 153.5602447726662092 ) ) ;
#3058 = ORIENTED_EDGE ( 'NONE', *, *, #1455, .T. ) ;
#3059 = CARTESIAN_POINT ( 'NONE',  ( 62.17715372129891449, 6.967896309898922169, 176.6101310199960324 ) ) ;
#3060 = CARTESIAN_POINT ( 'NONE',  ( 62.45465153031295102, 6.679435296490379592, 130.4236657671955300 ) ) ;
#3061 = FACE_OUTER_BOUND ( 'NONE', #1222, .T. ) ;
#3062 = CARTESIAN_POINT ( 'NONE',  ( 47.30647879088882490, 6.405264418230470547, 143.3497259682951324 ) ) ;
#3063 = CARTESIAN_POINT ( 'NONE',  ( 47.03122524527839232, 5.172883716199852877, 98.84243704964332267 ) ) ;
#3064 = CARTESIAN_POINT ( 'NONE',  ( 61.23737090044151188, 7.824552775041514252, 142.2452704616236474 ) ) ;
#3065 = CARTESIAN_POINT ( 'NONE',  ( 62.96129326636307155, 6.054778097764118350, 130.2956959116072255 ) ) ;
#3066 = CARTESIAN_POINT ( 'NONE',  ( 46.50137470937610118, 5.272851775604715741, 136.7529952418537960 ) ) ;
#3067 = CARTESIAN_POINT ( 'NONE',  ( 47.97274515791238514, 7.119702119974274268, 151.4330879838930173 ) ) ;
#3068 = CARTESIAN_POINT ( 'NONE',  ( 59.52117972281780567, 8.186041185794989516, 154.7392742341903613 ) ) ;
#3069 = CARTESIAN_POINT ( 'NONE',  ( 47.45546518312892914, 6.568236638809276329, 138.3537992829363361 ) ) ;
#3070 = CARTESIAN_POINT ( 'NONE',  ( 56.10150447838175580, 9.957105667169795282, 116.1866305419128480 ) ) ;
#3071 = EDGE_CURVE ( 'NONE', #4693, #3651, #3699, .T. ) ;
#3072 = CARTESIAN_POINT ( 'NONE',  ( 62.96840461650583620, 5.173471978323972209, 109.3102140528482096 ) ) ;
#3073 = CARTESIAN_POINT ( 'NONE',  ( 50.75243282530527722, 8.302145291125132331, 151.3739235843213748 ) ) ;
#3074 = CARTESIAN_POINT ( 'NONE',  ( 59.79932442817602123, 8.791135339016364014, 116.4869644657903507 ) ) ;
#3075 = CARTESIAN_POINT ( 'NONE',  ( 51.66960127879904263, 8.657291659821314767, 138.8530311557628067 ) ) ;
#3076 = CARTESIAN_POINT ( 'NONE',  ( 62.61911541557198291, 6.496652312036326649, 114.3122701683880535 ) ) ;
#3077 = CARTESIAN_POINT ( 'NONE',  ( 46.63980147176545898, 5.489510882107171419, 107.0349724392688557 ) ) ;
#3078 = CARTESIAN_POINT ( 'NONE',  ( 50.97962452272794565, 8.399973041681203512, 176.6974001858325209 ) ) ;
#3079 = VERTEX_POINT ( 'NONE', #4735 ) ;
#3080 = CARTESIAN_POINT ( 'NONE',  ( 61.38471774412358428, 7.701646707580589890, 177.0876664255947617 ) ) ;
#3081 = CARTESIAN_POINT ( 'NONE',  ( 60.93541634087515035, 7.328044242588410917, 138.2227311575670967 ) ) ;
#3082 = CARTESIAN_POINT ( 'NONE',  ( 55.11503236896120228, 10.01711070217740307, 115.9743346168381350 ) ) ;
#3083 = CARTESIAN_POINT ( 'NONE',  ( 47.29909703707897961, 5.569931025684565995, 144.6290237839112649 ) ) ;
#3084 = FACE_OUTER_BOUND ( 'NONE', #3622, .T. ) ;
#3085 = CARTESIAN_POINT ( 'NONE',  ( 46.40832936611305826, 5.152572761275436619, 97.45623881213127504 ) ) ;
#3086 = CARTESIAN_POINT ( 'NONE',  ( 62.97454941799704642, 6.037847411505848250, 142.9589908549947666 ) ) ;
#3087 = CARTESIAN_POINT ( 'NONE',  ( 52.51802033711724249, 9.704656796120444184, 166.1611960029873103 ) ) ;
#3088 = CARTESIAN_POINT ( 'NONE',  ( 57.88460117304834540, 8.793977291360702608, 105.2550314868498589 ) ) ;
#3089 = CARTESIAN_POINT ( 'NONE',  ( 48.01457603732218615, 7.166525625400634425, 150.7712052177272994 ) ) ;
#3090 = CARTESIAN_POINT ( 'NONE',  ( 46.12539407974055194, 4.608884198320645886, 134.7148336039272465 ) ) ;
#3091 = TOROIDAL_SURFACE ( 'NONE', #1342, 11.00000000000000178, 2.000000000000000000 ) ;
#3092 = CARTESIAN_POINT ( 'NONE',  ( 52.26580499390995271, 8.832096614886289387, 117.2424472502504216 ) ) ;
#3093 = AXIS2_PLACEMENT_3D ( 'NONE', #4642, #1261, #1311 ) ;
#3094 = CARTESIAN_POINT ( 'NONE',  ( 63.85989481328446971, 4.637307061425410382, 111.0467203217153696 ) ) ;
#3095 = CARTESIAN_POINT ( 'NONE',  ( 57.24380627673393462, 8.963602712085197766, 164.2246043559772488 ) ) ;
#3096 = CARTESIAN_POINT ( 'NONE',  ( -5.175281374238570820, 3.000000000000000000, -50.00000000000000000 ) ) ;
#3097 = CARTESIAN_POINT ( 'NONE',  ( 60.02018042092189631, 7.914974401871806897, 126.5633764391452871 ) ) ;
#3098 = CARTESIAN_POINT ( 'NONE',  ( 60.02353302548198144, 8.665952819951360908, 141.1720685661402968 ) ) ;
#3099 = CIRCLE ( 'NONE', #4639, 2.000000000000000000 ) ;
#3100 = CARTESIAN_POINT ( 'NONE',  ( 52.26580499390998114, 8.832096614886292940, 129.2395927322812383 ) ) ;
#3101 = CARTESIAN_POINT ( 'NONE',  ( 63.55293213714019629, 5.187282981401012627, 112.6472124896785800 ) ) ;
#3102 = EDGE_CURVE ( 'NONE', #2781, #3349, #2333, .T. ) ;
#3103 = DIRECTION ( 'NONE',  ( 1.000000000000000000, 0.000000000000000000, 0.000000000000000000 ) ) ;
#3104 = CARTESIAN_POINT ( 'NONE',  ( 47.71437749129190564, 6.093107366733879537, 174.9737647762330255 ) ) ;
#3105 = ORIENTED_EDGE ( 'NONE', *, *, #109, .F. ) ;
#3106 = CARTESIAN_POINT ( 'NONE',  ( 58.33936835076803362, 9.430432872960691881, 152.4888488238562161 ) ) ;
#3107 = CARTESIAN_POINT ( 'NONE',  ( 60.77300269570551450, 8.172211449451312504, 176.6380915855790761 ) ) ;
#3108 = CARTESIAN_POINT ( 'NONE',  ( 60.77300269570553581, 8.172211449451530996, 138.7076851097418171 ) ) ;
#3109 = CARTESIAN_POINT ( 'NONE',  ( 46.93853970051146973, 5.943021735624036239, 112.8727218823488272 ) ) ;
#3110 = DIRECTION ( 'NONE',  ( 0.000000000000000000, -1.000000000000000000, 0.000000000000000000 ) ) ;
#3111 = CARTESIAN_POINT ( 'NONE',  ( 53.48293986000433620, 9.888528016976174229, 152.5892833340337233 ) ) ;
#3112 = CARTESIAN_POINT ( 'NONE',  ( 55.10291375400684188, 10.00367418119094864, 166.1061484609632259 ) ) ;
#3113 = CARTESIAN_POINT ( 'NONE',  ( 50.50414519543362957, 8.952022441261400232, 152.3531631724377462 ) ) ;
#3114 = CARTESIAN_POINT ( 'NONE',  ( 47.29554914561144585, 5.565355518015596914, 107.9993424200905423 ) ) ;
#3115 = CARTESIAN_POINT ( 'NONE',  ( 48.56351503674097358, 7.661789287837629026, 126.4541334960045020 ) ) ;
#3116 = CARTESIAN_POINT ( 'NONE',  ( 54.90582791262918505, 10.00393674309989933, 93.01266852002717656 ) ) ;
#3117 = CARTESIAN_POINT ( 'NONE',  ( 47.03625108604234839, 5.180884462592640460, 133.2581758665342022 ) ) ;
#3118 = CARTESIAN_POINT ( 'NONE',  ( 48.48880280955602018, 7.609989398650006009, 93.03720507411377127 ) ) ;
#3119 = CARTESIAN_POINT ( 'NONE',  ( 62.45465153031107519, 6.679435296491701202, 118.4265202851646137 ) ) ;
#3120 = CARTESIAN_POINT ( 'NONE',  ( 53.94135260373607821, 9.948228571441077861, 151.7781182437796588 ) ) ;
#3121 = CARTESIAN_POINT ( 'NONE',  ( 58.06273883976849959, 9.519434373920203640, 103.8753926352601979 ) ) ;
#3122 = COLOUR_RGB ( '',0.7921568627450980005, 0.8196078431372548767, 0.9333333333333333481 ) ;
#3123 = CARTESIAN_POINT ( 'NONE',  ( 61.98378349446039692, 7.168201997423468086, 106.0186444528287240 ) ) ;
#3124 = CARTESIAN_POINT ( 'NONE',  ( 55.11503236896309232, 10.01711070217749366, 177.8990320567333470 ) ) ;
#3125 = CARTESIAN_POINT ( 'NONE',  ( 60.63252385833557412, 7.540011595381811205, 126.3596233328260467 ) ) ;
#3126 = CARTESIAN_POINT ( 'NONE',  ( 57.64478945718195746, 8.858442268628405003, 129.2323110599851645 ) ) ;
#3127 = CARTESIAN_POINT ( 'NONE',  ( 47.06432823508514929, 5.225299163989144624, 123.1258191358372045 ) ) ;
#3128 = CARTESIAN_POINT ( 'NONE',  ( -8.485281374238571317, 2.999999999999999112, -10.00000000000000178 ) ) ;
#3129 = CARTESIAN_POINT ( 'NONE',  ( 48.56206203521964682, 6.931364329149410253, 175.8572350400129380 ) ) ;
#3130 = VERTEX_POINT ( 'NONE', #4418 ) ;
#3131 = DIRECTION ( 'NONE',  ( -1.000000000000000000, 0.000000000000000000, 0.000000000000000000 ) ) ;
#3132 = CARTESIAN_POINT ( 'NONE',  ( 50.47795705015119694, 8.185609252442937134, 102.6980823220476964 ) ) ;
#3133 = B_SPLINE_CURVE_WITH_KNOTS ( 'NONE', 3,
 ( #4713, #2942, #2901, #1129, #4734, #4348, #1085, #2536, #381, #1841, #4040, #2221, #403, #1860, #1925, #1216, #1280, #1547, #862, #4078, #451, #3385, #4526, #137, #1948, #4139, #1990, #2331, #803, #91, #2266, #1568, #2290, #3749, #4506, #3453, #3033, #3073, #1608, #2710, #1257, #4164, #887, #160, #4483, #2350, #3428, #4551, #2666, #3730 ),
 .UNSPECIFIED., .F., .F.,
 ( 4, 2, 2, 2, 2, 2, 2, 2, 2, 2, 2, 2, 2, 2, 2, 2, 2, 2, 2, 2, 2, 2, 2, 2, 4 ),
 ( 0.002779998200560678846, 0.004275270878121551453, 0.005770543555682423192, 0.007265816233243294064, 0.008013452572023717357, 0.008761088910804138916, 0.009508725249584560474, 0.01025636158836498550, 0.01100399792714540706, 0.01175163426592583035, 0.01249927060470625365, 0.01324690694348667694, 0.01399454328226710023, 0.01474217962104752352, 0.01548981595982794682, 0.01623745229860836664, 0.01698508863738878993, 0.01773272497616921323, 0.01922799765373002859, 0.01997563399251043800, 0.02072327033129084048, 0.02221854300885164890, 0.02371381568641245385, 0.02520908836397326228, 0.02670436104153406723 ),
 .UNSPECIFIED. ) ;
#3134 = CARTESIAN_POINT ( 'NONE',  ( 59.08731236767029316, 9.144646386993290577, 139.0272226993623121 ) ) ;
#3135 = CARTESIAN_POINT ( 'NONE',  ( 47.14434652862055941, 6.216953614653478510, 113.2424766250900916 ) ) ;
#3136 = CARTESIAN_POINT ( 'NONE',  ( 60.02018042092186079, 7.914974401871820220, 176.4909283970133629 ) ) ;
#3137 = CARTESIAN_POINT ( 'NONE',  ( 46.10713990509116655, 4.573616144772624459, 146.9282110260434990 ) ) ;
#3138 = ORIENTED_EDGE ( 'NONE', *, *, #2313, .F. ) ;
#3139 = CARTESIAN_POINT ( 'NONE',  ( 61.51270847242490447, 7.593153700050454091, 177.0257227391616084 ) ) ;
#3140 = CARTESIAN_POINT ( 'NONE',  ( 52.34419164609157349, 9.658274157795545989, 139.8999230663222875 ) ) ;
#3141 = CARTESIAN_POINT ( 'NONE',  ( 49.18834902013653476, 8.144811136382624994, 126.6985158069182944 ) ) ;
#3142 = CARTESIAN_POINT ( 'NONE',  ( 53.11773428157453480, 9.839363724074399187, 92.21381718372454372 ) ) ;
#3143 = CARTESIAN_POINT ( 'NONE',  ( 63.59493378326877178, 5.147221717292435272, 158.7793183594056359 ) ) ;
#3144 = CARTESIAN_POINT ( 'NONE',  ( 46.99611979593750277, 5.116265858384655196, 133.9338867178904593 ) ) ;
#3145 = CARTESIAN_POINT ( 'NONE',  ( 47.40370985353558098, 6.507725705282272344, 93.85008575814971721 ) ) ;
#3146 = CARTESIAN_POINT ( 'NONE',  ( 50.41981227463384130, 8.156482125065462441, 93.47637480191374948 ) ) ;
#3147 = CARTESIAN_POINT ( 'NONE',  ( 62.20731469085023235, 6.936701978955528425, 117.4886423605228600 ) ) ;
#3148 = CARTESIAN_POINT ( 'NONE',  ( 54.22140846459099350, 9.974102969058746382, 152.6046726913828593 ) ) ;
#3149 = CARTESIAN_POINT ( 'NONE',  ( 48.81413782898280829, 7.865219242363963303, 105.5863228546433561 ) ) ;
#3150 = CARTESIAN_POINT ( 'NONE',  ( 46.14812295651538676, 4.652930455139859589, 145.7679028526768832 ) ) ;
#3151 = CARTESIAN_POINT ( 'NONE',  ( 63.29618881369087546, 5.612132729245733920, 112.2978358480676633 ) ) ;
#3152 = CARTESIAN_POINT ( 'NONE',  ( 58.33936835076809757, 9.430432872960674118, 127.8482345165463130 ) ) ;
#3153 = CARTESIAN_POINT ( 'NONE',  ( 53.96883685017674992, 9.140051540279339193, 129.1677916878443853 ) ) ;
#3154 = CARTESIAN_POINT ( 'NONE',  ( 47.60619032405363527, 5.965131566334191504, 124.8655473898348873 ) ) ;
#3155 = CARTESIAN_POINT ( 'NONE',  ( 0.000000000000000000, 0.000000000000000000, 53.00000000000000711 ) ) ;
#3156 = CARTESIAN_POINT ( 'NONE',  ( 53.83241174522596140, 9.134774643515534365, 176.9041322346184870 ) ) ;
#3157 = CARTESIAN_POINT ( 'NONE',  ( 47.03502175827141940, 5.178684348923753511, 160.1644344634479467 ) ) ;
#3158 = ORIENTED_EDGE ( 'NONE', *, *, #2963, .F. ) ;
#3159 = CARTESIAN_POINT ( 'NONE',  ( 49.18834902013837507, 8.144811136381880701, 102.7042248428566040 ) ) ;
#3160 = CARTESIAN_POINT ( 'NONE',  ( 56.93788342832039717, 9.814753274709239861, 177.8622553543218885 ) ) ;
#3161 = CARTESIAN_POINT ( 'NONE',  ( 53.02987159325259370, 9.808558530261176855, 115.9363592762269661 ) ) ;
#3162 = CARTESIAN_POINT ( 'NONE',  ( 57.88460117304832409, 8.793977291360704385, 167.1797289267487372 ) ) ;
#3163 = DIRECTION ( 'NONE',  ( 1.000000000000000000, 0.000000000000000000, 0.000000000000000000 ) ) ;
#3164 = ORIENTED_EDGE ( 'NONE', *, *, #1455, .F. ) ;
#3165 = CARTESIAN_POINT ( 'NONE',  ( 63.79741732689729616, 4.760013507059182913, 148.2094410643087201 ) ) ;
#3166 = CARTESIAN_POINT ( 'NONE',  ( 54.90582791263095430, 10.00393674309966308, 166.9345114419474498 ) ) ;
#3167 = CARTESIAN_POINT ( 'NONE',  ( 48.31780346436399043, 6.714506904999818282, 155.6917250292850383 ) ) ;
#3168 = CARTESIAN_POINT ( 'NONE',  ( 49.24612960458320288, 8.198443463231486206, 139.4165667585345432 ) ) ;
#3169 = CARTESIAN_POINT ( 'NONE',  ( 49.67524388704881488, 7.747463404106886387, 114.4892889322075007 ) ) ;
#3170 = CARTESIAN_POINT ( 'NONE',  ( 59.51034310500639180, 8.944539985706487784, 92.44337929253138952 ) ) ;
#3171 = CARTESIAN_POINT ( 'NONE',  ( 61.63371456311633523, 7.487680896838837974, 154.3967672227563526 ) ) ;
#3172 = CARTESIAN_POINT ( 'NONE',  ( 46.10605441087203360, 4.571452247488203113, 134.1759858398384324 ) ) ;
#3173 = EDGE_CURVE ( 'NONE', #3460, #2781, #2892, .T. ) ;
#3174 = CARTESIAN_POINT ( 'NONE',  ( 51.31896712027682383, 8.543550549375055425, 93.32991812609635929 ) ) ;
#3175 = CARTESIAN_POINT ( 'NONE',  ( 63.31495095032407505, 5.558591905873178973, 118.9302128080546055 ) ) ;
#3176 = CARTESIAN_POINT ( 'NONE',  ( 57.44329775297106977, 9.714700144211215971, 127.1197197125495535 ) ) ;
#3177 = CARTESIAN_POINT ( 'NONE',  ( 46.40446237706123611, 5.146230865021331091, 110.6469229901284592 ) ) ;
#3178 = CARTESIAN_POINT ( 'NONE',  ( 63.04739838192342916, 5.958159739867248561, 107.2883941689647003 ) ) ;
#3179 = AXIS2_PLACEMENT_3D ( 'NONE', #2731, #2756, #903 ) ;
#3180 = ADVANCED_FACE ( 'NONE', ( #719 ), #4328, .T. ) ;
#3181 = CARTESIAN_POINT ( 'NONE',  ( 49.18834902014034327, 8.144811136384046080, 163.9825989395111208 ) ) ;
#3182 = CARTESIAN_POINT ( 'NONE',  ( 50.61455108019367799, 9.005583512731355711, 176.9228103184246947 ) ) ;
#3183 = AXIS2_PLACEMENT_3D ( 'NONE', #2049, #556, #3537 ) ;
#3184 = FACE_BOUND ( 'NONE', #2081, .T. ) ;
#3185 = CARTESIAN_POINT ( 'NONE',  ( 58.06273883976849959, 9.519434373920201864, 115.8725381172910431 ) ) ;
#3186 = CARTESIAN_POINT ( 'NONE',  ( 47.12127067598736829, 5.312998267755386195, 170.6028301607005062 ) ) ;
#3187 = AXIS2_PLACEMENT_3D ( 'NONE', #1254, #4524, #1585 ) ;
#3188 = ORIENTED_EDGE ( 'NONE', *, *, #2397, .F. ) ;
#3189 = CARTESIAN_POINT ( 'NONE',  ( 49.02032796540726167, 8.020156909402604839, 103.3346543003524687 ) ) ;
#3190 = CARTESIAN_POINT ( 'NONE',  ( 61.99048469831833330, 7.155819881796808168, 138.8149277876641179 ) ) ;
#3191 = CARTESIAN_POINT ( 'NONE',  ( 48.18832488148366622, 7.331682285074666794, 114.2500016794201514 ) ) ;
#3192 = CARTESIAN_POINT ( 'NONE',  ( 59.90930408789584760, 7.976047613525644842, 167.4821513558840138 ) ) ;
#3193 = CARTESIAN_POINT ( 'NONE',  ( 47.01635969087064382, 5.148870740344166919, 171.4149123448939349 ) ) ;
#3194 = EDGE_LOOP ( 'NONE', ( #1289, #3328, #1689, #999 ) ) ;
#3195 = CARTESIAN_POINT ( 'NONE',  ( 62.15695394351553205, 6.237117613918411685, 149.8715228857241755 ) ) ;
#3196 = CARTESIAN_POINT ( 'NONE',  ( 63.87457847529200450, 4.608941689278576170, 172.6553142645146295 ) ) ;
#3197 = CARTESIAN_POINT ( 'NONE',  ( 48.07090099777945369, 6.475778089732916243, 150.1443873693427520 ) ) ;
#3198 = CARTESIAN_POINT ( 'NONE',  ( 63.89263304186025749, 4.574059342237386971, 159.1354196699482486 ) ) ;
#3199 = CARTESIAN_POINT ( 'NONE',  ( 62.36007694962881232, 6.774563648195772281, 105.6194566077526531 ) ) ;
#3200 = CARTESIAN_POINT ( 'NONE',  ( 49.82645303404270720, 7.827406634454892043, 126.5195551207877713 ) ) ;
#3201 = CARTESIAN_POINT ( 'NONE',  ( 61.43619233774122534, 7.661981918423603766, 93.69927402036461217 ) ) ;
#3202 = CARTESIAN_POINT ( 'NONE',  ( 55.00000000000000000, 0.000000000000000000, 179.0000000000000000 ) ) ;
#3203 = CARTESIAN_POINT ( 'NONE',  ( 62.05491934609036520, 6.358768436816381708, 118.7552362210755348 ) ) ;
#3204 = CARTESIAN_POINT ( 'NONE',  ( 62.97390533155661529, 5.164556866773035715, 122.8822007199018316 ) ) ;
#3205 = CARTESIAN_POINT ( 'NONE',  ( 55.11401134231353893, 10.01660587324786356, 151.7821629668227104 ) ) ;
#3206 = FACE_OUTER_BOUND ( 'NONE', #3194, .T. ) ;
#3207 = ADVANCED_FACE ( 'NONE', ( #2671 ), #1549, .F. ) ;
#3208 = CARTESIAN_POINT ( 'NONE',  ( 47.23657219223201054, 5.481640936089556604, 108.1954009880255683 ) ) ;
#3209 = CARTESIAN_POINT ( 'NONE',  ( 52.26580499391000245, 8.574624054072138790, 92.28187067601552940 ) ) ;
#3210 = CARTESIAN_POINT ( 'NONE',  ( 53.22688443397264280, 9.042995467466383275, 176.8844518061395377 ) ) ;
#3211 = CARTESIAN_POINT ( 'NONE',  ( 60.52839901057090088, 7.608447105109952702, 142.3879529375279560 ) ) ;
#3212 = CARTESIAN_POINT ( 'NONE',  ( 46.13512906107680323, 4.627633147039791339, 122.8657140691126273 ) ) ;
#3213 = CARTESIAN_POINT ( 'NONE',  ( 56.86385371193863136, 9.842271263908523693, 103.1355043225483001 ) ) ;
#3214 = CARTESIAN_POINT ( 'NONE',  ( 52.26580499390998824, 8.832096614886294716, 167.1699992081184973 ) ) ;
#3215 = CARTESIAN_POINT ( 'NONE',  ( 63.41151093087933788, 5.421836002778274377, 149.6810119645317911 ) ) ;
#3216 = CARTESIAN_POINT ( 'NONE',  ( 51.96200554878887345, 9.527360060080150461, 166.2037135979452955 ) ) ;
#3217 = CARTESIAN_POINT ( 'NONE',  ( 53.94110282835491432, 9.947972631749170347, 153.4722932076863344 ) ) ;
#3218 = CARTESIAN_POINT ( 'NONE',  ( 54.22930824269931804, 9.974490546950180558, 104.1864798285735105 ) ) ;
#3219 = CARTESIAN_POINT ( 'NONE',  ( 47.71437749129187722, 6.093107366733876873, 113.0490673363340051 ) ) ;
#3220 = CARTESIAN_POINT ( 'NONE',  ( 48.01457603732220747, 7.166525625400422150, 126.1305909104173253 ) ) ;
#3221 = CARTESIAN_POINT ( 'NONE',  ( 61.23737090043947973, 7.824552775040476860, 93.61036519025010705 ) ) ;
#3222 = CARTESIAN_POINT ( 'NONE',  ( 62.28731661939787756, 6.090210063079116942, 156.3899201850945246 ) ) ;
#3223 = CARTESIAN_POINT ( 'NONE',  ( 52.26580499390998114, 8.832096614886296493, 129.2395927322812383 ) ) ;
#3224 = CARTESIAN_POINT ( 'NONE',  ( 46.87898986645969046, 5.857787255712657348, 156.7261215036477893 ) ) ;
#3225 = CARTESIAN_POINT ( 'NONE',  ( 63.00444313932301554, 5.115342520972767204, 121.9776745423916253 ) ) ;
#3226 = CARTESIAN_POINT ( 'NONE',  ( 52.02184882211762584, 9.546442316987480581, 154.3361887123330973 ) ) ;
#3227 = CARTESIAN_POINT ( 'NONE',  ( 57.75646495579164963, 8.826152350266335489, 102.9094245855592931 ) ) ;
#3228 = CARTESIAN_POINT ( 'NONE',  ( 46.44344115341323942, 5.177805941656965061, 107.5741708302316511 ) ) ;
#3229 = CARTESIAN_POINT ( 'NONE',  ( 62.42870366399719018, 6.708147977603911905, 113.7512940309396043 ) ) ;
#3230 = CARTESIAN_POINT ( 'NONE',  ( 52.37330849492779805, 8.872119490500686823, 126.9180856744913370 ) ) ;
#3231 = CARTESIAN_POINT ( 'NONE',  ( 59.14447901503992711, 9.105298023474418301, 127.7577761786338755 ) ) ;
#3232 = CARTESIAN_POINT ( 'NONE',  ( 63.57787077003543175, 5.141675847478174077, 144.2823179988275513 ) ) ;
#3233 = EDGE_CURVE ( 'NONE', #2514, #3971, #3568, .T. ) ;
#3234 = DIRECTION ( 'NONE',  ( 0.3037994451211140090, -0.9527360060080144466, 0.000000000000000000 ) ) ;
#3235 = CARTESIAN_POINT ( 'NONE',  ( 47.17548855091950344, 6.231598964148771458, 126.0370477560340845 ) ) ;
#3236 = CARTESIAN_POINT ( 'NONE',  ( 46.25099651997746264, 4.844286584061267220, 99.78174519312922541 ) ) ;
#3237 =( BOUNDED_SURFACE ( )  B_SPLINE_SURFACE ( 3, 2, ( 
 ( #1095, #412, #4336 ),
 ( #3294, #3694, #2542 ),
 ( #1849, #746, #4004 ),
 ( #1138, #3656, #2210 ),
 ( #2930, #1829, #3673 ),
 ( #4740, #1474, #4381 ),
 ( #3953, #1115, #390 ),
 ( #17, #1493, #2950 ),
 ( #4404, #3244, #2584 ),
 ( #768, #4672, #2230 ),
 ( #1869, #4305, #1072 ),
 ( #1038, #2495, #674 ),
 ( #2135, #4699, #3606 ),
 ( #1777, #1429, #4068 ),
 ( #3332, #2972, #2278 ),
 ( #4129, #4426, #441 ),
 ( #4088, #122, #1957 ),
 ( #80, #852, #2318 ),
 ( #1595, #871, #3776 ),
 ( #496, #4492, #3414 ),
 ( #43, #3060, #3758 ),
 ( #4514, #2609, #1244 ),
 ( #3374, #1224, #1515 ),
 ( #814, #2339, #3717 ),
 ( #1554, #102, #1896 ),
 ( #475, #2694, #3354 ),
 ( #64, #4147, #1159 ),
 ( #3798, #514, #792 ),
 ( #2253, #1934, #4111 ),
 ( #3016, #1536, #2997 ),
 ( #4447, #1179, #2630 ),
 ( #3739, #459, #1913 ),
 ( #2676, #4468, #1204 ),
 ( #833, #2654, #2299 ),
 ( #3393, #1576, #3041 ),
 ( #4562, #2437, #2805 ),
 ( #2053, #2830, #224 ),
 ( #2750, #145, #1292 ),
 ( #1640, #2409, #4272 ),
 ( #978, #618, #2078 ),
 ( #172, #1979, #1615 ),
 ( #253, #1343, #2463 ),
 ( #3918, #4199, #3190 ),
 ( #3081, #1716, #4223 ),
 ( #1001, #921, #1669 ),
 ( #3437, #3108, #3867 ),
 ( #4537, #2385, #3842 ),
 ( #561, #1267, #2026 ),
 ( #199, #3489, #2722 ),
 ( #536, #3134, #896 ),
 ( #4589, #4174, #1317 ),
 ( #2776, #947, #4616 ) ),
 .UNSPECIFIED., .F., .F., .F. ) 
 B_SPLINE_SURFACE_WITH_KNOTS ( ( 4, 2, 2, 2, 2, 2, 2, 2, 2, 2, 2, 2, 2, 2, 2, 2, 2, 2, 2, 2, 2, 2, 2, 2, 2, 4 ),
 ( 3, 3 ),
 ( 0.000000000000000000, 0.001610545619918657542, 0.002415818429877986204, 0.003221091239837315084, 0.004831636859755972409, 0.006442182479674630168, 0.008052728099593287059, 0.008858000909552615071, 0.009663273719511944818, 0.01046854652947127456, 0.01127381933943060258, 0.01207909214938993059, 0.01288436495934926034, 0.01368963776930859008, 0.01449491057926791809, 0.01530018338922724611, 0.01610545619918657412, 0.01771600181910523014, 0.01932654743902388964, 0.02013182024898321765, 0.02093709305894254913, 0.02174236586890187714, 0.02254763867886120515, 0.02335291148882053316, 0.02415818429877986118, 0.02576872991869852067 ),
 ( 0.000000000000000000, 1.000000000000000000 ),
 .UNSPECIFIED. ) 
 GEOMETRIC_REPRESENTATION_ITEM ( )  RATIONAL_B_SPLINE_SURFACE ( (
 ( 1.000000000000000000, 0.7890828154404134764, 1.000000000000000000),
 ( 1.000000000000000000, 0.7822893168589473145, 1.000000000000000000),
 ( 1.000000000000000000, 0.7769804849967769655, 1.000000000000000000),
 ( 1.000000000000000000, 0.7721725132137345904, 1.000000000000000000),
 ( 1.000000000000000000, 0.7710932332192825811, 1.000000000000000000),
 ( 1.000000000000000000, 0.7700798014909031597, 1.000000000000000000),
 ( 1.000000000000000000, 0.7701535816300835169, 1.000000000000000000),
 ( 1.000000000000000000, 0.7720750407665277759, 1.000000000000000000),
 ( 1.000000000000000000, 0.7756304940354727950, 1.000000000000000000),
 ( 1.000000000000000000, 0.7863359135349377027, 1.000000000000000000),
 ( 1.000000000000000000, 0.7935593951759820630, 1.000000000000000000),
 ( 1.000000000000000000, 0.8091467546438937397, 1.000000000000000000),
 ( 1.000000000000000000, 0.8175403830184174714, 1.000000000000000000),
 ( 1.000000000000000000, 0.8293725801647811036, 1.000000000000000000),
 ( 1.000000000000000000, 0.8332126441995151289, 1.000000000000000000),
 ( 1.000000000000000000, 0.8401795453596563323, 1.000000000000000000),
 ( 1.000000000000000000, 0.8433236350770069167, 1.000000000000000000),
 ( 1.000000000000000000, 0.8487740273812020009, 1.000000000000000000),
 ( 1.000000000000000000, 0.8510826173132250982, 1.000000000000000000),
 ( 1.000000000000000000, 0.8547664239493715232, 1.000000000000000000),
 ( 1.000000000000000000, 0.8560988187924759574, 1.000000000000000000),
 ( 1.000000000000000000, 0.8578894373196571665, 1.000000000000000000),
 ( 1.000000000000000000, 0.8583480911738066155, 1.000000000000000000),
 ( 1.000000000000000000, 0.8586026888367290777, 1.000000000000000000),
 ( 1.000000000000000000, 0.8583936092663064787, 1.000000000000000000),
 ( 1.000000000000000000, 0.8576260442151195651, 1.000000000000000000),
 ( 1.000000000000000000, 0.8570717847901614395, 1.000000000000000000),
 ( 1.000000000000000000, 0.8559261330733767270, 1.000000000000000000),
 ( 1.000000000000000000, 0.8553319295049192084, 1.000000000000000000),
 ( 1.000000000000000000, 0.8543856825545433908, 1.000000000000000000),
 ( 1.000000000000000000, 0.8540309185582652951, 1.000000000000000000),
 ( 1.000000000000000000, 0.8536834302495746041, 1.000000000000000000),
 ( 1.000000000000000000, 0.8536930101918024372, 1.000000000000000000),
 ( 1.000000000000000000, 0.8542763716415044950, 1.000000000000000000),
 ( 1.000000000000000000, 0.8554358083883055741, 1.000000000000000000),
 ( 1.000000000000000000, 0.8577422966131229565, 1.000000000000000000),
 ( 1.000000000000000000, 0.8587773206772980616, 1.000000000000000000),
 ( 1.000000000000000000, 0.8582917136918236656, 1.000000000000000000),
 ( 1.000000000000000000, 0.8577805857904921005, 1.000000000000000000),
 ( 1.000000000000000000, 0.8558786611415627466, 1.000000000000000000),
 ( 1.000000000000000000, 0.8544870962718884577, 1.000000000000000000),
 ( 1.000000000000000000, 0.8507154623478423439, 1.000000000000000000),
 ( 1.000000000000000000, 0.8483264996656663115, 1.000000000000000000),
 ( 1.000000000000000000, 0.8427503636051065783, 1.000000000000000000),
 ( 1.000000000000000000, 0.8395509614151209776, 1.000000000000000000),
 ( 1.000000000000000000, 0.8325033572913548285, 1.000000000000000000),
 ( 1.000000000000000000, 0.8286329716661253730, 1.000000000000000000),
 ( 1.000000000000000000, 0.8206742539347340326, 1.000000000000000000),
 ( 1.000000000000000000, 0.8165730635147038230, 1.000000000000000000),
 ( 1.000000000000000000, 0.8043259065630129490, 1.000000000000000000),
 ( 1.000000000000000000, 0.7962203873510095287, 1.000000000000000000),
 ( 1.000000000000000000, 0.7893766639933607054, 1.000000000000000000) ) ) 
 REPRESENTATION_ITEM ( '' )  SURFACE ( )  );
#3238 = CARTESIAN_POINT ( 'NONE',  ( 60.86248629064849069, 8.106073365843602829, 103.3763511403859212 ) ) ;
#3239 = ORIENTED_EDGE ( 'NONE', *, *, #881, .T. ) ;
#3240 = CARTESIAN_POINT ( 'NONE',  ( 63.29693824496704480, 5.609128168304822637, 144.5391598916496605 ) ) ;
#3241 = CARTESIAN_POINT ( 'NONE',  ( 61.90879296849656299, 7.234634370708551643, 176.7992502255747240 ) ) ;
#3242 = CARTESIAN_POINT ( 'NONE',  ( 63.83844923529445481, 4.678527374794988702, 158.2767021581652784 ) ) ;
#3243 = CARTESIAN_POINT ( 'NONE',  ( 63.57787077003541754, 5.141675847478170525, 107.6445582094868030 ) ) ;
#3244 = CARTESIAN_POINT ( 'NONE',  ( 56.65852795481070103, 9.878945915878068362, 129.0110018423377483 ) ) ;
#3245 = CARTESIAN_POINT ( 'NONE',  ( 62.77416940221207398, 5.466296667093898165, 96.23648724262903897 ) ) ;
#3246 = CARTESIAN_POINT ( 'NONE',  ( 59.69618104548041515, 8.088012959274593072, 154.7878437764310036 ) ) ;
#3247 = CARTESIAN_POINT ( 'NONE',  ( 61.29143622900041777, 7.053441480792395524, 163.3112142719707265 ) ) ;
#3248 = CARTESIAN_POINT ( 'NONE',  ( 50.99612368823516562, 9.167950423603773658, 115.7793299225245107 ) ) ;
#3249 = CARTESIAN_POINT ( 'NONE',  ( 47.49138821177088232, 6.609344732278609413, 155.0391989120443554 ) ) ;
#3250 = CARTESIAN_POINT ( 'NONE',  ( 59.90930408789580497, 7.976047613525666158, 117.5545993980159665 ) ) ;
#3251 = CARTESIAN_POINT ( 'NONE',  ( 51.25404505869845906, 8.520488222444816628, 154.6152795751511348 ) ) ;
#3252 = CARTESIAN_POINT ( 'NONE',  ( 48.61126769493012034, 7.701594912646593905, 105.6738113757532176 ) ) ;
#3253 = CARTESIAN_POINT ( 'NONE',  ( 60.93923694828922066, 8.050183050874666790, 115.3465930818391598 ) ) ;
#3254 = CARTESIAN_POINT ( 'NONE',  ( 47.45546518312999495, 6.568236638810435402, 176.2842057587735951 ) ) ;
#3255 = CARTESIAN_POINT ( 'NONE',  ( 58.06273883976849959, 9.519434373920200088, 152.5102979066318198 ) ) ;
#3256 = DIRECTION ( 'NONE',  ( 0.3037994451211140090, -0.9527360060080144466, 0.000000000000000000 ) ) ;
#3257 = CARTESIAN_POINT ( 'NONE',  ( 56.92222800158830864, 9.016411584927661593, 141.8375199668271591 ) ) ;
#3258 = CARTESIAN_POINT ( 'NONE',  ( 51.74846579442898786, 8.694626422739244020, 105.2819315203705628 ) ) ;
#3259 = CARTESIAN_POINT ( 'NONE',  ( 49.86043717471092407, 8.582891682699424152, 166.4979915656825256 ) ) ;
#3260 = ORIENTED_EDGE ( 'NONE', *, *, #2788, .F. ) ;
#3261 = VECTOR ( 'NONE', #2745, 1000.000000000000000 ) ;
#3262 = VECTOR ( 'NONE', #4339, 1000.000000000000000 ) ;
#3263 = EDGE_CURVE ( 'NONE', #721, #512, #3806, .T. ) ;
#3264 = DIRECTION ( 'NONE',  ( -0.000000000000000000, -0.000000000000000000, -1.000000000000000000 ) ) ;
#3265 = CARTESIAN_POINT ( 'NONE',  ( 47.03625108604235550, 5.180884462591865969, 171.1885823423751276 ) ) ;
#3266 = CARTESIAN_POINT ( 'NONE',  ( 52.34419164609157349, 9.658274157795545989, 165.1868607168804317 ) ) ;
#3267 = ORIENTED_EDGE ( 'NONE', *, *, #4553, .F. ) ;
#3268 = CARTESIAN_POINT ( 'NONE',  ( 60.13232452896444613, 7.851425666619620714, 126.5318351036581959 ) ) ;
#3269 = CARTESIAN_POINT ( 'NONE',  ( 63.14056317448675060, 5.839416528212229451, 149.3459863121261151 ) ) ;
#3270 = CARTESIAN_POINT ( 'NONE',  ( 59.89309770085763063, 8.739711215129563726, 167.1484803670159636 ) ) ;
#3271 = CARTESIAN_POINT ( 'NONE',  ( 57.75646495579153594, 8.826152350266365687, 176.8312675074890592 ) ) ;
#3272 = AXIS2_PLACEMENT_3D ( 'NONE', #3046, #464, #1918 ) ;
#3273 = CARTESIAN_POINT ( 'NONE',  ( -8.485281374238571317, -2.999999999999999112, -50.00000000000000000 ) ) ;
#3274 = CARTESIAN_POINT ( 'NONE',  ( 47.18533296369475494, 6.257259080692848308, 118.8812531477076391 ) ) ;
#3275 = CARTESIAN_POINT ( 'NONE',  ( 62.17709447728579875, 6.214962128436837929, 94.95000204188571047 ) ) ;
#3276 = CARTESIAN_POINT ( 'NONE',  ( 53.23254026797667393, 9.052129902008438478, 154.4728392828951939 ) ) ;
#3277 = CARTESIAN_POINT ( 'NONE',  ( 60.13232452896350111, 7.851425666620004407, 163.8159182362473985 ) ) ;
#3278 = CARTESIAN_POINT ( 'NONE',  ( 53.94110282835490722, 9.947972631749166794, 140.8288243824072481 ) ) ;
#3279 = CARTESIAN_POINT ( 'NONE',  ( 48.40038187403234815, 6.789436746545242762, 101.8145138716106146 ) ) ;
#3280 = CARTESIAN_POINT ( 'NONE',  ( 63.57066311318586571, 5.157132343779265327, 124.5795486657525970 ) ) ;
#3281 = CARTESIAN_POINT ( 'NONE',  ( 58.06273883976926697, 9.519434373919960279, 152.5102979066317346 ) ) ;
#3282 = CARTESIAN_POINT ( 'NONE',  ( 60.93541634087326031, 7.328044242591122526, 114.2284401935073674 ) ) ;
#3283 = CARTESIAN_POINT ( 'NONE',  ( 47.54578551198199676, 6.680007889701509605, 175.6495332245198711 ) ) ;
#3284 = CARTESIAN_POINT ( 'NONE',  ( 60.82476335134176537, 7.407668578965312278, 150.9185162358660932 ) ) ;
#3285 = CARTESIAN_POINT ( 'NONE',  ( 46.26515111590567386, 4.870041013991817103, 120.2929660938257683 ) ) ;
#3286 = CARTESIAN_POINT ( 'NONE',  ( 50.99612368823515851, 9.167950423603778987, 177.7040273624234032 ) ) ;
#3287 = ORIENTED_EDGE ( 'NONE', *, *, #2588, .F. ) ;
#3288 = CARTESIAN_POINT ( 'NONE',  ( 63.89263304186028591, 4.574059342237386971, 97.85704557329762565 ) ) ;
#3289 = CARTESIAN_POINT ( 'NONE',  ( 49.46354180470483897, 8.334154943298061724, 167.2980408800600856 ) ) ;
#3290 = ORIENTED_EDGE ( 'NONE', *, *, #685, .T. ) ;
#3291 = CARTESIAN_POINT ( 'NONE',  ( 60.21535026521141276, 8.537251581569844205, 152.2000398589843826 ) ) ;
#3292 = CARTESIAN_POINT ( 'NONE',  ( 62.30828731379776286, 6.839066913561847372, 168.2086022302470667 ) ) ;
#3293 = CARTESIAN_POINT ( 'NONE',  ( 61.81450198885188030, 7.323555316276268101, 154.5011507506646637 ) ) ;
#3294 = CARTESIAN_POINT ( 'NONE',  ( 52.78155126160351074, 8.969143522660615986, 129.2030757667745604 ) ) ;
#3295 = CARTESIAN_POINT ( 'NONE',  ( 62.67237988899408663, 6.417539175027727083, 102.2255804871679317 ) ) ;
#3296 = CARTESIAN_POINT ( 'NONE',  ( 63.07831368495399005, 5.897313240181164318, 162.9509784736526683 ) ) ;
#3297 = CARTESIAN_POINT ( 'NONE',  ( 47.01635969087064382, 5.148870740344435148, 158.7714435196111538 ) ) ;
#3298 = CARTESIAN_POINT ( 'NONE',  ( 47.55172446441826395, 5.899514450579447455, 95.38862758599471192 ) ) ;
#3299 = CARTESIAN_POINT ( 'NONE',  ( 61.19837931051421975, 7.855397569819071890, 114.5620691555753439 ) ) ;
#3300 = CARTESIAN_POINT ( 'NONE',  ( 48.01457603732217194, 7.166525625401558131, 163.4146740430063289 ) ) ;
#3301 = CARTESIAN_POINT ( 'NONE',  ( 62.68098186897001511, 5.606088688006756193, 95.87892627701093318 ) ) ;
#3302 = ADVANCED_FACE ( 'NONE', ( #3772, #4438, #1219, #3535, #3184, #1369, #3482, #164 ), #1740, .T. ) ;
#3303 = B_SPLINE_CURVE_WITH_KNOTS ( 'NONE', 3,
 ( #4618, #2055, #3844, #1319, #2000, #3136, #2028, #3491, #4250, #1744, #201, #4274, #1376, #2465, #3921, #980, #3518, #226, #1671, #2778, #2752, #4297, #4225, #1028, #951, #1295, #4201, #923, #3823, #3192, #1693, #2411, #3464, #3162, #174, #3543, #3894, #4564, #621, #565, #2107, #2439, #1346, #2080, #255, #3214 ),
 .UNSPECIFIED., .F., .F.,
 ( 4, 2, 2, 2, 2, 2, 2, 2, 2, 2, 2, 2, 2, 2, 2, 2, 2, 2, 2, 2, 2, 2, 4 ),
 ( 0.02670436104153406723, 0.02819925873772806402, 0.02894670758582506415, 0.02969415643392206428, 0.03044160528201906094, 0.03118905413011606453, 0.03268395182631009255, 0.03417884952250411362, 0.03567374721869814164, 0.03716864491489216271, 0.03866354261108619073, 0.04015844030728023262, 0.04090588915537728132, 0.04165333800347432308, 0.04240078685157136484, 0.04314823569966841355, 0.04464313339586250401, 0.04539058224395955965, 0.04613803109205660835, 0.04763292878825071963, 0.04838037763634775446, 0.04912782648444480316, 0.05062272418063890750 ),
 .UNSPECIFIED. ) ;
#3304 = CARTESIAN_POINT ( 'NONE',  ( 62.56214639762699647, 5.765419674384432369, 149.2132625622393221 ) ) ;
#3305 = CARTESIAN_POINT ( 'NONE',  ( 49.96884337090181560, 8.646839764344294466, 127.6018772890751052 ) ) ;
#3306 = CARTESIAN_POINT ( 'NONE',  ( 49.96884337090176587, 8.646839764344264267, 177.5294292469431525 ) ) ;
#3307 = DIRECTION ( 'NONE',  ( 0.3062738839768529564, 0.9519434373920192538, 0.000000000000000000 ) ) ;
#3308 = CARTESIAN_POINT ( 'NONE',  ( 46.71754088119077153, 5.630268077806624305, 169.7824449852983832 ) ) ;
#3309 = ORIENTED_EDGE ( 'NONE', *, *, #3263, .F. ) ;
#3310 = CARTESIAN_POINT ( 'NONE',  ( 60.63252385833553149, 7.540011595381823639, 114.3624778507952300 ) ) ;
#3311 = CARTESIAN_POINT ( 'NONE',  ( 63.04739838192533341, 5.958159739868518656, 169.2130916088655113 ) ) ;
#3312 = CARTESIAN_POINT ( 'NONE',  ( 63.63796600337558118, 5.039626796101635442, 95.86786782350306169 ) ) ;
#3313 = CARTESIAN_POINT ( 'NONE',  ( 61.85290265766966655, 6.564308301632997278, 162.8939616607035248 ) ) ;
#3314 = CARTESIAN_POINT ( 'NONE',  ( 62.00405866504445385, 7.142031051775734163, 129.3362073490859530 ) ) ;
#3315 = CARTESIAN_POINT ( 'NONE',  ( 49.02032796540864723, 8.020156909403697298, 139.3260907464487559 ) ) ;
#3316 = CARTESIAN_POINT ( 'NONE',  ( 49.96884337090178008, 8.646839764344267820, 103.6075863250134148 ) ) ;
#3317 = CARTESIAN_POINT ( 'NONE',  ( 47.22401348881216876, 5.463691046410377616, 173.8379137479969074 ) ) ;
#3318 = CARTESIAN_POINT ( 'NONE',  ( 61.09519179463827498, 7.208412500844555204, 94.01056846770553932 ) ) ;
#3319 = FACE_OUTER_BOUND ( 'NONE', #850, .T. ) ;
#3320 = CARTESIAN_POINT ( 'NONE',  ( 46.74206454131737587, 5.643327814770397133, 118.8090863027816511 ) ) ;
#3321 = CARTESIAN_POINT ( 'NONE',  ( 46.13512906107677480, 4.627633147039777128, 172.7932660269806320 ) ) ;
#3322 = ORIENTED_EDGE ( 'NONE', *, *, #56, .F. ) ;
#3323 = CARTESIAN_POINT ( 'NONE',  ( 61.51270847242493289, 7.593153700050449650, 103.1038798172317854 ) ) ;
#3324 = CARTESIAN_POINT ( 'NONE',  ( 52.02184882211762584, 9.546442316987482357, 166.9796575376121837 ) ) ;
#3325 = CARTESIAN_POINT ( 'NONE',  ( 51.25404505869845906, 8.520488222444816628, 129.3283419245929622 ) ) ;
#3326 = CARTESIAN_POINT ( 'NONE',  ( 54.34800506756140948, 9.982885021877834220, 165.2496626516033302 ) ) ;
#3327 = AXIS2_PLACEMENT_3D ( 'NONE', #2459, #972, #4530 ) ;
#3328 = ORIENTED_EDGE ( 'NONE', *, *, #1739, .F. ) ;
#3329 = CARTESIAN_POINT ( 'NONE',  ( 61.19837931051328184, 7.855397569819057679, 151.1998289449179538 ) ) ;
#3330 = CARTESIAN_POINT ( 'NONE',  ( 61.98378349446220881, 7.168201997423925498, 167.9433418927218611 ) ) ;
#3331 = CARTESIAN_POINT ( 'NONE',  ( 59.14447901503990579, 9.105298023474430735, 165.0418593112228791 ) ) ;
#3332 = CARTESIAN_POINT ( 'NONE',  ( 60.38483566946829484, 7.699755725213917046, 129.6928565335086603 ) ) ;
#3333 = CARTESIAN_POINT ( 'NONE',  ( 46.40446237705935317, 5.146230865020390510, 147.2846827794635090 ) ) ;
#3334 = AXIS2_PLACEMENT_3D ( 'NONE', #3202, #4257, #1782 ) ;
#3335 = DIRECTION ( 'NONE',  ( 1.000000000000000000, 0.000000000000000000, 0.000000000000000000 ) ) ;
#3336 = CARTESIAN_POINT ( 'NONE',  ( 63.57137326608049221, 5.153131602646522147, 95.62617172255099263 ) ) ;
#3337 = CARTESIAN_POINT ( 'NONE',  ( 62.93427912261702062, 5.231429025161109969, 160.5179856249671104 ) ) ;
#3338 = CARTESIAN_POINT ( 'NONE',  ( 62.95217104723747781, 6.067388059085629948, 163.1463983655253571 ) ) ;
#3339 = CARTESIAN_POINT ( 'NONE',  ( 46.99461480058509721, 5.113791336405647314, 98.14567404420735386 ) ) ;
#3340 = CARTESIAN_POINT ( 'NONE',  ( 55.69677459827893529, 9.993178946708040300, 139.1378342163663433 ) ) ;
#3341 = CARTESIAN_POINT ( 'NONE',  ( 53.19395076106218312, 9.839821165879484965, 103.9452795484602063 ) ) ;
#3342 = CARTESIAN_POINT ( 'NONE',  ( 47.50337356033136871, 5.842967066014625566, 174.6286746588623657 ) ) ;
#3343 = CARTESIAN_POINT ( 'NONE',  ( 57.75646495579153594, 8.826152350266365687, 102.9094245855593073 ) ) ;
#3344 = CARTESIAN_POINT ( 'NONE',  ( 60.74783775557119725, 8.188163207921697051, 104.7417315087384964 ) ) ;
#3345 = ORIENTED_EDGE ( 'NONE', *, *, #997, .T. ) ;
#3346 = CARTESIAN_POINT ( 'NONE',  ( 0.000000000000000000, 0.000000000000000000, 53.00000000000000711 ) ) ;
#3347 = CARTESIAN_POINT ( 'NONE',  ( 49.30801555997293661, 8.227184911557678504, 166.6484920016153239 ) ) ;
#3348 = DIRECTION ( 'NONE',  ( 1.000000000000000000, 0.000000000000000000, 0.000000000000000000 ) ) ;
#3349 = VERTEX_POINT ( 'NONE', #2742 ) ;
#3350 = CARTESIAN_POINT ( 'NONE',  ( 62.98887492128402243, 5.140485163505275068, 110.7549987243653788 ) ) ;
#3351 = CARTESIAN_POINT ( 'NONE',  ( 62.69944752825639966, 6.384946949218246459, 167.8863911802594657 ) ) ;
#3352 = CARTESIAN_POINT ( 'NONE',  ( 54.91374700102198148, 9.189621077342822630, 141.8017018656977370 ) ) ;
#3353 = CARTESIAN_POINT ( 'NONE',  ( 49.30801555997370400, 8.227184911558174107, 154.0050231763362376 ) ) ;
#3354 = CARTESIAN_POINT ( 'NONE',  ( 63.57137326608003036, 5.153131602647213150, 131.6176081686397197 ) ) ;
#3355 = CARTESIAN_POINT ( 'NONE',  ( 48.41599567711095631, 7.531597636076581281, 117.0859377432085182 ) ) ;
#3356 = CARTESIAN_POINT ( 'NONE',  ( 61.59490704598583477, 7.521956896509641055, 103.0616367877638169 ) ) ;
#3357 = CARTESIAN_POINT ( 'NONE',  ( 47.72826916505571404, 6.877641722268699631, 142.8883777095004461 ) ) ;
#3358 = VERTEX_POINT ( 'NONE', #278 ) ;
#3359 = CARTESIAN_POINT ( 'NONE',  ( 47.29554914561144585, 5.565355518015596914, 96.00219693805965449 ) ) ;
#3360 = CARTESIAN_POINT ( 'NONE',  ( 58.63730878854322981, 9.334574892867706808, 127.8251330471914287 ) ) ;
#3361 = FACE_OUTER_BOUND ( 'NONE', #2435, .T. ) ;
#3362 = CARTESIAN_POINT ( 'NONE',  ( -5.175281374238570820, 3.000000000000000000, -10.00000000000000178 ) ) ;
#3363 = CARTESIAN_POINT ( 'NONE',  ( 46.12550277891862294, 4.609098068777195856, 97.42540185258171448 ) ) ;
#3364 = CARTESIAN_POINT ( 'NONE',  ( 58.06273883976849959, 9.519434373920201864, 103.8753926352601979 ) ) ;
#3365 = EDGE_CURVE ( 'NONE', #3460, #4270, #3836, .T. ) ;
#3366 = CARTESIAN_POINT ( 'NONE',  ( 56.89854826595939841, 9.836399893339477174, 165.2231632540238877 ) ) ;
#3367 = ORIENTED_EDGE ( 'NONE', *, *, #1580, .F. ) ;
#3368 = DIRECTION ( 'NONE',  ( 1.000000000000000000, -0.000000000000000000, -0.000000000000000000 ) ) ;
#3369 = CARTESIAN_POINT ( 'NONE',  ( 46.44344115341476709, 5.177805941659397782, 169.4988682701249445 ) ) ;
#3370 = CARTESIAN_POINT ( 'NONE',  ( 65.00000000000000000, 1.224646799147353059E-15, 179.0000000000000000 ) ) ;
#3371 = CARTESIAN_POINT ( 'NONE',  ( 60.77300269570644531, 8.172211449451310727, 151.3511539350208750 ) ) ;
#3372 = FACE_OUTER_BOUND ( 'NONE', #4178, .T. ) ;
#3373 = CARTESIAN_POINT ( 'NONE',  ( 51.74846579443325822, 8.694626422736456917, 154.5631601349911648 ) ) ;
#3374 = CARTESIAN_POINT ( 'NONE',  ( 62.28731661939787756, 6.090210063079116942, 131.1029825345363520 ) ) ;
#3375 = CARTESIAN_POINT ( 'NONE',  ( 58.00222507193292643, 9.538903794036022177, 115.0974265831306695 ) ) ;
#3376 = CARTESIAN_POINT ( 'NONE',  ( 46.12928854518447253, 4.616392227800139025, 146.0106717115351103 ) ) ;
#3377 = CARTESIAN_POINT ( 'NONE',  ( 49.26555720392396864, 7.470945681972315455, 93.83598555132907393 ) ) ;
#3378 = CARTESIAN_POINT ( 'NONE',  ( 63.89482594144079997, 4.569743765328378338, 134.1417538049740017 ) ) ;
#3379 = CARTESIAN_POINT ( 'NONE',  ( 59.18677435813921051, 9.100308133753038931, 127.7615317070665526 ) ) ;
#3380 = CARTESIAN_POINT ( 'NONE',  ( 59.39943757163113958, 8.998589038412832863, 154.4383212502412732 ) ) ;
#3381 = DIRECTION ( 'NONE',  ( -0.9496297344050212974, -0.3028089466163476073, 0.08068524885595078355 ) ) ;
#3382 = CARTESIAN_POINT ( 'NONE',  ( 46.50137470937609407, 5.272851775604699753, 100.7615587957612178 ) ) ;
#3383 = CARTESIAN_POINT ( 'NONE',  ( 57.56642297186955659, 8.889073204885921342, 117.2265033510152534 ) ) ;
#3384 = CARTESIAN_POINT ( 'NONE',  ( 58.42743073613608118, 9.412794963759203881, 104.3032218316738806 ) ) ;
#3385 = CARTESIAN_POINT ( 'NONE',  ( 47.03502175827141230, 5.178684348923750846, 147.5209656381687751 ) ) ;
#3386 = CARTESIAN_POINT ( 'NONE',  ( 63.76007309217546037, 4.823683520021487148, 120.4319551616122652 ) ) ;
#3387 = ORIENTED_EDGE ( 'NONE', *, *, #2852, .T. ) ;
#3388 = CARTESIAN_POINT ( 'NONE',  ( 47.33515826933668791, 5.618959084976756557, 136.2625903569919501 ) ) ;
#3389 = DIRECTION ( 'NONE',  ( 1.000000000000000000, 0.000000000000000000, 0.000000000000000000 ) ) ;
#3390 = ORIENTED_EDGE ( 'NONE', *, *, #1907, .T. ) ;
#3391 = CARTESIAN_POINT ( 'NONE',  ( 61.77657249734912881, 7.363996869258335742, 176.1964528352413311 ) ) ;
#3392 = CARTESIAN_POINT ( 'NONE',  ( 54.37300921454380642, 9.171751586877595841, 141.8051176922179764 ) ) ;
#3393 = CARTESIAN_POINT ( 'NONE',  ( 62.91767559583709613, 5.256586699118238393, 135.3168136636844281 ) ) ;
#3394 = CARTESIAN_POINT ( 'NONE',  ( 56.70869343931311590, 9.063876489394608882, 114.9644005032476031 ) ) ;
#3395 = AXIS2_PLACEMENT_3D ( 'NONE', #1985, #4230, #4570 ) ;
#3396 = CARTESIAN_POINT ( 'NONE',  ( 47.09571760920580630, 5.273424347777495136, 145.4630170569922996 ) ) ;
#3397 = CARTESIAN_POINT ( 'NONE',  ( 47.29909703707805591, 5.569931025681944092, 95.99411851254478734 ) ) ;
#3398 = CARTESIAN_POINT ( 'NONE',  ( 62.82623419856277280, 6.229347768265502516, 168.0406817276901279 ) ) ;
#3399 = CARTESIAN_POINT ( 'NONE',  ( 48.56351503673997172, 7.661789287836396234, 151.0947478033143909 ) ) ;
#3400 = CARTESIAN_POINT ( 'NONE',  ( 59.96386895087307778, 8.685975877952007096, 127.6162770544979281 ) ) ;
#3401 = CARTESIAN_POINT ( 'NONE',  ( 53.35575525054846935, 9.868342651226418738, 139.1287474677003786 ) ) ;
#3402 = CARTESIAN_POINT ( 'NONE',  ( 46.46191414180142942, 5.208525610410098317, 95.51658099736108909 ) ) ;
#3403 = CARTESIAN_POINT ( 'NONE',  ( 52.02184882211759742, 9.546442316987469923, 117.0521055797440937 ) ) ;
#3404 = CARTESIAN_POINT ( 'NONE',  ( 59.89309770085745299, 8.739711215129222666, 105.2237829271320635 ) ) ;
#3405 = CARTESIAN_POINT ( 'NONE',  ( 53.94135260373607821, 9.948228571440603574, 164.4215870690587451 ) ) ;
#3406 = CARTESIAN_POINT ( 'NONE',  ( 56.54367434603803133, 9.896935022339148347, 116.1965386295475611 ) ) ;
#3407 = CIRCLE ( 'NONE', #353, 1.000000000000000888 ) ;
#3408 =( BOUNDED_SURFACE ( )  B_SPLINE_SURFACE ( 3, 2, ( 
 ( #70, #4409, #1813 ),
 ( #2591, #48, #2529 ),
 ( #3990, #2008, #4136 ),
 ( #3448, #2736, #883 ),
 ( #3423, #1583, #2346 ),
 ( #4185, #858, #1186 ),
 ( #3810, #4159, #503 ),
 ( #2660, #2305, #2284 ),
 ( #522, #1986, #2371 ),
 ( #3831, #1542, #131 ),
 ( #3744, #4522, #1919 ),
 ( #1941, #3380, #3764 ),
 ( #3068, #483, #86 ),
 ( #1561, #4499, #3048 ),
 ( #3027, #4478, #4117 ),
 ( #838, #1231, #1252 ),
 ( #2703, #4307, #3171 ),
 ( #2842, #1384, #4629 ),
 ( #961, #4234, #2789 ),
 ( #1043, #2392, #1652 ),
 ( #3956, #185, #209 ),
 ( #2422, #1755, #1012 ),
 ( #3222, #3877, #574 ),
 ( #4576, #602, #2761 ),
 ( #1702, #292, #4675 ),
 ( #4209, #2090, #2062 ),
 ( #987, #4655, #3526 ),
 ( #2038, #235, #1358 ),
 ( #930, #3851, #2816 ),
 ( #4256, #2447, #3500 ),
 ( #1678, #3143, #3903 ),
 ( #4602, #1327, #629 ),
 ( #3552, #265, #320 ),
 ( #2589, #4030, #4384 ),
 ( #1833, #2523, #1781 ),
 ( #3985, #4407, #2915 ),
 ( #1806, #1118, #4362 ),
 ( #2546, #1495, #3296 ),
 ( #2163, #3698, #3338 ),
 ( #1875, #2953, #4072 ),
 ( #796, #4007, #46 ),
 ( #3632, #2977, #348 ),
 ( #3247, #727, #4725 ),
 ( #2191, #4702, #1432 ),
 ( #1163, #4050, #703 ),
 ( #773, #3659, #416 ),
 ( #3277, #374, #2614 ),
 ( #2234, #2, #1477 ),
 ( #2933, #2568, #20 ),
 ( #750, #2214, #3677 ),
 ( #394, #1851, #2726 ),
 ( #3690, #4352, #385 ) ),
 .UNSPECIFIED., .F., .F., .F. ) 
 B_SPLINE_SURFACE_WITH_KNOTS ( ( 4, 2, 2, 2, 2, 2, 2, 2, 2, 2, 2, 2, 2, 2, 2, 2, 2, 2, 2, 2, 2, 2, 2, 2, 2, 4 ),
 ( 3, 3 ),
 ( 0.000000000000000000, 0.001610545619918657542, 0.002415818429877986204, 0.003221091239837315084, 0.004831636859755972409, 0.006442182479674630168, 0.008052728099593287059, 0.008858000909552615071, 0.009663273719511944818, 0.01046854652947127456, 0.01127381933943060258, 0.01207909214938993059, 0.01288436495934926034, 0.01368963776930859008, 0.01449491057926791809, 0.01530018338922724611, 0.01610545619918657412, 0.01771600181910523014, 0.01932654743902388964, 0.02013182024898321765, 0.02093709305894254913, 0.02174236586890187714, 0.02254763867886120515, 0.02335291148882053316, 0.02415818429877986118, 0.02576872991869852067 ),
 ( 0.000000000000000000, 1.000000000000000000 ),
 .UNSPECIFIED. ) 
 GEOMETRIC_REPRESENTATION_ITEM ( )  RATIONAL_B_SPLINE_SURFACE ( (
 ( 1.000000000000000000, 0.7890828154404134764, 1.000000000000000000),
 ( 1.000000000000000000, 0.7822893168589473145, 1.000000000000000000),
 ( 1.000000000000000000, 0.7769804849967769655, 1.000000000000000000),
 ( 1.000000000000000000, 0.7721725132137345904, 1.000000000000000000),
 ( 1.000000000000000000, 0.7710932332192825811, 1.000000000000000000),
 ( 1.000000000000000000, 0.7700798014909031597, 1.000000000000000000),
 ( 1.000000000000000000, 0.7701535816300835169, 1.000000000000000000),
 ( 1.000000000000000000, 0.7720750407665277759, 1.000000000000000000),
 ( 1.000000000000000000, 0.7756304940354727950, 1.000000000000000000),
 ( 1.000000000000000000, 0.7863359135349377027, 1.000000000000000000),
 ( 1.000000000000000000, 0.7935593951759820630, 1.000000000000000000),
 ( 1.000000000000000000, 0.8091467546438937397, 1.000000000000000000),
 ( 1.000000000000000000, 0.8175403830184174714, 1.000000000000000000),
 ( 1.000000000000000000, 0.8293725801647811036, 1.000000000000000000),
 ( 1.000000000000000000, 0.8332126441995151289, 1.000000000000000000),
 ( 1.000000000000000000, 0.8401795453596563323, 1.000000000000000000),
 ( 1.000000000000000000, 0.8433236350770069167, 1.000000000000000000),
 ( 1.000000000000000000, 0.8487740273812020009, 1.000000000000000000),
 ( 1.000000000000000000, 0.8510826173132250982, 1.000000000000000000),
 ( 1.000000000000000000, 0.8547664239493715232, 1.000000000000000000),
 ( 1.000000000000000000, 0.8560988187924759574, 1.000000000000000000),
 ( 1.000000000000000000, 0.8578894373196571665, 1.000000000000000000),
 ( 1.000000000000000000, 0.8583480911738066155, 1.000000000000000000),
 ( 1.000000000000000000, 0.8586026888367290777, 1.000000000000000000),
 ( 1.000000000000000000, 0.8583936092663064787, 1.000000000000000000),
 ( 1.000000000000000000, 0.8576260442151195651, 1.000000000000000000),
 ( 1.000000000000000000, 0.8570717847901614395, 1.000000000000000000),
 ( 1.000000000000000000, 0.8559261330733767270, 1.000000000000000000),
 ( 1.000000000000000000, 0.8553319295049192084, 1.000000000000000000),
 ( 1.000000000000000000, 0.8543856825545433908, 1.000000000000000000),
 ( 1.000000000000000000, 0.8540309185582652951, 1.000000000000000000),
 ( 1.000000000000000000, 0.8536834302495746041, 1.000000000000000000),
 ( 1.000000000000000000, 0.8536930101918024372, 1.000000000000000000),
 ( 1.000000000000000000, 0.8542763716415044950, 1.000000000000000000),
 ( 1.000000000000000000, 0.8554358083883055741, 1.000000000000000000),
 ( 1.000000000000000000, 0.8577422966131229565, 1.000000000000000000),
 ( 1.000000000000000000, 0.8587773206772980616, 1.000000000000000000),
 ( 1.000000000000000000, 0.8582917136918236656, 1.000000000000000000),
 ( 1.000000000000000000, 0.8577805857904921005, 1.000000000000000000),
 ( 1.000000000000000000, 0.8558786611415627466, 1.000000000000000000),
 ( 1.000000000000000000, 0.8544870962718884577, 1.000000000000000000),
 ( 1.000000000000000000, 0.8507154623478423439, 1.000000000000000000),
 ( 1.000000000000000000, 0.8483264996656663115, 1.000000000000000000),
 ( 1.000000000000000000, 0.8427503636051065783, 1.000000000000000000),
 ( 1.000000000000000000, 0.8395509614151209776, 1.000000000000000000),
 ( 1.000000000000000000, 0.8325033572913548285, 1.000000000000000000),
 ( 1.000000000000000000, 0.8286329716661253730, 1.000000000000000000),
 ( 1.000000000000000000, 0.8206742539347340326, 1.000000000000000000),
 ( 1.000000000000000000, 0.8165730635147038230, 1.000000000000000000),
 ( 1.000000000000000000, 0.8043259065630129490, 1.000000000000000000),
 ( 1.000000000000000000, 0.7962203873510095287, 1.000000000000000000),
 ( 1.000000000000000000, 0.7893766639933607054, 1.000000000000000000) ) ) 
 REPRESENTATION_ITEM ( '' )  SURFACE ( )  );
#3409 = CARTESIAN_POINT ( 'NONE',  ( 47.20004543314381351, 5.429916762065588820, 135.8219262981176882 ) ) ;
#3410 = DIRECTION ( 'NONE',  ( 0.000000000000000000, 0.000000000000000000, -1.000000000000000000 ) ) ;
#3411 = CARTESIAN_POINT ( 'NONE',  ( 46.42124938416769453, 5.140218207882516488, 161.7873344334491605 ) ) ;
#3412 = VERTEX_POINT ( 'NONE', #612 ) ;
#3413 = CARTESIAN_POINT ( 'NONE',  ( 63.14056317448688560, 5.839416528212956869, 174.6329239626915069 ) ) ;
#3414 = CARTESIAN_POINT ( 'NONE',  ( 62.54681270740408650, 6.565732050362358407, 129.7903174035951110 ) ) ;
#3415 = DIRECTION ( 'NONE',  ( 1.000000000000000000, 0.000000000000000000, 0.000000000000000000 ) ) ;
#3416 = CARTESIAN_POINT ( 'NONE',  ( 49.79775572636592074, 8.545286007613457357, 116.5851131988787870 ) ) ;
#3417 = CARTESIAN_POINT ( 'NONE',  ( 48.54839951417344679, 6.919195222741052476, 142.8683786596962193 ) ) ;
#3418 = CARTESIAN_POINT ( 'NONE',  ( 46.38524619018989625, 5.114619695408904043, 98.17248723376016528 ) ) ;
#3419 = EDGE_CURVE ( 'NONE', #435, #788, #430, .T. ) ;
#3420 = CARTESIAN_POINT ( 'NONE',  ( 59.40353527577838832, 8.982767000573467442, 139.7168398465524319 ) ) ;
#3421 = CARTESIAN_POINT ( 'NONE',  ( 54.96119301142182678, 9.189341984288420306, 105.1640009197164289 ) ) ;
#3422 = CARTESIAN_POINT ( 'NONE',  ( 46.79439936929664867, 5.719334244038871695, 137.4388688053869885 ) ) ;
#3423 = CARTESIAN_POINT ( 'NONE',  ( 54.37300921454379221, 9.171751586877595841, 154.4485865174970627 ) ) ;
#3424 = CARTESIAN_POINT ( 'NONE',  ( 46.99544896960897233, 5.115165755695325167, 134.1584916637146705 ) ) ;
#3425 = CARTESIAN_POINT ( 'NONE',  ( 60.58990184077447338, 8.298400260849740917, 117.3848222973416853 ) ) ;
#3426 = CARTESIAN_POINT ( 'NONE',  ( 63.14013181088599680, 5.831433192483999051, 107.4884394960682528 ) ) ;
#3427 = EDGE_CURVE ( 'NONE', #512, #721, #2903, .T. ) ;
#3428 = CARTESIAN_POINT ( 'NONE',  ( 55.80496229746810855, 9.167984432471085299, 151.6235022943697288 ) ) ;
#3429 = CARTESIAN_POINT ( 'NONE',  ( 53.94110282835488590, 9.947972631749161465, 116.1882100750973166 ) ) ;
#3430 = CARTESIAN_POINT ( 'NONE',  ( 48.40038187403239078, 6.789436746545262302, 137.8059503177031786 ) ) ;
#3431 = CARTESIAN_POINT ( 'NONE',  ( 63.89263304186028591, 4.574059342237386971, 109.8541910553284566 ) ) ;
#3432 = CARTESIAN_POINT ( 'NONE',  ( 65.00000000000000000, 1.224646799147353256E-15, 180.0000000000000000 ) ) ;
#3433 = CARTESIAN_POINT ( 'NONE',  ( 50.10984271994352213, 8.727472254797753237, 104.5190841286473216 ) ) ;
#3434 = ORIENTED_EDGE ( 'NONE', *, *, #3807, .F. ) ;
#3435 = CARTESIAN_POINT ( 'NONE',  ( 0.000000000000000000, 0.000000000000000000, -50.00000000000000000 ) ) ;
#3436 = CARTESIAN_POINT ( 'NONE',  ( 62.97390533155661529, 5.164556866772229249, 172.8097526777587234 ) ) ;
#3437 = CARTESIAN_POINT ( 'NONE',  ( 60.34531325299116133, 7.724213858090582363, 138.4625735010708070 ) ) ;
#3438 = CARTESIAN_POINT ( 'NONE',  ( 47.30100110723164875, 6.385602027047087681, 114.1926071326715544 ) ) ;
#3439 = CARTESIAN_POINT ( 'NONE',  ( 46.26136208797597504, 4.863032493311274962, 144.9562910104827722 ) ) ;
#3440 = CARTESIAN_POINT ( 'NONE',  ( 48.24224938975287102, 6.643585118844161919, 94.48061806806343554 ) ) ;
#3441 = CARTESIAN_POINT ( 'NONE',  ( 62.17709447728580585, 6.214962128434841304, 143.5849073132596061 ) ) ;
#3442 = CARTESIAN_POINT ( 'NONE',  ( 55.97218262889732188, 9.969514250595711502, 166.1120246038288144 ) ) ;
#3443 = CARTESIAN_POINT ( 'NONE',  ( 61.60481632962565612, 6.784775370763089342, 106.3459225605418652 ) ) ;
#3444 = DIRECTION ( 'NONE',  ( 0.000000000000000000, 0.000000000000000000, 1.000000000000000000 ) ) ;
#3445 = CARTESIAN_POINT ( 'NONE',  ( 50.10597725747072673, 8.739175768930339316, 151.5672661422147769 ) ) ;
#3446 = CARTESIAN_POINT ( 'NONE',  ( 59.83862567448382919, 8.757034559881311964, 126.9238967152211899 ) ) ;
#3447 = CARTESIAN_POINT ( 'NONE',  ( 52.26580499391000245, 8.832096614886298269, 93.24815628618873120 ) ) ;
#3448 = CARTESIAN_POINT ( 'NONE',  ( 54.10471492365689272, 9.152729602043962132, 154.4522167206911263 ) ) ;
#3449 = CARTESIAN_POINT ( 'NONE',  ( 47.13522587829098853, 5.333850940082451864, 132.6058552848066370 ) ) ;
#3450 = CARTESIAN_POINT ( 'NONE',  ( 53.23254026797670946, 9.052129902008442031, 93.19446518624454256 ) ) ;
#3451 = EDGE_CURVE ( 'NONE', #1242, #1471, #882, .T. ) ;
#3452 = CARTESIAN_POINT ( 'NONE',  ( 63.00399006132136037, 5.116086936990680734, 110.2085483601749303 ) ) ;
#3453 = CARTESIAN_POINT ( 'NONE',  ( 49.67524388704884331, 7.747463404106888163, 151.1270487215481921 ) ) ;
#3454 = CARTESIAN_POINT ( 'NONE',  ( 63.31283991883235274, 5.561157044022082552, 118.9250671718781689 ) ) ;
#3455 = B_SPLINE_CURVE_WITH_KNOTS ( 'NONE', 3,
 ( #1993, #2432, #2354, #2743, #165, #1312, #194, #613, #1633, #3888, #4555, #2048, #555, #2073, #4218, #1686, #3837, #4193, #914, #2379, #1663, #3483, #3127, #2771, #941, #2404, #3862, #3154, #3509, #1336, #355, #1103, #2848, #4369, #1021, #2552, #2098, #4012, #3561, #3587, #302, #3230, #4684, #327, #50, #2307, #1123, #3004, #1500, #3746 ),
 .UNSPECIFIED., .F., .F.,
 ( 4, 2, 2, 2, 2, 2, 2, 2, 2, 2, 2, 2, 2, 2, 2, 2, 2, 2, 2, 2, 2, 2, 2, 2, 4 ),
 ( 0.002779998200560712673, 0.004275270878121547984, 0.005770543555682383294, 0.007265816233243218604, 0.008013452572023642764, 0.008761088910804067792, 0.009508725249584491085, 0.01025636158836491438, 0.01100399792714533941, 0.01175163426592576443, 0.01249927060470618773, 0.01324690694348661275, 0.01399454328226703605, 0.01474217962104746107, 0.01548981595982788610, 0.01623745229860831113, 0.01698508863738873442, 0.01773272497616916465, 0.01922799765372998348, 0.01997563399251038943, 0.02072327033129080232, 0.02221854300885162808, 0.02371381568641246079, 0.02520908836397329003, 0.02670436104153411927 ),
 .UNSPECIFIED. ) ;
#3456 = CARTESIAN_POINT ( 'NONE',  ( 52.74652246259464761, 8.959835480746892955, 129.2055559500272466 ) ) ;
#3457 = CARTESIAN_POINT ( 'NONE',  ( 61.90879296849657010, 7.234634370708545426, 114.8745527856757462 ) ) ;
#3458 = CARTESIAN_POINT ( 'NONE',  ( 0.000000000000000000, 0.000000000000000000, 50.00000000000000000 ) ) ;
#3459 = CARTESIAN_POINT ( 'NONE',  ( 51.66960127879902132, 8.657291659821305885, 176.7834376316000089 ) ) ;
#3460 = VERTEX_POINT ( 'NONE', #332 ) ;
#3461 = CARTESIAN_POINT ( 'NONE',  ( 63.55293213714021050, 5.187282981401013515, 149.2849722790193141 ) ) ;
#3462 = CARTESIAN_POINT ( 'NONE',  ( 59.46748205588134795, 8.201058478069967350, 176.6200953877571180 ) ) ;
#3463 = CARTESIAN_POINT ( 'NONE',  ( 54.03101267884603232, 9.146399794390065452, 114.9812338311707265 ) ) ;
#3464 = CARTESIAN_POINT ( 'NONE',  ( 58.58941537323908477, 8.576939620827312538, 167.2429250384294335 ) ) ;
#3465 = CARTESIAN_POINT ( 'NONE',  ( 58.06273883976849959, 9.519434373920200088, 152.5102979066318198 ) ) ;
#3466 = ORIENTED_EDGE ( 'NONE', *, *, #400, .F. ) ;
#3467 = CARTESIAN_POINT ( 'NONE',  ( 46.15139009621627508, 4.659077190716772954, 97.10417043725196606 ) ) ;
#3468 = PLANE ( 'NONE',  #1771 ) ;
#3469 = CARTESIAN_POINT ( 'NONE',  ( 46.25099651997632577, 4.844286584059273260, 148.4166504644952056 ) ) ;
#3470 = CARTESIAN_POINT ( 'NONE',  ( 61.09519179463827498, 7.208412500844555204, 106.0077139497363419 ) ) ;
#3471 = CARTESIAN_POINT ( 'NONE',  ( 48.36597076998433664, 7.487464528671088360, 151.6756063916380413 ) ) ;
#3472 = CARTESIAN_POINT ( 'NONE',  ( 49.02937369375170107, 7.302174966322956706, 126.2081392862068867 ) ) ;
#3473 = CARTESIAN_POINT ( 'NONE',  ( 52.02184882211765427, 9.546442316987482357, 93.05781461568240331 ) ) ;
#3474 = CARTESIAN_POINT ( 'NONE',  ( 47.01285467194235679, 5.143239718313676434, 134.6075314671391823 ) ) ;
#3475 = CIRCLE ( 'NONE', #491, 9.000000000000001776 ) ;
#3476 = CARTESIAN_POINT ( 'NONE',  ( 60.78300708779218553, 7.437257093473287561, 117.8514259115444673 ) ) ;
#3477 = CARTESIAN_POINT ( 'NONE',  ( 55.69677459828096033, 9.993178946706608556, 127.1406887343280516 ) ) ;
#3478 = VECTOR ( 'NONE', #4586, 1000.000000000000000 ) ;
#3479 = CARTESIAN_POINT ( 'NONE',  ( 61.23737090044148346, 7.824552775042004527, 105.6075106722791048 ) ) ;
#3480 = CARTESIAN_POINT ( 'NONE',  ( 50.09101680733834883, 7.986924266592892785, 163.8861055474485511 ) ) ;
#3481 = ADVANCED_FACE ( 'NONE', ( #1024, #1839 ), #3618, .T. ) ;
#3482 = FACE_BOUND ( 'NONE', #2992, .T. ) ;
#3483 = CARTESIAN_POINT ( 'NONE',  ( 47.03502175827143361, 5.178684348923765057, 122.8803513308589430 ) ) ;
#3484 = CYLINDRICAL_SURFACE ( 'NONE', #2566, 9.000000000000001776 ) ;
#3485 = CARTESIAN_POINT ( 'NONE',  ( 47.76871044568137847, 6.154331216625183565, 168.9474229840557484 ) ) ;
#3486 = ORIENTED_EDGE ( 'NONE', *, *, #2664, .F. ) ;
#3487 = FACE_OUTER_BOUND ( 'NONE', #1030, .T. ) ;
#3488 = CARTESIAN_POINT ( 'NONE',  ( 55.10352913205555581, 9.199409596669978484, 102.9942550016430545 ) ) ;
#3489 = CARTESIAN_POINT ( 'NONE',  ( 59.83862567448289838, 8.757034559881548219, 138.9210421972520351 ) ) ;
#3490 = CARTESIAN_POINT ( 'NONE',  ( 49.40957327284069578, 8.298042930167936149, 114.7656360429564160 ) ) ;
#3491 = CARTESIAN_POINT ( 'NONE',  ( 60.63252385833555280, 7.540011595381823639, 176.2871752906941936 ) ) ;
#3492 = CARTESIAN_POINT ( 'NONE',  ( 46.50137470937609407, 5.272851775604705082, 149.3964640671328823 ) ) ;
#3493 = VERTEX_POINT ( 'NONE', #2197 ) ;
#3494 = CARTESIAN_POINT ( 'NONE',  ( 60.78300708779315187, 7.437257093471359326, 142.4920402188555215 ) ) ;
#3495 = CARTESIAN_POINT ( 'NONE',  ( 63.89482594144082839, 4.569743765328380114, 172.0721602808112891 ) ) ;
#3496 = CARTESIAN_POINT ( 'NONE',  ( 57.78599216349051204, 9.608473571095158761, 139.8882872487983775 ) ) ;
#3497 = CARTESIAN_POINT ( 'NONE',  ( 48.31780346436399753, 6.714506904999829828, 106.4104964146651611 ) ) ;
#3498 = CARTESIAN_POINT ( 'NONE',  ( 46.93853970050964364, 5.943021735623180923, 124.8698673643798003 ) ) ;
#3499 = CARTESIAN_POINT ( 'NONE',  ( 58.08468766231408864, 8.746172792757455738, 93.26832768244860006 ) ) ;
#3500 = CARTESIAN_POINT ( 'NONE',  ( 63.85378290661051892, 4.649193877432844957, 158.4381395141818984 ) ) ;
#3501 = CARTESIAN_POINT ( 'NONE',  ( 46.15139009621717747, 4.659077190718460493, 133.0956068833407357 ) ) ;
#3502 = CARTESIAN_POINT ( 'NONE',  ( 63.09701846712850681, 5.871511323783181524, 118.5122294019692930 ) ) ;
#3503 = CARTESIAN_POINT ( 'NONE',  ( 50.61455108019370641, 9.005583512731362816, 126.9952583605565906 ) ) ;
#3504 = CARTESIAN_POINT ( 'NONE',  ( 48.71446570628426542, 7.058317190974043420, 106.1196428275458317 ) ) ;
#3505 = CARTESIAN_POINT ( 'NONE',  ( 46.46191414180143653, 5.208525610410093876, 144.1514862687326683 ) ) ;
#3506 = CARTESIAN_POINT ( 'NONE',  ( 62.69944752825655598, 6.384946949218035961, 105.9616937403624064 ) ) ;
#3507 = CARTESIAN_POINT ( 'NONE',  ( 60.15339356562069639, 8.574532902683207780, 127.5740156431750307 ) ) ;
#3508 = CARTESIAN_POINT ( 'NONE',  ( 62.29741611293095360, 6.085701237993695223, 131.0806685982456656 ) ) ;
#3509 = CARTESIAN_POINT ( 'NONE',  ( 47.71437749129191985, 6.093107366733907959, 125.0462128183648929 ) ) ;
#3510 = LINE ( 'NONE', #614, #2951 ) ;
#3511 = CARTESIAN_POINT ( 'NONE',  ( 51.31896712027680962, 8.543550549375050096, 167.2517610480261396 ) ) ;
#3512 = CARTESIAN_POINT ( 'NONE',  ( 46.99461480058511853, 5.113791336405648202, 159.4240481408580763 ) ) ;
#3513 = ORIENTED_EDGE ( 'NONE', *, *, #881, .F. ) ;
#3514 = CARTESIAN_POINT ( 'NONE',  ( 55.11503236896120228, 10.01711070217740307, 103.9771891348072899 ) ) ;
#3515 = CIRCLE ( 'NONE', #1465, 10.00000000000000178 ) ;
#3516 = CARTESIAN_POINT ( 'NONE',  ( 57.78599216349047651, 9.608473571095162313, 177.8186937246355228 ) ) ;
#3517 = CARTESIAN_POINT ( 'NONE',  ( 49.25161448254137042, 8.187773419762745419, 115.4115456014333176 ) ) ;
#3518 = CARTESIAN_POINT ( 'NONE',  ( 62.98887492128402243, 5.140485163505275068, 172.6796961642643282 ) ) ;
#3519 = CARTESIAN_POINT ( 'NONE',  ( 46.13512906107677480, 4.627633147039777128, 147.5063283764224309 ) ) ;
#3520 = ORIENTED_EDGE ( 'NONE', *, *, #4722, .F. ) ;
#3521 = CARTESIAN_POINT ( 'NONE',  ( 60.15339356562066797, 8.574532902683234425, 177.5015676010431207 ) ) ;
#3522 = CARTESIAN_POINT ( 'NONE',  ( 56.92222800158834417, 9.016411584927658041, 105.1997601774864393 ) ) ;
#3523 = CARTESIAN_POINT ( 'NONE',  ( 47.03502175827141230, 5.178684348923749070, 110.8832058488280552 ) ) ;
#3524 = CARTESIAN_POINT ( 'NONE',  ( 47.69415288318926116, 6.079453448948724414, 125.0472237299768636 ) ) ;
#3525 = EDGE_CURVE ( 'NONE', #1471, #2023, #2708, .T. ) ;
#3526 = CARTESIAN_POINT ( 'NONE',  ( 63.63796600337649778, 5.039626796100049155, 157.1462419201555747 ) ) ;
#3527 = CARTESIAN_POINT ( 'NONE',  ( 46.97192478587601272, 5.983920253221596930, 131.2444565963361924 ) ) ;
#3528 = CARTESIAN_POINT ( 'NONE',  ( 57.64478945718195746, 8.858442268628412108, 117.2351655779543620 ) ) ;
#3529 = CARTESIAN_POINT ( 'NONE',  ( 62.98659806707387787, 5.144119556595060594, 121.5294179853763836 ) ) ;
#3530 = CARTESIAN_POINT ( 'NONE',  ( 51.59327452751459475, 9.420490314612582239, 127.8493562032619622 ) ) ;
#3531 = CARTESIAN_POINT ( 'NONE',  ( 46.21746400961500711, 4.782463703572554792, 108.5749627572362783 ) ) ;
#3532 = CARTESIAN_POINT ( 'NONE',  ( 62.71874267194905173, 6.374945883461673013, 106.7462515461025276 ) ) ;
#3533 = CARTESIAN_POINT ( 'NONE',  ( 52.15695605312947691, 9.605936010545139681, 165.1753934719002928 ) ) ;
#3534 = CARTESIAN_POINT ( 'NONE',  ( 58.06273883976854222, 9.519434373920185877, 127.8696835993218883 ) ) ;
#3535 = FACE_BOUND ( 'NONE', #386, .T. ) ;
#3536 = CARTESIAN_POINT ( 'NONE',  ( 63.87457847529200450, 4.608941689278579723, 110.7306168246157654 ) ) ;
#3537 = DIRECTION ( 'NONE',  ( 1.000000000000000000, 0.000000000000000000, 0.000000000000000000 ) ) ;
#3538 = CARTESIAN_POINT ( 'NONE',  ( 46.99461480058510432, 5.113791336405649091, 172.0675169661371058 ) ) ;
#3539 = CARTESIAN_POINT ( 'NONE',  ( 47.20004543314381351, 5.429916762065588820, 161.1088639486758609 ) ) ;
#3540 = VERTEX_POINT ( 'NONE', #1083 ) ;
#3541 = CARTESIAN_POINT ( 'NONE',  ( 53.06505158888896290, 9.815438573300385272, 103.1330021577831104 ) ) ;
#3542 = CARTESIAN_POINT ( 'NONE',  ( 54.22140846459192431, 9.974102969058790791, 115.9669129020402352 ) ) ;
#3543 = CARTESIAN_POINT ( 'NONE',  ( 57.16389473293802581, 8.969538888940894239, 167.1351187183045681 ) ) ;
#3544 = EDGE_LOOP ( 'NONE', ( #762, #2538 ) ) ;
#3545 = CARTESIAN_POINT ( 'NONE',  ( 62.91767559583709613, 5.256586699115620931, 147.9602824889560964 ) ) ;
#3546 = CARTESIAN_POINT ( 'NONE',  ( 52.58421687379945553, 9.721765353542059174, 166.9548300219357486 ) ) ;
#3547 = CARTESIAN_POINT ( 'NONE',  ( 63.89482594144079997, 4.569743765328378338, 159.4286914555321744 ) ) ;
#3548 = CARTESIAN_POINT ( 'NONE',  ( 61.81450198885190872, 7.323555316276254779, 105.2199221360448576 ) ) ;
#3549 = CARTESIAN_POINT ( 'NONE',  ( 47.22823210998647880, 5.469886505671250454, 108.2221100830269194 ) ) ;
#3550 = CARTESIAN_POINT ( 'NONE',  ( 46.36001498661047293, 5.036152635729675531, 124.2776590880064731 ) ) ;
#3551 = CARTESIAN_POINT ( 'NONE',  ( 51.96200554878888767, 9.527360060080154014, 92.28187067601552940 ) ) ;
#3552 = CARTESIAN_POINT ( 'NONE',  ( 63.00399006132137458, 5.116086936990811296, 159.4897769747965981 ) ) ;
#3553 = CARTESIAN_POINT ( 'NONE',  ( 48.10216372359300863, 6.507083401394659461, 130.6082066773057875 ) ) ;
#3554 = CARTESIAN_POINT ( 'NONE',  ( 61.09519179463821814, 7.208412500844580073, 118.0048594317671729 ) ) ;
#3555 = CARTESIAN_POINT ( 'NONE',  ( 62.71423594058406081, 5.551425272116144782, 120.0293647888940853 ) ) ;
#3556 = CARTESIAN_POINT ( 'NONE',  ( 56.89854826595740889, 9.836399893339738298, 127.9390801214424016 ) ) ;
#3557 = CARTESIAN_POINT ( 'NONE',  ( 46.64953742103173795, 5.529565739383019540, 108.0753698434773042 ) ) ;
#3558 = CARTESIAN_POINT ( 'NONE',  ( 50.87292700822171554, 9.126714044405591864, 141.0193006912279259 ) ) ;
#3559 = DIRECTION ( 'NONE',  ( 0.000000000000000000, 0.000000000000000000, -1.000000000000000000 ) ) ;
#3560 = VECTOR ( 'NONE', #1935, 1000.000000000000000 ) ;
#3561 = CARTESIAN_POINT ( 'NONE',  ( 50.97962452272796696, 8.399973041681219499, 126.7698482279643599 ) ) ;
#3562 = CARTESIAN_POINT ( 'NONE',  ( 50.95373067593273930, 8.400593400142851053, 164.0568530720833564 ) ) ;
#3563 = CARTESIAN_POINT ( 'NONE',  ( 52.21454945889063026, 9.621850444457562546, 177.0348853724786977 ) ) ;
#3564 = AXIS2_PLACEMENT_3D ( 'NONE', #3638, #2194, #3662 ) ;
#3565 = CARTESIAN_POINT ( 'NONE',  ( 56.92222800158833707, 9.016411584927661593, 129.1940511415481296 ) ) ;
#3566 = CARTESIAN_POINT ( 'NONE',  ( 47.96114348693996021, 6.363352376660668774, 175.3086861015452200 ) ) ;
#3567 = CARTESIAN_POINT ( 'NONE',  ( 48.76622486241243593, 7.827399227884221489, 102.5502940762061996 ) ) ;
#3568 = CIRCLE ( 'NONE', #4095, 9.000000000000001776 ) ;
#3569 = CARTESIAN_POINT ( 'NONE',  ( 50.83782784292170476, 9.111882202612019199, 141.0232749757689703 ) ) ;
#3570 = CARTESIAN_POINT ( 'NONE',  ( 46.21746400961443868, 4.782463703571499636, 170.4996601971351993 ) ) ;
#3571 = VERTEX_POINT ( 'NONE', #4323 ) ;
#3572 = CARTESIAN_POINT ( 'NONE',  ( 63.85989481328446971, 4.637307061425409493, 147.6844801110486003 ) ) ;
#3573 = CARTESIAN_POINT ( 'NONE',  ( 58.08468766231408154, 8.746172792757036518, 167.1901706043785225 ) ) ;
#3574 = CARTESIAN_POINT ( 'NONE',  ( 52.51802033711722828, 9.704656796120442408, 153.5177271777082808 ) ) ;
#3575 = CARTESIAN_POINT ( 'NONE',  ( 46.46191414180142942, 5.208525610410087658, 131.5080174434536389 ) ) ;
#3576 = CARTESIAN_POINT ( 'NONE',  ( 51.31896712027682383, 8.543550549375055425, 105.3270636081271903 ) ) ;
#3577 = CARTESIAN_POINT ( 'NONE',  ( 47.22401348881124505, 5.463691046408513330, 123.9103617901233747 ) ) ;
#3578 = CARTESIAN_POINT ( 'NONE',  ( 54.31458684759901701, 9.980867579702211501, 93.01401687674405139 ) ) ;
#3579 = EDGE_CURVE ( 'NONE', #335, #1551, #949, .T. ) ;
#3580 = CARTESIAN_POINT ( 'NONE',  ( 51.46729491641657717, 9.373555404846040773, 129.0737335979333693 ) ) ;
#3581 = DIRECTION ( 'NONE',  ( 1.224646799147353207E-16, 1.000000000000000000, -0.000000000000000000 ) ) ;
#3582 = CARTESIAN_POINT ( 'NONE',  ( 46.37396910149318785, 5.060085822045940596, 157.1003638363741572 ) ) ;
#3583 = CARTESIAN_POINT ( 'NONE',  ( 62.02447327112319186, 7.122380878685303784, 117.3534427206258357 ) ) ;
#3584 = CARTESIAN_POINT ( 'NONE',  ( 54.22140846459009111, 9.974102969058703749, 127.9640583840729278 ) ) ;
#3585 = CARTESIAN_POINT ( 'NONE',  ( 46.14580582867375114, 4.648409528945129487, 110.9921530740546558 ) ) ;
#3586 = CARTESIAN_POINT ( 'NONE',  ( 62.51798235954206007, 6.598716221074533372, 114.3863039142421911 ) ) ;
#3587 = CARTESIAN_POINT ( 'NONE',  ( 51.43769919068928687, 8.577280284967864432, 126.8310255667707338 ) ) ;
#3588 = CARTESIAN_POINT ( 'NONE',  ( 53.06505158888717943, 9.815438573299934077, 164.4113762544337760 ) ) ;
#3589 = CARTESIAN_POINT ( 'NONE',  ( 59.90799249476172861, 8.717386969899790117, 127.6278067988780549 ) ) ;
#3590 = CARTESIAN_POINT ( 'NONE',  ( 61.90879296849656299, 7.234634370708551643, 151.5123125750165229 ) ) ;
#3591 = CARTESIAN_POINT ( 'NONE',  ( 46.38524619019177209, 5.114619695409838407, 172.0943301556917788 ) ) ;
#3592 = EDGE_CURVE ( 'NONE', #3975, #2581, #1466, .T. ) ;
#3593 = DIRECTION ( 'NONE',  ( 1.000000000000000000, 0.000000000000000000, -0.000000000000000000 ) ) ;
#3594 = CARTESIAN_POINT ( 'NONE',  ( 58.06273883976854222, 9.519434373920185877, 127.8696835993218883 ) ) ;
#3595 = CARTESIAN_POINT ( 'NONE',  ( 49.02937369375074184, 7.302174966322554361, 102.2138483221448979 ) ) ;
#3596 = CARTESIAN_POINT ( 'NONE',  ( 62.90854613541825557, 6.133572449306421426, 101.9672537424041252 ) ) ;
#3597 = CARTESIAN_POINT ( 'NONE',  ( 50.99612368823518693, 9.167950423603791421, 165.0605585371442885 ) ) ;
#3598 = EDGE_LOOP ( 'NONE', ( #1742, #804, #1927, #2649 ) ) ;
#3599 = STYLED_ITEM ( 'NONE', ( #490 ), #7 ) ;
#3600 = CARTESIAN_POINT ( 'NONE',  ( 60.70258280987734167, 8.219798796342226765, 127.4234270627621299 ) ) ;
#3601 = CARTESIAN_POINT ( 'NONE',  ( 63.74758970445918038, 4.846851481312117293, 145.0045082536979919 ) ) ;
#3602 = CARTESIAN_POINT ( 'NONE',  ( 54.90416333445902097, 10.00405934357567084, 166.1060819676065989 ) ) ;
#3603 = CARTESIAN_POINT ( 'NONE',  ( 46.93853970051158342, 5.943021735624189894, 149.5104816716898881 ) ) ;
#3604 = CARTESIAN_POINT ( 'NONE',  ( 54.80976516418908062, 10.00241161736576778, 153.4628902371190975 ) ) ;
#3605 = CARTESIAN_POINT ( 'NONE',  ( 49.38021110991950735, 8.276418821143119331, 128.6960231910661889 ) ) ;
#3606 = CARTESIAN_POINT ( 'NONE',  ( 60.02353302548064562, 8.665952819952231323, 128.5285997408686569 ) ) ;
#3607 = CARTESIAN_POINT ( 'NONE',  ( 62.69720926563428520, 6.400779514661438796, 101.4391768927109894 ) ) ;
#3608 = CARTESIAN_POINT ( 'NONE',  ( 55.78763762504431867, 9.985799776429249874, 115.9693782522133745 ) ) ;
#3609 = CARTESIAN_POINT ( 'NONE',  ( 48.10216372359300863, 6.507083401394659461, 155.8951443278639601 ) ) ;
#3610 = CARTESIAN_POINT ( 'NONE',  ( 48.01607300787497223, 7.162320828072661349, 154.6094540449100236 ) ) ;
#3611 = CARTESIAN_POINT ( 'NONE',  ( 47.13522587829099564, 5.333850940081832803, 108.6115643207467230 ) ) ;
#3612 = CARTESIAN_POINT ( 'NONE',  ( 61.95497566471055251, 7.196004805650145997, 114.1551304058290413 ) ) ;
#3613 = CARTESIAN_POINT ( 'NONE',  ( 46.93853970051158342, 5.943021735623952750, 162.1539504969689176 ) ) ;
#3614 = CARTESIAN_POINT ( 'NONE',  ( 53.06505158888863605, 9.815438573296772162, 177.0548450797128623 ) ) ;
#3615 = CARTESIAN_POINT ( 'NONE',  ( 59.40353527577835280, 8.982767000573479876, 152.3603086718315183 ) ) ;
#3616 = EDGE_CURVE ( 'NONE', #3493, #3651, #2797, .T. ) ;
#3617 = CARTESIAN_POINT ( 'NONE',  ( 46.79439936929664157, 5.719334244038869031, 150.0823376306660180 ) ) ;
#3618 = PLANE ( 'NONE',  #4031 ) ;
#3619 = CARTESIAN_POINT ( 'NONE',  ( 53.48293986000440015, 9.888528016976179558, 127.9486690267238629 ) ) ;
#3620 = CARTESIAN_POINT ( 'NONE',  ( 47.12589686711790193, 5.319791508086498588, 99.49805171718325880 ) ) ;
#3621 = CARTESIAN_POINT ( 'NONE',  ( 63.38105570105262387, 5.470257608448016562, 101.1236342343710248 ) ) ;
#3622 = EDGE_LOOP ( 'NONE', ( #1666, #2316, #366, #99, #4508 ) ) ;
#3623 = CARTESIAN_POINT ( 'NONE',  ( 63.41043546667225428, 5.411818570648350146, 143.7960171561807385 ) ) ;
#3624 = CARTESIAN_POINT ( 'NONE',  ( 59.52117972281783409, 8.186041185797522601, 167.3827430594681971 ) ) ;
#3625 = CARTESIAN_POINT ( 'NONE',  ( 46.88239209525999485, 5.857169171161591414, 150.2825077220967387 ) ) ;
#3626 = CARTESIAN_POINT ( 'NONE',  ( 60.86248629064851912, 8.106073365843590395, 164.6547252370366152 ) ) ;
#3627 = CARTESIAN_POINT ( 'NONE',  ( 59.29370975856893722, 9.049468146165207116, 104.4074296601602185 ) ) ;
#3628 = CARTESIAN_POINT ( 'NONE',  ( 54.32793912715418827, 9.176892457048355212, 114.9870899931461707 ) ) ;
#3629 = CARTESIAN_POINT ( 'NONE',  ( 47.53449182484400382, 5.877848357451727956, 119.4182606829908622 ) ) ;
#3630 = CARTESIAN_POINT ( 'NONE',  ( 63.00444313932301554, 5.115342520972758322, 97.98338357832999179 ) ) ;
#3631 = CARTESIAN_POINT ( 'NONE',  ( 55.70345532960205759, 9.175000524501767174, 154.4479592360914921 ) ) ;
#3632 = CARTESIAN_POINT ( 'NONE',  ( 61.45943834815972906, 6.912498802145335297, 163.1985449004750706 ) ) ;
#3633 = DIRECTION ( 'NONE',  ( 0.9487581048920092908, -0.3052490498131644747, -0.08173784918802189103 ) ) ;
#3634 = CARTESIAN_POINT ( 'NONE',  ( 46.21746400961409051, 4.782463703570853930, 157.8561913718598930 ) ) ;
#3635 = CARTESIAN_POINT ( 'NONE',  ( 51.78496694166037884, 8.704325706903595972, 93.28220160625714641 ) ) ;
#3636 = CARTESIAN_POINT ( 'NONE',  ( 62.15695394351463676, 6.237117613918531589, 125.2309085784144003 ) ) ;
#3637 = CARTESIAN_POINT ( 'NONE',  ( 49.79775572636450676, 8.545286007612542534, 153.8691963314677764 ) ) ;
#3638 = CARTESIAN_POINT ( 'NONE',  ( -75.00000000000001421, 10.11945941895709566, 146.7144896084263337 ) ) ;
#3639 = CARTESIAN_POINT ( 'NONE',  ( 49.02032796540737536, 8.020156909402693657, 177.2564972222860149 ) ) ;
#3640 = CARTESIAN_POINT ( 'NONE',  ( 59.90930408789585471, 7.976047613525643065, 93.56030843395427610 ) ) ;
#3641 = CARTESIAN_POINT ( 'NONE',  ( 55.78763762504429735, 9.985799776429246322, 177.8940756921121817 ) ) ;
#3642 = AXIS2_PLACEMENT_3D ( 'NONE', #1036, #4720, #2861 ) ;
#3643 = CARTESIAN_POINT ( 'NONE',  ( 59.90930408789584760, 7.976047613525644842, 142.1952137053258980 ) ) ;
#3644 = EDGE_CURVE ( 'NONE', #4485, #256, #3718, .T. ) ;
#3645 = CARTESIAN_POINT ( 'NONE',  ( -72.00000000000001421, 9.001153973733047589E-15, 50.00000000000000000 ) ) ;
#3646 = CARTESIAN_POINT ( 'NONE',  ( 46.50137470937609407, 5.272851775604705082, 174.6834017176910265 ) ) ;
#3647 = AXIS2_PLACEMENT_3D ( 'NONE', #1172, #2624, #2271 ) ;
#3648 = CARTESIAN_POINT ( 'NONE',  ( 63.31283991883239537, 5.561157044022048801, 94.93077620781653536 ) ) ;
#3649 = CARTESIAN_POINT ( 'NONE',  ( 48.81413782898266618, 7.865219242365727226, 167.5110202945367348 ) ) ;
#3650 = CARTESIAN_POINT ( 'NONE',  ( 47.17548855091947502, 6.231598964148755471, 163.3211308886230881 ) ) ;
#3651 = VERTEX_POINT ( 'NONE', #3364 ) ;
#3652 = CARTESIAN_POINT ( 'NONE',  ( 59.69381523861508043, 8.089515256466986770, 126.6451671754111032 ) ) ;
#3653 = CARTESIAN_POINT ( 'NONE',  ( 62.97390533155661529, 5.164556866772229249, 147.5228150272005507 ) ) ;
#3654 = CARTESIAN_POINT ( 'NONE',  ( 61.63371456311664787, 7.487680896838543987, 167.0402360480391906 ) ) ;
#3655 = LINE ( 'NONE', #4333, #3025 ) ;
#3656 = CARTESIAN_POINT ( 'NONE',  ( 54.02179853933927234, 9.956378943639320411, 129.0068759173173589 ) ) ;
#3657 = CARTESIAN_POINT ( 'NONE',  ( 47.03625108604141758, 5.180884462592602269, 121.2610303845036128 ) ) ;
#3658 = CARTESIAN_POINT ( 'NONE',  ( 63.07831368495440927, 5.897313240180563021, 101.6726043770020169 ) ) ;
#3659 = CARTESIAN_POINT ( 'NONE',  ( 60.77300269570553581, 8.172211449451530996, 163.9946227603000466 ) ) ;
#3660 = CARTESIAN_POINT ( 'NONE',  ( 46.38524619019177209, 5.114619695409490241, 159.4508613304053029 ) ) ;
#3661 = CARTESIAN_POINT ( 'NONE',  ( 49.09505511654214871, 7.350439145486634018, 102.2457321357328226 ) ) ;
#3662 = DIRECTION ( 'NONE',  ( 0.000000000000000000, 0.000000000000000000, -1.000000000000000000 ) ) ;
#3663 = CARTESIAN_POINT ( 'NONE',  ( 47.69415288319112989, 6.079453448953565875, 174.9747756878505527 ) ) ;
#3664 = CARTESIAN_POINT ( 'NONE',  ( 58.58941537323909898, 8.576939620827307209, 93.32108211649968155 ) ) ;
#3665 = CARTESIAN_POINT ( 'NONE',  ( 62.29741611293097492, 6.085701237993685453, 143.7241374235247520 ) ) ;
#3666 = CARTESIAN_POINT ( 'NONE',  ( 52.26580499391000245, 8.832096614886298269, 105.2453017682195764 ) ) ;
#3667 = CARTESIAN_POINT ( 'NONE',  ( 46.10713990509116655, 4.573616144772624459, 172.2151486766016433 ) ) ;
#3668 = CARTESIAN_POINT ( 'NONE',  ( 53.08248765452832174, 9.831420915287738538, 92.21535425543426356 ) ) ;
#3669 = CARTESIAN_POINT ( 'NONE',  ( 47.49138821177096759, 6.609344732278694678, 167.6826677373234133 ) ) ;
#3670 = VERTEX_POINT ( 'NONE', #2665 ) ;
#3671 = CARTESIAN_POINT ( 'NONE',  ( 60.17305398007282236, 7.827698975263116310, 167.5555953325039980 ) ) ;
#3672 = CARTESIAN_POINT ( 'NONE',  ( 54.30334357172518622, 9.980233355848405097, 140.8232433090799418 ) ) ;
#3673 = CARTESIAN_POINT ( 'NONE',  ( 54.30334357172422699, 9.980233355848366017, 128.1797744838008555 ) ) ;
#3674 = CARTESIAN_POINT ( 'NONE',  ( 46.53894416134544088, 5.361538783806004460, 120.5158026774036841 ) ) ;
#3675 = CARTESIAN_POINT ( 'NONE',  ( 63.04739838192152490, 5.958159739866946580, 95.29124868693752148 ) ) ;
#3676 = CARTESIAN_POINT ( 'NONE',  ( 54.96119301142182678, 9.189341984288422083, 154.4452295343362493 ) ) ;
#3677 = CARTESIAN_POINT ( 'NONE',  ( 59.18677435814064580, 9.100308133752276873, 165.0456148396555704 ) ) ;
#3678 = CARTESIAN_POINT ( 'NONE',  ( 46.48699226567445209, 5.279477427230541586, 160.6377669803685251 ) ) ;
#3679 = CARTESIAN_POINT ( 'NONE',  ( 60.75662975139343303, 8.196266797826996964, 128.7265567517002580 ) ) ;
#3680 = CARTESIAN_POINT ( 'NONE',  ( 49.18834902014034327, 8.144811136384046080, 138.6956612889529197 ) ) ;
#3681 = CARTESIAN_POINT ( 'NONE',  ( 54.05976864150436967, 9.959940903609208362, 103.9673568734243219 ) ) ;
#3682 = CARTESIAN_POINT ( 'NONE',  ( 46.42472887616436594, 5.179585050342832453, 172.8121817522012122 ) ) ;
#3683 = CARTESIAN_POINT ( 'NONE',  ( 62.97778315077307099, 5.161202783021791696, 145.9028672016024188 ) ) ;
#3684 = CARTESIAN_POINT ( 'NONE',  ( 46.97623356993022981, 5.971584307402373781, 118.3928720262892682 ) ) ;
#3685 = CARTESIAN_POINT ( 'NONE',  ( 47.98355310021062081, 7.145972725545920667, 176.7501640768663833 ) ) ;
#3686 = VERTEX_POINT ( 'NONE', #4121 ) ;
#3687 = CARTESIAN_POINT ( 'NONE',  ( 60.75662975139345434, 8.196266797826979200, 92.73512030560775088 ) ) ;
#3688 = CARTESIAN_POINT ( 'NONE',  ( 47.53449182484400382, 5.877848357450971228, 169.3458126408600322 ) ) ;
#3689 = CARTESIAN_POINT ( 'NONE',  ( 50.54836920980671522, 8.208647717286565282, 129.4492000865578234 ) ) ;
#3690 = CARTESIAN_POINT ( 'NONE',  ( 57.75646495579167805, 8.826152350266328384, 164.1877986822099729 ) ) ;
#3691 = VERTEX_POINT ( 'NONE', #842 ) ;
#3692 = CARTESIAN_POINT ( 'NONE',  ( 63.57137326607960404, 5.153131602647952114, 169.5480146444770071 ) ) ;
#3693 = CARTESIAN_POINT ( 'NONE',  ( 0.000000000000000000, 0.000000000000000000, 80.00000000000000000 ) ) ;
#3694 = CARTESIAN_POINT ( 'NONE',  ( 52.58421687379808418, 9.721765353541155008, 129.0244235460985749 ) ) ;
#3695 = CARTESIAN_POINT ( 'NONE',  ( 46.87898986646249000, 5.857787255715344088, 119.4420383710494633 ) ) ;
#3696 = CARTESIAN_POINT ( 'NONE',  ( 63.29618881369087546, 5.612132729245733920, 100.3006903660368465 ) ) ;
#3697 = CARTESIAN_POINT ( 'NONE',  ( 62.29741611293095360, 6.085701237993695223, 156.3676062488038667 ) ) ;
#3698 = CARTESIAN_POINT ( 'NONE',  ( 62.69720926563810792, 6.400779514662506386, 162.7175509893560275 ) ) ;
#3699 = B_SPLINE_CURVE_WITH_KNOTS ( 'NONE', 3,
 ( #3973, #4396, #3668, #2578, #4714, #2488, #763, #2926, #1795, #4041, #12, #1770, #2223, #3687, #2537, #383, #666, #2128, #1446, #1508, #2880, #1822, #3648, #1487, #405, #4022, #2943, #1469, #1861, #3288, #4691, #4329, #1065, #3945, #1842, #3996, #3621, #3596, #2904, #311, #2202, #3323, #1423, #3238, #1131, #2513, #4376, #693, #1109, #2558, #35, #363 ),
 .UNSPECIFIED., .F., .F.,
 ( 4, 2, 2, 2, 2, 2, 2, 2, 2, 2, 2, 2, 2, 2, 2, 2, 2, 2, 2, 2, 2, 2, 2, 2, 2, 4 ),
 ( 0.05223588426280205421, 0.05396372264429215304, 0.05482764183503720246, 0.05569156102578225187, 0.05741939940727235070, 0.05914723778876244953, 0.06087507617025254836, 0.06260291455174264719, 0.06346683374248771048, 0.06433075293323275989, 0.06519467212397782319, 0.06605859131472287260, 0.06692251050546793589, 0.06778642969621298531, 0.06865034888695803472, 0.06951426807770309801, 0.07037818726844814743, 0.07124210645919321072, 0.07296994484068332343, 0.07469778322217343614, 0.07556170241291851331, 0.07642562160366356272, 0.07728954079440863989, 0.07815345998515370318, 0.07901737917589878035, 0.07988129836664384364 ),
 .UNSPECIFIED. ) ;
#3700 = CARTESIAN_POINT ( 'NONE',  ( 47.00027721053684360, 5.123089033000377768, 98.39254574928773422 ) ) ;
#3701 = CARTESIAN_POINT ( 'NONE',  ( 62.42870366399540671, 6.708147977602395784, 125.7484395129759207 ) ) ;
#3702 = CARTESIAN_POINT ( 'NONE',  ( 51.66770777369457335, 9.446314554127420493, 139.0825327681536407 ) ) ;
#3703 = CARTESIAN_POINT ( 'NONE',  ( -75.00000000000001421, 10.11945941895709566, 122.0738753011164164 ) ) ;
#3704 = CARTESIAN_POINT ( 'NONE',  ( 46.67041506486921065, 5.541853993700727621, 162.5106553147143131 ) ) ;
#3705 = CARTESIAN_POINT ( 'NONE',  ( 63.01094754870389636, 5.104797726938683056, 97.75802336472678178 ) ) ;
#3706 = CARTESIAN_POINT ( 'NONE',  ( 59.39943757162746607, 8.998589038411457963, 105.1570926356324520 ) ) ;
#3707 = CARTESIAN_POINT ( 'NONE',  ( 46.38656434264655815, 5.081693682480135976, 169.6947446647994298 ) ) ;
#3708 = ORIENTED_EDGE ( 'NONE', *, *, #864, .T. ) ;
#3709 = CARTESIAN_POINT ( 'NONE',  ( 54.32793912715421669, 9.176892457048360541, 138.9813809572078185 ) ) ;
#3710 = CARTESIAN_POINT ( 'NONE',  ( 50.05374356649020484, 8.696094863720256640, 166.4552424242733082 ) ) ;
#3711 = CARTESIAN_POINT ( 'NONE',  ( 50.05374356649112855, 8.696094863720745138, 128.5248359484360492 ) ) ;
#3712 = ORIENTED_EDGE ( 'NONE', *, *, #4096, .F. ) ;
#3713 = CARTESIAN_POINT ( 'NONE',  ( 61.36510415312920230, 6.992576442466587494, 113.9829053685740803 ) ) ;
#3714 = CARTESIAN_POINT ( 'NONE',  ( 62.71423594058219919, 5.551425272117697318, 169.9569167467590773 ) ) ;
#3715 = CARTESIAN_POINT ( 'NONE',  ( 58.33936835076807625, 9.430432872960681223, 165.1323176491353308 ) ) ;
#3716 = DIRECTION ( 'NONE',  ( -0.9496297344050194100, -0.3028089466163528254, 0.08068524885595299012 ) ) ;
#3717 = CARTESIAN_POINT ( 'NONE',  ( 63.31495095032299503, 5.558591905874743055, 130.9273582900873407 ) ) ;
#3718 = CIRCLE ( 'NONE', #655, 11.00000000000000178 ) ;
#3719 = FACE_OUTER_BOUND ( 'NONE', #1507, .T. ) ;
#3720 = CARTESIAN_POINT ( 'NONE',  ( 62.17715372129914897, 6.967896309898668150, 102.6882880980681705 ) ) ;
#3721 =( LENGTH_UNIT ( ) NAMED_UNIT ( * ) SI_UNIT ( .MILLI., .METRE. ) );
#3722 = CARTESIAN_POINT ( 'NONE',  ( 57.75646495579153594, 8.826152350266365687, 102.9094245855593073 ) ) ;
#3723 = TOROIDAL_SURFACE ( 'NONE', #2955, 9.000000000000001776, 1.000000000000000000 ) ;
#3724 = CARTESIAN_POINT ( 'NONE',  ( 59.08731236766836759, 9.144646386993779075, 127.0300772173315096 ) ) ;
#3725 = ADVANCED_FACE ( 'NONE', ( #3319 ), #2309, .T. ) ;
#3726 = CARTESIAN_POINT ( 'NONE',  ( 53.02987159325080313, 9.808558530260761188, 139.9306502402904755 ) ) ;
#3727 = CARTESIAN_POINT ( 'NONE',  ( 46.14812295651539387, 4.652930455139867583, 97.13299758130521866 ) ) ;
#3728 = CARTESIAN_POINT ( 'NONE',  ( 62.56214639762698937, 5.765419674384438586, 100.5783572908677428 ) ) ;
#3729 = CARTESIAN_POINT ( 'NONE',  ( 53.30596085339885093, 9.066099362887227286, 105.1885905241036880 ) ) ;
#3730 = CARTESIAN_POINT ( 'NONE',  ( 57.75646495579153594, 8.826152350266365687, 151.5443298569308865 ) ) ;
#3731 = ORIENTED_EDGE ( 'NONE', *, *, #1928, .T. ) ;
#3732 = EDGE_CURVE ( 'NONE', #4485, #312, #33, .T. ) ;
#3733 = CARTESIAN_POINT ( 'NONE',  ( 47.71437749129190564, 6.093107366733891972, 137.0433583003957096 ) ) ;
#3734 = CARTESIAN_POINT ( 'NONE',  ( 49.07412391582341371, 8.060015753290066698, 166.7267716539910225 ) ) ;
#3735 = FACE_OUTER_BOUND ( 'NONE', #4463, .T. ) ;
#3736 = CARTESIAN_POINT ( 'NONE',  ( 60.54660515899875151, 8.327382635184147119, 176.7021110528093573 ) ) ;
#3737 = CARTESIAN_POINT ( 'NONE',  ( 53.15206198002616134, 9.845117366678998394, 141.6583409132719567 ) ) ;
#3738 = CARTESIAN_POINT ( 'NONE',  ( 0.000000000000000000, 0.000000000000000000, -50.00000000000000000 ) ) ;
#3739 = CARTESIAN_POINT ( 'NONE',  ( 63.00444313932301554, 5.115342520972878226, 133.9748200244206089 ) ) ;
#3740 = CARTESIAN_POINT ( 'NONE',  ( 48.61126769493011324, 7.701594912647053981, 117.6709568577821585 ) ) ;
#3741 = CARTESIAN_POINT ( 'NONE',  ( 51.25404505870034200, 8.520488222445226967, 141.9718107498718780 ) ) ;
#3742 = CARTESIAN_POINT ( 'NONE',  ( 48.01607300787629384, 7.162320828073889700, 93.33107994826124809 ) ) ;
#3743 = CARTESIAN_POINT ( 'NONE',  ( 56.78831919319966914, 9.048678585008568476, 102.9639613297028404 ) ) ;
#3744 = CARTESIAN_POINT ( 'NONE',  ( 58.08468766231406022, 8.746172792757045400, 154.5467017790994362 ) ) ;
#3745 = CARTESIAN_POINT ( 'NONE',  ( 47.97274515791106353, 7.119702119973038812, 138.7896191586139309 ) ) ;
#3746 = CARTESIAN_POINT ( 'NONE',  ( 57.75646495579157147, 8.826152350266356805, 126.9037155496209550 ) ) ;
#3747 = DIRECTION ( 'NONE',  ( 0.3037994451211140090, -0.9527360060080144466, 0.000000000000000000 ) ) ;
#3748 = CARTESIAN_POINT ( 'NONE',  ( 52.58421687380023002, 9.721765353527937137, 105.0301325820486511 ) ) ;
#3749 = CARTESIAN_POINT ( 'NONE',  ( 48.90870446191336640, 7.211419073120931778, 150.7856694488268943 ) ) ;
#3750 = CARTESIAN_POINT ( 'NONE',  ( 51.66960127879904263, 8.657291659821314767, 164.1399688063209794 ) ) ;
#3751 = CARTESIAN_POINT ( 'NONE',  ( 50.09101680733834883, 7.986924266592892785, 138.5991678968903784 ) ) ;
#3752 = CARTESIAN_POINT ( 'NONE',  ( 0.000000000000000000, 0.000000000000000000, 77.00000000000000000 ) ) ;
#3753 = EDGE_LOOP ( 'NONE', ( #975, #408, #1931, #1063, #3486 ) ) ;
#3754 = CARTESIAN_POINT ( 'NONE',  ( 61.38471774412358428, 7.701646707580589890, 151.8007287750365890 ) ) ;
#3755 = CARTESIAN_POINT ( 'NONE',  ( 60.93923694828922066, 8.050183050874663238, 177.2712905217380808 ) ) ;
#3756 = CARTESIAN_POINT ( 'NONE',  ( 52.26580499390998824, 8.832096614886298269, 141.8830615575603247 ) ) ;
#3757 = CARTESIAN_POINT ( 'NONE',  ( 49.26555720392489235, 7.470945681971111085, 155.1143596479804501 ) ) ;
#3758 = CARTESIAN_POINT ( 'NONE',  ( 62.69944752825821865, 6.384946949215935419, 129.9559847044259300 ) ) ;
#3759 = CARTESIAN_POINT ( 'NONE',  ( 48.62839689361904760, 7.712492149951074794, 116.9815567596287451 ) ) ;
#3760 = CARTESIAN_POINT ( 'NONE',  ( 48.61126769493111510, 7.701594912648047853, 142.3115711650901574 ) ) ;
#3761 = CARTESIAN_POINT ( 'NONE',  ( 47.01285467194329470, 5.143239718313791009, 98.61609502104850833 ) ) ;
#3762 = CARTESIAN_POINT ( 'NONE',  ( 62.36007694962883363, 6.774563648195782051, 167.5441540476515740 ) ) ;
#3763 = CARTESIAN_POINT ( 'NONE',  ( 49.02937369375073473, 7.302174966322397154, 150.8487535935163919 ) ) ;
#3764 = CARTESIAN_POINT ( 'NONE',  ( 59.51034310500635627, 8.944539985706505547, 153.7217533891857784 ) ) ;
#3765 = CARTESIAN_POINT ( 'NONE',  ( 58.06273883976928118, 9.519434373919951398, 139.8668290813526482 ) ) ;
#3766 = CARTESIAN_POINT ( 'NONE',  ( 46.13512906107678191, 4.627633147039778905, 98.87142310505088005 ) ) ;
#3767 = CARTESIAN_POINT ( 'NONE',  ( 52.26580499390998824, 8.574624054072137014, 166.2037135979452955 ) ) ;
#3768 = CARTESIAN_POINT ( 'NONE',  ( 54.91374700102200279, 9.189621077341664446, 105.1639420763572303 ) ) ;
#3769 = CARTESIAN_POINT ( 'NONE',  ( 54.29926761813658942, 9.167153796515249198, 164.2664443362704390 ) ) ;
#3770 = DIRECTION ( 'NONE',  ( 0.3062738839768529564, 0.9519434373920192538, 0.000000000000000000 ) ) ;
#3771 = SURFACE_STYLE_USAGE ( .BOTH. , #2311 ) ;
#3772 = FACE_BOUND ( 'NONE', #4460, .T. ) ;
#3773 = DIRECTION ( 'NONE',  ( -0.000000000000000000, -0.000000000000000000, -1.000000000000000000 ) ) ;
#3774 = ORIENTED_EDGE ( 'NONE', *, *, #2288, .F. ) ;
#3775 = CARTESIAN_POINT ( 'NONE',  ( 62.95217104723760571, 6.067388059085463858, 175.7898671908045003 ) ) ;
#3776 = CARTESIAN_POINT ( 'NONE',  ( 62.20731469085006893, 6.936701978955707837, 129.4857878425536910 ) ) ;
#3777 = CARTESIAN_POINT ( 'NONE',  ( 49.93256834886663853, 8.626841858589125778, 117.2642074199240341 ) ) ;
#3778 = CARTESIAN_POINT ( 'NONE',  ( 46.60924434472922684, 5.442388556332681482, 143.7469743657667891 ) ) ;
#3779 = CARTESIAN_POINT ( 'NONE',  ( 48.05333913996454953, 7.203965809687806754, 93.99545391875875566 ) ) ;
#3780 = CARTESIAN_POINT ( 'NONE',  ( 61.48658322063943871, 6.889103053745907701, 142.8934621585471234 ) ) ;
#3781 = CARTESIAN_POINT ( 'NONE',  ( 62.96129326636309997, 6.054778097764092593, 168.2261023874445129 ) ) ;
#3782 = AXIS2_PLACEMENT_3D ( 'NONE', #3155, #973, #2021 ) ;
#3783 = CARTESIAN_POINT ( 'NONE',  ( 51.93394707472236149, 8.751944306415783359, 151.5273903585128039 ) ) ;
#3784 = ADVANCED_FACE ( 'NONE', ( #2642 ), #425, .T. ) ;
#3785 = CARTESIAN_POINT ( 'NONE',  ( 46.92594337315503594, 5.903099134265657355, 130.4712098851588280 ) ) ;
#3786 = CARTESIAN_POINT ( 'NONE',  ( 47.56380284655801205, 6.690788063413687148, 93.69140240192648150 ) ) ;
#3787 = CARTESIAN_POINT ( 'NONE',  ( 54.37300921454470171, 9.171751586878407636, 117.1645033849079311 ) ) ;
#3788 = CARTESIAN_POINT ( 'NONE',  ( 55.20263286552727777, 10.00227628322211260, 105.0099004790306623 ) ) ;
#3789 = CARTESIAN_POINT ( 'NONE',  ( 58.06273883976928118, 9.519434373919951398, 165.1537667319108209 ) ) ;
#3790 = CARTESIAN_POINT ( 'NONE',  ( 57.27788649899659390, 8.954465368484951782, 164.2221576102343192 ) ) ;
#3791 = CARTESIAN_POINT ( 'NONE',  ( 57.75646495579157147, 8.826152350266356805, 126.9037155496209550 ) ) ;
#3792 = CARTESIAN_POINT ( 'NONE',  ( 47.08072785081022005, 5.250374855292974985, 132.9078060844765901 ) ) ;
#3793 = DIRECTION ( 'NONE',  ( -1.000000000000000000, 0.000000000000000000, 0.000000000000000000 ) ) ;
#3794 = CARTESIAN_POINT ( 'NONE',  ( 46.23965276011530534, 4.823176879528286776, 160.9979681559021287 ) ) ;
#3795 = ORIENTED_EDGE ( 'NONE', *, *, #1039, .F. ) ;
#3796 = CARTESIAN_POINT ( 'NONE',  ( 63.31283991883238116, 5.561157044022054130, 143.5656814791881288 ) ) ;
#3797 = CARTESIAN_POINT ( 'NONE',  ( 62.69720926563811503, 6.400779514662734648, 175.3610198146388086 ) ) ;
#3798 = CARTESIAN_POINT ( 'NONE',  ( 62.87283073483806817, 5.321715180618387109, 132.6460363206725503 ) ) ;
#3799 = CARTESIAN_POINT ( 'NONE',  ( 48.71446570628328487, 7.058317190973944832, 118.1167883095767479 ) ) ;
#3800 = CARTESIAN_POINT ( 'NONE',  ( 49.30801555997293661, 8.227184911557678504, 141.3615543510571513 ) ) ;
#3801 =( BOUNDED_SURFACE ( )  B_SPLINE_SURFACE ( 3, 2, ( 
 ( #671, #4650, #3216 ),
 ( #4695, #3546, #1723 ),
 ( #1696, #2443, #1069 ),
 ( #596, #2059, #1379 ),
 ( #1426, #4253, #1748 ),
 ( #983, #3166, #3602 ),
 ( #1774, #2884, #1403 ),
 ( #624, #3847, #2084 ),
 ( #259, #4228, #2859 ),
 ( #3924, #646, #2111 ),
 ( #3573, #4301, #286 ),
 ( #568, #2032, #437 ),
 ( #3624, #3270, #4355 ),
 ( #3671, #342, #4066 ),
 ( #2908, #1867, #4444 ),
 ( #1532, #388, #4026 ),
 ( #2155, #4738, #3654 ),
 ( #2929, #1092, #4379 ),
 ( #1894, #3330, #1799 ),
 ( #4424, #3292, #790 ),
 ( #4001, #1113, #3351 ),
 ( #41, #2516, #368 ),
 ( #1847, #745, #1158 ),
 ( #1827, #3311, #16 ),
 ( #2250, #1513, #2607 ),
 ( #3714, #2994, #3692 ),
 ( #4719, #1472, #1451 ),
 ( #61, #2206, #4045 ),
 ( #2970, #2948, #3978 ),
 ( #410, #2540, #1491 ),
 ( #2563, #722, #4402 ),
 ( #697, #2184, #1136 ),
 ( #2582, #767, #2228 ),
 ( #3436, #495, #1998 ),
 ( #1200, #144, #1266 ),
 ( #2651, #513, #2721 ),
 ( #2317, #3413, #121 ),
 ( #2693, #1594, #4146 ),
 ( #2275, #3797, #3775 ),
 ( #1176, #1243, #3821 ),
 ( #2628, #1955, #1978 ),
 ( #4108, #831, #3059 ),
 ( #535, #3391, #1614 ),
 ( #101, #4465, #4173 ),
 ( #895, #2359, #3080 ),
 ( #2296, #3107, #3755 ),
 ( #4127, #3736, #4536 ),
 ( #851, #4512, #870 ),
 ( #3462, #2338, #170 ),
 ( #1933, #473, #1574 ),
 ( #455, #1639, #4086 ),
 ( #811, #3040, #1911 ) ),
 .UNSPECIFIED., .F., .F., .F. ) 
 B_SPLINE_SURFACE_WITH_KNOTS ( ( 4, 2, 2, 2, 2, 2, 2, 2, 2, 2, 2, 2, 2, 2, 2, 2, 2, 2, 2, 2, 2, 2, 2, 2, 2, 4 ),
 ( 3, 3 ),
 ( 0.000000000000000000, 0.001610545619918660578, 0.002415818429877990975, 0.003221091239837321155, 0.004831636859755981950, 0.006442182479674642311, 0.008052728099593302671, 0.008858000909552632418, 0.009663273719511963900, 0.01046854652947129365, 0.01127381933943062339, 0.01207909214938995487, 0.01288436495934928462, 0.01368963776930861437, 0.01449491057926794585, 0.01530018338922727560, 0.01610545619918660534, 0.01771600181910526484, 0.01932654743902392780, 0.02013182024898325928, 0.02093709305894258729, 0.02174236586890191530, 0.02254763867886124679, 0.02335291148882057827, 0.02415818429877990975, 0.02576872991869856924 ),
 ( 0.000000000000000000, 1.000000000000000000 ),
 .UNSPECIFIED. ) 
 GEOMETRIC_REPRESENTATION_ITEM ( )  RATIONAL_B_SPLINE_SURFACE ( (
 ( 1.000000000000000000, 0.7890828154404134764, 1.000000000000000000),
 ( 1.000000000000000000, 0.7822893168589473145, 1.000000000000000000),
 ( 1.000000000000000000, 0.7769804849967767435, 1.000000000000000000),
 ( 1.000000000000000000, 0.7721725132137343683, 1.000000000000000000),
 ( 1.000000000000000000, 0.7710932332192675931, 1.000000000000000000),
 ( 1.000000000000000000, 0.7700798014909181477, 1.000000000000000000),
 ( 1.000000000000000000, 0.7701535816300835169, 1.000000000000000000),
 ( 1.000000000000000000, 0.7720750407665277759, 1.000000000000000000),
 ( 1.000000000000000000, 0.7756304940360094768, 1.000000000000000000),
 ( 1.000000000000000000, 0.7863359135344007989, 1.000000000000000000),
 ( 1.000000000000000000, 0.7935593951761303888, 1.000000000000000000),
 ( 1.000000000000000000, 0.8091467546437449698, 1.000000000000000000),
 ( 1.000000000000000000, 0.8175403830185665743, 1.000000000000000000),
 ( 1.000000000000000000, 0.8293725801647059415, 1.000000000000000000),
 ( 1.000000000000000000, 0.8332126441996045019, 1.000000000000000000),
 ( 1.000000000000000000, 0.8401795453595656271, 1.000000000000000000),
 ( 1.000000000000000000, 0.8433236350761563749, 1.000000000000000000),
 ( 1.000000000000000000, 0.8487740273820545411, 1.000000000000000000),
 ( 1.000000000000000000, 0.8510826173129065753, 1.000000000000000000),
 ( 1.000000000000000000, 0.8547664239496889360, 1.000000000000000000),
 ( 1.000000000000000000, 0.8560988187924627457, 1.000000000000000000),
 ( 1.000000000000000000, 0.8578894373196737089, 1.000000000000000000),
 ( 1.000000000000000000, 0.8583480911741540043, 1.000000000000000000),
 ( 1.000000000000000000, 0.8586026888363859078, 1.000000000000000000),
 ( 1.000000000000000000, 0.8583936092665743756, 1.000000000000000000),
 ( 1.000000000000000000, 0.8576260442148478935, 1.000000000000000000),
 ( 1.000000000000000000, 0.8570717847901613284, 1.000000000000000000),
 ( 1.000000000000000000, 0.8559261330733766160, 1.000000000000000000),
 ( 1.000000000000000000, 0.8553319295049490734, 1.000000000000000000),
 ( 1.000000000000000000, 0.8543856825545130818, 1.000000000000000000),
 ( 1.000000000000000000, 0.8540309185583100371, 1.000000000000000000),
 ( 1.000000000000000000, 0.8536834302495294180, 1.000000000000000000),
 ( 1.000000000000000000, 0.8536930101918025482, 1.000000000000000000),
 ( 1.000000000000000000, 0.8542763716415046060, 1.000000000000000000),
 ( 1.000000000000000000, 0.8554358083886690611, 1.000000000000000000),
 ( 1.000000000000000000, 0.8577422966127594695, 1.000000000000000000),
 ( 1.000000000000000000, 0.8587773206767891354, 1.000000000000000000),
 ( 1.000000000000000000, 0.8582917136920846790, 1.000000000000000000),
 ( 1.000000000000000000, 0.8577805857902215392, 1.000000000000000000),
 ( 1.000000000000000000, 0.8558786611418308654, 1.000000000000000000),
 ( 1.000000000000000000, 0.8544870962718592589, 1.000000000000000000),
 ( 1.000000000000000000, 0.8507154623478733191, 1.000000000000000000),
 ( 1.000000000000000000, 0.8483264996656618706, 1.000000000000000000),
 ( 1.000000000000000000, 0.8427503636051021374, 1.000000000000000000),
 ( 1.000000000000000000, 0.8395509614151350775, 1.000000000000000000),
 ( 1.000000000000000000, 0.8325033572913389524, 1.000000000000000000),
 ( 1.000000000000000000, 0.8286329716653794142, 1.000000000000000000),
 ( 1.000000000000000000, 0.8206742539354890953, 1.000000000000000000),
 ( 1.000000000000000000, 0.8165730635140108218, 1.000000000000000000),
 ( 1.000000000000000000, 0.8043259065643774131, 1.000000000000000000),
 ( 1.000000000000000000, 0.7962203873499893447, 1.000000000000000000),
 ( 1.000000000000000000, 0.7893766639933602614, 1.000000000000000000) ) ) 
 REPRESENTATION_ITEM ( '' )  SURFACE ( )  );
#3802 = CARTESIAN_POINT ( 'NONE',  ( 46.87898986646344213, 5.857787255716184305, 95.44774740698770188 ) ) ;
#3803 = CARTESIAN_POINT ( 'NONE',  ( 61.92950277434228923, 6.475286781760595467, 143.2852928767958929 ) ) ;
#3804 = CARTESIAN_POINT ( 'NONE',  ( 53.08248765452830042, 9.831420915287738538, 166.1371971773640155 ) ) ;
#3805 = CARTESIAN_POINT ( 'NONE',  ( 46.13512906107680323, 4.627633147039781569, 134.8628595511434298 ) ) ;
#3806 = B_SPLINE_CURVE_WITH_KNOTS ( 'NONE', 3,
 ( #4125, #470, #2292, #1952, #2689, #848, #119, #96, #509, #1929, #1589, #1153, #4141, #865, #2334, #3010, #3792, #2245, #4461, #2601, #1974, #431, #2312, #1170, #3409, #3388, #806, #2622, #3733, #1196, #1239, #3430, #452, #3056, #139, #2647, #3751, #1571, #1908, #4103, #3075, #4509, #1610, #4061, #3709, #827, #1889, #57, #3037, #4487 ),
 .UNSPECIFIED., .F., .F.,
 ( 4, 2, 2, 2, 2, 2, 2, 2, 2, 2, 2, 2, 2, 2, 2, 2, 2, 2, 2, 2, 2, 2, 2, 2, 4 ),
 ( 0.002779998200560685785, 0.004275270878121489870, 0.005770543555682293088, 0.007265816233243095439, 0.008013452572023523068, 0.008761088910803951565, 0.009508725249584380063, 0.01025636158836480856, 0.01100399792714523706, 0.01175163426592566382, 0.01249927060470609405, 0.01324690694348652081, 0.01399454328226695105, 0.01474217962104737781, 0.01548981595982780457, 0.01623745229860823480, 0.01698508863738866156, 0.01773272497616909180, 0.01922799765372992103, 0.01997563399251033392, 0.02072327033129075027, 0.02221854300885158645, 0.02371381568641242263, 0.02520908836397325534, 0.02670436104153409498 ),
 .UNSPECIFIED. ) ;
#3807 = EDGE_CURVE ( 'NONE', #2621, #312, #1362, .T. ) ;
#3808 = CARTESIAN_POINT ( 'NONE',  ( 48.76622486241245014, 7.827399227883993227, 151.1851993475740983 ) ) ;
#3809 = CARTESIAN_POINT ( 'NONE',  ( -11.00000000000000178, 1.347111479062088602E-15, 50.00000000000000000 ) ) ;
#3810 = CARTESIAN_POINT ( 'NONE',  ( 55.18546407742327631, 9.188333276749954592, 154.4454095316141320 ) ) ;
#3811 = CARTESIAN_POINT ( 'NONE',  ( 46.40446237705936028, 5.146230865020744893, 134.6412139541882027 ) ) ;
#3812 = CARTESIAN_POINT ( 'NONE',  ( 54.02179853933743914, 9.956378943639091261, 117.0097304352846521 ) ) ;
#3813 = CARTESIAN_POINT ( 'NONE',  ( 63.36215868822337427, 5.512087187753749618, 108.1161075088170378 ) ) ;
#3814 = FACE_OUTER_BOUND ( 'NONE', #1996, .T. ) ;
#3815 = CARTESIAN_POINT ( 'NONE',  ( 62.00405866504443253, 7.142031051775746597, 117.3390618670550793 ) ) ;
#3816 = CARTESIAN_POINT ( 'NONE',  ( 61.36510415312923072, 6.992576442466584830, 137.9771963326357991 ) ) ;
#3817 = CARTESIAN_POINT ( 'NONE',  ( 63.83844923529445481, 4.678527374794987814, 108.9954735435454580 ) ) ;
#3818 = CARTESIAN_POINT ( 'NONE',  ( 46.50137470937609407, 5.272851775604699753, 112.7587042777920630 ) ) ;
#3819 = CARTESIAN_POINT ( 'NONE',  ( 47.03502175827141230, 5.178684348923750846, 172.8079032887270046 ) ) ;
#3820 = CARTESIAN_POINT ( 'NONE',  ( 63.49975488790504841, 5.271047526815102024, 144.0356679036028140 ) ) ;
#3821 = CARTESIAN_POINT ( 'NONE',  ( 62.67237988899329793, 6.417539175028718290, 176.1474234090995878 ) ) ;
#3822 = CARTESIAN_POINT ( 'NONE',  ( 47.50337356033324454, 5.842967066016408140, 112.7039772189670259 ) ) ;
#3823 = CARTESIAN_POINT ( 'NONE',  ( 60.32548170357128470, 7.736325962368050035, 167.6038434014448342 ) ) ;
#3824 = CARTESIAN_POINT ( 'NONE',  ( 46.10526860420970507, 4.569927716203981305, 146.6390065450836460 ) ) ;
#3825 = ORIENTED_EDGE ( 'NONE', *, *, #4663, .F. ) ;
#3826 = CARTESIAN_POINT ( 'NONE',  ( 46.53894416134448875, 5.361538783807036523, 96.52151171334014634 ) ) ;
#3827 = CARTESIAN_POINT ( 'NONE',  ( 63.83844923529445481, 4.678527374794988702, 132.9897645076070489 ) ) ;
#3828 = CARTESIAN_POINT ( 'NONE',  ( 49.98338469713387866, 7.927565923282609006, 154.8546516285095436 ) ) ;
#3829 = CARTESIAN_POINT ( 'NONE',  ( 55.78763762504433998, 9.985799776429248098, 139.9636692162749512 ) ) ;
#3830 = CARTESIAN_POINT ( 'NONE',  ( 50.61455108019367799, 9.005583512731355711, 151.6358726678665221 ) ) ;
#3831 = CARTESIAN_POINT ( 'NONE',  ( 57.56642297186958501, 8.889073204886360102, 154.5105864836041576 ) ) ;
#3832 = CARTESIAN_POINT ( 'NONE',  ( 46.43026670858674265, 5.188603513096400555, 133.2071043784314384 ) ) ;
#3833 = CARTESIAN_POINT ( 'NONE',  ( 63.46987679768056978, 5.347783483073815347, 108.5614433809704451 ) ) ;
#3834 = CARTESIAN_POINT ( 'NONE',  ( 50.50414519543554093, 8.952022441262220909, 164.9966319977168325 ) ) ;
#3835 = CARTESIAN_POINT ( 'NONE',  ( 52.51802033711720696, 9.704656796120433526, 116.2336440451192630 ) ) ;
#3836 = LINE ( 'NONE', #913, #563 ) ;
#3837 = CARTESIAN_POINT ( 'NONE',  ( 47.08072785081021294, 5.250374855292973209, 120.9106606024457733 ) ) ;
#3838 = DIRECTION ( 'NONE',  ( -1.000000000000000000, 2.620428211445327472E-16, -0.000000000000000000 ) ) ;
#3839 = CARTESIAN_POINT ( 'NONE',  ( 49.17807218654871093, 7.421430468857020735, 167.7818527469601690 ) ) ;
#3840 = EDGE_LOOP ( 'NONE', ( #55, #2968 ) ) ;
#3841 = CARTESIAN_POINT ( 'NONE',  ( 53.22688443397262859, 9.042995467466191428, 102.9626088842097289 ) ) ;
#3842 = CARTESIAN_POINT ( 'NONE',  ( 60.70258280987691535, 8.219798796342505653, 139.4205725447929751 ) ) ;
#3843 = CARTESIAN_POINT ( 'NONE',  ( 53.94135260373602847, 9.948228571440127510, 115.1403584544369778 ) ) ;
#3844 = CARTESIAN_POINT ( 'NONE',  ( 58.70271050497981946, 8.535328161286017234, 176.7483660435924548 ) ) ;
#3845 = CARTESIAN_POINT ( 'NONE',  ( 55.78763762504429735, 9.985799776429246322, 152.6071380415540659 ) ) ;
#3846 = EDGE_LOOP ( 'NONE', ( #2674, #2875, #2058, #2747 ) ) ;
#3847 = CARTESIAN_POINT ( 'NONE',  ( 56.08293835499885915, 9.958521810041688127, 166.9371930827001052 ) ) ;
#3848 = CARTESIAN_POINT ( 'NONE',  ( 58.06273883976852801, 9.519434373920192982, 139.8668290813527335 ) ) ;
#3849 = CARTESIAN_POINT ( 'NONE',  ( 47.79097783650871634, 6.934820660454530383, 126.6575447318469543 ) ) ;
#3850 = CARTESIAN_POINT ( 'NONE',  ( 61.48658322063945292, 6.889103053746151062, 94.25855688717528835 ) ) ;
#3851 = CARTESIAN_POINT ( 'NONE',  ( 63.51252146016539513, 5.280248471685369260, 158.0753209892472171 ) ) ;
#3852 = CARTESIAN_POINT ( 'NONE',  ( 46.53894416134544798, 5.361538783807166197, 132.5129481594326819 ) ) ;
#3853 = AXIS2_PLACEMENT_3D ( 'NONE', #284, #1298, #4158 ) ;
#3854 = CARTESIAN_POINT ( 'NONE',  ( 63.51890666293648025, 5.273535158673815282, 123.3978247158187287 ) ) ;
#3855 = CARTESIAN_POINT ( 'NONE',  ( 59.83862567448191072, 8.757034559881574864, 102.9296057511576805 ) ) ;
#3856 = CARTESIAN_POINT ( 'NONE',  ( 47.33573746969642571, 6.427342441339699342, 105.9213528908662596 ) ) ;
#3857 = CARTESIAN_POINT ( 'NONE',  ( 63.51890666293262910, 5.273535158673881895, 111.4006792337918483 ) ) ;
#3858 = CARTESIAN_POINT ( 'NONE',  ( 57.44329775296293406, 9.714700144188729070, 177.0472716704327638 ) ) ;
#3859 = CARTESIAN_POINT ( 'NONE',  ( 57.56642297186959922, 8.889073204884274659, 141.8671176583255544 ) ) ;
#3860 = AXIS2_PLACEMENT_3D ( 'NONE', #1958, #1245, #3415 ) ;
#3861 = CARTESIAN_POINT ( 'NONE',  ( 62.71838261689084959, 5.548279978712080229, 136.1549648179574490 ) ) ;
#3862 = CARTESIAN_POINT ( 'NONE',  ( 47.41691183942198506, 5.728533843635043254, 124.4763002323038279 ) ) ;
#3863 = DIRECTION ( 'NONE',  ( 0.000000000000000000, 0.000000000000000000, 1.000000000000000000 ) ) ;
#3864 = CARTESIAN_POINT ( 'NONE',  ( 46.63980147176543767, 5.489510882107158096, 156.3162010538886761 ) ) ;
#3865 = ORIENTED_EDGE ( 'NONE', *, *, #3365, .T. ) ;
#3866 = CARTESIAN_POINT ( 'NONE',  ( 53.35575525054841250, 9.868342651226884144, 103.1373110216097189 ) ) ;
#3867 = CARTESIAN_POINT ( 'NONE',  ( 60.93923694828865223, 8.050183050875105550, 139.3408840459008218 ) ) ;
#3868 = CARTESIAN_POINT ( 'NONE',  ( 47.97274515791233540, 7.119702119974226306, 114.7953281945522690 ) ) ;
#3869 = DIRECTION ( 'NONE',  ( 0.000000000000000000, 0.000000000000000000, -1.000000000000000000 ) ) ;
#3870 = CARTESIAN_POINT ( 'NONE',  ( -72.00000000000001421, 8.817456953860943289E-15, 53.00000000000000711 ) ) ;
#3871 = ORIENTED_EDGE ( 'NONE', *, *, #4663, .T. ) ;
#3872 = CARTESIAN_POINT ( 'NONE',  ( 63.55293213714021050, 5.187282981401013515, 174.5719099295775152 ) ) ;
#3873 = CARTESIAN_POINT ( 'NONE',  ( 52.26580499390998114, 8.832096614886292940, 154.5265303828394110 ) ) ;
#3874 = CARTESIAN_POINT ( 'NONE',  ( 50.99612368823518693, 9.167950423603791421, 139.7736208865861727 ) ) ;
#3875 = CARTESIAN_POINT ( 'NONE',  ( 48.20991866401053016, 6.612754048646499960, 125.6428573852644490 ) ) ;
#3876 = CARTESIAN_POINT ( 'NONE',  ( 55.20263286552669513, 10.00227628321906082, 93.01275499700170712 ) ) ;
#3877 = CARTESIAN_POINT ( 'NONE',  ( 62.83680385006394431, 6.229736006478022503, 156.1991273157188118 ) ) ;
#3878 = CARTESIAN_POINT ( 'NONE',  ( 46.87898986645969046, 5.857787255712657348, 131.4391838530896166 ) ) ;
#3879 = CARTESIAN_POINT ( 'NONE',  ( 49.86043717471095249, 8.582891682699433034, 92.57614864375281627 ) ) ;
#3880 = CARTESIAN_POINT ( 'NONE',  ( 60.91257353398650309, 7.344865888633709261, 117.9114561551860447 ) ) ;
#3881 = CARTESIAN_POINT ( 'NONE',  ( 62.54681270740389465, 6.565732050362565353, 117.7931719215642943 ) ) ;
#3882 = CARTESIAN_POINT ( 'NONE',  ( 53.92334742097909839, 9.946430965722182549, 152.5998944232877079 ) ) ;
#3883 = CARTESIAN_POINT ( 'NONE',  ( 55.63903762998475599, 9.181140437900321416, 126.9854063788750693 ) ) ;
#3884 = CARTESIAN_POINT ( 'NONE',  ( 47.84648948385940770, 6.240964304908220406, 106.9148288601412276 ) ) ;
#3885 = CARTESIAN_POINT ( 'NONE',  ( 62.97454941799686168, 6.037847411506066742, 106.3212310656521424 ) ) ;
#3886 = CARTESIAN_POINT ( 'NONE',  ( 63.38105570105262387, 5.470257608447994357, 125.1179251984326157 ) ) ;
#3887 = CARTESIAN_POINT ( 'NONE',  ( 58.70271050497982657, 8.535328161286010129, 138.8179595677551958 ) ) ;
#3888 = CARTESIAN_POINT ( 'NONE',  ( 47.89284940403270241, 6.291504846233697990, 118.8505280440713392 ) ) ;
#3889 = DIRECTION ( 'NONE',  ( -0.000000000000000000, -0.000000000000000000, -1.000000000000000000 ) ) ;
#3890 = CARTESIAN_POINT ( 'NONE',  ( 49.86043717471093117, 8.582891682699424152, 153.8545227404034961 ) ) ;
#3891 = ORIENTED_EDGE ( 'NONE', *, *, #3263, .T. ) ;
#3892 = CARTESIAN_POINT ( 'NONE',  ( 54.22140846459192431, 9.974102969058790791, 103.9697674200093900 ) ) ;
#3893 = CARTESIAN_POINT ( 'NONE',  ( 54.29926761813749891, 9.167153796514904585, 114.9852157216505333 ) ) ;
#3894 = CARTESIAN_POINT ( 'NONE',  ( 56.92222800158830864, 9.016411584927661593, 167.1244576173853318 ) ) ;
#3895 = CARTESIAN_POINT ( 'NONE',  ( 46.10679977349124670, 4.572919050968832444, 171.8368663806544134 ) ) ;
#3896 = ORIENTED_EDGE ( 'NONE', *, *, #1108, .F. ) ;
#3897 = CARTESIAN_POINT ( 'NONE',  ( 63.00444313932301554, 5.115342520972879115, 146.6182888496997236 ) ) ;
#3898 = CARTESIAN_POINT ( 'NONE',  ( 60.63004872198175832, 8.269379125997870617, 177.3732561881601839 ) ) ;
#3899 = CARTESIAN_POINT ( 'NONE',  ( 46.14812295651538676, 4.652930455139863142, 133.1244340273978253 ) ) ;
#3900 = DIRECTION ( 'NONE',  ( 0.000000000000000000, 0.000000000000000000, -1.000000000000000000 ) ) ;
#3901 = CARTESIAN_POINT ( 'NONE',  ( 46.25099651997747685, 4.844286584061296530, 123.7760361571909584 ) ) ;
#3902 = CARTESIAN_POINT ( 'NONE',  ( 60.74783775557119725, 8.188163207921697051, 92.74458602670765117 ) ) ;
#3903 = CARTESIAN_POINT ( 'NONE',  ( 63.87399785250332229, 4.610057315488594654, 158.7046096548034484 ) ) ;
#3904 = CARTESIAN_POINT ( 'NONE',  ( 49.87721400366522317, 7.856965253421124729, 129.6102414010120469 ) ) ;
#3905 = DIRECTION ( 'NONE',  ( 0.3062738839768529564, 0.9519434373920192538, 0.000000000000000000 ) ) ;
#3906 = CARTESIAN_POINT ( 'NONE',  ( 62.98887492128405086, 5.140485163505277733, 122.7521442063962098 ) ) ;
#3907 = CARTESIAN_POINT ( 'NONE',  ( 61.79213143778834905, 6.610875607894950434, 118.5066224842076537 ) ) ;
#3908 = CARTESIAN_POINT ( 'NONE',  ( 51.93394707472238281, 8.751944306415792241, 126.8867760512028866 ) ) ;
#3909 = CARTESIAN_POINT ( 'NONE',  ( 46.97192478587509612, 5.983920253220925467, 107.2501656322650803 ) ) ;
#3910 = CARTESIAN_POINT ( 'NONE',  ( 63.14056317447927569, 5.839416528215422453, 112.7082265227776503 ) ) ;
#3911 = CARTESIAN_POINT ( 'NONE',  ( 58.00222507193294064, 9.538903794036041717, 177.0221240230296189 ) ) ;
#3912 = CARTESIAN_POINT ( 'NONE',  ( 60.38483566946831615, 7.699755725213814017, 142.3363253587877750 ) ) ;
#3913 = CARTESIAN_POINT ( 'NONE',  ( 58.58941537323907767, 8.576939620827312538, 129.3125185625921176 ) ) ;
#3914 = CARTESIAN_POINT ( 'NONE',  ( 60.15339356562066087, 8.574532902683232649, 115.5768701611442140 ) ) ;
#3915 = CARTESIAN_POINT ( 'NONE',  ( 47.06432823508514218, 5.225299163989128637, 173.0533710937052092 ) ) ;
#3916 = ORIENTED_EDGE ( 'NONE', *, *, #1606, .F. ) ;
#3917 = CARTESIAN_POINT ( 'NONE',  ( 49.40957327284069578, 8.298042930167936149, 102.7684905609255992 ) ) ;
#3918 = CARTESIAN_POINT ( 'NONE',  ( 61.29143622900041777, 7.053441480792395524, 138.0242766214125538 ) ) ;
#3919 = ADVANCED_FACE ( 'NONE', ( #4289 ), #682, .F. ) ;
#3920 = CARTESIAN_POINT ( 'NONE',  ( 48.20991866401050174, 6.612754048646477756, 113.6457119032335896 ) ) ;
#3921 = CARTESIAN_POINT ( 'NONE',  ( 62.71838261689084959, 5.548279978712081117, 174.0853712937947080 ) ) ;
#3922 = ORIENTED_EDGE ( 'NONE', *, *, #3173, .T. ) ;
#3923 = CARTESIAN_POINT ( 'NONE',  ( 63.36215868822522879, 5.512087187753293094, 144.7538672981615093 ) ) ;
#3924 = CARTESIAN_POINT ( 'NONE',  ( 57.56642297186959922, 8.889073204884274659, 167.1540553088837271 ) ) ;
#3925 = CARTESIAN_POINT ( 'NONE',  ( 63.87457847529197608, 4.608941689278572618, 160.0118454392355147 ) ) ;
#3926 = CARTESIAN_POINT ( 'NONE',  ( 47.40370985353558808, 6.507725705282251027, 129.8415222042422386 ) ) ;
#3927 = DIRECTION ( 'NONE',  ( -1.000000000000000000, 1.224646799147352468E-16, 0.000000000000000000 ) ) ;
#3928 = CARTESIAN_POINT ( 'NONE',  ( 49.22038510212525608, 7.439616899298749253, 126.2978123026261272 ) ) ;
#3929 = CARTESIAN_POINT ( 'NONE',  ( 48.41599567711116237, 7.531597636076762470, 129.0830832252412392 ) ) ;
#3930 = CARTESIAN_POINT ( 'NONE',  ( 46.10605441087203360, 4.571452247488203113, 159.4629234903966051 ) ) ;
#3931 = CARTESIAN_POINT ( 'NONE',  ( 54.96119301142179125, 9.189341984288422083, 117.1611464017472741 ) ) ;
#3932 = CARTESIAN_POINT ( 'NONE',  ( 61.32202594457579892, 7.028362228524493993, 118.1401814829216335 ) ) ;
#3933 = ADVANCED_FACE ( 'NONE', ( #1737 ), #2551, .F. ) ;
#3934 = CARTESIAN_POINT ( 'NONE',  ( 60.74624597017943728, 7.462811600403213674, 102.3181169769343768 ) ) ;
#3935 = CARTESIAN_POINT ( 'NONE',  ( 46.15139009621627508, 4.659077190716772954, 109.1013159192828113 ) ) ;
#3936 = CARTESIAN_POINT ( 'NONE',  ( 46.21803602711789694, 4.783575837418970522, 145.2054705533743686 ) ) ;
#3937 = CARTESIAN_POINT ( 'NONE',  ( 62.95217104723683832, 6.067388059086439078, 113.8651697509074410 ) ) ;
#3938 = CARTESIAN_POINT ( 'NONE',  ( 56.70869343931125428, 9.063876489394607106, 176.8890979431465382 ) ) ;
#3939 = DIRECTION ( 'NONE',  ( 0.000000000000000000, 0.000000000000000000, 1.000000000000000000 ) ) ;
#3940 = VECTOR ( 'NONE', #3838, 1000.000000000000000 ) ;
#3941 = CARTESIAN_POINT ( 'NONE',  ( 61.85290265766965234, 6.564308301632999054, 150.2504928354244100 ) ) ;
#3942 = CARTESIAN_POINT ( 'NONE',  ( 49.87721400366429236, 7.856965253420592710, 105.6159504369506124 ) ) ;
#3943 = CARTESIAN_POINT ( 'NONE',  ( 55.69677459827656918, 9.993178946710450816, 103.1463977702776447 ) ) ;
#3944 = AXIS2_PLACEMENT_3D ( 'NONE', #2808, #2387, #281 ) ;
#3945 = CARTESIAN_POINT ( 'NONE',  ( 63.78361255347419956, 4.780531750042446681, 99.57763713304902353 ) ) ;
#3946 = VERTEX_POINT ( 'NONE', #1481 ) ;
#3947 = CARTESIAN_POINT ( 'NONE',  ( 60.34531325299117555, 7.724213858090577922, 126.4654280190399618 ) ) ;
#3948 = CARTESIAN_POINT ( 'NONE',  ( 62.17715372129891449, 6.967896309898922169, 151.3231933694378597 ) ) ;
#3949 = CARTESIAN_POINT ( 'NONE',  ( 58.06273883976849959, 9.519434373920200088, 177.7972355571899925 ) ) ;
#3950 = CARTESIAN_POINT ( 'NONE',  ( 47.45546518312999495, 6.568236638810435402, 150.9972681082154224 ) ) ;
#3951 = CARTESIAN_POINT ( 'NONE',  ( 60.75662975139343303, 8.196266797826996964, 154.0134944022584307 ) ) ;
#3952 = CARTESIAN_POINT ( 'NONE',  ( 53.08248765452832174, 9.831420915287738538, 104.2124997374650945 ) ) ;
#3953 = CARTESIAN_POINT ( 'NONE',  ( 55.18546407742327631, 9.188333276749954592, 129.1584718810559593 ) ) ;
#3954 = CARTESIAN_POINT ( 'NONE',  ( 47.05165498302787341, 6.072516980860238611, 118.2795941515941678 ) ) ;
#3955 = CARTESIAN_POINT ( 'NONE',  ( 56.69036018613955008, 9.874113734708618750, 92.20625855554906991 ) ) ;
#3956 = CARTESIAN_POINT ( 'NONE',  ( 61.92950277434319872, 6.475286781758072152, 155.9287617020779066 ) ) ;
#3957 = CARTESIAN_POINT ( 'NONE',  ( 57.50564877396170260, 9.685375483001104513, 115.9107868734168818 ) ) ;
#3958 = CARTESIAN_POINT ( 'NONE',  ( 59.79932442817604255, 8.791135339016340922, 141.1275787731002822 ) ) ;
#3959 = CARTESIAN_POINT ( 'NONE',  ( 46.92594337315503594, 5.903099134265657355, 155.7581475357170007 ) ) ;
#3960 = EDGE_CURVE ( 'NONE', #894, #4693, #3407, .T. ) ;
#3961 = CARTESIAN_POINT ( 'NONE',  ( 57.16389473293799028, 8.969538888940897792, 117.2075667604365492 ) ) ;
#3962 = CARTESIAN_POINT ( 'NONE',  ( 63.41043546667134478, 5.411818570649804094, 119.1554028488670269 ) ) ;
#3963 = CARTESIAN_POINT ( 'NONE',  ( 49.93256834886371820, 8.626841858588868206, 154.5482905525111619 ) ) ;
#3964 = CARTESIAN_POINT ( 'NONE',  ( 47.53449182484401803, 5.877848357453634875, 107.4211152009572174 ) ) ;
#3965 = DIRECTION ( 'NONE',  ( 1.000000000000000000, 0.000000000000000000, 0.000000000000000000 ) ) ;
#3966 = CARTESIAN_POINT ( 'NONE',  ( 53.94135260373607821, 9.948228571441097401, 177.0650558943378314 ) ) ;
#3967 = CARTESIAN_POINT ( 'NONE',  ( 63.86439915523581590, 4.628538527456438345, 145.9171378659887637 ) ) ;
#3968 = CARTESIAN_POINT ( 'NONE',  ( 53.19395076106219733, 9.839821165879486742, 152.5801848198318282 ) ) ;
#3969 = CARTESIAN_POINT ( 'NONE',  ( 59.69618104548042226, 8.088012959274589520, 142.1443749511519172 ) ) ;
#3970 = CARTESIAN_POINT ( 'NONE',  ( 49.30801555997229002, 8.227184911557252178, 104.7237945617182930 ) ) ;
#3971 = VERTEX_POINT ( 'NONE', #1878 ) ;
#3972 = CARTESIAN_POINT ( 'NONE',  ( 46.20871973579093606, 4.766325302417357967, 99.52409833450359145 ) ) ;
#3973 = CARTESIAN_POINT ( 'NONE',  ( 51.96200554878889477, 9.527360060080152238, 92.28187067601552940 ) ) ;
#3974 = CARTESIAN_POINT ( 'NONE',  ( 53.19395076106221865, 9.839821165879488518, 165.2236536451108577 ) ) ;
#3975 = VERTEX_POINT ( 'NONE', #3362 ) ;
#3976 = CARTESIAN_POINT ( 'NONE',  ( 60.93923694828924909, 8.050183050874641921, 127.3437385638699624 ) ) ;
#3977 = CARTESIAN_POINT ( 'NONE',  ( 63.04739838192341495, 5.958159739868335691, 143.9261539583072533 ) ) ;
#3978 = CARTESIAN_POINT ( 'NONE',  ( 63.79078800688506590, 4.767234175636191118, 170.5537240829322911 ) ) ;
#3979 = CARTESIAN_POINT ( 'NONE',  ( 58.23112698503749129, 9.480961745827869436, 153.5679614817641436 ) ) ;
#3980 = CARTESIAN_POINT ( 'NONE',  ( 46.21803602711791115, 4.783575837418972299, 132.5620017280953391 ) ) ;
#3981 = CARTESIAN_POINT ( 'NONE',  ( 51.66960127879901421, 8.657291659821302332, 114.8587401917011306 ) ) ;
#3982 = CARTESIAN_POINT ( 'NONE',  ( 46.49562888471042754, 5.293167367075991336, 120.7432909010982343 ) ) ;
#3983 = CARTESIAN_POINT ( 'NONE',  ( 63.87399785250316597, 4.610057315488869989, 97.42623555814905956 ) ) ;
#3984 =( NAMED_UNIT ( * ) SI_UNIT ( $, .STERADIAN. ) SOLID_ANGLE_UNIT ( ) );
#3985 = CARTESIAN_POINT ( 'NONE',  ( 62.71359680023803662, 5.554425828662548525, 161.4460195702702663 ) ) ;
#3986 = DIRECTION ( 'NONE',  ( 0.9487581048920084026, -0.3052490498131666952, -0.08173784918802283472 ) ) ;
#3987 = CARTESIAN_POINT ( 'NONE',  ( 47.03625108604234839, 5.180884462592640460, 158.5451135170923749 ) ) ;
#3988 = CARTESIAN_POINT ( 'NONE',  ( 62.27048231517026267, 6.109561499515558047, 125.0680586675272963 ) ) ;
#3989 = CARTESIAN_POINT ( 'NONE',  ( -11.00000000000000178, 1.347111479062088602E-15, 48.00000000000000000 ) ) ;
#3990 = CARTESIAN_POINT ( 'NONE',  ( 53.30596085339696089, 9.066099362886495427, 154.4698191387236932 ) ) ;
#3991 = CARTESIAN_POINT ( 'NONE',  ( 59.83862567448191072, 8.757034559881574864, 114.9267512331885257 ) ) ;
#3992 = CARTESIAN_POINT ( 'NONE',  ( 48.07090099778040582, 6.475778089733375431, 162.7878561946223215 ) ) ;
#3993 = CARTESIAN_POINT ( 'NONE',  ( 54.34800506756135263, 9.982885021877827114, 152.6061938263241586 ) ) ;
#3994 = CARTESIAN_POINT ( 'NONE',  ( 62.71838261689084959, 5.548279978712081117, 148.7984336432365922 ) ) ;
#3995 = CARTESIAN_POINT ( 'NONE',  ( 46.38656434264653683, 5.081693682480126206, 119.7671927069313114 ) ) ;
#3996 = CARTESIAN_POINT ( 'NONE',  ( 63.55293213714019629, 5.187282981401012627, 100.6500670076477206 ) ) ;
#3997 = CARTESIAN_POINT ( 'NONE',  ( 46.60924434472922684, 5.442388556332681482, 169.0339120163249618 ) ) ;
#3998 = CARTESIAN_POINT ( 'NONE',  ( 47.62996333539077654, 6.775380419533755472, 163.8357657585874563 ) ) ;
#3999 = ORIENTED_EDGE ( 'NONE', *, *, #4211, .F. ) ;
#4000 = CARTESIAN_POINT ( 'NONE',  ( 62.28069477105198359, 6.868238108318542423, 150.5325733729147544 ) ) ;
#4001 = CARTESIAN_POINT ( 'NONE',  ( 61.92950277434228923, 6.475286781760595467, 168.5722305273540655 ) ) ;
#4002 = CARTESIAN_POINT ( 'NONE',  ( 63.31283991883238116, 5.561157044022071005, 156.2091503044672152 ) ) ;
#4003 = CARTESIAN_POINT ( 'NONE',  ( 46.74206454131736876, 5.643327814770398021, 130.8062317848124678 ) ) ;
#4004 = CARTESIAN_POINT ( 'NONE',  ( 53.11773428157273713, 9.839363724074161155, 128.2052536298170651 ) ) ;
#4005 = CARTESIAN_POINT ( 'NONE',  ( 46.38598772423439698, 5.115855325678085208, 121.9281999787685749 ) ) ;
#4006 = CARTESIAN_POINT ( 'NONE',  ( 62.96840461650583620, 5.173471978323972209, 97.31306857081736439 ) ) ;
#4007 = CARTESIAN_POINT ( 'NONE',  ( 62.28069477105201912, 6.868238108318877266, 163.1760421981901743 ) ) ;
#4008 = CARTESIAN_POINT ( 'NONE',  ( 48.24224938975191890, 6.643585118842028514, 155.7589921647160338 ) ) ;
#4009 = CARTESIAN_POINT ( 'NONE',  ( 55.97218262889730767, 9.969514250595715055, 128.1816181279915838 ) ) ;
#4010 = CARTESIAN_POINT ( 'NONE',  ( 51.46729491641659138, 9.373555404846046102, 154.3606712484915420 ) ) ;
#4011 = CARTESIAN_POINT ( 'NONE',  ( 59.18677435814206689, 9.100308133751513040, 115.7643862250394733 ) ) ;
#4012 = CARTESIAN_POINT ( 'NONE',  ( 50.75243282530532696, 8.302145291125150095, 126.7333092770114007 ) ) ;
#4013 = CARTESIAN_POINT ( 'NONE',  ( 48.18832488148272120, 7.331682285073256367, 163.5312302940400002 ) ) ;
#4014 = CARTESIAN_POINT ( 'NONE',  ( 48.36597076998433664, 7.487464528671088360, 176.9625440421962139 ) ) ;
#4015 = CARTESIAN_POINT ( 'NONE',  ( 61.60481632962565612, 6.784775370763089342, 94.34877707851099160 ) ) ;
#4016 = CIRCLE ( 'NONE', #2638, 2.000000000000001776 ) ;
#4017 = CARTESIAN_POINT ( 'NONE',  ( 52.26580499390998824, 8.832096614886294716, 141.8830615575603247 ) ) ;
#4018 = CARTESIAN_POINT ( 'NONE',  ( 51.46729491641184495, 9.373555404849961192, 105.0794426338771359 ) ) ;
#4019 = CARTESIAN_POINT ( 'NONE',  ( 46.26515111590567386, 4.870041013991819767, 170.2205180516937730 ) ) ;
#4020 = AXIS2_PLACEMENT_3D ( 'NONE', #2380, #2074, #4219 ) ;
#4021 = TOROIDAL_SURFACE ( 'NONE', #1642, 72.00000000000001421, 3.000000000000000000 ) ;
#4022 = CARTESIAN_POINT ( 'NONE',  ( 63.70786460592227485, 4.918311851936071122, 96.16464852409616526 ) ) ;
#4023 = CARTESIAN_POINT ( 'NONE',  ( 46.97192478587599140, 5.983920253221594265, 169.1748630721734514 ) ) ;
#4024 = ORIENTED_EDGE ( 'NONE', *, *, #2937, .T. ) ;
#4025 = ADVANCED_FACE ( 'NONE', ( #839 ), #3050, .T. ) ;
#4026 = CARTESIAN_POINT ( 'NONE',  ( 61.42556343030594235, 7.667574031594872608, 166.9344879927032821 ) ) ;
#4027 = CARTESIAN_POINT ( 'NONE',  ( -75.00000000000001421, 10.11945941895709566, 110.0767298190855854 ) ) ;
#4028 = CARTESIAN_POINT ( 'NONE',  ( 46.15139009621618271, 4.659077190716589101, 121.0984614013136849 ) ) ;
#4029 = CARTESIAN_POINT ( 'NONE',  ( 62.45465153031103256, 6.679435296493236862, 94.43222932110292334 ) ) ;
#4030 = CARTESIAN_POINT ( 'NONE',  ( 63.58093193676739929, 5.170224649173734477, 160.2169127592525513 ) ) ;
#4031 = AXIS2_PLACEMENT_3D ( 'NONE', #2219, #1442, #3593 ) ;
#4032 = CARTESIAN_POINT ( 'NONE',  ( 46.15139009621717747, 4.659077190718460493, 158.3825445338989084 ) ) ;
#4033 =( BOUNDED_SURFACE ( )  B_SPLINE_SURFACE ( 3, 2, ( 
 ( #1627, #843, #3789 ),
 ( #3095, #1235, #1905 ),
 ( #507, #2643, #3366 ),
 ( #74, #3007, #4459 ),
 ( #4122, #1193, #2687 ),
 ( #3769, #488, #4101 ),
 ( #824, #3405, #116 ),
 ( #1588, #3053, #1971 ),
 ( #4291, #3588, #936 ),
 ( #303, #968, #3533 ),
 ( #4608, #245, #911 ),
 ( #3562, #1765, #3834 ),
 ( #1393, #552, #1709 ),
 ( #1308, #2456, #2767 ),
 ( #2400, #3181, #1367 ),
 ( #4264, #635, #1078 ),
 ( #1855, #1501, #4412 ),
 ( #1104, #4013, #2531 ),
 ( #2896, #3300, #356 ),
 ( #1146, #2506, #757 ),
 ( #3992, #2594, #710 ),
 ( #4054, #2238, #2143 ),
 ( #683, #3613, #3704 ),
 ( #422, #1880, #1522 ),
 ( #2982, #2618, #1166 ),
 ( #4434, #51, #728 ),
 ( #2934, #3678, #375 ),
 ( #1834, #1099, #3 ),
 ( #4657, #4385, #349 ),
 ( #1478, #3660, #3930 ),
 ( #2569, #1434, #2547 ),
 ( #3297, #654, #2893 ),
 ( #3987, #1075, #4032 ),
 ( #1459, #751, #3634 ),
 ( #705, #2117, #295 ),
 ( #1014, #2475, #3582 ),
 ( #1758, #1807, #2165 ),
 ( #4340, #3224, #4678 ),
 ( #1409, #2866, #4309 ),
 ( #1046, #2499, #3959 ),
 ( #678, #2524, #4727 ),
 ( #3609, #322, #2916 ),
 ( #4008, #1784, #3249 ),
 ( #4364, #2126, #708 ),
 ( #1461, #2168, #3610 ),
 ( #4467, #4087, #1553 ),
 ( #3757, #1436, #474 ),
 ( #1202, #2919, #4312 ),
 ( #4446, #4367, #3353 ),
 ( #4341, #3963, #3637 ),
 ( #2868, #352, #2653 ),
 ( #3251, #1050, #680 ),
 ( #3373, #4010, #63 ),
 ( #1101, #3226, #2894 ) ),
 .UNSPECIFIED., .F., .F., .F. ) 
 B_SPLINE_SURFACE_WITH_KNOTS ( ( 4, 2, 2, 2, 2, 2, 2, 2, 2, 2, 2, 2, 2, 2, 2, 2, 2, 2, 2, 2, 2, 2, 2, 2, 2, 2, 4 ),
 ( 3, 3 ),
 ( 0.02576872991869781637, 0.02737927553861651750, 0.02898982115853521863, 0.02979509396849457092, 0.03060036677845391975, 0.03221091239837262088, 0.03382145801829132548, 0.03462673082825067084, 0.03543200363821002313, 0.03623727644816937543, 0.03704254925812872079, 0.03865309487804742539, 0.03945836768800677768, 0.04026364049796612998, 0.04106891330792547534, 0.04187418611788482764, 0.04267945892784417994, 0.04348473173780352530, 0.04429000454776287760, 0.04509527735772222989, 0.04590055016768158219, 0.04670582297764093449, 0.04751109578760028679, 0.04831636859755963909, 0.04912164140751899138, 0.04992691421747834368, 0.05153745983739704134 ),
 ( 0.000000000000000000, 1.000000000000000000 ),
 .UNSPECIFIED. ) 
 GEOMETRIC_REPRESENTATION_ITEM ( )  RATIONAL_B_SPLINE_SURFACE ( (
 ( 1.000000000000000000, 0.7893766639933705864, 1.000000000000000000),
 ( 1.000000000000000000, 0.7825608850402044903, 1.000000000000000000),
 ( 1.000000000000000000, 0.7771021633352858116, 1.000000000000000000),
 ( 1.000000000000000000, 0.7705973665934892081, 1.000000000000000000),
 ( 1.000000000000000000, 0.7695258663428594659, 1.000000000000000000),
 ( 1.000000000000000000, 0.7713532626316854657, 1.000000000000000000),
 ( 1.000000000000000000, 0.7725286462565029710, 1.000000000000000000),
 ( 1.000000000000000000, 0.7759640334788785454, 1.000000000000000000),
 ( 1.000000000000000000, 0.7782203734822662478, 1.000000000000000000),
 ( 1.000000000000000000, 0.7862364096896610199, 1.000000000000000000),
 ( 1.000000000000000000, 0.7932838177401024815, 1.000000000000000000),
 ( 1.000000000000000000, 0.8089164715662441330, 1.000000000000000000),
 ( 1.000000000000000000, 0.8175560581394157866, 1.000000000000000000),
 ( 1.000000000000000000, 0.8293815250403163697, 1.000000000000000000),
 ( 1.000000000000000000, 0.8331564301207160517, 1.000000000000000000),
 ( 1.000000000000000000, 0.8401216011112031534, 1.000000000000000000),
 ( 1.000000000000000000, 0.8433292833440585445, 1.000000000000000000),
 ( 1.000000000000000000, 0.8488115562007610970, 1.000000000000000000),
 ( 1.000000000000000000, 0.8511007898936689964, 1.000000000000000000),
 ( 1.000000000000000000, 0.8547420613068220652, 1.000000000000000000),
 ( 1.000000000000000000, 0.8560984231032540137, 1.000000000000000000),
 ( 1.000000000000000000, 0.8588155039599441043, 1.000000000000000000),
 ( 1.000000000000000000, 0.8587820620767235846, 1.000000000000000000),
 ( 1.000000000000000000, 0.8576185801973872369, 1.000000000000000000),
 ( 1.000000000000000000, 0.8570536465220951472, 1.000000000000000000),
 ( 1.000000000000000000, 0.8559083013767002646, 1.000000000000000000),
 ( 1.000000000000000000, 0.8553250822064201175, 1.000000000000000000),
 ( 1.000000000000000000, 0.8543789501289184019, 1.000000000000000000),
 ( 1.000000000000000000, 0.8540204092088613530, 1.000000000000000000),
 ( 1.000000000000000000, 0.8536811764979074235, 1.000000000000000000),
 ( 1.000000000000000000, 0.8536952463235093491, 1.000000000000000000),
 ( 1.000000000000000000, 0.8540874963651773344, 1.000000000000000000),
 ( 1.000000000000000000, 0.8544710660371589439, 1.000000000000000000),
 ( 1.000000000000000000, 0.8554464632891461973, 1.000000000000000000),
 ( 1.000000000000000000, 0.8560366967959311957, 1.000000000000000000),
 ( 1.000000000000000000, 0.8571760181858227856, 1.000000000000000000),
 ( 1.000000000000000000, 0.8577278933290897189, 1.000000000000000000),
 ( 1.000000000000000000, 0.8584490022493285188, 1.000000000000000000),
 ( 1.000000000000000000, 0.8586165396470071265, 1.000000000000000000),
 ( 1.000000000000000000, 0.8582760942370721846, 1.000000000000000000),
 ( 1.000000000000000000, 0.8577641227063231844, 1.000000000000000000),
 ( 1.000000000000000000, 0.8558135268180867561, 1.000000000000000000),
 ( 1.000000000000000000, 0.8543941140444074600, 1.000000000000000000),
 ( 1.000000000000000000, 0.8506077918238220681, 1.000000000000000000),
 ( 1.000000000000000000, 0.8482408245658076273, 1.000000000000000000),
 ( 1.000000000000000000, 0.8425896108487033187, 1.000000000000000000),
 ( 1.000000000000000000, 0.8393481563456960393, 1.000000000000000000),
 ( 1.000000000000000000, 0.8322870269454768488, 1.000000000000000000),
 ( 1.000000000000000000, 0.8284595966006436107, 1.000000000000000000),
 ( 1.000000000000000000, 0.8204604413418343789, 1.000000000000000000),
 ( 1.000000000000000000, 0.8162885345088510824, 1.000000000000000000),
 ( 1.000000000000000000, 0.8039529003817463826, 1.000000000000000000),
 ( 1.000000000000000000, 0.7958850563967179159, 1.000000000000000000),
 ( 1.000000000000000000, 0.7890828154404134764, 1.000000000000000000) ) ) 
 REPRESENTATION_ITEM ( '' )  SURFACE ( )  );
#4034 = CARTESIAN_POINT ( 'NONE',  ( 53.83241174522596140, 9.134774643515536141, 102.9822893126886783 ) ) ;
#4035 = CARTESIAN_POINT ( 'NONE',  ( 52.15695605312947691, 9.605936010545139681, 139.8884558213421201 ) ) ;
#4036 = CARTESIAN_POINT ( 'NONE',  ( 58.06273883976854222, 9.519434373920185877, 127.8696835993218883 ) ) ;
#4037 = CARTESIAN_POINT ( 'NONE',  ( 49.18834902013837507, 8.144811136382120509, 176.6260677647901787 ) ) ;
#4038 = CARTESIAN_POINT ( 'NONE',  ( 57.64478945718197167, 8.858442268628401450, 141.8757798852642225 ) ) ;
#4039 = CARTESIAN_POINT ( 'NONE',  ( 46.50137470937610118, 5.272851775604731728, 124.7558497598229366 ) ) ;
#4040 = CARTESIAN_POINT ( 'NONE',  ( 47.76871044568137847, 6.154331216625183565, 143.6604853334975758 ) ) ;
#4041 = CARTESIAN_POINT ( 'NONE',  ( 57.67061898116735819, 9.654017173200378110, 92.25161349476394435 ) ) ;
#4042 = CARTESIAN_POINT ( 'NONE',  ( 50.83782784292170476, 9.111882202612019199, 166.3102126263271430 ) ) ;
#4043 = CARTESIAN_POINT ( 'NONE',  ( 48.62839689361975815, 7.712492149951639675, 128.9787022416633135 ) ) ;
#4044 = ORIENTED_EDGE ( 'NONE', *, *, #977, .T. ) ;
#4045 = CARTESIAN_POINT ( 'NONE',  ( 63.74758970445918038, 4.846851481312117293, 170.2914459042561646 ) ) ;
#4046 = CARTESIAN_POINT ( 'NONE',  ( 56.08293835499885915, 9.958521810041688127, 141.6502554321418756 ) ) ;
#4047 = CARTESIAN_POINT ( 'NONE',  ( 55.31288058489254666, 9.193274031581424310, 114.9902061999074192 ) ) ;
#4048 = CARTESIAN_POINT ( 'NONE',  ( 63.58093193676739219, 5.170224649173266407, 98.93853866260188568 ) ) ;
#4049 = CARTESIAN_POINT ( 'NONE',  ( 52.74652246259464761, 8.959835480746892955, 154.4924936005854192 ) ) ;
#4050 = CARTESIAN_POINT ( 'NONE',  ( 61.19837931051422686, 7.855397569818812542, 163.8432977701970401 ) ) ;
#4051 = CARTESIAN_POINT ( 'NONE',  ( 47.08072785081019873, 5.250374855292977649, 96.91636963838401186 ) ) ;
#4052 = CARTESIAN_POINT ( 'NONE',  ( 57.44329775297127583, 9.714700144215070665, 139.1168651946035197 ) ) ;
#4053 = CARTESIAN_POINT ( 'NONE',  ( 55.78763762504431867, 9.985799776429249874, 103.9722327701825009 ) ) ;
#4054 = CARTESIAN_POINT ( 'NONE',  ( 47.69415288318923984, 6.079453448952654604, 162.3313068625704148 ) ) ;
#4055 = CARTESIAN_POINT ( 'NONE',  ( 46.42736251415522020, 5.151060012856823356, 174.4508888542154068 ) ) ;
#4056 = CARTESIAN_POINT ( 'NONE',  ( 57.88460117304834540, 8.793977291360702608, 93.25788600481901369 ) ) ;
#4057 = DIRECTION ( 'NONE',  ( -0.000000000000000000, -1.000000000000000000, -0.000000000000000000 ) ) ;
#4058 = CARTESIAN_POINT ( 'NONE',  ( 50.87292700822165159, 9.126714044405574100, 116.3786863839180370 ) ) ;
#4059 = CARTESIAN_POINT ( 'NONE',  ( 46.14812295651538676, 4.652930455139859589, 171.0548405032350558 ) ) ;
#4060 = ORIENTED_EDGE ( 'NONE', *, *, #1965, .T. ) ;
#4061 = CARTESIAN_POINT ( 'NONE',  ( 53.83241174522597561, 9.134774643515534365, 138.9737257587811996 ) ) ;
#4062 = CARTESIAN_POINT ( 'NONE',  ( 48.24224938975194021, 6.643585118842108450, 168.4024609899950349 ) ) ;
#4063 = CARTESIAN_POINT ( 'NONE',  ( 51.74846579443325822, 8.694626422736456917, 129.2762224844329921 ) ) ;
#4064 = ORIENTED_EDGE ( 'NONE', *, *, #3732, .F. ) ;
#4065 = CARTESIAN_POINT ( 'NONE',  ( 61.85290265766965945, 6.564308301632998166, 113.6127330460836902 ) ) ;
#4066 = CARTESIAN_POINT ( 'NONE',  ( 60.74783775557205701, 8.188163207921126840, 166.6664289486411690 ) ) ;
#4067 = EDGE_CURVE ( 'NONE', #4196, #2226, #4632, .T. ) ;
#4068 = CARTESIAN_POINT ( 'NONE',  ( 60.74783775557267518, 8.188163207920712949, 128.7360224728001583 ) ) ;
#4069 = CARTESIAN_POINT ( 'NONE',  ( 48.24224938975191179, 6.643585118841630610, 118.4749090321273854 ) ) ;
#4070 = CARTESIAN_POINT ( 'NONE',  ( 62.71423594058407502, 5.551425272116127907, 96.03507382483242338 ) ) ;
#4071 = CARTESIAN_POINT ( 'NONE',  ( 53.96883685017674992, 9.140051540279339193, 154.4547293384025295 ) ) ;
#4072 = CARTESIAN_POINT ( 'NONE',  ( 62.67237988899350398, 6.417539175028458942, 163.5039545838204447 ) ) ;
#4073 = CARTESIAN_POINT ( 'NONE',  ( 52.37330849492776963, 8.872119490500677941, 102.9237947104296609 ) ) ;
#4074 = CARTESIAN_POINT ( 'NONE',  ( 51.93394707472049276, 8.751944306414937813, 138.8839215332334618 ) ) ;
#4075 = CARTESIAN_POINT ( 'NONE',  ( 46.16176466828633806, 4.678922439602981598, 99.16232003420289232 ) ) ;
#4076 = EDGE_CURVE ( 'NONE', #4221, #3079, #1498, .T. ) ;
#4077 = CARTESIAN_POINT ( 'NONE',  ( 0.000000000000000000, 0.000000000000000000, 50.00000000000000000 ) ) ;
#4078 = CARTESIAN_POINT ( 'NONE',  ( 46.99461480058510432, 5.113791336405649091, 146.7805793155789900 ) ) ;
#4079 =( NAMED_UNIT ( * ) SI_UNIT ( $, .STERADIAN. ) SOLID_ANGLE_UNIT ( ) );
#4080 = DIRECTION ( 'NONE',  ( 0.000000000000000000, 0.000000000000000000, -1.000000000000000000 ) ) ;
#4081 = CARTESIAN_POINT ( 'NONE',  ( 47.73334903700067855, 6.113900920464921285, 169.0015848444159303 ) ) ;
#4082 = DIRECTION ( 'NONE',  ( 0.000000000000000000, 0.000000000000000000, 1.000000000000000000 ) ) ;
#4083 = AXIS2_PLACEMENT_3D ( 'NONE', #2873, #1320, #331 ) ;
#4084 = ORIENTED_EDGE ( 'NONE', *, *, #2553, .F. ) ;
#4085 = CARTESIAN_POINT ( 'NONE',  ( 58.27357708810769310, 8.687507960559074149, 151.5072044531873416 ) ) ;
#4086 = CARTESIAN_POINT ( 'NONE',  ( 58.63730878854068607, 9.334574892868529261, 177.7526850050588507 ) ) ;
#4087 = CARTESIAN_POINT ( 'NONE',  ( 48.61126769493110089, 7.701594912647674818, 154.9550399903730522 ) ) ;
#4088 = CARTESIAN_POINT ( 'NONE',  ( 60.97034310623991615, 7.302337242773265125, 129.9366947751431667 ) ) ;
#4089 = CARTESIAN_POINT ( 'NONE',  ( 50.83782784292001367, 9.111882202611125692, 116.3826606684553013 ) ) ;
#4090 = B_SPLINE_CURVE_WITH_KNOTS ( 'NONE', 3,
 ( #544, #650, #3576, #1324, #2444, #4183, #182, #3497, #289, #1649, #1382, #2785, #2814, #3114, #3549, #1699, #4281, #4572, #2087, #1301, #4599, #3523, #2390, #2035, #2758, #4231, #2839, #1751, #3219, #959, #2420, #2733, #599, #232, #1354, #3169, #985, #4626, #700, #2862, #3981, #2159, #2888, #724, #3628, #4047, #345, #2565, #2911, #1803 ),
 .UNSPECIFIED., .F., .F.,
 ( 4, 2, 2, 2, 2, 2, 2, 2, 2, 2, 2, 2, 2, 2, 2, 2, 2, 2, 2, 2, 2, 2, 2, 2, 4 ),
 ( 0.002779998200560663234, 0.004275270878121490738, 0.005770543555682318242, 0.007265816233243146613, 0.008013452572023566436, 0.008761088910803987995, 0.009508725249584407818, 0.01025636158836482764, 0.01100399792714524747, 0.01175163426592566729, 0.01249927060470609058, 0.01324690694348651041, 0.01399454328226693023, 0.01474217962104735005, 0.01548981595982777335, 0.01623745229860819664, 0.01698508863738861299, 0.01773272497616903629, 0.01922799765372989328, 0.01997563399251031657, 0.02072327033129073293, 0.02221854300885157257, 0.02371381568641241222, 0.02520908836397324840, 0.02670436104153409151 ),
 .UNSPECIFIED. ) ;
#4091 = CARTESIAN_POINT ( 'NONE',  ( 50.17830547191909574, 8.766423579978980030, 141.8616392481457069 ) ) ;
#4092 = CARTESIAN_POINT ( 'NONE',  ( 47.23657219223201054, 5.481640936089556604, 96.19825550599472308 ) ) ;
#4093 = CARTESIAN_POINT ( 'NONE',  ( 47.76871044568138558, 6.154331216625195111, 95.02558006212592545 ) ) ;
#4094 = AXIS2_PLACEMENT_3D ( 'NONE', #2720, #4685, #3131 ) ;
#4095 = AXIS2_PLACEMENT_3D ( 'NONE', #784, #76, #2269 ) ;
#4096 = EDGE_CURVE ( 'NONE', #1720, #2226, #4314, .T. ) ;
#4097 = CARTESIAN_POINT ( 'NONE',  ( 53.94135260373607821, 9.948228571440603574, 139.1346494185006009 ) ) ;
#4098 = CARTESIAN_POINT ( 'NONE',  ( 47.03757161840275813, 6.053296636839286649, 101.8532993958282731 ) ) ;
#4099 = LINE ( 'NONE', #2685, #105 ) ;
#4100 = CARTESIAN_POINT ( 'NONE',  ( 11.00000000000000178, 0.000000000000000000, 48.00000000000000000 ) ) ;
#4101 = CARTESIAN_POINT ( 'NONE',  ( 54.22140846459101482, 9.974102969058748158, 165.2481415166619456 ) ) ;
#4102 = CARTESIAN_POINT ( 'NONE',  ( 50.75243282530527722, 8.302145291125142990, 164.0173924096003759 ) ) ;
#4103 = CARTESIAN_POINT ( 'NONE',  ( 51.43769919068926555, 8.577280284967864432, 138.8281710488015506 ) ) ;
#4104 = CARTESIAN_POINT ( 'NONE',  ( 46.26515111590567386, 4.870041013991827761, 108.2958206117948805 ) ) ;
#4105 = CARTESIAN_POINT ( 'NONE',  ( 46.46191414180142942, 5.208525610410087658, 156.7949550940118115 ) ) ;
#4106 = ORIENTED_EDGE ( 'NONE', *, *, #1039, .T. ) ;
#4107 = CARTESIAN_POINT ( 'NONE',  ( 58.63730878854068607, 9.334574892868529261, 152.4657473545006781 ) ) ;
#4108 = CARTESIAN_POINT ( 'NONE',  ( 61.45943834815970774, 6.912498802143682397, 175.8420137257526790 ) ) ;
#4109 = CARTESIAN_POINT ( 'NONE',  ( 46.36001498661158848, 5.036152635731641070, 148.9182733953219326 ) ) ;
#4110 = DIRECTION ( 'NONE',  ( 1.000000000000000000, -2.620428211445327472E-16, 0.000000000000000000 ) ) ;
#4111 = CARTESIAN_POINT ( 'NONE',  ( 63.79078800688546380, 4.767234175635416626, 132.6233176070950037 ) ) ;
#4112 = CARTESIAN_POINT ( 'NONE',  ( 58.06273883976925276, 9.519434373919962056, 115.8725381172910005 ) ) ;
#4113 = CARTESIAN_POINT ( 'NONE',  ( 47.03625108604235550, 5.180884462591865969, 145.9016446918169549 ) ) ;
#4114 = CARTESIAN_POINT ( 'NONE',  ( 46.37396910149368523, 5.060085822046800352, 95.82198973971968314 ) ) ;
#4115 = CARTESIAN_POINT ( 'NONE',  ( 59.79932442817604255, 8.791135339016340922, 166.4145164236583696 ) ) ;
#4116 = CARTESIAN_POINT ( 'NONE',  ( 64.00000000000000000, 0.000000000000000000, 179.0000000000000000 ) ) ;
#4117 = CARTESIAN_POINT ( 'NONE',  ( 60.98315074442946582, 8.017572207115190253, 154.1041613329354050 ) ) ;
#4118 = CARTESIAN_POINT ( 'NONE',  ( 55.71004181103614172, 9.992751823519229859, 139.9648580771338970 ) ) ;
#4119 = CARTESIAN_POINT ( 'NONE',  ( 52.34419164609152375, 9.658274157795531778, 103.9084866202297235 ) ) ;
#4120 = CARTESIAN_POINT ( 'NONE',  ( 59.39943757163101878, 8.998589038410122143, 117.1542381176596024 ) ) ;
#4121 = CARTESIAN_POINT ( 'NONE',  ( 58.06273883976852801, 9.519434373920192982, 165.1537667319109062 ) ) ;
#4122 = CARTESIAN_POINT ( 'NONE',  ( 55.10352913205743164, 9.199409596669287481, 164.2726290982936348 ) ) ;
#4123 = CARTESIAN_POINT ( 'NONE',  ( 51.43769919068926555, 8.577280284967864432, 164.1151086993598085 ) ) ;
#4124 = SURFACE_STYLE_FILL_AREA ( #826 ) ;
#4125 = CARTESIAN_POINT ( 'NONE',  ( 52.26580499390998114, 8.832096614886292940, 129.2395927322812383 ) ) ;
#4126 = EDGE_LOOP ( 'NONE', ( #1400, #1821, #4716, #4534 ) ) ;
#4127 = CARTESIAN_POINT ( 'NONE',  ( 60.13232452896347269, 7.851425666620217569, 176.4593870615265985 ) ) ;
#4128 = ADVANCED_FACE ( 'NONE', ( #3735 ), #2673, .T. ) ;
#4129 = CARTESIAN_POINT ( 'NONE',  ( 60.78300708779313055, 7.437257093471288272, 129.8485713935764636 ) ) ;
#4130 = CARTESIAN_POINT ( 'NONE',  ( 51.46729491641550425, 9.373555404846429795, 117.0765881159000230 ) ) ;
#4131 = CARTESIAN_POINT ( 'NONE',  ( 49.23976583389092099, 8.181187081191742649, 142.0739409269425551 ) ) ;
#4132 = CARTESIAN_POINT ( 'NONE',  ( 48.10216372359207071, 6.507083401393679800, 94.61677023121438879 ) ) ;
#4133 = CARTESIAN_POINT ( 'NONE',  ( 61.43619233774118982, 7.661981918423738769, 142.3341792917361772 ) ) ;
#4134 = CARTESIAN_POINT ( 'NONE',  ( 60.63004872198177964, 8.269379125997854629, 139.4428497123228681 ) ) ;
#4135 = CARTESIAN_POINT ( 'NONE',  ( 46.52872961091479453, 5.345603975317480661, 148.2228371379700889 ) ) ;
#4136 = CARTESIAN_POINT ( 'NONE',  ( 53.11773428157273713, 9.839363724074161155, 153.4921912803752377 ) ) ;
#4137 = CARTESIAN_POINT ( 'NONE',  ( 47.18533296369287200, 6.257259080691545350, 130.8783986297328852 ) ) ;
#4138 = CARTESIAN_POINT ( 'NONE',  ( 60.02353302548371516, 8.665952819950218711, 104.5343087768069950 ) ) ;
#4139 = CARTESIAN_POINT ( 'NONE',  ( 47.33515826933667370, 5.618959084976742346, 148.9060591822710364 ) ) ;
#4140 = CARTESIAN_POINT ( 'NONE',  ( 53.83241174522597561, 9.134774643515534365, 164.2606634093393723 ) ) ;
#4141 = CARTESIAN_POINT ( 'NONE',  ( 47.45766495379729832, 5.780647371009949964, 131.5750018011155191 ) ) ;
#4142 = ADVANCED_FACE ( 'NONE', ( #892 ), #268, .T. ) ;
#4143 = CARTESIAN_POINT ( 'NONE',  ( 47.03757161840275813, 6.053296636839286649, 113.8504448778591183 ) ) ;
#4144 = ORIENTED_EDGE ( 'NONE', *, *, #3427, .T. ) ;
#4145 = CARTESIAN_POINT ( 'NONE',  ( 63.85249590135413911, 4.651736194070079655, 147.6537251236575798 ) ) ;
#4146 = CARTESIAN_POINT ( 'NONE',  ( 63.07831368495332924, 5.897313240182090688, 175.5944472989318115 ) ) ;
#4147 = CARTESIAN_POINT ( 'NONE',  ( 63.36215868822522879, 5.512087187753067496, 132.1103984728823661 ) ) ;
#4148 = CARTESIAN_POINT ( 'NONE',  ( 49.30801555997225449, 8.227184911557227309, 116.7209400437472482 ) ) ;
#4149 = TOROIDAL_SURFACE ( 'NONE', #2105, 12.00000000000000000, 2.000000000000000000 ) ;
#4150 = CARTESIAN_POINT ( 'NONE',  ( 48.41599567711139684, 7.531597636076985403, 141.7265520505165455 ) ) ;
#4151 = CARTESIAN_POINT ( 'NONE',  ( 49.87721400366429236, 7.856965253420592710, 93.61880495491976717 ) ) ;
#4152 = CARTESIAN_POINT ( 'NONE',  ( 61.32202594457677236, 7.028362228525045552, 142.7807957902311102 ) ) ;
#4153 = CARTESIAN_POINT ( 'NONE',  ( 60.15339356562069639, 8.574532902683216662, 139.5711611252058617 ) ) ;
#4154 = CARTESIAN_POINT ( 'NONE',  ( 46.12539407974045957, 4.608884198320458481, 172.6452400797607254 ) ) ;
#4155 = CARTESIAN_POINT ( 'NONE',  ( 46.23965276011530534, 4.823176879528286776, 135.7110305053439561 ) ) ;
#4156 = AXIS2_PLACEMENT_3D ( 'NONE', #1287, #3863, #220 ) ;
#4157 = CARTESIAN_POINT ( 'NONE',  ( 50.95373067593087058, 8.400593400142007283, 151.4133842468040143 ) ) ;
#4158 = DIRECTION ( 'NONE',  ( 0.000000000000000000, 0.000000000000000000, -1.000000000000000000 ) ) ;
#4159 = CARTESIAN_POINT ( 'NONE',  ( 55.20263286552639670, 10.00227628322047835, 154.2911290936579576 ) ) ;
#4160 = CARTESIAN_POINT ( 'NONE',  ( 46.52872961091480164, 5.345603975318665491, 135.5793683126948395 ) ) ;
#4161 = CARTESIAN_POINT ( 'NONE',  ( 54.21548994238949604, 9.160893810830717854, 93.17231321519074072 ) ) ;
#4162 = AXIS2_PLACEMENT_3D ( 'NONE', #812, #3015, #4110 ) ;
#4163 = CARTESIAN_POINT ( 'NONE',  ( 62.97390533155661529, 5.164556866773035715, 110.8850552378710290 ) ) ;
#4164 = CARTESIAN_POINT ( 'NONE',  ( 52.37330849492776252, 8.872119490500683270, 151.5586999818013396 ) ) ;
#4165 = CARTESIAN_POINT ( 'NONE',  ( 62.36007694962877679, 6.774563648195816690, 117.6166020897834414 ) ) ;
#4166 = CARTESIAN_POINT ( 'NONE',  ( 58.70271050497983367, 8.535328161286001247, 126.8208140857243507 ) ) ;
#4167 = CARTESIAN_POINT ( 'NONE',  ( 59.52117972281783409, 8.186041185797522601, 142.0958054089100244 ) ) ;
#4168 = CARTESIAN_POINT ( 'NONE',  ( 60.63252385833553859, 7.540011595381817422, 138.3567688148569061 ) ) ;
#4169 = CARTESIAN_POINT ( 'NONE',  ( 61.51270847242493289, 7.593153700050449650, 115.1010252992626590 ) ) ;
#4170 = CARTESIAN_POINT ( 'NONE',  ( 48.08417231327749874, 7.240581431423457559, 105.2590914372307225 ) ) ;
#4171 = CARTESIAN_POINT ( 'NONE',  ( 47.10930947318937001, 6.147448320609533390, 155.4824858061807902 ) ) ;
#4172 = EDGE_LOOP ( 'NONE', ( #3260, #2809, #2754, #3434 ) ) ;
#4173 = CARTESIAN_POINT ( 'NONE',  ( 61.59490704598622557, 7.521956896509281343, 176.9834797096935688 ) ) ;
#4174 = CARTESIAN_POINT ( 'NONE',  ( 58.55641790154786719, 9.364596556877817335, 139.0667829172481333 ) ) ;
#4175 = CARTESIAN_POINT ( 'NONE',  ( 47.79097783650856712, 6.934820660454371399, 114.6603992498142190 ) ) ;
#4176 = CARTESIAN_POINT ( 'NONE',  ( 48.05333913996456374, 7.203965809688769539, 142.6303591901246932 ) ) ;
#4177 = CARTESIAN_POINT ( 'NONE',  ( 48.79945064002176025, 7.864390690084238855, 151.9011740041600831 ) ) ;
#4178 = EDGE_LOOP ( 'NONE', ( #2076, #3322, #2688, #4644 ) ) ;
#4179 = CARTESIAN_POINT ( 'NONE',  ( 47.09571760920674421, 5.273424347777140753, 96.82811178562238297 ) ) ;
#4180 = CARTESIAN_POINT ( 'NONE',  ( 62.61911541557198291, 6.496652312036323096, 138.3065611324496444 ) ) ;
#4181 = CARTESIAN_POINT ( 'NONE',  ( 62.29741611293096071, 6.085701237993684565, 107.0863776341839895 ) ) ;
#4182 = CARTESIAN_POINT ( 'NONE',  ( 52.21454945889379928, 9.621850444451853335, 151.7479477219131070 ) ) ;
#4183 = CARTESIAN_POINT ( 'NONE',  ( 49.17807218654871804, 7.421430468857028728, 105.8571553070612197 ) ) ;
#4184 = CARTESIAN_POINT ( 'NONE',  ( 47.01285467194236389, 5.143239718313919795, 122.6103859851120887 ) ) ;
#4185 = CARTESIAN_POINT ( 'NONE',  ( 54.91374700102196726, 9.189621077342822630, 154.4451706909768234 ) ) ;
#4186 = CARTESIAN_POINT ( 'NONE',  ( 47.01635969087064382, 5.148870740344435148, 133.4845058690529811 ) ) ;
#4187 = FACE_OUTER_BOUND ( 'NONE', #4689, .T. ) ;
#4188 = CARTESIAN_POINT ( 'NONE',  ( 46.25099651997746264, 4.844286584061267220, 111.7788906751600706 ) ) ;
#4189 = CARTESIAN_POINT ( 'NONE',  ( 62.17709447728579875, 6.214962128436837929, 106.9471475239165557 ) ) ;
#4190 = PRESENTATION_LAYER_ASSIGNMENT (  '', '', ( #3599 ) ) ;
#4191 = CARTESIAN_POINT ( 'NONE',  ( 49.09505511654217713, 7.350439145486650006, 163.5241062323835024 ) ) ;
#4192 = CARTESIAN_POINT ( 'NONE',  ( 62.93427912261702062, 5.231429025161109969, 135.2310479744089378 ) ) ;
#4193 = CARTESIAN_POINT ( 'NONE',  ( 47.02274622614077515, 5.159411770475974102, 121.3963944909730088 ) ) ;
#4194 = CARTESIAN_POINT ( 'NONE',  ( 45.00000000000000000, 0.000000000000000000, 180.0000000000000000 ) ) ;
#4195 = CARTESIAN_POINT ( 'NONE',  ( 49.14993703466949171, 8.115027429206355336, 154.0569301802406130 ) ) ;
#4196 = VERTEX_POINT ( 'NONE', #2355 ) ;
#4197 = CARTESIAN_POINT ( 'NONE',  ( 61.51270847242490447, 7.593153700050454091, 151.7387850886033505 ) ) ;
#4198 = CARTESIAN_POINT ( 'NONE',  ( 55.71004181103440800, 9.992751823519455456, 103.9734216310376667 ) ) ;
#4199 = CARTESIAN_POINT ( 'NONE',  ( 61.77657249735007383, 7.363996869260068578, 138.2660463594077669 ) ) ;
#4200 = CARTESIAN_POINT ( 'NONE',  ( 50.50414519543519276, 8.952022441262068142, 115.7154033831007069 ) ) ;
#4201 = CARTESIAN_POINT ( 'NONE',  ( 60.91257353398653862, 7.344865888633681728, 167.8390081130540921 ) ) ;
#4202 = CARTESIAN_POINT ( 'NONE',  ( -5.175281374238570820, -3.000000000000000000, -50.00000000000000000 ) ) ;
#4203 = EDGE_CURVE ( 'NONE', #2407, #4270, #4320, .T. ) ;
#4204 = CARTESIAN_POINT ( 'NONE',  ( 61.81450198885189451, 7.323555316276259219, 167.1446195759437501 ) ) ;
#4205 = CARTESIAN_POINT ( 'NONE',  ( 51.78496694166037884, 8.704325706903592419, 154.5605757029078973 ) ) ;
#4206 = DIRECTION ( 'NONE',  ( 1.000000000000000000, 0.000000000000000000, 0.000000000000000000 ) ) ;
#4207 = CARTESIAN_POINT ( 'NONE',  ( 53.02987159325255817, 9.808558530261169750, 152.5741190655695618 ) ) ;
#4208 = CARTESIAN_POINT ( 'NONE',  ( 55.20607119714537703, 10.00234227606099680, 92.18452565441775448 ) ) ;
#4209 = CARTESIAN_POINT ( 'NONE',  ( 62.71423594058406081, 5.551425272117731957, 157.3134479214799057 ) ) ;
#4210 = CARTESIAN_POINT ( 'NONE',  ( 46.38524619019177209, 5.114619695409490241, 134.1639236798470733 ) ) ;
#4211 = EDGE_CURVE ( 'NONE', #3975, #1151, #120, .T. ) ;
#4212 = CARTESIAN_POINT ( 'NONE',  ( 61.92950277434225370, 6.475286781758534005, 118.6446785694883488 ) ) ;
#4213 = CARTESIAN_POINT ( 'NONE',  ( 53.02987159325347477, 9.808558530261379360, 127.9335047582559355 ) ) ;
#4214 = CARTESIAN_POINT ( 'NONE',  ( 46.71754088118984782, 5.630268077804890581, 107.8577475454050898 ) ) ;
#4215 = CARTESIAN_POINT ( 'NONE',  ( 62.98659806707387787, 5.144119556595050824, 109.5322725033455526 ) ) ;
#4216 = CARTESIAN_POINT ( 'NONE',  ( 57.49307983565687863, 9.702713830323293820, 177.8414053283684666 ) ) ;
#4217 = CARTESIAN_POINT ( 'NONE',  ( 55.70345532960205759, 9.175000524501767174, 129.1610215855333195 ) ) ;
#4218 = CARTESIAN_POINT ( 'NONE',  ( 47.22823210998646459, 5.469886505671241572, 120.2192555650577930 ) ) ;
#4219 = DIRECTION ( 'NONE',  ( -1.000000000000000000, 1.224646799147354440E-16, 0.000000000000000000 ) ) ;
#4220 = CARTESIAN_POINT ( 'NONE',  ( 50.10984271994350081, 8.727472254797739026, 153.8003127432671704 ) ) ;
#4221 = VERTEX_POINT ( 'NONE', #3370 ) ;
#4222 = CARTESIAN_POINT ( 'NONE',  ( 57.49307983565400804, 9.702713830324215749, 103.9195624064135188 ) ) ;
#4223 = CARTESIAN_POINT ( 'NONE',  ( 61.59490704598785982, 7.521956896507775880, 139.0530732338525581 ) ) ;
#4224 = CARTESIAN_POINT ( 'NONE',  ( 46.70182735340243596, 5.607350095415539748, 112.2485491609886736 ) ) ;
#4225 = CARTESIAN_POINT ( 'NONE',  ( 62.05491934609039362, 6.358768436816354175, 168.6827881789436390 ) ) ;
#4226 = DIRECTION ( 'NONE',  ( -1.000000000000000000, 0.000000000000000000, -0.000000000000000000 ) ) ;
#4227 = CARTESIAN_POINT ( 'NONE',  ( 47.09571760920580630, 5.273424347777495136, 170.7499547075504722 ) ) ;
#4228 = CARTESIAN_POINT ( 'NONE',  ( 56.65852795480925153, 9.878945915877972439, 166.9414083181675039 ) ) ;
#4229 = CARTESIAN_POINT ( 'NONE',  ( 60.32548170357129180, 7.736325962368046483, 105.6791459615459274 ) ) ;
#4230 = DIRECTION ( 'NONE',  ( -0.000000000000000000, -0.000000000000000000, -1.000000000000000000 ) ) ;
#4231 = CARTESIAN_POINT ( 'NONE',  ( 47.33515826933668080, 5.618959084976742346, 112.2682993929301887 ) ) ;
#4232 = CARTESIAN_POINT ( 'NONE',  ( 46.67041506486944513, 5.541853993701085557, 125.2265721821253237 ) ) ;
#4233 = CARTESIAN_POINT ( 'NONE',  ( 52.53504117874418000, 9.710084241088569712, 92.23805152718168188 ) ) ;
#4234 = CARTESIAN_POINT ( 'NONE',  ( 61.98378349446414859, 7.168201997423513383, 155.2998730674427748 ) ) ;
#4235 = CARTESIAN_POINT ( 'NONE',  ( 47.54578551198111569, 6.680007889703357904, 137.7191267486864774 ) ) ;
#4236 = CARTESIAN_POINT ( 'NONE',  ( 49.38021110991952156, 8.276418821143129989, 92.70458674497361073 ) ) ;
#4237 = CARTESIAN_POINT ( 'NONE',  ( 62.96840461650582199, 5.173471978323976650, 121.3073595348790548 ) ) ;
#4238 = CARTESIAN_POINT ( 'NONE',  ( 60.54660515899860940, 8.327382635182161152, 102.7802681308815238 ) ) ;
#4239 = ADVANCED_FACE ( 'NONE', ( #849 ), #3011, .F. ) ;
#4240 = CARTESIAN_POINT ( 'NONE',  ( 49.66671152457479366, 7.731588385111270334, 105.6811834827436059 ) ) ;
#4241 = CARTESIAN_POINT ( 'NONE',  ( 61.80902817085321743, 7.334075081428991894, 105.9018899250054915 ) ) ;
#4242 = CARTESIAN_POINT ( 'NONE',  ( 50.95373067593087058, 8.400593400142007283, 176.7003218973621870 ) ) ;
#4243 = CARTESIAN_POINT ( 'NONE',  ( 60.82476335134177248, 7.407668578965306949, 138.2750474105870069 ) ) ;
#4244 = CARTESIAN_POINT ( 'NONE',  ( 61.30346554873303688, 7.768107426935881854, 115.1997440821020575 ) ) ;
#4245 = DIRECTION ( 'NONE',  ( 0.000000000000000000, 0.000000000000000000, 1.000000000000000000 ) ) ;
#4246 = CARTESIAN_POINT ( 'NONE',  ( 47.55172446441824974, 5.899514450579438574, 169.3104705079244923 ) ) ;
#4247 = EDGE_LOOP ( 'NONE', ( #1825, #1089, #2200, #3712 ) ) ;
#4248 = CARTESIAN_POINT ( 'NONE',  ( 47.14434652862453845, 6.216953614652575233, 101.2453311430557648 ) ) ;
#4249 = CARTESIAN_POINT ( 'NONE',  ( 51.59327452751281129, 9.420490314611820182, 115.8522107212273937 ) ) ;
#4250 = CARTESIAN_POINT ( 'NONE',  ( 60.82476335134176537, 7.407668578965312278, 176.2054538864242659 ) ) ;
#4251 = ORIENTED_EDGE ( 'NONE', *, *, #1293, .T. ) ;
#4252 = CARTESIAN_POINT ( 'NONE',  ( 62.56939191889446050, 5.745440497506896449, 144.2824292316908554 ) ) ;
#4253 = CARTESIAN_POINT ( 'NONE',  ( 54.31458684759702749, 9.980867579702444203, 166.9358597986831683 ) ) ;
#4254 = CARTESIAN_POINT ( 'NONE',  ( 47.14434652861913833, 6.216953614649083804, 125.2396221071253137 ) ) ;
#4255 = CARTESIAN_POINT ( 'NONE',  ( 56.08293835500184343, 9.958521810044423717, 93.01535016078149454 ) ) ;
#4256 = CARTESIAN_POINT ( 'NONE',  ( 62.96840461650395326, 5.173471978323230580, 158.5914426674717390 ) ) ;
#4257 = DIRECTION ( 'NONE',  ( -0.000000000000000000, -0.000000000000000000, -1.000000000000000000 ) ) ;
#4258 = CARTESIAN_POINT ( 'NONE',  ( -9.000000000000001776, 0.000000000000000000, 50.00000000000000000 ) ) ;
#4259 = CARTESIAN_POINT ( 'NONE',  ( 62.77416940221205977, 5.466296667093339501, 120.2307782066923494 ) ) ;
#4260 = CARTESIAN_POINT ( 'NONE',  ( 60.21535026521031853, 8.537251581570549419, 103.5651345876146650 ) ) ;
#4261 = CARTESIAN_POINT ( 'NONE',  ( 47.30647879088598273, 6.405264418229196011, 106.7119661789448486 ) ) ;
#4262 = CARTESIAN_POINT ( 'NONE',  ( 49.86043717471092407, 8.582891682699424152, 141.2110539151244097 ) ) ;
#4263 = CARTESIAN_POINT ( 'NONE',  ( 62.71423594058407502, 5.551425272116127907, 108.0322193068632686 ) ) ;
#4264 = CARTESIAN_POINT ( 'NONE',  ( 49.22038510212337314, 7.439616899296571439, 163.5818954352138803 ) ) ;
#4265 = CARTESIAN_POINT ( 'NONE',  ( 55.71004181103625541, 9.992751823519212095, 177.8952645529711560 ) ) ;
#4266 = EDGE_CURVE ( 'NONE', #312, #2621, #1946, .T. ) ;
#4267 = CARTESIAN_POINT ( 'NONE',  ( 62.81092397861047516, 5.415186858300883976, 132.3066910310566016 ) ) ;
#4268 = CARTESIAN_POINT ( 'NONE',  ( 62.90854613541825557, 6.133572449306421426, 113.9643992244349846 ) ) ;
#4269 = CARTESIAN_POINT ( 'NONE',  ( 51.40575526271015150, 9.349988230744923356, 153.6027803757746426 ) ) ;
#4270 = VERTEX_POINT ( 'NONE', #1590 ) ;
#4271 = CARTESIAN_POINT ( 'NONE',  ( 49.61829516912752069, 7.701694252332857538, 102.4588093052369118 ) ) ;
#4272 = CARTESIAN_POINT ( 'NONE',  ( 62.95217104723747781, 6.067388059085629948, 137.8594607149671845 ) ) ;
#4273 = CARTESIAN_POINT ( 'NONE',  ( 48.36597076998440059, 7.487464528671150532, 115.0378466022973214 ) ) ;
#4274 = CARTESIAN_POINT ( 'NONE',  ( 61.85290265766965234, 6.564308301632999054, 175.5374304859825827 ) ) ;
#4275 = ORIENTED_EDGE ( 'NONE', *, *, #4687, .T. ) ;
#4276 = CARTESIAN_POINT ( 'NONE',  ( 51.96200554878888767, 9.527360060080154014, 92.28187067601552940 ) ) ;
#4277 = CARTESIAN_POINT ( 'NONE',  ( 62.91170920564058378, 5.262002201130322021, 145.5080702950135958 ) ) ;
#4278 = CARTESIAN_POINT ( 'NONE',  ( 61.30346554873303688, 7.768107426935881854, 177.1244415220009500 ) ) ;
#4279 = CARTESIAN_POINT ( 'NONE',  ( 63.55293213714019629, 5.187282981401000193, 161.9284411042983436 ) ) ;
#4280 = CARTESIAN_POINT ( 'NONE',  ( 55.97218262889733609, 9.969514250595711502, 104.1873271639299219 ) ) ;
#4281 = CARTESIAN_POINT ( 'NONE',  ( 47.08072785081019873, 5.250374855292977649, 108.9135151204148713 ) ) ;
#4282 = CARTESIAN_POINT ( 'NONE',  ( 48.36597076998533851, 7.487464528672027164, 127.0349920843281382 ) ) ;
#4283 = CARTESIAN_POINT ( 'NONE',  ( 61.98378349446403490, 7.168201997425547312, 94.02149897079011964 ) ) ;
#4284 = CARTESIAN_POINT ( 'NONE',  ( 52.34419164609152375, 9.658274157795531778, 115.9056321022605687 ) ) ;
#4285 = CARTESIAN_POINT ( 'NONE',  ( 63.00399006132136037, 5.116086936990685174, 122.2056938422057186 ) ) ;
#4286 = CARTESIAN_POINT ( 'NONE',  ( 55.11503236896309232, 10.01711070217749366, 152.6120944061751743 ) ) ;
#4287 = CARTESIAN_POINT ( 'NONE',  ( 54.29926761813660363, 9.167153796515027153, 126.9823612036813927 ) ) ;
#4288 = CARTESIAN_POINT ( 'NONE',  ( 46.10679977349129643, 4.572919050968925703, 109.9121689407516982 ) ) ;
#4289 = FACE_OUTER_BOUND ( 'NONE', #2691, .T. ) ;
#4290 =( BOUNDED_SURFACE ( )  B_SPLINE_SURFACE ( 3, 2, ( 
 ( #3447, #3473, #3551 ),
 ( #1728, #184, #4233 ),
 ( #2787, #1676, #3142 ),
 ( #1407, #4601, #2473 ),
 ( #2115, #3578, #2815 ),
 ( #2864, #3116, #960 ),
 ( #628, #3876, #4208 ),
 ( #4574, #4255, #2446 ),
 ( #4674, #2037, #3955 ),
 ( #601, #1326, #4306 ),
 ( #3499, #2061, #234 ),
 ( #1042, #1701, #3170 ),
 ( #1303, #264, #208 ),
 ( #986, #2496, #3902 ),
 ( #291, #1753, #1651 ),
 ( #2841, #3221, #1357 ),
 ( #2089, #3201, #4654 ),
 ( #929, #1383, #2760 ),
 ( #3850, #4283, #1011 ),
 ( #573, #1831, #1475 ),
 ( #1805, #4029, #2544 ),
 ( #3275, #748, #44 ),
 ( #1140, #4405, #771 ),
 ( #2931, #3675, #1517 ),
 ( #2913, #1073, #2212 ),
 ( #4070, #4724, #3336 ),
 ( #3245, #18, #3312 ),
 ( #392, #4360, #1457 ),
 ( #1494, #1431, #1116 ),
 ( #4006, #2975, #4428 ),
 ( #4700, #2889, #3983 ),
 ( #3630, #725, #1161 ),
 ( #2952, #702, #1779 ),
 ( #347, #4048, #2586 ),
 ( #2612, #1850, #2189 ),
 ( #1097, #3696, #2232 ),
 ( #4382, #414, #2137 ),
 ( #319, #4337, #3658 ),
 ( #2520, #3607, #372 ),
 ( #1873, #2161, #3295 ),
 ( #1181, #66, #2255 ),
 ( #443, #794, #3720 ),
 ( #1538, #2999, #4450 ),
 ( #1898, #2633, #3356 ),
 ( #3934, #2478, #4634 ),
 ( #4681, #190, #1330 ),
 ( #2452, #4238, #1306 ),
 ( #1656, #1363, #4260 ),
 ( #1761, #3855, #1052 ),
 ( #2792, #1681, #1413 ),
 ( #579, #964, #2426 ),
 ( #3227, #2041, #3121 ) ),
 .UNSPECIFIED., .F., .F., .F. ) 
 B_SPLINE_SURFACE_WITH_KNOTS ( ( 4, 2, 2, 2, 2, 2, 2, 2, 2, 2, 2, 2, 2, 2, 2, 2, 2, 2, 2, 2, 2, 2, 2, 2, 2, 4 ),
 ( 3, 3 ),
 ( 0.000000000000000000, 0.001610545619918659493, 0.002415818429877989240, 0.003221091239837318987, 0.004831636859755978480, 0.006442182479674637974, 0.008052728099593297467, 0.008858000909552627214, 0.009663273719511956961, 0.01046854652947128671, 0.01127381933943061645, 0.01207909214938994620, 0.01288436495934927595, 0.01368963776930860569, 0.01449491057926793544, 0.01530018338922726519, 0.01610545619918659493, 0.01771600181910525443, 0.01932654743902391392, 0.02013182024898324540, 0.02093709305894257341, 0.02174236586890190143, 0.02254763867886123291, 0.02335291148882056439, 0.02415818429877989240, 0.02576872991869855190 ),
 ( 0.000000000000000000, 1.000000000000000000 ),
 .UNSPECIFIED. ) 
 GEOMETRIC_REPRESENTATION_ITEM ( )  RATIONAL_B_SPLINE_SURFACE ( (
 ( 1.000000000000000000, 0.7890828154404130323, 1.000000000000000000),
 ( 1.000000000000000000, 0.7822893168580534740, 1.000000000000000000),
 ( 1.000000000000000000, 0.7769804849979693451, 1.000000000000000000),
 ( 1.000000000000000000, 0.7721725132131377345, 1.000000000000000000),
 ( 1.000000000000000000, 0.7710932332194769812, 1.000000000000000000),
 ( 1.000000000000000000, 0.7700798014907069833, 1.000000000000000000),
 ( 1.000000000000000000, 0.7701535816308149318, 1.000000000000000000),
 ( 1.000000000000000000, 0.7720750407650641689, 1.000000000000000000),
 ( 1.000000000000000000, 0.7756304940365200684, 1.000000000000000000),
 ( 1.000000000000000000, 0.7863359135338970907, 1.000000000000000000),
 ( 1.000000000000000000, 0.7935593951775316013, 1.000000000000000000),
 ( 1.000000000000000000, 0.8091467546423528612, 1.000000000000000000),
 ( 1.000000000000000000, 0.8175403830182388365, 1.000000000000000000),
 ( 1.000000000000000000, 0.8293725801648715867, 1.000000000000000000),
 ( 1.000000000000000000, 0.8332126441988989551, 1.000000000000000000),
 ( 1.000000000000000000, 0.8401795453602716179, 1.000000000000000000),
 ( 1.000000000000000000, 0.8433236350767253642, 1.000000000000000000),
 ( 1.000000000000000000, 0.8487740273814882164, 1.000000000000000000),
 ( 1.000000000000000000, 0.8510826173124339533, 1.000000000000000000),
 ( 1.000000000000000000, 0.8547664239501548966, 1.000000000000000000),
 ( 1.000000000000000000, 0.8560988187920003378, 1.000000000000000000),
 ( 1.000000000000000000, 0.8578894373201350065, 1.000000000000000000),
 ( 1.000000000000000000, 0.8583480911737025876, 1.000000000000000000),
 ( 1.000000000000000000, 0.8586026888368351040, 1.000000000000000000),
 ( 1.000000000000000000, 0.8583936092665742645, 1.000000000000000000),
 ( 1.000000000000000000, 0.8576260442148477825, 1.000000000000000000),
 ( 1.000000000000000000, 0.8570717847902066255, 1.000000000000000000),
 ( 1.000000000000000000, 0.8559261330733319850, 1.000000000000000000),
 ( 1.000000000000000000, 0.8553319295049192084, 1.000000000000000000),
 ( 1.000000000000000000, 0.8543856825545433908, 1.000000000000000000),
 ( 1.000000000000000000, 0.8540309185582354301, 1.000000000000000000),
 ( 1.000000000000000000, 0.8536834302496044691, 1.000000000000000000),
 ( 1.000000000000000000, 0.8536930101917873381, 1.000000000000000000),
 ( 1.000000000000000000, 0.8542763716415346931, 1.000000000000000000),
 ( 1.000000000000000000, 0.8554358083883049080, 1.000000000000000000),
 ( 1.000000000000000000, 0.8577422966131222903, 1.000000000000000000),
 ( 1.000000000000000000, 0.8587773206771170953, 1.000000000000000000),
 ( 1.000000000000000000, 0.8582917136919144818, 1.000000000000000000),
 ( 1.000000000000000000, 0.8577805857908663567, 1.000000000000000000),
 ( 1.000000000000000000, 0.8558786611411889345, 1.000000000000000000),
 ( 1.000000000000000000, 0.8544870962718741358, 1.000000000000000000),
 ( 1.000000000000000000, 0.8507154623478582200, 1.000000000000000000),
 ( 1.000000000000000000, 0.8483264996656043611, 1.000000000000000000),
 ( 1.000000000000000000, 0.8427503636051647540, 1.000000000000000000),
 ( 1.000000000000000000, 0.8395509614151356326, 1.000000000000000000),
 ( 1.000000000000000000, 0.8325033572913395075, 1.000000000000000000),
 ( 1.000000000000000000, 0.8286329716659447397, 1.000000000000000000),
 ( 1.000000000000000000, 0.8206742539349136667, 1.000000000000000000),
 ( 1.000000000000000000, 0.8165730635148076288, 1.000000000000000000),
 ( 1.000000000000000000, 0.8043259065628035609, 1.000000000000000000),
 ( 1.000000000000000000, 0.7962203873511647378, 1.000000000000000000),
 ( 1.000000000000000000, 0.7893766639933612606, 1.000000000000000000) ) ) 
 REPRESENTATION_ITEM ( '' )  SURFACE ( )  );
#4291 = CARTESIAN_POINT ( 'NONE',  ( 53.22688443397172620, 9.042995467466163007, 164.2409829808603945 ) ) ;
#4292 = CARTESIAN_POINT ( 'NONE',  ( 57.75646495579233175, 8.826152350266152524, 176.8312675074890024 ) ) ;
#4293 = CARTESIAN_POINT ( 'NONE',  ( 63.89263304186031434, 4.574059342237386083, 146.4919508446692191 ) ) ;
#4294 = CARTESIAN_POINT ( 'NONE',  ( 61.36510415312920230, 6.992576442466587494, 150.6206651579147717 ) ) ;
#4295 = CARTESIAN_POINT ( 'NONE',  ( 51.38717287929958388, 9.344062856104358161, 104.3229727245418275 ) ) ;
#4296 = CARTESIAN_POINT ( 'NONE',  ( 49.22038510212523477, 7.439616899298904684, 102.3035213385645648 ) ) ;
#4297 = CARTESIAN_POINT ( 'NONE',  ( 62.29741611293097492, 6.085701237993685453, 169.0110750740829531 ) ) ;
#4298 = CARTESIAN_POINT ( 'NONE',  ( 53.48293986000437172, 9.888528016976176005, 165.2327521593129234 ) ) ;
#4299 = ORIENTED_EDGE ( 'NONE', *, *, #4211, .T. ) ;
#4300 = CARTESIAN_POINT ( 'NONE',  ( 61.45943834815970774, 6.912498802143682397, 150.5550760751945063 ) ) ;
#4301 = CARTESIAN_POINT ( 'NONE',  ( 58.35242213592510296, 9.439016129251291076, 166.9910963390490792 ) ) ;
#4302 = CARTESIAN_POINT ( 'NONE',  ( 47.14434652862087916, 6.216953614653163207, 149.8802364144425781 ) ) ;
#4303 = CARTESIAN_POINT ( 'NONE',  ( 59.79932442817604255, 8.791135339016346251, 153.7710475983793401 ) ) ;
#4304 = CARTESIAN_POINT ( 'NONE',  ( 46.10526860420971929, 4.569927716203982193, 133.9955377198046165 ) ) ;
#4305 = CARTESIAN_POINT ( 'NONE',  ( 58.35242213592309923, 9.439016129251339038, 129.0606898632118487 ) ) ;
#4306 = CARTESIAN_POINT ( 'NONE',  ( 57.85158107991609455, 9.603328847306631388, 92.26273799810056175 ) ) ;
#4307 = CARTESIAN_POINT ( 'NONE',  ( 61.43619233774219168, 7.661981918423459881, 154.9776481170078171 ) ) ;
#4308 = CARTESIAN_POINT ( 'NONE',  ( 49.23976583389093520, 8.181187081191511723, 129.4304721016596886 ) ) ;
#4309 = CARTESIAN_POINT ( 'NONE',  ( 46.70499091778350476, 5.588362383419043233, 156.1712208924621734 ) ) ;
#4310 = CARTESIAN_POINT ( 'NONE',  ( 54.71122797480393984, 9.185570436763896396, 117.1618483002234967 ) ) ;
#4311 = CARTESIAN_POINT ( 'NONE',  ( 62.17709447728577032, 6.214962128436965827, 118.9442930059472445 ) ) ;
#4312 = CARTESIAN_POINT ( 'NONE',  ( 49.07412391582328581, 8.060015753289961893, 154.0833028287081845 ) ) ;
#4313 = CARTESIAN_POINT ( 'NONE',  ( 55.11503236896497526, 10.01711070217758248, 127.9714800988652428 ) ) ;
#4314 = B_SPLINE_CURVE_WITH_KNOTS ( 'NONE', 3,
 ( #988, #630, #3957, #676, #2138, #3608, #4656, #1756, #266, #1408, #2843, #4284, #1013, #3248, #4703, #2474, #4398, #2580, #510, #2314, #3038, #4532, #4143, #1612, #2690, #3818, #1550, #531, #1197, #1262, #1572, #4440, #1240, #4510, #4488, #1953, #4104, #2648, #828, #3077, #2717, #2990, #866, #808, #1221, #4170, #454, #1975, #2293, #141, #3433, #58, #97, #2336 ),
 .UNSPECIFIED., .F., .F.,
 ( 4, 2, 2, 2, 2, 2, 2, 2, 2, 2, 2, 2, 2, 2, 2, 2, 2, 2, 2, 2, 2, 2, 2, 2, 2, 2, 4 ),
 ( 0.02457876105883210344, 0.02544304615895617849, 0.02630733125908025008, 0.02803590145932837938, 0.02890018655945245096, 0.02976447165957652602, 0.03149304185982467613, 0.03235732695994873731, 0.03322161206007280543, 0.03495018226032092779, 0.03667875246056905014, 0.03754303756069309744, 0.03840732266081715168, 0.03927160776094120592, 0.04013589286106525322, 0.04100017796118930746, 0.04186446306131336170, 0.04272874816143741594, 0.04359303326156147018, 0.04445731836168552442, 0.04532160346180957172, 0.04618588856193362596, 0.04705017366205767326, 0.04877874386230579562, 0.04964302896242986374, 0.05050731406255391798, 0.05223588426280205421 ),
 .UNSPECIFIED. ) ;
#4315 = CARTESIAN_POINT ( 'NONE',  ( 48.10216372359207071, 6.507083401393679800, 106.6139157132452340 ) ) ;
#4316 = CARTESIAN_POINT ( 'NONE',  ( 60.70258280987796695, 8.219798796341827085, 115.4262815807294515 ) ) ;
#4317 = AXIS2_PLACEMENT_3D ( 'NONE', #133, #3633, #4631 ) ;
#4318 = CARTESIAN_POINT ( 'NONE',  ( 61.30346554873307241, 7.768107426935858761, 127.1968895641328317 ) ) ;
#4319 = CARTESIAN_POINT ( 'NONE',  ( 59.90799249476170019, 8.717386969899811433, 152.2684211061880148 ) ) ;
#4320 = CIRCLE ( 'NONE', #3647, 75.00000000000001421 ) ;
#4321 = PRODUCT_DEFINITION_CONTEXT ( 'detailed design', #1924, 'design' ) ;
#4322 = DIRECTION ( 'NONE',  ( 1.224646799147353207E-16, 1.000000000000000000, -0.000000000000000000 ) ) ;
#4323 = CARTESIAN_POINT ( 'NONE',  ( -72.00000000000001421, 9.001153973733047589E-15, 80.00000000000000000 ) ) ;
#4324 = CARTESIAN_POINT ( 'NONE',  ( 50.54836920980484649, 8.208647717285099787, 105.4549091224967299 ) ) ;
#4325 = AXIS2_PLACEMENT_3D ( 'NONE', #4116, #2369, #3900 ) ;
#4326 = VERTEX_POINT ( 'NONE', #3057 ) ;
#4327 = CARTESIAN_POINT ( 'NONE',  ( 46.63586205828391229, 5.509120316697030617, 100.0331633510853635 ) ) ;
#4328 = TOROIDAL_SURFACE ( 'NONE', #2957, 72.00000000000001421, 3.000000000000000000 ) ;
#4329 = CARTESIAN_POINT ( 'NONE',  ( 63.87457847529200450, 4.608941689278579723, 98.73347134258487756 ) ) ;
#4330 = EDGE_LOOP ( 'NONE', ( #3871, #3345 ) ) ;
#4331 = CARTESIAN_POINT ( 'NONE',  ( 62.27048231516928922, 6.109561499515161920, 149.7086729748366452 ) ) ;
#4332 = CARTESIAN_POINT ( 'NONE',  ( 63.38105570105263809, 5.470257608448018338, 175.0454771563008194 ) ) ;
#4333 = CARTESIAN_POINT ( 'NONE',  ( -8.485281374238571317, -2.999999999999999112, -10.00000000000000178 ) ) ;
#4334 = CARTESIAN_POINT ( 'NONE',  ( 46.63980147176543767, 5.489510882107158096, 131.0292634033305035 ) ) ;
#4335 = EDGE_CURVE ( 'NONE', #4417, #1151, #1994, .T. ) ;
#4336 = CARTESIAN_POINT ( 'NONE',  ( 51.96200554878886635, 9.527360060080148685, 128.2733071221080365 ) ) ;
#4337 = CARTESIAN_POINT ( 'NONE',  ( 62.81876818805740470, 6.252212526734406417, 101.2661968948930280 ) ) ;
#4338 = CARTESIAN_POINT ( 'NONE',  ( 62.97778315077307099, 5.161202783021797913, 158.5463360268815052 ) ) ;
#4339 = DIRECTION ( 'NONE',  ( -0.000000000000000000, -0.000000000000000000, -1.000000000000000000 ) ) ;
#4340 = CARTESIAN_POINT ( 'NONE',  ( 47.44831991124967630, 5.768367987459987134, 156.8850290652915191 ) ) ;
#4341 = CARTESIAN_POINT ( 'NONE',  ( 50.31798015403916935, 8.095541075609277826, 154.7839900161683033 ) ) ;
#4342 = CARTESIAN_POINT ( 'NONE',  ( 61.76618412459738039, 6.635613735739713803, 113.6680415657934731 ) ) ;
#4343 = CARTESIAN_POINT ( 'NONE',  ( 48.67547064135631985, 7.026353159813990779, 175.9335925727931169 ) ) ;
#4344 = CARTESIAN_POINT ( 'NONE',  ( 62.93427912261702062, 5.231429025161109081, 99.23961152831635957 ) ) ;
#4345 = CARTESIAN_POINT ( 'NONE',  ( 55.00000000000000000, 0.000000000000000000, 82.00000000000000000 ) ) ;
#4346 = CARTESIAN_POINT ( 'NONE',  ( 52.74652246259466182, 8.959835480746896508, 141.8490247753064182 ) ) ;
#4347 = CARTESIAN_POINT ( 'NONE',  ( 46.29088375771888053, 4.916106145286660123, 123.9831141016518359 ) ) ;
#4348 = CARTESIAN_POINT ( 'NONE',  ( 49.17807218654871093, 7.421430468857020735, 142.4949150964019680 ) ) ;
#4349 = ORIENTED_EDGE ( 'NONE', *, *, #2430, .F. ) ;
#4350 = DIRECTION ( 'NONE',  ( 0.9487581048920077365, -0.3052490498131681940, -0.08173784918802359800 ) ) ;
#4351 = CARTESIAN_POINT ( 'NONE',  ( 46.92594337315514252, 5.903099134265812786, 168.4016163609960870 ) ) ;
#4352 = CARTESIAN_POINT ( 'NONE',  ( 58.00222507193221588, 9.538903794036244221, 164.3786551977505610 ) ) ;
#4353 = ORIENTED_EDGE ( 'NONE', *, *, #3592, .F. ) ;
#4354 = CARTESIAN_POINT ( 'NONE',  ( 63.89332229013518116, 4.572680490137860154, 146.8726718576937174 ) ) ;
#4355 = CARTESIAN_POINT ( 'NONE',  ( 60.02353302548198144, 8.665952819951360908, 166.4590062166984694 ) ) ;
#4356 = CARTESIAN_POINT ( 'NONE',  ( 55.00000000000000000, 0.000000000000000000, 80.00000000000000000 ) ) ;
#4357 = CARTESIAN_POINT ( 'NONE',  ( 47.10930947318937001, 6.147448320609533390, 130.1955481556226459 ) ) ;
#4358 = DIRECTION ( 'NONE',  ( 1.000000000000000000, 0.000000000000000000, 0.000000000000000000 ) ) ;
#4359 = CARTESIAN_POINT ( 'NONE',  ( 46.71754088119079995, 5.630268077805699711, 119.8548930274360060 ) ) ;
#4360 = CARTESIAN_POINT ( 'NONE',  ( 63.46987679768056978, 5.347783483073815347, 96.56429789893958571 ) ) ;
#4361 = SURFACE_STYLE_FILL_AREA ( #2914 ) ;
#4362 = CARTESIAN_POINT ( 'NONE',  ( 63.41151093087812995, 5.421836002780007213, 162.3244807898108206 ) ) ;
#4363 = CARTESIAN_POINT ( 'NONE',  ( 55.10291375400684188, 10.00367418119094864, 140.8192108104050533 ) ) ;
#4364 = CARTESIAN_POINT ( 'NONE',  ( 48.54839951417342547, 6.919195222741101325, 155.5118474849752772 ) ) ;
#4365 = CARTESIAN_POINT ( 'NONE',  ( 53.08248765452830042, 9.831420915287734985, 128.2067907015267565 ) ) ;
#4366 = B_SPLINE_CURVE_WITH_KNOTS ( 'NONE', 3,
 ( #445, #2570, #4365, #2548, #4, #1100, #2590, #4009, #729, #1119, #4386, #752, #2215, #3679, #1852, #2978, #3314, #1496, #1938, #4496, #3065, #878, #1229, #2005, #2730, #2366, #2699, #3827, #925, #1620, #3378, #84, #2681, #2658, #1558, #4568, #1962, #4518, #4180, #2755, #108, #3045, #902, #178, #4134, #4153, #1984, #3420, #541, #4474, #1249, #463 ),
 .UNSPECIFIED., .F., .F.,
 ( 4, 2, 2, 2, 2, 2, 2, 2, 2, 2, 2, 2, 2, 2, 2, 2, 2, 2, 2, 2, 2, 2, 2, 2, 2, 4 ),
 ( 0.05223588426280195013, 0.05396372264429206977, 0.05482764183503712613, 0.05569156102578218248, 0.05741939940727230213, 0.05914723778876242177, 0.06087507617025253448, 0.06260291455174266106, 0.06346683374248769660, 0.06433075293323274602, 0.06519467212397779543, 0.06605859131472284484, 0.06692251050546789426, 0.06778642969621294367, 0.06865034888695799309, 0.06951426807770304250, 0.07037818726844809192, 0.07124210645919314133, 0.07296994484068324016, 0.07469778322217332511, 0.07556170241291840228, 0.07642562160366346558, 0.07728954079440852887, 0.07815345998515359216, 0.07901737917589865545, 0.07988129836664371874 ),
 .UNSPECIFIED. ) ;
#4367 = CARTESIAN_POINT ( 'NONE',  ( 49.46354180470486739, 8.334154943298310414, 154.6545720547772191 ) ) ;
#4368 = CARTESIAN_POINT ( 'NONE',  ( 62.27048231517024135, 6.109561499516651395, 113.0709131854980711 ) ) ;
#4369 = CARTESIAN_POINT ( 'NONE',  ( 48.90870446191338772, 7.211419073120946877, 126.1450551415169485 ) ) ;
#4370 = CARTESIAN_POINT ( 'NONE',  ( 62.98887492128402243, 5.140485163505275068, 98.75785324233454787 ) ) ;
#4371 = ADVANCED_FACE ( 'NONE', ( #2405 ), #3484, .T. ) ;
#4372 = CARTESIAN_POINT ( 'NONE',  ( 61.19061488377202096, 7.134348954715199476, 150.7290586961815393 ) ) ;
#4373 = CARTESIAN_POINT ( 'NONE',  ( 51.25404505870223204, 8.520488222447763604, 105.3340509605301634 ) ) ;
#4374 = CARTESIAN_POINT ( 'NONE',  ( 46.16176466828637359, 4.678922439602984262, 173.0841629561326727 ) ) ;
#4375 = ORIENTED_EDGE ( 'NONE', *, *, #584, .T. ) ;
#4376 = CARTESIAN_POINT ( 'NONE',  ( 59.90799249476170019, 8.717386969899816762, 103.6335158348163930 ) ) ;
#4377 = CARTESIAN_POINT ( 'NONE',  ( 47.05165498302822868, 6.072516980860683589, 168.2071461094641336 ) ) ;
#4378 = ORIENTED_EDGE ( 'NONE', *, *, #4266, .T. ) ;
#4379 = CARTESIAN_POINT ( 'NONE',  ( 62.02447327112414399, 7.122380878684409389, 167.2809946784939541 ) ) ;
#4380 = CARTESIAN_POINT ( 'NONE',  ( 63.57787077003543175, 5.141675847478177630, 156.9257868241066376 ) ) ;
#4381 = CARTESIAN_POINT ( 'NONE',  ( 54.90416333445995178, 10.00405934357570814, 128.1756754917693399 ) ) ;
#4382 = CARTESIAN_POINT ( 'NONE',  ( 62.57035984036694742, 5.752953572802073090, 100.5516863008964350 ) ) ;
#4383 = CARTESIAN_POINT ( 'NONE',  ( 62.68098186897004354, 5.606088688006764187, 157.1573003736616272 ) ) ;
#4384 = CARTESIAN_POINT ( 'NONE',  ( 63.85989481328429918, 4.637307061425777199, 160.3279489363351615 ) ) ;
#4385 = CARTESIAN_POINT ( 'NONE',  ( 46.40446237705936028, 5.146230865020744893, 159.9281516047463754 ) ) ;
#4386 = CARTESIAN_POINT ( 'NONE',  ( 58.23112698503749129, 9.480961745827869436, 128.2810238312059710 ) ) ;
#4387 = CARTESIAN_POINT ( 'NONE',  ( 61.29143622900042487, 7.053441480790531237, 126.0271311393803870 ) ) ;
#4388 = CARTESIAN_POINT ( 'NONE',  ( 61.39914901153361626, 7.692893283999751475, 114.4746683919384935 ) ) ;
#4389 = CARTESIAN_POINT ( 'NONE',  ( 46.74206454131739008, 5.643327814770417561, 94.81479533871994647 ) ) ;
#4390 = CARTESIAN_POINT ( 'NONE',  ( 49.61829516912752069, 7.701694252334501556, 176.3806522271676727 ) ) ;
#4391 = CARTESIAN_POINT ( 'NONE',  ( 58.23492339567820864, 8.697871510119060900, 102.8750742739954376 ) ) ;
#4392 = CARTESIAN_POINT ( 'NONE',  ( 59.37331677881270764, 8.244944847646342723, 151.3509667234922631 ) ) ;
#4393 = CARTESIAN_POINT ( 'NONE',  ( 50.31798015404012858, 8.095541075609819615, 105.5027614015481987 ) ) ;
#4394 = CARTESIAN_POINT ( 'NONE',  ( 47.56380284655797652, 6.690788063413678266, 167.6132453238562050 ) ) ;
#4395 = AXIS2_PLACEMENT_3D ( 'NONE', #715, #2175, #359 ) ;
#4396 = CARTESIAN_POINT ( 'NONE',  ( 52.51802033711725670, 9.704656796120449513, 92.23935308105755837 ) ) ;
#4397 = CARTESIAN_POINT ( 'NONE',  ( 47.72826916505569272, 6.877641722268706737, 168.1753153600585904 ) ) ;
#4398 = CARTESIAN_POINT ( 'NONE',  ( 49.96884337090178008, 8.646839764344267820, 115.6047318070442458 ) ) ;
#4399 = CARTESIAN_POINT ( 'NONE',  ( 55.21219620077408763, 10.01435648357947805, 165.2550714500903268 ) ) ;
#4400 = ORIENTED_EDGE ( 'NONE', *, *, #3427, .F. ) ;
#4401 = CARTESIAN_POINT ( 'NONE',  ( 59.18677435814226584, 9.100308133751410011, 152.4021460143764841 ) ) ;
#4402 = CARTESIAN_POINT ( 'NONE',  ( 63.87399785250332229, 4.610057315488592877, 171.3480784800825631 ) ) ;
#4403 = CARTESIAN_POINT ( 'NONE',  ( 59.40353527577838832, 8.982767000573467442, 165.0037774971106046 ) ) ;
#4404 = CARTESIAN_POINT ( 'NONE',  ( 56.52132416758045252, 9.092161871277452789, 129.1765826328652906 ) ) ;
#4405 = CARTESIAN_POINT ( 'NONE',  ( 62.83680385006579883, 6.229736006479432930, 94.92075321906624197 ) ) ;
#4406 = FILL_AREA_STYLE_COLOUR ( '', #3122 ) ;
#4407 = CARTESIAN_POINT ( 'NONE',  ( 63.29618881369087546, 5.612132729244781792, 161.5790644626875121 ) ) ;
#4408 = CARTESIAN_POINT ( 'NONE',  ( 47.33515826933668080, 5.618959084976742346, 100.2711539108993577 ) ) ;
#4409 = CARTESIAN_POINT ( 'NONE',  ( 52.02184882211762584, 9.546442316987480581, 154.3361887123330973 ) ) ;
#4410 = CARTESIAN_POINT ( 'NONE',  ( 52.21454945889594512, 9.621850444451913731, 139.1044788966414956 ) ) ;
#4411 = CARTESIAN_POINT ( 'NONE',  ( 47.17548855091947502, 6.231598964148735043, 102.0427567919724225 ) ) ;
#4412 = CARTESIAN_POINT ( 'NONE',  ( 48.36597076998565825, 7.487464528672327368, 164.3190752169171276 ) ) ;
#4413 = CARTESIAN_POINT ( 'NONE',  ( 47.30100110723113715, 6.385602027046437534, 176.1173045725685711 ) ) ;
#4414 = CARTESIAN_POINT ( 'NONE',  ( 62.05491934609038651, 6.358768436816354175, 94.76094525701387283 ) ) ;
#4415 = CARTESIAN_POINT ( 'NONE',  ( 0.000000000000000000, 0.000000000000000000, 80.00000000000000000 ) ) ;
#4416 = CARTESIAN_POINT ( 'NONE',  ( 49.14993703466949171, 8.115027429206341125, 116.7728470476516804 ) ) ;
#4417 = VERTEX_POINT ( 'NONE', #1337 ) ;
#4418 = CARTESIAN_POINT ( 'NONE',  ( 43.00000000000000000, 1.469576158976823947E-15, 80.00000000000000000 ) ) ;
#4419 = CARTESIAN_POINT ( 'NONE',  ( 47.18533296369286489, 6.257259080691541797, 168.8088051055701726 ) ) ;
#4420 = CARTESIAN_POINT ( 'NONE',  ( 47.33573746969653229, 6.427342441339829016, 129.9156438549298400 ) ) ;
#4421 = CARTESIAN_POINT ( 'NONE',  ( 46.12550277891863004, 4.609098068777188750, 158.7037759492324085 ) ) ;
#4422 = ORIENTED_EDGE ( 'NONE', *, *, #2442, .T. ) ;
#4423 = CARTESIAN_POINT ( 'NONE',  ( 60.70258280987687982, 8.219798796342537628, 152.0640413700720615 ) ) ;
#4424 = CARTESIAN_POINT ( 'NONE',  ( 61.79213143778931538, 6.610875607894998396, 168.4341744420756868 ) ) ;
#4425 = CARTESIAN_POINT ( 'NONE',  ( 60.15339356562069639, 8.574532902683216662, 164.8580987757640344 ) ) ;
#4426 = CARTESIAN_POINT ( 'NONE',  ( 61.23737090043958631, 7.824552775041316188, 129.6018016363445042 ) ) ;
#4427 = CARTESIAN_POINT ( 'NONE',  ( 48.22970048142050814, 7.369820596813167590, 117.8748872713297260 ) ) ;
#4428 = CARTESIAN_POINT ( 'NONE',  ( 63.85378290661060419, 4.649193877432691302, 97.15976541752750961 ) ) ;
#4429 = CARTESIAN_POINT ( 'NONE',  ( 60.52839901057090799, 7.608447105109964248, 155.0314217628070992 ) ) ;
#4430 = EDGE_CURVE ( 'NONE', #1151, #567, #3510, .T. ) ;
#4431 = CARTESIAN_POINT ( 'NONE',  ( 47.20004543314379930, 5.429916762065578162, 99.83048985202509584 ) ) ;
#4432 = CARTESIAN_POINT ( 'NONE',  ( 48.57820566931665951, 7.670720439902180665, 139.1397451834761512 ) ) ;
#4433 = CARTESIAN_POINT ( 'NONE',  ( 9.000000000000001776, 1.102182119232617911E-15, 50.00000000000000000 ) ) ;
#4434 = CARTESIAN_POINT ( 'NONE',  ( 47.12589686711697112, 5.319791508086457732, 160.7764258138338391 ) ) ;
#4435 = CARTESIAN_POINT ( 'NONE',  ( 46.14580582867390035, 4.648409528945403935, 172.9168505139535625 ) ) ;
#4436 = CARTESIAN_POINT ( 'NONE',  ( 48.48880280955603439, 7.609989398650001569, 166.9590479960435800 ) ) ;
#4437 = ORIENTED_EDGE ( 'NONE', *, *, #4203, .T. ) ;
#4438 = FACE_BOUND ( 'NONE', #2489, .T. ) ;
#4439 = CARTESIAN_POINT ( 'NONE',  ( 47.83155501481279259, 6.976824870295700087, 167.3860941193821361 ) ) ;
#4440 = CARTESIAN_POINT ( 'NONE',  ( 46.10713990509116655, 4.573616144772625347, 110.2904512367027650 ) ) ;
#4441 = CARTESIAN_POINT ( 'NONE',  ( 46.13512906107680323, 4.627633147039781569, 160.1497972017016025 ) ) ;
#4442 = ORIENTED_EDGE ( 'NONE', *, *, #2878, .F. ) ;
#4443 = CARTESIAN_POINT ( 'NONE',  ( 62.97778315077307099, 5.161202783021793472, 109.2651074122616848 ) ) ;
#4444 = CARTESIAN_POINT ( 'NONE',  ( 60.98315074442902528, 8.017572207115536642, 166.7476301582144629 ) ) ;
#4445 = CARTESIAN_POINT ( 'NONE',  ( 54.00523880405392418, 9.954870709626963077, 140.8275995524852249 ) ) ;
#4446 = CARTESIAN_POINT ( 'NONE',  ( 49.87721400366522317, 7.856965253421124729, 154.8971790515702196 ) ) ;
#4447 = CARTESIAN_POINT ( 'NONE',  ( 62.98659806707387787, 5.144119556594932696, 133.5265634674090620 ) ) ;
#4448 = PRESENTATION_STYLE_ASSIGNMENT (( #2973 ) ) ;
#4449 = CARTESIAN_POINT ( 'NONE',  ( 50.93650512536311936, 9.155526916509732160, 117.1152457841355812 ) ) ;
#4450 = CARTESIAN_POINT ( 'NONE',  ( 61.99048469832031572, 7.155819881794965198, 102.8234913415678591 ) ) ;
#4451 = CARTESIAN_POINT ( 'NONE',  ( 49.87721400366428526, 7.856965253421128281, 142.2537102262911333 ) ) ;
#4452 = CARTESIAN_POINT ( 'NONE',  ( 48.54839951417250177, 6.919195222738994566, 94.23347338832648745 ) ) ;
#4453 = CARTESIAN_POINT ( 'NONE',  ( 47.96114348693996732, 6.363352376660666998, 101.3868431796154397 ) ) ;
#4454 = DIRECTION ( 'NONE',  ( 1.000000000000000000, 0.000000000000000000, 0.000000000000000000 ) ) ;
#4455 = CARTESIAN_POINT ( 'NONE',  ( 49.61829516912939653, 7.701694252335199664, 138.4502457513308400 ) ) ;
#4456 = CARTESIAN_POINT ( 'NONE',  ( 47.98355310021061371, 7.145972725545919779, 102.8283211549365745 ) ) ;
#4457 = CARTESIAN_POINT ( 'NONE',  ( 52.74652246259468313, 8.959835480746900060, 93.21411950393475365 ) ) ;
#4458 = CARTESIAN_POINT ( 'NONE',  ( 56.69036018613955008, 9.874113734708618750, 104.2034040375799151 ) ) ;
#4459 = CARTESIAN_POINT ( 'NONE',  ( 55.71004181103614172, 9.992751823519229859, 165.2517957276920697 ) ) ;
#4460 = EDGE_LOOP ( 'NONE', ( #4668, #382 ) ) ;
#4461 = CARTESIAN_POINT ( 'NONE',  ( 47.00567567153770199, 5.131674157883345799, 133.6431434742358704 ) ) ;
#4462 = CARTESIAN_POINT ( 'NONE',  ( 0.000000000000000000, 0.000000000000000000, 48.00000000000000000 ) ) ;
#4463 = EDGE_LOOP ( 'NONE', ( #2030, #2272, #2182, #2294, #142, #2774 ) ) ;
#4464 = CARTESIAN_POINT ( 'NONE',  ( 59.69381523861598282, 8.089515256466434323, 151.2857814827207505 ) ) ;
#4465 = CARTESIAN_POINT ( 'NONE',  ( 61.39914901153549920, 7.692893284000003717, 176.3993658318393614 ) ) ;
#4466 = CARTESIAN_POINT ( 'NONE',  ( 59.90799249476172150, 8.717386969899800775, 164.9118899314671296 ) ) ;
#4467 = CARTESIAN_POINT ( 'NONE',  ( 49.07439611020419790, 7.335274796789880369, 155.2013438029943302 ) ) ;
#4468 = CARTESIAN_POINT ( 'NONE',  ( 63.61413366666759828, 5.115654126322669804, 134.2110470796225457 ) ) ;
#4469 = APPLICATION_PROTOCOL_DEFINITION ( 'draft international standard', 'automotive_design', 1998, #1924 ) ;
#4470 = CARTESIAN_POINT ( 'NONE',  ( 57.49307983565400804, 9.702713830324215749, 115.9167078884443640 ) ) ;
#4471 = CARTESIAN_POINT ( 'NONE',  ( 47.53449182484400382, 5.877848357450971228, 144.0588749903018595 ) ) ;
#4472 = CARTESIAN_POINT ( 'NONE',  ( 46.26136208797633032, 4.863032493311898463, 96.32138573911115031 ) ) ;
#4473 = EDGE_CURVE ( 'NONE', #2581, #1199, #1634, .T. ) ;
#4474 = CARTESIAN_POINT ( 'NONE',  ( 58.61288553951351332, 9.328998685859465567, 139.8191677566521776 ) ) ;
#4475 = CARTESIAN_POINT ( 'NONE',  ( 52.15695605312591709, 9.605936010544313675, 152.5319246466212064 ) ) ;
#4476 = CARTESIAN_POINT ( 'NONE',  ( 58.06273883976849959, 9.519434373920200088, 177.7972355571899925 ) ) ;
#4477 = AXIS2_PLACEMENT_3D ( 'NONE', #337, #3264, #1086 ) ;
#4478 = CARTESIAN_POINT ( 'NONE',  ( 60.81497358516358531, 8.142454249387771625, 154.7343516086852162 ) ) ;
#4479 = CARTESIAN_POINT ( 'NONE',  ( 57.49307983565685731, 9.702713830323300925, 139.9109988525318613 ) ) ;
#4480 = DIRECTION ( 'NONE',  ( 0.000000000000000000, 0.000000000000000000, -1.000000000000000000 ) ) ;
#4481 = CARTESIAN_POINT ( 'NONE',  ( 55.70345532960209312, 9.175000524501763621, 93.16958513944082654 ) ) ;
#4482 = CARTESIAN_POINT ( 'NONE',  ( 52.02184882211765427, 9.546442316987482357, 105.0549600977132485 ) ) ;
#4483 = CARTESIAN_POINT ( 'NONE',  ( 54.32793912715418827, 9.176892457048356988, 151.6248497824868764 ) ) ;
#4484 = CARTESIAN_POINT ( 'NONE',  ( 62.82623419856273017, 6.229347768265532714, 118.1131297698219811 ) ) ;
#4485 = VERTEX_POINT ( 'NONE', #166 ) ;
#4486 = CARTESIAN_POINT ( 'NONE',  ( 56.10150447837806809, 9.957105667169980023, 140.8272448492190279 ) ) ;
#4487 = CARTESIAN_POINT ( 'NONE',  ( 57.75646495579155726, 8.826152350266362134, 138.9008610316518002 ) ) ;
#4488 = CARTESIAN_POINT ( 'NONE',  ( 46.14812295651539387, 4.652930455139867583, 109.1301430633360923 ) ) ;
#4489 = ORIENTED_EDGE ( 'NONE', *, *, #2430, .T. ) ;
#4490 = CARTESIAN_POINT ( 'NONE',  ( 62.96129326636309997, 6.054778097764092593, 142.9391647368863687 ) ) ;
#4491 = CARTESIAN_POINT ( 'NONE',  ( 58.00222507193292643, 9.538903794036022177, 103.1002811010998386 ) ) ;
#4492 = CARTESIAN_POINT ( 'NONE',  ( 62.30828731379592966, 6.839066913562145800, 130.2781957544098077 ) ) ;
#4493 = SHAPE_DEFINITION_REPRESENTATION ( #813, #1870 ) ;
#4494 = CARTESIAN_POINT ( 'NONE',  ( 47.83155501481279259, 6.976824870295700087, 142.0991564688239635 ) ) ;
#4495 = CARTESIAN_POINT ( 'NONE',  ( 47.57908177531892591, 6.716785288499006690, 94.39677051740753200 ) ) ;
#4496 = CARTESIAN_POINT ( 'NONE',  ( 62.82623419856273017, 6.229347768265514063, 130.1102752518528121 ) ) ;
#4497 = CARTESIAN_POINT ( 'NONE',  ( 48.67547064135631985, 7.026353159813990779, 150.6466549222349443 ) ) ;
#4498 = CARTESIAN_POINT ( 'NONE',  ( 58.27357708810923498, 8.687507960559301523, 126.8665901458774528 ) ) ;
#4499 = CARTESIAN_POINT ( 'NONE',  ( 60.58990184077738661, 8.298400260850351984, 154.6689054299270083 ) ) ;
#4500 = CARTESIAN_POINT ( 'NONE',  ( 49.97550783295201882, 8.665376909637386049, 139.6132183676539285 ) ) ;
#4501 = CARTESIAN_POINT ( 'NONE',  ( 51.96200554878889477, 9.527360060080152238, 92.28187067601552940 ) ) ;
#4502 = CARTESIAN_POINT ( 'NONE',  ( 46.20871973579079395, 4.766325302417082632, 148.1590036058751991 ) ) ;
#4503 = CARTESIAN_POINT ( 'NONE',  ( 60.02353302548366543, 8.665952819950245356, 116.5314542588378259 ) ) ;
#4504 = EDGE_CURVE ( 'NONE', #3460, #3571, #740, .T. ) ;
#4505 = CARTESIAN_POINT ( 'NONE',  ( 57.79376854830035626, 9.619365640420484809, 105.0435813323480971 ) ) ;
#4506 = CARTESIAN_POINT ( 'NONE',  ( 49.09505511654217003, 7.350439145486641124, 150.8806374071043876 ) ) ;
#4507 = CARTESIAN_POINT ( 'NONE',  ( 59.29370975856890880, 9.049468146165239091, 116.4045751421910921 ) ) ;
#4508 = ORIENTED_EDGE ( 'NONE', *, *, #4473, .T. ) ;
#4509 = CARTESIAN_POINT ( 'NONE',  ( 52.37330849492779095, 8.872119490500683270, 138.9152311565222533 ) ) ;
#4510 = CARTESIAN_POINT ( 'NONE',  ( 46.12550277891862294, 4.609098068777195856, 109.4225473346125597 ) ) ;
#4511 = ORIENTED_EDGE ( 'NONE', *, *, #1606, .T. ) ;
#4512 = CARTESIAN_POINT ( 'NONE',  ( 60.08000899815937856, 8.619416666745689071, 176.8086329882897587 ) ) ;
#4513 = CARTESIAN_POINT ( 'NONE',  ( 47.12589686711696402, 5.319791508085174314, 148.1329569885510011 ) ) ;
#4514 = CARTESIAN_POINT ( 'NONE',  ( 62.17709447728485372, 6.214962128437405475, 130.9414384879775923 ) ) ;
#4515 = CARTESIAN_POINT ( 'NONE',  ( 47.83155501481329708, 6.976824870296233883, 117.4585421615140888 ) ) ;
#4516 = CARTESIAN_POINT ( 'NONE',  ( 47.01635969087064382, 5.148870740344166919, 146.1279746943357623 ) ) ;
#4517 = CARTESIAN_POINT ( 'NONE',  ( 49.07412391582410294, 8.060015753290604934, 92.80492873206124216 ) ) ;
#4518 = CARTESIAN_POINT ( 'NONE',  ( 62.90854613541826978, 6.133572449306401886, 137.9586901884966608 ) ) ;
#4519 = CARTESIAN_POINT ( 'NONE',  ( 50.41981227463384130, 8.156482125065451783, 154.7547488985644009 ) ) ;
#4520 = CARTESIAN_POINT ( 'NONE',  ( 48.51188005366436329, 6.887692065454699808, 150.5342141330447134 ) ) ;
#4521 = APPLICATION_CONTEXT ( 'automotive_design' ) ;
#4522 = CARTESIAN_POINT ( 'NONE',  ( 58.35242213592309923, 9.439016129251339038, 154.3476275137700213 ) ) ;
#4523 = CARTESIAN_POINT ( 'NONE',  ( 46.88239209525801243, 5.857169171159078758, 137.6390388968176524 ) ) ;
#4524 = DIRECTION ( 'NONE',  ( 0.000000000000000000, 0.000000000000000000, 1.000000000000000000 ) ) ;
#4525 = CARTESIAN_POINT ( 'NONE',  ( 63.85378290661060419, 4.649193877432691302, 109.1569108995583548 ) ) ;
#4526 = CARTESIAN_POINT ( 'NONE',  ( 47.06432823508514218, 5.225299163989128637, 147.7664334431470365 ) ) ;
#4527 = CARTESIAN_POINT ( 'NONE',  ( 56.78831919319968335, 9.048678585008563147, 164.2423354263534918 ) ) ;
#4528 = CARTESIAN_POINT ( 'NONE',  ( 58.35242213592510296, 9.439016129251291076, 141.7041586884909066 ) ) ;
#4529 = CARTESIAN_POINT ( 'NONE',  ( 58.23492339567822995, 8.697871510119057348, 138.8665107200879447 ) ) ;
#4530 = DIRECTION ( 'NONE',  ( 1.000000000000000000, 0.000000000000000000, -0.000000000000000000 ) ) ;
#4531 = DIRECTION ( 'NONE',  ( -1.000000000000000000, 2.620428211445327472E-16, -0.000000000000000000 ) ) ;
#4532 = CARTESIAN_POINT ( 'NONE',  ( 47.17548855091947502, 6.231598964148735043, 114.0399022740032677 ) ) ;
#4533 = CARTESIAN_POINT ( 'NONE',  ( 54.32793912715418827, 9.176892457048356988, 176.9117874330450775 ) ) ;
#4534 = ORIENTED_EDGE ( 'NONE', *, *, #1587, .F. ) ;
#4535 = CARTESIAN_POINT ( 'NONE',  ( 60.86248629064851201, 8.106073365843601053, 152.0112564117575857 ) ) ;
#4536 = CARTESIAN_POINT ( 'NONE',  ( 60.70258280987687982, 8.219798796342537628, 177.3509790206302341 ) ) ;
#4537 = CARTESIAN_POINT ( 'NONE',  ( 60.13232452896350111, 7.851425666620004407, 138.5289805856892258 ) ) ;
#4538 = CARTESIAN_POINT ( 'NONE',  ( 53.32683844740473234, 9.863630171022553128, 115.9468580161276208 ) ) ;
#4539 = CARTESIAN_POINT ( 'NONE',  ( 46.43026670858674976, 5.188603513095934261, 145.8505732037142479 ) ) ;
#4540 = DIRECTION ( 'NONE',  ( 0.000000000000000000, 0.000000000000000000, 1.000000000000000000 ) ) ;
#4541 = CARTESIAN_POINT ( 'NONE',  ( 46.70499091778362555, 5.588362383419216428, 94.89284679580960358 ) ) ;
#4542 = CARTESIAN_POINT ( 'NONE',  ( 62.28731661939787756, 6.090210063079148917, 143.7464513598153530 ) ) ;
#4543 = CARTESIAN_POINT ( 'NONE',  ( 63.20414634103151030, 5.721408139710135288, 168.6308702203395740 ) ) ;
#4544 = CARTESIAN_POINT ( 'NONE',  ( 54.71122797480396827, 9.185570436763894620, 105.1647028181926373 ) ) ;
#4545 = CARTESIAN_POINT ( 'NONE',  ( 47.79097783650875897, 6.934820660454568575, 151.2981590391568716 ) ) ;
#4546 = CARTESIAN_POINT ( 'NONE',  ( 46.14580582867390746, 4.648409528945411040, 134.9864440381163604 ) ) ;
#4547 = CARTESIAN_POINT ( 'NONE',  ( 46.97623356993025112, 5.971584307402399538, 94.39858106222756362 ) ) ;
#4548 = CARTESIAN_POINT ( 'NONE',  ( 57.79376854829913412, 9.619365640423570341, 117.0407268143752191 ) ) ;
#4549 = AXIS2_PLACEMENT_3D ( 'NONE', #1719, #4667, #1399 ) ;
#4550 = CARTESIAN_POINT ( 'NONE',  ( 63.00444313932301554, 5.115342520972758322, 109.9805290603608370 ) ) ;
#4551 = CARTESIAN_POINT ( 'NONE',  ( 56.78831919319966914, 9.048678585008566699, 151.5988666010744339 ) ) ;
#4552 = CARTESIAN_POINT ( 'NONE',  ( 62.96129326636305734, 6.054778097764142331, 118.2985504295763945 ) ) ;
#4553 = EDGE_CURVE ( 'NONE', #3079, #695, #1313, .T. ) ;
#4554 = CARTESIAN_POINT ( 'NONE',  ( 62.12444734203410235, 6.280166015458377160, 137.3054225104960437 ) ) ;
#4555 = CARTESIAN_POINT ( 'NONE',  ( 47.76871044568135716, 6.154331216625173795, 119.0198710261876300 ) ) ;
#4556 = DIRECTION ( 'NONE',  ( -0.000000000000000000, -0.000000000000000000, -1.000000000000000000 ) ) ;
#4557 = CARTESIAN_POINT ( 'NONE',  ( 51.96200554878889477, 9.527360060080152238, 92.28187067601552940 ) ) ;
#4558 = CARTESIAN_POINT ( 'NONE',  ( 48.80306772086800038, 7.139551878607983681, 167.9690548750225787 ) ) ;
#4559 = ORIENTED_EDGE ( 'NONE', *, *, #4076, .T. ) ;
#4560 = DIRECTION ( 'NONE',  ( 0.000000000000000000, 0.000000000000000000, 1.000000000000000000 ) ) ;
#4561 = CARTESIAN_POINT ( 'NONE',  ( 48.20991866401050174, 6.612754048646477756, 101.6485664212027444 ) ) ;
#4562 = CARTESIAN_POINT ( 'NONE',  ( 62.71359680023803662, 5.554425828662548525, 136.1590819197120936 ) ) ;
#4563 = CARTESIAN_POINT ( 'NONE',  ( 47.54578551198010672, 6.680007889701718327, 113.7248357846303577 ) ) ;
#4564 = CARTESIAN_POINT ( 'NONE',  ( 56.19373815769669278, 9.131716844379633713, 167.0993303358999924 ) ) ;
#4565 = CARTESIAN_POINT ( 'NONE',  ( 47.17548855091946791, 6.231598964148735931, 150.6776620633439734 ) ) ;
#4566 = VERTEX_POINT ( 'NONE', #2801 ) ;
#4567 = FACE_OUTER_BOUND ( 'NONE', #3544, .T. ) ;
#4568 = CARTESIAN_POINT ( 'NONE',  ( 63.55293213714019629, 5.187282981401000193, 136.6415034537401709 ) ) ;
#4569 = CARTESIAN_POINT ( 'NONE',  ( 49.17807218654868961, 7.421430468857017182, 155.1383839216810543 ) ) ;
#4570 = DIRECTION ( 'NONE',  ( 1.000000000000000000, 0.000000000000000000, 0.000000000000000000 ) ) ;
#4571 = CARTESIAN_POINT ( 'NONE',  ( 49.25161448254215202, 8.187773419763260563, 152.0493053907740659 ) ) ;
#4572 = CARTESIAN_POINT ( 'NONE',  ( 47.02274622614074673, 5.159411770475973213, 109.3992490089421068 ) ) ;
#4573 = CARTESIAN_POINT ( 'NONE',  ( 46.48699226567633502, 5.279477427231618947, 123.3536838477833584 ) ) ;
#4575 = EDGE_CURVE ( 'NONE', #788, #435, #1121, .T. ) ;
#4574 = CARTESIAN_POINT ( 'NONE',  ( 55.99135403056060056, 9.154405820444951658, 93.17354703750653755 ) ) ;
#4576 = CARTESIAN_POINT ( 'NONE',  ( 62.48345585630950438, 5.855520498815479868, 156.7382396888089602 ) ) ;
#4577 = CARTESIAN_POINT ( 'NONE',  ( 46.21746400961409051, 4.782463703570853930, 132.5692537213017204 ) ) ;
#4578 = CARTESIAN_POINT ( 'NONE',  ( 63.29693824496700216, 5.609128168304291506, 119.8985455843490087 ) ) ;
#4579 = CARTESIAN_POINT ( 'NONE',  ( 53.49415460269935352, 9.084299197820620009, 151.6062631062590640 ) ) ;
#4580 = CARTESIAN_POINT ( 'NONE',  ( 9.000000000000001776, 1.102182119232617911E-15, 48.00000000000000000 ) ) ;
#4581 = CARTESIAN_POINT ( 'NONE',  ( 62.54681270740422860, 6.565732050362204753, 105.7960264395334775 ) ) ;
#4582 = CARTESIAN_POINT ( 'NONE',  ( 54.29926761813657521, 9.167153796515025377, 176.9099131615494969 ) ) ;
#4583 = CARTESIAN_POINT ( 'NONE',  ( 60.82476335134179379, 7.407668578965299844, 126.2779019285561759 ) ) ;
#4584 = CARTESIAN_POINT ( 'NONE',  ( 62.97778315077307099, 5.161202783021797913, 133.2593983763233325 ) ) ;
#4585 = CARTESIAN_POINT ( 'NONE',  ( 59.40353527577835990, 8.982767000573481653, 115.7225488824907842 ) ) ;
#4586 = DIRECTION ( 'NONE',  ( 1.000000000000000000, 2.620428211445327472E-16, 0.000000000000000000 ) ) ;
#4587 = CARTESIAN_POINT ( 'NONE',  ( 47.45766495379729122, 5.780647371009960622, 169.5054082769527213 ) ) ;
#4588 = CARTESIAN_POINT ( 'NONE',  ( 52.15695605312579630, 9.605936010544283477, 103.8970193752533788 ) ) ;
#4589 = CARTESIAN_POINT ( 'NONE',  ( 58.27357708810742309, 8.687507960557645958, 138.8637356279078574 ) ) ;
#4590 = CARTESIAN_POINT ( 'NONE',  ( 48.57820566931802375, 7.670720439903259802, 115.1454542194182409 ) ) ;
#4591 = CARTESIAN_POINT ( 'NONE',  ( 46.12539407974045957, 4.608884198320458481, 147.3583024292025527 ) ) ;
#4592 = CARTESIAN_POINT ( 'NONE',  ( 51.46729491641479370, 9.373555404842342398, 141.7172024231832381 ) ) ;
#4593 = CARTESIAN_POINT ( 'NONE',  ( 46.16176466828637359, 4.678922439602984262, 147.7972253055745284 ) ) ;
#4594 = ORIENTED_EDGE ( 'NONE', *, *, #1051, .F. ) ;
#4595 = CARTESIAN_POINT ( 'NONE',  ( 63.86439915523581590, 4.628538527456438345, 171.2040755165469079 ) ) ;
#4596 = CARTESIAN_POINT ( 'NONE',  ( 60.91257353398655994, 7.344865888633686168, 105.9143106731552706 ) ) ;
#4597 = CARTESIAN_POINT ( 'NONE',  ( 56.93788342832041849, 9.814753274709234532, 139.9318488784846579 ) ) ;
#4598 = EDGE_CURVE ( 'NONE', #3358, #3540, #1956, .T. ) ;
#4599 = CARTESIAN_POINT ( 'NONE',  ( 47.00027721053684360, 5.123089033000377768, 110.3896912313185794 ) ) ;
#4600 = CARTESIAN_POINT ( 'NONE',  ( 46.88239209525817586, 5.857169171159295473, 125.6418934147792754 ) ) ;
#4601 = CARTESIAN_POINT ( 'NONE',  ( 54.02179853933859732, 9.956378943641224666, 93.01543947122482336 ) ) ;
#4602 = CARTESIAN_POINT ( 'NONE',  ( 63.00444313932301554, 5.115342520972878226, 159.2617576749787816 ) ) ;
#4603 = CARTESIAN_POINT ( 'NONE',  ( 46.71754088119363502, 5.630268077808430860, 131.8520385094573442 ) ) ;
#4604 = CARTESIAN_POINT ( 'NONE',  ( 62.56939191889257756, 5.745440497508487177, 119.6418149243777833 ) ) ;
#4605 = CARTESIAN_POINT ( 'NONE',  ( 55.71004181103818809, 9.992751823518959853, 127.9677125950955912 ) ) ;
#4606 = CARTESIAN_POINT ( 'NONE',  ( 46.40832936611305826, 5.152572761275436619, 109.4533842941621486 ) ) ;
#4607 = CARTESIAN_POINT ( 'NONE',  ( 61.42556343030526023, 7.667574031595415285, 105.0097905528043469 ) ) ;
#4608 = CARTESIAN_POINT ( 'NONE',  ( 51.93394707472049276, 8.751944306414937813, 164.1708591837916345 ) ) ;
#4609 = CARTESIAN_POINT ( 'NONE',  ( 54.22140846459099350, 9.974102969058746382, 177.8916103419410319 ) ) ;
#4610 = CARTESIAN_POINT ( 'NONE',  ( 61.19061488377204228, 7.134348954715195923, 138.0855898709024814 ) ) ;
#4611 = CARTESIAN_POINT ( 'NONE',  ( 60.63004872198176542, 8.269379125997870617, 115.4485587482612345 ) ) ;
#4612 = CARTESIAN_POINT ( 'NONE',  ( 58.23492339567822995, 8.697871510119057348, 164.1534483706461742 ) ) ;
#4613 = CARTESIAN_POINT ( 'NONE',  ( 51.96200554878886635, 9.527360060080146908, 153.5602447726662092 ) ) ;
#4614 = EDGE_LOOP ( 'NONE', ( #4648, #1954 ) ) ;
#4615 = CARTESIAN_POINT ( 'NONE',  ( 47.69415288319112989, 6.079453448947234939, 101.0529327659134822 ) ) ;
#4616 = CARTESIAN_POINT ( 'NONE',  ( 58.06273883976852801, 9.519434373920192982, 139.8668290813527335 ) ) ;
#4617 = CARTESIAN_POINT ( 'NONE',  ( 53.49415460269934641, 9.084299197820845606, 114.9685033169183583 ) ) ;
#4618 = CARTESIAN_POINT ( 'NONE',  ( 57.75646495579153594, 8.826152350266365687, 176.8312675074890592 ) ) ;
#4619 = CARTESIAN_POINT ( 'NONE',  ( 57.78599216349047651, 9.608473571095162313, 152.5317560740774070 ) ) ;
#4620 = ORIENTED_EDGE ( 'NONE', *, *, #1108, .T. ) ;
#4621 = CARTESIAN_POINT ( 'NONE',  ( 49.79775572636594916, 8.545286007613478674, 92.59082223481520657 ) ) ;
#4622 = CARTESIAN_POINT ( 'NONE',  ( 62.77416940221394981, 5.466296667093261341, 144.8713925140025083 ) ) ;
#4623 = CARTESIAN_POINT ( 'NONE',  ( 59.40353527577835280, 8.982767000573479876, 177.6472463223897194 ) ) ;
#4624 = CARTESIAN_POINT ( 'NONE',  ( 54.21548994238949604, 9.160893810830717854, 105.1694586972215859 ) ) ;
#4625 = CARTESIAN_POINT ( 'NONE',  ( 48.79945064002177446, 7.864390690084252178, 139.2577051788809968 ) ) ;
#4626 = CARTESIAN_POINT ( 'NONE',  ( 50.75243282530525590, 8.302145291125127002, 114.7361637949805555 ) ) ;
#4627 = VECTOR ( 'NONE', #4556, 1000.000000000000000 ) ;
#4628 = EDGE_CURVE ( 'NONE', #1551, #4417, #2772, .T. ) ;
#4629 = CARTESIAN_POINT ( 'NONE',  ( 62.02447327112441400, 7.122380878684159811, 154.6375258532185910 ) ) ;
#4630 = CARTESIAN_POINT ( 'NONE',  ( 50.93650512536324726, 9.155526916508847535, 129.1123912661815325 ) ) ;
#4631 = DIRECTION ( 'NONE',  ( 0.3062738839768525123, 0.9519434373920194759, 0.000000000000000000 ) ) ;
#4632 = CIRCLE ( 'NONE', #867, 1.000000000000000888 ) ;
#4633 = CARTESIAN_POINT ( 'NONE',  ( 60.38483566946923276, 7.699755725211927526, 117.6957110514789662 ) ) ;
#4634 = CARTESIAN_POINT ( 'NONE',  ( 61.38471774412358428, 7.701646707580593443, 103.1658235036649813 ) ) ;
#4635 = CARTESIAN_POINT ( 'NONE',  ( 46.42472887616623467, 5.179585050342602415, 110.8874843122966496 ) ) ;
#4636 = CARTESIAN_POINT ( 'NONE',  ( 48.08417231327749874, 7.240581431423452230, 141.8968512265714423 ) ) ;
#4637 = CARTESIAN_POINT ( 'NONE',  ( 63.31495095032376952, 5.558591905873625727, 106.9330673260238171 ) ) ;
#4638 = CARTESIAN_POINT ( 'NONE',  ( 50.50414519543362957, 8.952022441261400232, 177.6401008229959189 ) ) ;
#4639 = AXIS2_PLACEMENT_3D ( 'NONE', #3989, #4680, #1810 ) ;
#4640 = CARTESIAN_POINT ( 'NONE',  ( 60.74783775557205701, 8.188163207921126840, 141.3794912980829963 ) ) ;
#4641 = VECTOR ( 'NONE', #4057, 1000.000000000000000 ) ;
#4642 = CARTESIAN_POINT ( 'NONE',  ( 0.000000000000000000, 0.000000000000000000, 50.00000000000000000 ) ) ;
#4643 = CARTESIAN_POINT ( 'NONE',  ( 47.02274622614077515, 5.159411770475971437, 171.3239464488410704 ) ) ;
#4644 = ORIENTED_EDGE ( 'NONE', *, *, #1883, .F. ) ;
#4645 = CARTESIAN_POINT ( 'NONE',  ( 47.69388215472864090, 6.841279761361631628, 101.8742113740925817 ) ) ;
#4646 = CARTESIAN_POINT ( 'NONE',  ( 55.10352913205555581, 9.199409596669978484, 114.9914004836738997 ) ) ;
#4647 = CARTESIAN_POINT ( 'NONE',  ( 51.96200554878887345, 9.527360060080150461, 140.9167759473871229 ) ) ;
#4648 = ORIENTED_EDGE ( 'NONE', *, *, #4598, .T. ) ;
#4649 = CARTESIAN_POINT ( 'NONE',  ( 62.81876818805359619, 6.252212526736088627, 149.9011021662608414 ) ) ;
#4650 = CARTESIAN_POINT ( 'NONE',  ( 52.02184882211762584, 9.546442316987482357, 166.9796575376121837 ) ) ;
#4651 = DIRECTION ( 'NONE',  ( -0.000000000000000000, -0.000000000000000000, -1.000000000000000000 ) ) ;
#4652 = CARTESIAN_POINT ( 'NONE',  ( 46.12550277891863004, 4.609098068777188750, 133.4168382986742074 ) ) ;
#4653 = CARTESIAN_POINT ( 'NONE',  ( 47.45546518313007311, 6.568236638810525996, 126.3566538009055193 ) ) ;
#4654 = CARTESIAN_POINT ( 'NONE',  ( 61.63371456311654129, 7.487680896838649680, 93.11839312610756281 ) ) ;
#4655 = CARTESIAN_POINT ( 'NONE',  ( 63.36215868822522879, 5.512087187753067496, 157.3973361234405672 ) ) ;
#4656 = CARTESIAN_POINT ( 'NONE',  ( 55.21219620077405210, 10.01435648357948160, 115.9738428354705064 ) ) ;
#4657 = CARTESIAN_POINT ( 'NONE',  ( 47.01285467194235679, 5.143239718313676434, 159.8944691176973549 ) ) ;
#4658 = CARTESIAN_POINT ( 'NONE',  ( 63.59493378326877178, 5.147221717292563170, 121.4952352268147848 ) ) ;
#4659 = CARTESIAN_POINT ( 'NONE',  ( 58.00222507193296906, 9.538903794036007966, 127.0945720651615574 ) ) ;
#4660 = CARTESIAN_POINT ( 'NONE',  ( 47.03122524527839232, 5.172883716199852877, 110.8395825316741679 ) ) ;
#4661 = CARTESIAN_POINT ( 'NONE',  ( 58.76809692213403480, 8.511807670582713925, 114.8164434888018803 ) ) ;
#4662 = CARTESIAN_POINT ( 'NONE',  ( 55.11401134231353893, 10.01660587324786356, 177.0691006173808546 ) ) ;
#4663 = EDGE_CURVE ( 'NONE', #3349, #3571, #2187, .T. ) ;
#4664 = CARTESIAN_POINT ( 'NONE',  ( 60.02018042092186079, 7.914974401871820220, 151.2039907464552186 ) ) ;
#4665 = CARTESIAN_POINT ( 'NONE',  ( 57.50564877396174523, 9.685375483001093855, 127.9079323554476417 ) ) ;
#4666 = CARTESIAN_POINT ( 'NONE',  ( 51.59327452751281129, 9.420490314611820182, 103.8550652391965485 ) ) ;
#4667 = DIRECTION ( 'NONE',  ( 0.000000000000000000, 0.000000000000000000, -1.000000000000000000 ) ) ;
#4668 = ORIENTED_EDGE ( 'NONE', *, *, #3071, .T. ) ;
#4669 = CARTESIAN_POINT ( 'NONE',  ( 63.07831368495332924, 5.897313240182090688, 150.3075096483736388 ) ) ;
#4670 = CARTESIAN_POINT ( 'NONE',  ( 57.27788649899657258, 8.954465368484958887, 176.8656264355134340 ) ) ;
#4671 = CARTESIAN_POINT ( 'NONE',  ( 61.21111240043377677, 7.855551034502744834, 104.8950737030862825 ) ) ;
#4672 = CARTESIAN_POINT ( 'NONE',  ( 57.79376854829906307, 9.619365640424053510, 129.0378722964060216 ) ) ;
#4673 = CARTESIAN_POINT ( 'NONE',  ( 46.70499091778292211, 5.588362383418206569, 118.8871377598731982 ) ) ;
#4674 = CARTESIAN_POINT ( 'NONE',  ( 56.52132416758047384, 9.092161871278332086, 93.18514618677259875 ) ) ;
#4675 = CARTESIAN_POINT ( 'NONE',  ( 63.41043546667177111, 5.411818570649121973, 156.4394859814597964 ) ) ;
#4676 = CARTESIAN_POINT ( 'NONE',  ( 49.46354180470486739, 8.334154943298310414, 129.3676344042190465 ) ) ;
#4677 = CARTESIAN_POINT ( 'NONE',  ( 57.67061898116733687, 9.654017173200379887, 140.8865187661355378 ) ) ;
#4678 = CARTESIAN_POINT ( 'NONE',  ( 46.60924434472795497, 5.442388556330650218, 156.3904431910495987 ) ) ;
#4679 = CARTESIAN_POINT ( 'NONE',  ( 60.98315074443037531, 8.017572207114470828, 116.8200782003463729 ) ) ;
#4680 = DIRECTION ( 'NONE',  ( 1.224646799147353207E-16, 1.000000000000000000, -0.000000000000000000 ) ) ;
#4681 = CARTESIAN_POINT ( 'NONE',  ( 60.34531325299209215, 7.724213858090596574, 102.4711370549782572 ) ) ;
#4682 = CARTESIAN_POINT ( 'NONE',  ( 47.44831991125157344, 5.768367987464513291, 107.6038004506628738 ) ) ;
#4683 = CARTESIAN_POINT ( 'NONE',  ( 60.13232452896441060, 7.851425666619831212, 114.5346896216274786 ) ) ;
#4684 = CARTESIAN_POINT ( 'NONE',  ( 52.85304714822457584, 8.981875585555126662, 126.9433745779491289 ) ) ;
#4685 = DIRECTION ( 'NONE',  ( -0.000000000000000000, -0.000000000000000000, -1.000000000000000000 ) ) ;
#4686 = CARTESIAN_POINT ( 'NONE',  ( 62.68098186897004354, 5.606088688006757970, 144.5138315483825693 ) ) ;
#4687 = EDGE_CURVE ( 'NONE', #4270, #2407, #1191, .T. ) ;
#4688 = CARTESIAN_POINT ( 'NONE',  ( 46.14812295651540097, 4.652930455139865806, 121.1272885453669801 ) ) ;
#4689 = EDGE_LOOP ( 'NONE', ( #1004, #1845, #168, #2204 ) ) ;
#4690 = CARTESIAN_POINT ( 'NONE',  ( 46.36001498661045872, 5.036152635729647109, 100.2833681239447401 ) ) ;
#4691 = CARTESIAN_POINT ( 'NONE',  ( 63.89482594144082839, 4.569743765328379226, 98.15031735888155140 ) ) ;
#4692 = CARTESIAN_POINT ( 'NONE',  ( 51.79458057772393431, 9.489712760962175864, 165.1500635219177866 ) ) ;
#4693 = VERTEX_POINT ( 'NONE', #4557 ) ;
#4694 = CARTESIAN_POINT ( 'NONE',  ( 63.85378290661095235, 4.649193877432058031, 145.7946706889028405 ) ) ;
#4695 = CARTESIAN_POINT ( 'NONE',  ( 52.78155126160362443, 8.969143522660646184, 167.1334822426117910 ) ) ;
#4696 = CARTESIAN_POINT ( 'NONE',  ( 46.67041506486932434, 5.541853993700898151, 149.8671864894352268 ) ) ;
#4697 = CARTESIAN_POINT ( 'NONE',  ( 62.90854613541826978, 6.133572449306401886, 163.2456278390548334 ) ) ;
#4698 = CARTESIAN_POINT ( 'NONE',  ( 62.52640870927760375, 6.588466231958572727, 105.7755281747177207 ) ) ;
#4699 = CARTESIAN_POINT ( 'NONE',  ( 59.89309770085184681, 8.739711215130103739, 129.2180738911937681 ) ) ;
#4700 = CARTESIAN_POINT ( 'NONE',  ( 62.98659806707387787, 5.144119556595050824, 97.53512702131470746 ) ) ;
#4701 = CARTESIAN_POINT ( 'NONE',  ( 56.92222800158833707, 9.016411584927661593, 154.4809887921063023 ) ) ;
#4702 = CARTESIAN_POINT ( 'NONE',  ( 61.39914901153455418, 7.692893283998222920, 163.7558970065564949 ) ) ;
#4703 = CARTESIAN_POINT ( 'NONE',  ( 50.73432588519227693, 9.049154562497763621, 115.7436685898089621 ) ) ;
#4704 = DIRECTION ( 'NONE',  ( 0.000000000000000000, 0.000000000000000000, 1.000000000000000000 ) ) ;
#4705 = CARTESIAN_POINT ( 'NONE',  ( 47.05165498302746130, 6.072516980859727909, 106.2824486695632942 ) ) ;
#4706 = CARTESIAN_POINT ( 'NONE',  ( 62.15695394351460834, 6.237117613920211134, 113.2337630963854735 ) ) ;
#4707 = CIRCLE ( 'NONE', #1054, 0.9999999999999994449 ) ;
#4708 = CARTESIAN_POINT ( 'NONE',  ( 48.57820566931791006, 7.670720439903169208, 177.0701516593134102 ) ) ;
#4709 = CARTESIAN_POINT ( 'NONE',  ( 61.85290265766965945, 6.564308301632998166, 101.6155875640528450 ) ) ;
#4710 = CARTESIAN_POINT ( 'NONE',  ( 46.42124938416768742, 5.140218207882513823, 149.1438656081700742 ) ) ;
#4711 = CARTESIAN_POINT ( 'NONE',  ( 54.21548994238948183, 9.160893810830714301, 141.8072184865623342 ) ) ;
#4712 = CARTESIAN_POINT ( 'NONE',  ( 47.98355310021063502, 7.145972725545951754, 126.8226121189983076 ) ) ;
#4713 = CARTESIAN_POINT ( 'NONE',  ( 52.26580499390998824, 8.832096614886294716, 141.8830615575603247 ) ) ;
#4714 = CARTESIAN_POINT ( 'NONE',  ( 54.22930824269931804, 9.974490546950180558, 92.18933434654266534 ) ) ;
#4715 = CARTESIAN_POINT ( 'NONE',  ( 46.15139009621685062, 4.659077190717828998, 171.0260133591817180 ) ) ;
#4716 = ORIENTED_EDGE ( 'NONE', *, *, #2397, .T. ) ;
#4717 = CARTESIAN_POINT ( 'NONE',  ( 60.54660515899671225, 8.327382635181006520, 126.7745590949375867 ) ) ;
#4718 = CARTESIAN_POINT ( 'NONE',  ( 61.90514189909228548, 6.499730951319588890, 150.1694863994077309 ) ) ;
#4719 = CARTESIAN_POINT ( 'NONE',  ( 62.77416940221394981, 5.466296667093261341, 170.1583301645606809 ) ) ;
#4720 = DIRECTION ( 'NONE',  ( 0.000000000000000000, 0.000000000000000000, 1.000000000000000000 ) ) ;
#4721 = CYLINDRICAL_SURFACE ( 'NONE', #873, 5.000000000000004441 ) ;
#4722 = EDGE_CURVE ( 'NONE', #3036, #1195, #1015, .T. ) ;
#4723 = CARTESIAN_POINT ( 'NONE',  ( 47.84648948385939349, 6.240964304908256821, 118.9119743421720301 ) ) ;
#4724 = CARTESIAN_POINT ( 'NONE',  ( 63.29693824496895616, 5.609128168304555295, 95.90425462027995707 ) ) ;
#4725 = CARTESIAN_POINT ( 'NONE',  ( 61.99048469831833330, 7.155819881796808168, 164.1018654382222905 ) ) ;
#4726 = CARTESIAN_POINT ( 'NONE',  ( 54.22930824269928962, 9.974490546950173453, 140.8242396179142872 ) ) ;
#4727 = CARTESIAN_POINT ( 'NONE',  ( 47.05165498302734051, 6.072516980859568037, 155.5636772841812672 ) ) ;
#4728 = CARTESIAN_POINT ( 'NONE',  ( 49.67524388704881488, 7.747463404106886387, 102.4921434501766555 ) ) ;
#4729 = CARTESIAN_POINT ( 'NONE',  ( 63.29618881368713801, 5.612132729245669971, 124.2949813301021038 ) ) ;
#4730 = CARTESIAN_POINT ( 'NONE',  ( 57.49307983565686442, 9.702713830323299149, 152.5544676778102939 ) ) ;
#4731 = CARTESIAN_POINT ( 'NONE',  ( 62.81876818805740470, 6.252212526734406417, 113.2633423769238590 ) ) ;
#4732 = CARTESIAN_POINT ( 'NONE',  ( 53.96883685017674281, 9.140051540279339193, 141.8112605131234432 ) ) ;
#4733 = CARTESIAN_POINT ( 'NONE',  ( 49.93256834886469164, 8.626841858588885970, 105.2670619378893662 ) ) ;
#4734 = CARTESIAN_POINT ( 'NONE',  ( 49.98338469713387866, 7.927565923282612559, 142.2111828032304572 ) ) ;
#4735 = CARTESIAN_POINT ( 'NONE',  ( 45.00000000000000000, 0.000000000000000000, 179.0000000000000000 ) ) ;
#4736 = CARTESIAN_POINT ( 'NONE',  ( 48.01607300787473775, 7.162320828072449075, 167.2529228701928901 ) ) ;
#4737 = ORIENTED_EDGE ( 'NONE', *, *, #4096, .T. ) ;
#4738 = CARTESIAN_POINT ( 'NONE',  ( 61.43619233774295907, 7.661981918425127880, 167.6211169422905982 ) ) ;
#4739 = CARTESIAN_POINT ( 'NONE',  ( 62.82623419856273017, 6.229347768265514063, 155.3972129024109563 ) ) ;
#4740 = CARTESIAN_POINT ( 'NONE',  ( 54.91374700102196726, 9.189621077342822630, 129.1582330404186507 ) ) ;
ENDSEC;
END-ISO-10303-21;
