ISO-10303-21;
HEADER;
FILE_DESCRIPTION (( 'STEP AP214' ),
    '1' );
FILE_NAME ('Rack.STEP',
    '2023-05-22T15:23:04',
    ( '' ),
    ( '' ),
    'SwSTEP 2.0',
    'SolidWorks 2022',
    '' );
FILE_SCHEMA (( 'AUTOMOTIVE_DESIGN' ));
ENDSEC;

DATA;
#1 = AXIS2_PLACEMENT_3D ( 'NONE', #1055, #2453, #721 ) ;
#2 = CARTESIAN_POINT ( 'NONE',  ( -4.037496300215126510, 4.124933138076721129, 3.941911047980738658 ) ) ;
#3 = ORIENTED_EDGE ( 'NONE', *, *, #937, .T. ) ;
#4 = LINE ( 'NONE', #327, #727 ) ;
#5 = VERTEX_POINT ( 'NONE', #2761 ) ;
#6 = CARTESIAN_POINT ( 'NONE',  ( 11.80585781552211877, 4.124933138076721129, -0.05808895201926123075 ) ) ;
#7 = VECTOR ( 'NONE', #1306, 100.0000000000000142 ) ;
#8 = ORIENTED_EDGE ( 'NONE', *, *, #3597, .T. ) ;
#9 = ADVANCED_FACE ( 'NONE', ( #2508 ), #3508, .F. ) ;
#10 = VECTOR ( 'NONE', #3876, 100.0000000000000000 ) ;
#11 = EDGE_CURVE ( 'NONE', #1158, #1972, #2418, .T. ) ;
#12 = EDGE_CURVE ( 'NONE', #1667, #4116, #747, .T. ) ;
#13 = EDGE_CURVE ( 'NONE', #4143, #4279, #3849, .T. ) ;
#14 = ORIENTED_EDGE ( 'NONE', *, *, #1772, .F. ) ;
#15 = CARTESIAN_POINT ( 'NONE',  ( 14.00497267052211470, 4.124933138076721129, -0.05808895201926123075 ) ) ;
#16 = DIRECTION ( 'NONE',  ( 0.000000000000000000, -1.000000000000000000, -0.000000000000000000 ) ) ;
#17 = CARTESIAN_POINT ( 'NONE',  ( 7.408552589917160702, 4.122393138076723140, 3.941911047980738658 ) ) ;
#18 = DIRECTION ( 'NONE',  ( -1.000000000000000000, 0.000000000000000000, 0.000000000000000000 ) ) ;
#19 = DIRECTION ( 'NONE',  ( 0.9396926207859105373, -0.3420201433256628287, 0.000000000000000000 ) ) ;
#20 = FACE_OUTER_BOUND ( 'NONE', #3241, .T. ) ;
#21 = ORIENTED_EDGE ( 'NONE', *, *, #2595, .T. ) ;
#22 = DIRECTION ( 'NONE',  ( 1.000000000000000000, -0.000000000000000000, -0.000000000000000000 ) ) ;
#23 = ORIENTED_EDGE ( 'NONE', *, *, #2431, .F. ) ;
#24 = DIRECTION ( 'NONE',  ( -1.000000000000000000, -0.000000000000000000, -0.000000000000000000 ) ) ;
#25 = DIRECTION ( 'NONE',  ( 0.000000000000000000, -1.000000000000000000, -0.000000000000000000 ) ) ;
#26 = PLANE ( 'NONE',  #2503 ) ;
#27 = EDGE_CURVE ( 'NONE', #3297, #591, #4210, .T. ) ;
#28 = VECTOR ( 'NONE', #824, 100.0000000000000000 ) ;
#29 = ORIENTED_EDGE ( 'NONE', *, *, #628, .T. ) ;
#30 = VECTOR ( 'NONE', #3103, 100.0000000000000000 ) ;
#31 = PLANE ( 'NONE',  #1812 ) ;
#32 = VECTOR ( 'NONE', #3402, 100.0000000000000000 ) ;
#33 = VECTOR ( 'NONE', #3915, 100.0000000000000000 ) ;
#34 = EDGE_CURVE ( 'NONE', #4150, #4002, #1484, .T. ) ;
#35 = VECTOR ( 'NONE', #3502, 100.0000000000000000 ) ;
#36 = ADVANCED_FACE ( 'NONE', ( #2953 ), #95, .T. ) ;
#37 = VERTEX_POINT ( 'NONE', #1195 ) ;
#38 = DIRECTION ( 'NONE',  ( -1.000000000000000000, -0.000000000000000000, -0.000000000000000000 ) ) ;
#39 = VECTOR ( 'NONE', #1475, 100.0000000000000000 ) ;
#40 = ADVANCED_FACE ( 'NONE', ( #1834 ), #3648, .T. ) ;
#41 = FACE_OUTER_BOUND ( 'NONE', #3271, .T. ) ;
#42 = VERTEX_POINT ( 'NONE', #1173 ) ;
#43 = LINE ( 'NONE', #1390, #3639 ) ;
#44 = PLANE ( 'NONE',  #2674 ) ;
#45 = DIRECTION ( 'NONE',  ( 0.3420201433256628287, -0.9396926207859105373, 0.000000000000000000 ) ) ;
#46 = LINE ( 'NONE', #3526, #4011 ) ;
#47 = ORIENTED_EDGE ( 'NONE', *, *, #2255, .F. ) ;
#48 = VERTEX_POINT ( 'NONE', #2222 ) ;
#49 = DIRECTION ( 'NONE',  ( 0.9396926207859105373, -0.3420201433256628287, 0.000000000000000000 ) ) ;
#50 = ORIENTED_EDGE ( 'NONE', *, *, #619, .T. ) ;
#51 = FACE_OUTER_BOUND ( 'NONE', #100, .T. ) ;
#52 = DIRECTION ( 'NONE',  ( 0.3420201433256627732, 0.9396926207859105373, -0.000000000000000000 ) ) ;
#53 = VERTEX_POINT ( 'NONE', #1504 ) ;
#54 = FACE_OUTER_BOUND ( 'NONE', #349, .T. ) ;
#55 = VERTEX_POINT ( 'NONE', #495 ) ;
#56 = ORIENTED_EDGE ( 'NONE', *, *, #2767, .F. ) ;
#57 = DIRECTION ( 'NONE',  ( -1.000000000000000000, -0.000000000000000000, -0.000000000000000000 ) ) ;
#58 = DIRECTION ( 'NONE',  ( 0.3420201433256627732, -0.9396926207859105373, 0.000000000000000000 ) ) ;
#59 = EDGE_CURVE ( 'NONE', #2457, #3742, #4359, .T. ) ;
#60 = VECTOR ( 'NONE', #3267, 100.0000000000000142 ) ;
#61 = DIRECTION ( 'NONE',  ( 0.9396926207859104263, 0.3420201433256633283, -0.000000000000000000 ) ) ;
#62 = DIRECTION ( 'NONE',  ( 0.3420201433256627732, 0.9396926207859105373, -0.000000000000000000 ) ) ;
#63 = CARTESIAN_POINT ( 'NONE',  ( -36.57132547501448983, 4.122393138076720476, -0.05808895201926123075 ) ) ;
#64 = LINE ( 'NONE', #1433, #3106 ) ;
#65 = CARTESIAN_POINT ( 'NONE',  ( -20.00547788857940290, 2.547393138076722074, 3.941911047980738658 ) ) ;
#66 = EDGE_CURVE ( 'NONE', #323, #2045, #1132, .T. ) ;
#67 = DIRECTION ( 'NONE',  ( 0.000000000000000000, -1.000000000000000000, -0.000000000000000000 ) ) ;
#68 = LINE ( 'NONE', #3621, #2898 ) ;
#69 = VERTEX_POINT ( 'NONE', #1153 ) ;
#70 = EDGE_CURVE ( 'NONE', #2298, #1961, #3955, .T. ) ;
#71 = ORIENTED_EDGE ( 'NONE', *, *, #4330, .F. ) ;
#72 = EDGE_CURVE ( 'NONE', #1269, #1745, #2931, .T. ) ;
#73 = CARTESIAN_POINT ( 'NONE',  ( -60.50077177734647194, 7.217393138076719339, -5.058088952019261342 ) ) ;
#74 = CARTESIAN_POINT ( 'NONE',  ( 6.958077974784865560, 4.124933138076721129, -0.05808895201926123075 ) ) ;
#75 = LINE ( 'NONE', #3245, #3301 ) ;
#76 = ORIENTED_EDGE ( 'NONE', *, *, #4153, .F. ) ;
#77 = CARTESIAN_POINT ( 'NONE',  ( 14.00589715491715204, 4.122393138076720476, -0.05808895201926123075 ) ) ;
#78 = PLANE ( 'NONE',  #3743 ) ;
#79 = AXIS2_PLACEMENT_3D ( 'NONE', #4475, #1313, #2028 ) ;
#80 = VERTEX_POINT ( 'NONE', #3206 ) ;
#81 = PRODUCT_DEFINITION_CONTEXT ( 'detailed design', #3557, 'design' ) ;
#82 = ORIENTED_EDGE ( 'NONE', *, *, #1335, .T. ) ;
#83 = LINE ( 'NONE', #2540, #3037 ) ;
#84 = PLANE ( 'NONE',  #2504 ) ;
#85 = DIRECTION ( 'NONE',  ( 0.000000000000000000, 0.000000000000000000, 1.000000000000000000 ) ) ;
#86 = CARTESIAN_POINT ( 'NONE',  ( 5.208513250522122995, 4.124933138076721129, -0.05808895201926123075 ) ) ;
#87 = LINE ( 'NONE', #2216, #4452 ) ;
#88 = ADVANCED_FACE ( 'NONE', ( #3728 ), #601, .F. ) ;
#89 = ORIENTED_EDGE ( 'NONE', *, *, #13, .T. ) ;
#90 = EDGE_CURVE ( 'NONE', #1731, #356, #910, .T. ) ;
#91 = EDGE_CURVE ( 'NONE', #4404, #2583, #3013, .T. ) ;
#92 = EDGE_CURVE ( 'NONE', #459, #2271, #1987, .T. ) ;
#93 = LINE ( 'NONE', #3550, #1179 ) ;
#94 = CARTESIAN_POINT ( 'NONE',  ( -40.39388303097690880, 2.547393138076722963, 3.941911047980738658 ) ) ;
#95 = PLANE ( 'NONE',  #1544 ) ;
#96 = CARTESIAN_POINT ( 'NONE',  ( -6.236611155215121549, 4.124933138076721129, -0.05808895201926123075 ) ) ;
#97 = ADVANCED_FACE ( 'NONE', ( #4032 ), #4353, .F. ) ;
#98 = FACE_OUTER_BOUND ( 'NONE', #597, .T. ) ;
#99 = ORIENTED_EDGE ( 'NONE', *, *, #1229, .F. ) ;
#100 = EDGE_LOOP ( 'NONE', ( #2598, #2574, #3722, #924 ) ) ;
#101 = DIRECTION ( 'NONE',  ( 0.9396926207859105373, -0.3420201433256628287, 0.000000000000000000 ) ) ;
#102 = VECTOR ( 'NONE', #1105, 100.0000000000000142 ) ;
#103 = DIRECTION ( 'NONE',  ( 1.000000000000000000, -0.000000000000000000, -0.000000000000000000 ) ) ;
#104 = CARTESIAN_POINT ( 'NONE',  ( -33.50077177734647194, 4.122393138076720476, -0.05808895201926123075 ) ) ;
#105 = VECTOR ( 'NONE', #1421, 100.0000000000000000 ) ;
#106 = DIRECTION ( 'NONE',  ( 0.3420201433256627732, 0.9396926207859105373, -0.000000000000000000 ) ) ;
#107 = CARTESIAN_POINT ( 'NONE',  ( -33.50077177734647194, 4.122393138076720476, -0.05808895201926123075 ) ) ;
#108 = DIRECTION ( 'NONE',  ( -0.9396926207859114255, 0.3420201433256604973, 0.000000000000000000 ) ) ;
#109 = FACE_OUTER_BOUND ( 'NONE', #2815, .T. ) ;
#110 = DIRECTION ( 'NONE',  ( 1.000000000000000000, -0.000000000000000000, -0.000000000000000000 ) ) ;
#111 = VERTEX_POINT ( 'NONE', #887 ) ;
#112 = DIRECTION ( 'NONE',  ( 0.000000000000000000, 0.000000000000000000, -1.000000000000000000 ) ) ;
#113 = DIRECTION ( 'NONE',  ( -0.3420201433256604417, -0.9396926207859113145, 0.000000000000000000 ) ) ;
#114 = DIRECTION ( 'NONE',  ( 0.000000000000000000, -0.000000000000000000, -1.000000000000000000 ) ) ;
#115 = EDGE_CURVE ( 'NONE', #3821, #1642, #536, .T. ) ;
#116 = CARTESIAN_POINT ( 'NONE',  ( -28.80193730857939372, 2.547393138076722074, 3.941911047980738658 ) ) ;
#117 = DIRECTION ( 'NONE',  ( 0.000000000000000000, 1.000000000000000000, 0.000000000000000000 ) ) ;
#118 = EDGE_LOOP ( 'NONE', ( #1841, #3366, #4018, #3990 ) ) ;
#119 = VECTOR ( 'NONE', #1215, 100.0000000000000000 ) ;
#120 = ORIENTED_EDGE ( 'NONE', *, *, #2539, .F. ) ;
#121 = ORIENTED_EDGE ( 'NONE', *, *, #2700, .F. ) ;
#122 = DIRECTION ( 'NONE',  ( 0.000000000000000000, 0.000000000000000000, 1.000000000000000000 ) ) ;
#123 = VECTOR ( 'NONE', #3911, 100.0000000000000000 ) ;
#124 = EDGE_CURVE ( 'NONE', #1957, #215, #1561, .T. ) ;
#125 = AXIS2_PLACEMENT_3D ( 'NONE', #1785, #3199, #3157 ) ;
#126 = EDGE_CURVE ( 'NONE', #4075, #2873, #560, .T. ) ;
#127 = CARTESIAN_POINT ( 'NONE',  ( -22.80580226111356268, 2.547393138076722074, -0.05808895201926123075 ) ) ;
#128 = DIRECTION ( 'NONE',  ( 0.000000000000000000, 1.000000000000000000, 0.000000000000000000 ) ) ;
#129 = CARTESIAN_POINT ( 'NONE',  ( -40.96713614994615682, 4.122393138076720476, -2.301730293121226900 ) ) ;
#130 = CARTESIAN_POINT ( 'NONE',  ( -42.59178836844274230, 2.547393138076722074, -0.05808895201926123075 ) ) ;
#131 = ORIENTED_EDGE ( 'NONE', *, *, #3892, .F. ) ;
#132 = VECTOR ( 'NONE', #4196, 100.0000000000000000 ) ;
#133 = CARTESIAN_POINT ( 'NONE',  ( 6.506805277385730335, 18.68396033111045540, 3.941911047980738658 ) ) ;
#134 = CARTESIAN_POINT ( 'NONE',  ( -32.17643928447785129, 4.124933138076721129, -0.05808895201926123075 ) ) ;
#135 = LINE ( 'NONE', #154, #1254 ) ;
#136 = FACE_OUTER_BOUND ( 'NONE', #1277, .T. ) ;
#137 = DIRECTION ( 'NONE',  ( 0.000000000000000000, 0.000000000000000000, 1.000000000000000000 ) ) ;
#138 = CARTESIAN_POINT ( 'NONE',  ( -18.40757255111356372, 2.547393138076722074, -0.05808895201926123075 ) ) ;
#139 = FACE_OUTER_BOUND ( 'NONE', #3962, .T. ) ;
#140 = VERTEX_POINT ( 'NONE', #212 ) ;
#141 = VERTEX_POINT ( 'NONE', #2377 ) ;
#142 = DIRECTION ( 'NONE',  ( 0.000000000000000000, 0.000000000000000000, 1.000000000000000000 ) ) ;
#143 = ORIENTED_EDGE ( 'NONE', *, *, #2259, .T. ) ;
#144 = CARTESIAN_POINT ( 'NONE',  ( 7.981805708886414052, 2.547393138076722074, 3.941911047980738658 ) ) ;
#145 = EDGE_CURVE ( 'NONE', #1903, #3330, #2724, .T. ) ;
#146 = EDGE_CURVE ( 'NONE', #4176, #4143, #647, .T. ) ;
#147 = VECTOR ( 'NONE', #1379, 100.0000000000000000 ) ;
#148 = DIRECTION ( 'NONE',  ( 0.000000000000000000, 1.000000000000000000, -0.000000000000000000 ) ) ;
#149 = CARTESIAN_POINT ( 'NONE',  ( -58.50077177734647194, 2.547393138076722074, -0.05808895201926123075 ) ) ;
#150 = EDGE_LOOP ( 'NONE', ( #3790, #4046, #2654, #651 ) ) ;
#151 = ORIENTED_EDGE ( 'NONE', *, *, #1656, .T. ) ;
#152 = LINE ( 'NONE', #3599, #2567 ) ;
#153 = LINE ( 'NONE', #513, #1480 ) ;
#154 = CARTESIAN_POINT ( 'NONE',  ( -38.19597769351106109, 2.547393138076722074, 3.941911047980738658 ) ) ;
#155 = CARTESIAN_POINT ( 'NONE',  ( -33.50077177734647194, 4.122393138076720476, 3.941911047980738658 ) ) ;
#156 = CARTESIAN_POINT ( 'NONE',  ( -24.40370759857939831, 2.547393138076722074, -0.05808895201926123075 ) ) ;
#157 = DIRECTION ( 'NONE',  ( 0.000000000000000000, -1.000000000000000000, -0.000000000000000000 ) ) ;
#158 = CARTESIAN_POINT ( 'NONE',  ( -60.50077177734647194, 7.217393138076719339, 8.941911047980740435 ) ) ;
#159 = CARTESIAN_POINT ( 'NONE',  ( 5.782690853886412796, 2.547393138076722074, -0.05808895201926123075 ) ) ;
#160 = CARTESIAN_POINT ( 'NONE',  ( 3.583575998886417757, 2.547393138076722074, -0.05808895201926123075 ) ) ;
#161 = ORIENTED_EDGE ( 'NONE', *, *, #2842, .F. ) ;
#162 = ORIENTED_EDGE ( 'NONE', *, *, #4478, .T. ) ;
#163 = CARTESIAN_POINT ( 'NONE',  ( -33.50077177734647194, 4.122393138076720476, -0.05808895201926123075 ) ) ;
#164 = EDGE_CURVE ( 'NONE', #539, #2837, #4168, .T. ) ;
#165 = DIRECTION ( 'NONE',  ( 0.3420201433256627732, 0.9396926207859105373, -0.000000000000000000 ) ) ;
#166 = VECTOR ( 'NONE', #1698, 100.0000000000000000 ) ;
#167 = LINE ( 'NONE', #1534, #687 ) ;
#168 = VERTEX_POINT ( 'NONE', #1315 ) ;
#169 = DIRECTION ( 'NONE',  ( 0.000000000000000000, -1.000000000000000000, -0.000000000000000000 ) ) ;
#170 = VECTOR ( 'NONE', #1349, 100.0000000000000000 ) ;
#171 = ADVANCED_FACE ( 'NONE', ( #4130 ), #983, .F. ) ;
#172 = VERTEX_POINT ( 'NONE', #3953 ) ;
#173 = ORIENTED_EDGE ( 'NONE', *, *, #1139, .T. ) ;
#174 = LINE ( 'NONE', #2950, #3224 ) ;
#175 = DIRECTION ( 'NONE',  ( 0.9396926207859105373, -0.3420201433256628287, 0.000000000000000000 ) ) ;
#176 = PLANE ( 'NONE',  #2883 ) ;
#177 = DIRECTION ( 'NONE',  ( 0.000000000000000000, 0.000000000000000000, -1.000000000000000000 ) ) ;
#178 = AXIS2_PLACEMENT_3D ( 'NONE', #73, #4249, #1104 ) ;
#179 = LINE ( 'NONE', #3691, #1115 ) ;
#180 = DIRECTION ( 'NONE',  ( -1.000000000000000000, 0.000000000000000000, 0.000000000000000000 ) ) ;
#181 = ORIENTED_EDGE ( 'NONE', *, *, #4111, .F. ) ;
#182 = ORIENTED_EDGE ( 'NONE', *, *, #776, .F. ) ;
#183 = ORIENTED_EDGE ( 'NONE', *, *, #823, .T. ) ;
#184 = DIRECTION ( 'NONE',  ( 1.000000000000000000, -0.000000000000000000, -0.000000000000000000 ) ) ;
#185 = DIRECTION ( 'NONE',  ( -0.3420201433256604417, -0.9396926207859114255, 0.000000000000000000 ) ) ;
#186 = ORIENTED_EDGE ( 'NONE', *, *, #3197, .F. ) ;
#187 = ORIENTED_EDGE ( 'NONE', *, *, #1242, .T. ) ;
#188 = PLANE ( 'NONE',  #3371 ) ;
#189 = EDGE_CURVE ( 'NONE', #2820, #909, #153, .T. ) ;
#190 = ORIENTED_EDGE ( 'NONE', *, *, #3542, .F. ) ;
#191 = FACE_OUTER_BOUND ( 'NONE', #2385, .T. ) ;
#192 = CARTESIAN_POINT ( 'NONE',  ( -18.40757255111356372, 2.547393138076722074, -0.05808895201926123075 ) ) ;
#193 = ADVANCED_FACE ( 'NONE', ( #1855 ), #3580, .F. ) ;
#194 = ORIENTED_EDGE ( 'NONE', *, *, #1515, .T. ) ;
#195 = EDGE_LOOP ( 'NONE', ( #301, #3961, #2347, #1710 ) ) ;
#196 = CARTESIAN_POINT ( 'NONE',  ( 0.3607334097848691190, 4.124933138076721129, -0.05808895201926123075 ) ) ;
#197 = DIRECTION ( 'NONE',  ( 0.3420201433256628287, -0.9396926207859105373, 0.000000000000000000 ) ) ;
#198 = EDGE_CURVE ( 'NONE', #247, #2343, #3995, .T. ) ;
#199 = CARTESIAN_POINT ( 'NONE',  ( -14.00934284111356654, 2.547393138076722074, -0.05808895201926123075 ) ) ;
#200 = CARTESIAN_POINT ( 'NONE',  ( 3.009398395522127956, 4.124933138076721129, -0.05808895201926123075 ) ) ;
#201 = CARTESIAN_POINT ( 'NONE',  ( 8.583015226420576127, 2.547393138076722074, -0.05808895201926123075 ) ) ;
#202 = EDGE_CURVE ( 'NONE', #2189, #3005, #3624, .T. ) ;
#203 = EDGE_CURVE ( 'NONE', #4422, #4231, #1457, .T. ) ;
#204 = ORIENTED_EDGE ( 'NONE', *, *, #1361, .F. ) ;
#205 = VERTEX_POINT ( 'NONE', #94 ) ;
#206 = VECTOR ( 'NONE', #1009, 100.0000000000000000 ) ;
#207 = EDGE_LOOP ( 'NONE', ( #238, #326, #2458, #1257 ) ) ;
#208 = ORIENTED_EDGE ( 'NONE', *, *, #475, .F. ) ;
#209 = EDGE_LOOP ( 'NONE', ( #2326, #3631, #2965, #3470 ) ) ;
#210 = ORIENTED_EDGE ( 'NONE', *, *, #2484, .F. ) ;
#211 = CARTESIAN_POINT ( 'NONE',  ( -33.50077177734647194, 4.122393138076720476, -0.05808895201926123075 ) ) ;
#212 = CARTESIAN_POINT ( 'NONE',  ( -13.40813332357940979, 2.547393138076722074, 3.941911047980738658 ) ) ;
#213 = VECTOR ( 'NONE', #1726, 100.0000000000000000 ) ;
#214 = EDGE_LOOP ( 'NONE', ( #3000, #2969, #2091, #2765 ) ) ;
#215 = VERTEX_POINT ( 'NONE', #1875 ) ;
#216 = DIRECTION ( 'NONE',  ( -0.9396926207859105373, -0.3420201433256628287, 0.000000000000000000 ) ) ;
#217 = DIRECTION ( 'NONE',  ( 0.000000000000000000, -1.000000000000000000, -0.000000000000000000 ) ) ;
#218 = CARTESIAN_POINT ( 'NONE',  ( -2.412559048579415943, 2.547393138076722074, -0.05808895201926123075 ) ) ;
#219 = LINE ( 'NONE', #1589, #1393 ) ;
#220 = CARTESIAN_POINT ( 'NONE',  ( -33.50077177734647194, 4.122393138076720476, 3.941911047980738658 ) ) ;
#221 = EDGE_CURVE ( 'NONE', #3769, #479, #1131, .T. ) ;
#222 = ORIENTED_EDGE ( 'NONE', *, *, #4158, .F. ) ;
#223 = EDGE_CURVE ( 'NONE', #4463, #4320, #2887, .T. ) ;
#224 = ORIENTED_EDGE ( 'NONE', *, *, #1514, .T. ) ;
#225 = VERTEX_POINT ( 'NONE', #4251 ) ;
#226 = LINE ( 'NONE', #2625, #1463 ) ;
#227 = ORIENTED_EDGE ( 'NONE', *, *, #3048, .F. ) ;
#228 = EDGE_CURVE ( 'NONE', #617, #635, #3601, .T. ) ;
#229 = LINE ( 'NONE', #926, #2826 ) ;
#230 = ADVANCED_FACE ( 'NONE', ( #3243 ), #2865, .F. ) ;
#231 = ORIENTED_EDGE ( 'NONE', *, *, #91, .T. ) ;
#232 = EDGE_LOOP ( 'NONE', ( #1944, #1699, #2163, #4367 ) ) ;
#233 = ORIENTED_EDGE ( 'NONE', *, *, #3374, .T. ) ;
#234 = PLANE ( 'NONE',  #3873 ) ;
#235 = ORIENTED_EDGE ( 'NONE', *, *, #1442, .T. ) ;
#236 = DIRECTION ( 'NONE',  ( 0.000000000000000000, -0.000000000000000000, 1.000000000000000000 ) ) ;
#237 = AXIS2_PLACEMENT_3D ( 'NONE', #1991, #175, #1921 ) ;
#238 = ORIENTED_EDGE ( 'NONE', *, *, #3877, .T. ) ;
#239 = LINE ( 'NONE', #511, #2802 ) ;
#240 = DIRECTION ( 'NONE',  ( 0.000000000000000000, 1.000000000000000000, 0.000000000000000000 ) ) ;
#241 = DIRECTION ( 'NONE',  ( 0.000000000000000000, 0.000000000000000000, -1.000000000000000000 ) ) ;
#242 = FACE_OUTER_BOUND ( 'NONE', #2505, .T. ) ;
#243 = VECTOR ( 'NONE', #3858, 100.0000000000000000 ) ;
#244 = CARTESIAN_POINT ( 'NONE',  ( -8.436650494610159257, 4.122393138076720476, 3.941911047980738658 ) ) ;
#245 = AXIS2_PLACEMENT_3D ( 'NONE', #1596, #3697, #775 ) ;
#246 = VECTOR ( 'NONE', #1615, 100.0000000000000000 ) ;
#247 = VERTEX_POINT ( 'NONE', #3647 ) ;
#248 = VERTEX_POINT ( 'NONE', #3287 ) ;
#249 = ORIENTED_EDGE ( 'NONE', *, *, #3303, .F. ) ;
#250 = CARTESIAN_POINT ( 'NONE',  ( -21.63041514021510991, 4.124933138076721129, -0.05808895201926123075 ) ) ;
#251 = ADVANCED_FACE ( 'NONE', ( #2507 ), #176, .T. ) ;
#252 = VECTOR ( 'NONE', #2355, 100.0000000000000000 ) ;
#253 = ORIENTED_EDGE ( 'NONE', *, *, #932, .T. ) ;
#254 = EDGE_LOOP ( 'NONE', ( #1733, #190, #1788, #470 ) ) ;
#255 = ORIENTED_EDGE ( 'NONE', *, *, #3188, .T. ) ;
#256 = DIRECTION ( 'NONE',  ( -1.000000000000000000, -0.000000000000000000, -0.000000000000000000 ) ) ;
#257 = CARTESIAN_POINT ( 'NONE',  ( -49.75875749980951213, 4.122393138076720476, 3.941911047980738658 ) ) ;
#258 = EDGE_CURVE ( 'NONE', #2189, #665, #2159, .T. ) ;
#259 = VECTOR ( 'NONE', #2307, 100.0000000000000000 ) ;
#260 = EDGE_LOOP ( 'NONE', ( #4365, #194, #1135, #2447 ) ) ;
#261 = CARTESIAN_POINT ( 'NONE',  ( 5.782690853886412796, 2.547393138076722074, 3.941911047980738658 ) ) ;
#262 = CARTESIAN_POINT ( 'NONE',  ( -2.412559048579415943, 2.547393138076722074, 3.941911047980738658 ) ) ;
#263 = VECTOR ( 'NONE', #2565, 100.0000000000000000 ) ;
#264 = VECTOR ( 'NONE', #3880, 100.0000000000000000 ) ;
#265 = LINE ( 'NONE', #1632, #1611 ) ;
#266 = LINE ( 'NONE', #2970, #3445 ) ;
#267 = CARTESIAN_POINT ( 'NONE',  ( -39.22062991200765225, 4.122393138076720476, -2.301730293121226900 ) ) ;
#268 = FACE_OUTER_BOUND ( 'NONE', #3749, .T. ) ;
#269 = DIRECTION ( 'NONE',  ( -0.000000000000000000, -0.000000000000000000, 1.000000000000000000 ) ) ;
#270 = DIRECTION ( 'NONE',  ( 0.000000000000000000, 0.000000000000000000, 1.000000000000000000 ) ) ;
#271 = FACE_OUTER_BOUND ( 'NONE', #3309, .T. ) ;
#272 = VERTEX_POINT ( 'NONE', #4315 ) ;
#273 = ORIENTED_EDGE ( 'NONE', *, *, #3656, .F. ) ;
#274 = EDGE_LOOP ( 'NONE', ( #2782, #2847, #927, #4058, #4421, #3500, #4128, #3843, #4465, #1230, #1643, #4278, #3431, #2983, #3685, #3464, #3806, #669, #1919, #395, #2673, #706, #372, #344, #1747, #4213, #2440, #227, #3422, #1188, #3270, #2680, #4156, #1908, #4184, #670, #3343, #3664, #1366, #3412, #1517, #2850, #950, #358, #120, #3391, #2573, #2157, #4166, #21, #4162, #750, #3757, #1312, #2413, #3318, #249, #2635, #1696, #352, #1227, #2596, #342, #3446, #2361, #4396, #4447, #273, #4034, #2843, #1062, #3369, #3634, #1000, #1389, #420, #452, #2738, #2649, #3577, #2114, #1541, #3875, #2600, #3232, #4093, #922, #2984, #4403, #3738, #3202, #359, #253, #1479, #1988, #889, #1159, #2915, #2844, #1669, #2263, #3913, #4319, #852, #143, #3184, #1904, #1170, #2949, #255, #2116, #3316, #3529, #3385, #1579, #1821, #2926, #3938, #3622, #279, #498, #2302, #952, #1548, #2025, #2268, #1177, #2461, #1043, #1965, #2005 ) ) ;
#275 = DIRECTION ( 'NONE',  ( -0.000000000000000000, -0.000000000000000000, 1.000000000000000000 ) ) ;
#276 = CARTESIAN_POINT ( 'NONE',  ( -3.202531146247178384, 15.15005087843148068, 3.941911047980738658 ) ) ;
#277 = ORIENTED_EDGE ( 'NONE', *, *, #3035, .F. ) ;
#278 = ORIENTED_EDGE ( 'NONE', *, *, #1051, .F. ) ;
#279 = ORIENTED_EDGE ( 'NONE', *, *, #2334, .T. ) ;
#280 = VECTOR ( 'NONE', #2185, 100.0000000000000000 ) ;
#281 = ORIENTED_EDGE ( 'NONE', *, *, #3364, .T. ) ;
#282 = CARTESIAN_POINT ( 'NONE',  ( 11.80585781552211877, 4.124933138076721129, -0.05808895201926123075 ) ) ;
#283 = CARTESIAN_POINT ( 'NONE',  ( -33.50077177734647194, 4.122393138076720476, -0.05808895201926123075 ) ) ;
#284 = EDGE_CURVE ( 'NONE', #442, #4227, #455, .T. ) ;
#285 = VERTEX_POINT ( 'NONE', #787 ) ;
#286 = FACE_OUTER_BOUND ( 'NONE', #1882, .T. ) ;
#287 = CARTESIAN_POINT ( 'NONE',  ( -15.03399505961015237, 4.122393138076720476, -0.05808895201926123075 ) ) ;
#288 = EDGE_CURVE ( 'NONE', #1674, #2391, #2552, .T. ) ;
#289 = VECTOR ( 'NONE', #2332, 100.0000000000000000 ) ;
#290 = CARTESIAN_POINT ( 'NONE',  ( 13.55449805538982488, 4.122393138076720476, -0.05808895201926123075 ) ) ;
#291 = FACE_OUTER_BOUND ( 'NONE', #2621, .T. ) ;
#292 = EDGE_CURVE ( 'NONE', #2925, #3360, #1814, .T. ) ;
#293 = DIRECTION ( 'NONE',  ( 0.3420201433256628287, -0.9396926207859105373, 0.000000000000000000 ) ) ;
#294 = DIRECTION ( 'NONE',  ( -0.9396926207859105373, -0.3420201433256628287, 0.000000000000000000 ) ) ;
#295 = CARTESIAN_POINT ( 'NONE',  ( -51.95666283727535983, 4.122393138076720476, -2.301730293121226900 ) ) ;
#296 = EDGE_CURVE ( 'NONE', #1233, #1651, #3263, .T. ) ;
#297 = ORIENTED_EDGE ( 'NONE', *, *, #2370, .F. ) ;
#298 = DIRECTION ( 'NONE',  ( 0.000000000000000000, 1.000000000000000000, -0.000000000000000000 ) ) ;
#299 = ORIENTED_EDGE ( 'NONE', *, *, #2304, .T. ) ;
#300 = PLANE ( 'NONE',  #2251 ) ;
#301 = ORIENTED_EDGE ( 'NONE', *, *, #4500, .T. ) ;
#302 = LINE ( 'NONE', #4120, #3151 ) ;
#303 = CARTESIAN_POINT ( 'NONE',  ( -31.00105216357939497, 2.547393138076722074, 3.941911047980738658 ) ) ;
#304 = ORIENTED_EDGE ( 'NONE', *, *, #59, .T. ) ;
#305 = EDGE_CURVE ( 'NONE', #2475, #323, #1192, .T. ) ;
#306 = ORIENTED_EDGE ( 'NONE', *, *, #305, .F. ) ;
#307 = ORIENTED_EDGE ( 'NONE', *, *, #146, .F. ) ;
#308 = CARTESIAN_POINT ( 'NONE',  ( -19.43130028521511221, 4.124933138076721129, -0.05808895201926123075 ) ) ;
#309 = CARTESIAN_POINT ( 'NONE',  ( -12.83488020461015466, 4.122393138076719588, 3.941911047980738658 ) ) ;
#310 = DIRECTION ( 'NONE',  ( -1.000000000000000000, -0.000000000000000000, -0.000000000000000000 ) ) ;
#311 = DIRECTION ( 'NONE',  ( 1.000000000000000000, -0.000000000000000000, -0.000000000000000000 ) ) ;
#312 = EDGE_CURVE ( 'NONE', #3652, #3099, #1010, .T. ) ;
#313 = DIRECTION ( 'NONE',  ( 0.000000000000000000, 0.000000000000000000, 1.000000000000000000 ) ) ;
#314 = LINE ( 'NONE', #986, #1682 ) ;
#315 = LINE ( 'NONE', #2410, #4533 ) ;
#316 = FACE_OUTER_BOUND ( 'NONE', #2272, .T. ) ;
#317 = EDGE_CURVE ( 'NONE', #3330, #1233, #2426, .T. ) ;
#318 = CARTESIAN_POINT ( 'NONE',  ( -11.20901846857941209, 2.547393138076722074, -0.05808895201926123075 ) ) ;
#319 = VECTOR ( 'NONE', #2927, 100.0000000000000000 ) ;
#320 = DIRECTION ( 'NONE',  ( 0.000000000000000000, 0.000000000000000000, 1.000000000000000000 ) ) ;
#321 = VERTEX_POINT ( 'NONE', #2029 ) ;
#322 = EDGE_CURVE ( 'NONE', #3528, #2021, #2773, .T. ) ;
#323 = VERTEX_POINT ( 'NONE', #4507 ) ;
#324 = AXIS2_PLACEMENT_3D ( 'NONE', #960, #4509, #2107 ) ;
#325 = CARTESIAN_POINT ( 'NONE',  ( -31.00105216357939497, 2.547393138076722074, -0.05808895201926123075 ) ) ;
#326 = ORIENTED_EDGE ( 'NONE', *, *, #3204, .F. ) ;
#327 = CARTESIAN_POINT ( 'NONE',  ( -22.62120399351298872, 8.082231973073545461, 3.941911047980738658 ) ) ;
#328 = EDGE_LOOP ( 'NONE', ( #3053, #1625, #2803, #3692 ) ) ;
#329 = VECTOR ( 'NONE', #3168, 100.0000000000000000 ) ;
#330 = DIRECTION ( 'NONE',  ( 0.000000000000000000, -0.000000000000000000, 1.000000000000000000 ) ) ;
#331 = DIRECTION ( 'NONE',  ( 0.000000000000000000, -0.000000000000000000, 1.000000000000000000 ) ) ;
#332 = ORIENTED_EDGE ( 'NONE', *, *, #3374, .F. ) ;
#333 = AXIS2_PLACEMENT_3D ( 'NONE', #2796, #3375, #2378 ) ;
#334 = DIRECTION ( 'NONE',  ( 0.000000000000000000, 1.000000000000000000, 0.000000000000000000 ) ) ;
#335 = VECTOR ( 'NONE', #3910, 100.0000000000000000 ) ;
#336 = ORIENTED_EDGE ( 'NONE', *, *, #3598, .T. ) ;
#337 = DIRECTION ( 'NONE',  ( 0.000000000000000000, 1.000000000000000000, -0.000000000000000000 ) ) ;
#338 = CARTESIAN_POINT ( 'NONE',  ( -60.50077177734647194, 7.217393138076719339, 8.941911047980740435 ) ) ;
#339 = ADVANCED_FACE ( 'NONE', ( #982 ), #444, .T. ) ;
#340 = PLANE ( 'NONE',  #818 ) ;
#341 = CARTESIAN_POINT ( 'NONE',  ( -52.98131505577193678, 2.547393138076722963, -2.301730293121226900 ) ) ;
#342 = ORIENTED_EDGE ( 'NONE', *, *, #1949, .T. ) ;
#343 = DIRECTION ( 'NONE',  ( -0.3420201433256633283, 0.9396926207859103153, 0.000000000000000000 ) ) ;
#344 = ORIENTED_EDGE ( 'NONE', *, *, #2678, .F. ) ;
#345 = CARTESIAN_POINT ( 'NONE',  ( -33.20016701857939267, 2.547393138076722074, -0.05808895201926123075 ) ) ;
#346 = FACE_OUTER_BOUND ( 'NONE', #2121, .T. ) ;
#347 = CARTESIAN_POINT ( 'NONE',  ( -32.62598941521510199, 4.124933138076721129, -0.05808895201926123075 ) ) ;
#348 = EDGE_CURVE ( 'NONE', #2637, #3155, #2008, .T. ) ;
#349 = EDGE_LOOP ( 'NONE', ( #89, #4003, #2138, #3776 ) ) ;
#350 = VECTOR ( 'NONE', #2339, 100.0000000000000000 ) ;
#351 = EDGE_CURVE ( 'NONE', #5, #2424, #771, .T. ) ;
#352 = ORIENTED_EDGE ( 'NONE', *, *, #877, .F. ) ;
#353 = DIRECTION ( 'NONE',  ( -0.000000000000000000, -0.000000000000000000, 1.000000000000000000 ) ) ;
#354 = ORIENTED_EDGE ( 'NONE', *, *, #2100, .T. ) ;
#355 = CARTESIAN_POINT ( 'NONE',  ( -23.37905538008281781, 4.122393138076720476, 3.941911047980738658 ) ) ;
#356 = VERTEX_POINT ( 'NONE', #646 ) ;
#357 = FACE_OUTER_BOUND ( 'NONE', #552, .T. ) ;
#358 = ORIENTED_EDGE ( 'NONE', *, *, #1619, .F. ) ;
#359 = ORIENTED_EDGE ( 'NONE', *, *, #398, .F. ) ;
#360 = CARTESIAN_POINT ( 'NONE',  ( -9.009903613579414383, 2.547393138076722074, -0.05808895201926123075 ) ) ;
#361 = AXIS2_PLACEMENT_3D ( 'NONE', #2579, #815, #2517 ) ;
#362 = CARTESIAN_POINT ( 'NONE',  ( 9.606742960522119290, 4.124933138076721129, -0.05808895201926123075 ) ) ;
#363 = DIRECTION ( 'NONE',  ( 0.000000000000000000, -1.000000000000000000, -0.000000000000000000 ) ) ;
#364 = CARTESIAN_POINT ( 'NONE',  ( 6.383900371420575759, 2.547393138076722074, -0.05808895201926123075 ) ) ;
#365 = DIRECTION ( 'NONE',  ( -0.3420201433256628287, 0.9396926207859105373, 0.000000000000000000 ) ) ;
#366 = VERTEX_POINT ( 'NONE', #4178 ) ;
#367 = CARTESIAN_POINT ( 'NONE',  ( -29.97639994508281092, 4.122393138076720476, 3.941911047980738658 ) ) ;
#368 = CARTESIAN_POINT ( 'NONE',  ( -1.388831314477873002, 4.124933138076721129, -0.05808895201926123075 ) ) ;
#369 = EDGE_CURVE ( 'NONE', #2890, #4464, #2748, .T. ) ;
#370 = DIRECTION ( 'NONE',  ( -0.3420201433256603862, -0.9396926207859114255, 0.000000000000000000 ) ) ;
#371 = ORIENTED_EDGE ( 'NONE', *, *, #4255, .F. ) ;
#372 = ORIENTED_EDGE ( 'NONE', *, *, #2767, .T. ) ;
#373 = VECTOR ( 'NONE', #2376, 100.0000000000000000 ) ;
#374 = LINE ( 'NONE', #1766, #1982 ) ;
#375 = VERTEX_POINT ( 'NONE', #3452 ) ;
#376 = DIRECTION ( 'NONE',  ( -1.000000000000000000, 0.000000000000000000, 0.000000000000000000 ) ) ;
#377 = EDGE_CURVE ( 'NONE', #172, #1597, #2165, .T. ) ;
#378 = VECTOR ( 'NONE', #1753, 100.0000000000000142 ) ;
#379 = EDGE_CURVE ( 'NONE', #4176, #1287, #3211, .T. ) ;
#380 = EDGE_LOOP ( 'NONE', ( #2975, #3699, #2000, #47 ) ) ;
#381 = EDGE_CURVE ( 'NONE', #1378, #2729, #2436, .T. ) ;
#382 = ORIENTED_EDGE ( 'NONE', *, *, #2427, .F. ) ;
#383 = LINE ( 'NONE', #3833, #206 ) ;
#384 = LINE ( 'NONE', #3150, #2430 ) ;
#385 = CARTESIAN_POINT ( 'NONE',  ( 13.55449805538982488, 4.122393138076716035, 3.941911047980738658 ) ) ;
#386 = LINE ( 'NONE', #3198, #648 ) ;
#387 = CARTESIAN_POINT ( 'NONE',  ( -47.56085216234367863, 4.122393138076720476, 3.941911047980738658 ) ) ;
#388 = LINE ( 'NONE', #4488, #1121 ) ;
#389 = ORIENTED_EDGE ( 'NONE', *, *, #941, .F. ) ;
#390 = ORIENTED_EDGE ( 'NONE', *, *, #3057, .T. ) ;
#391 = FACE_OUTER_BOUND ( 'NONE', #3746, .T. ) ;
#392 = ORIENTED_EDGE ( 'NONE', *, *, #1361, .T. ) ;
#393 = EDGE_LOOP ( 'NONE', ( #2276, #872, #297, #1263 ) ) ;
#394 = DIRECTION ( 'NONE',  ( -0.9396926207859114255, 0.3420201433256604973, 0.000000000000000000 ) ) ;
#395 = ORIENTED_EDGE ( 'NONE', *, *, #2120, .F. ) ;
#396 = ADVANCED_FACE ( 'NONE', ( #2839 ), #738, .T. ) ;
#397 = VECTOR ( 'NONE', #3770, 100.0000000000000000 ) ;
#398 = EDGE_CURVE ( 'NONE', #1620, #1233, #2857, .T. ) ;
#399 = CARTESIAN_POINT ( 'NONE',  ( -1.387906830082835663, 4.122393138076719588, -0.05808895201926123075 ) ) ;
#400 = ADVANCED_FACE ( 'NONE', ( #4223 ), #1098, .T. ) ;
#401 = DIRECTION ( 'NONE',  ( -1.000000000000000000, 0.000000000000000000, 0.000000000000000000 ) ) ;
#402 = AXIS2_PLACEMENT_3D ( 'NONE', #3089, #16, #2408 ) ;
#403 = ADVANCED_FACE ( 'NONE', ( #2799 ), #44, .T. ) ;
#404 = FACE_OUTER_BOUND ( 'NONE', #3723, .T. ) ;
#405 = FACE_OUTER_BOUND ( 'NONE', #195, .T. ) ;
#406 = ORIENTED_EDGE ( 'NONE', *, *, #859, .F. ) ;
#407 = LINE ( 'NONE', #1784, #1735 ) ;
#408 = CARTESIAN_POINT ( 'NONE',  ( -3.013768566113578018, 2.547393138076722074, 3.941911047980738658 ) ) ;
#409 = CARTESIAN_POINT ( 'NONE',  ( -48.58550438084025558, 2.547393138076722963, -0.05808895201926123075 ) ) ;
#410 = LINE ( 'NONE', #1309, #1798 ) ;
#411 = LINE ( 'NONE', #1452, #3705 ) ;
#412 = VERTEX_POINT ( 'NONE', #1076 ) ;
#413 = VERTEX_POINT ( 'NONE', #2499 ) ;
#414 = LINE ( 'NONE', #2158, #3280 ) ;
#415 = CARTESIAN_POINT ( 'NONE',  ( -5.212883421113579274, 2.547393138076722074, 3.941911047980738658 ) ) ;
#416 = EDGE_LOOP ( 'NONE', ( #2483, #173, #1842, #1275 ) ) ;
#417 = CARTESIAN_POINT ( 'NONE',  ( -33.50077177734647194, 4.122393138076720476, 3.941911047980738658 ) ) ;
#418 = LINE ( 'NONE', #3536, #33 ) ;
#419 = VECTOR ( 'NONE', #310, 100.0000000000000000 ) ;
#420 = ORIENTED_EDGE ( 'NONE', *, *, #189, .F. ) ;
#421 = ORIENTED_EDGE ( 'NONE', *, *, #2659, .T. ) ;
#422 = CARTESIAN_POINT ( 'NONE',  ( -33.20016701857939267, 2.547393138076722074, -0.05808895201926123075 ) ) ;
#423 = DIRECTION ( 'NONE',  ( 0.000000000000000000, 1.000000000000000000, 0.000000000000000000 ) ) ;
#424 = DIRECTION ( 'NONE',  ( 0.3420201433256628287, 0.9396926207859105373, 0.000000000000000000 ) ) ;
#425 = EDGE_CURVE ( 'NONE', #4404, #635, #2817, .T. ) ;
#426 = LINE ( 'NONE', #2303, #2354 ) ;
#427 = LINE ( 'NONE', #2856, #2319 ) ;
#428 = EDGE_CURVE ( 'NONE', #3219, #3528, #1719, .T. ) ;
#429 = CARTESIAN_POINT ( 'NONE',  ( 6.383900371420575759, 2.547393138076722074, 3.941911047980738658 ) ) ;
#430 = DIRECTION ( 'NONE',  ( -0.9396926207859114255, 0.3420201433256604973, 0.000000000000000000 ) ) ;
#431 = CARTESIAN_POINT ( 'NONE',  ( 1.985670661420579908, 2.547393138076722074, -0.05808895201926123075 ) ) ;
#432 = VECTOR ( 'NONE', #1205, 100.0000000000000000 ) ;
#433 = VERTEX_POINT ( 'NONE', #3115 ) ;
#434 = CARTESIAN_POINT ( 'NONE',  ( -33.50077177734647194, 4.122393138076720476, 3.941911047980738658 ) ) ;
#436 = DIRECTION ( 'NONE',  ( -0.3420201433256603862, -0.9396926207859114255, 0.000000000000000000 ) ) ;
#435 = VECTOR ( 'NONE', #3661, 100.0000000000000142 ) ;
#437 = CARTESIAN_POINT ( 'NONE',  ( -14.58352044447785900, 4.124933138076721129, -0.05808895201926123075 ) ) ;
#438 = DIRECTION ( 'NONE',  ( -0.3420201433256662704, 0.9396926207859093161, 0.000000000000000000 ) ) ;
#439 = CARTESIAN_POINT ( 'NONE',  ( -5.144398430973762260, 14.44326898789568858, 3.941911047980738658 ) ) ;
#440 = LINE ( 'NONE', #1155, #692 ) ;
#441 = ADVANCED_FACE ( 'NONE', ( #1741 ), #3137, .F. ) ;
#442 = VERTEX_POINT ( 'NONE', #758 ) ;
#443 = UNCERTAINTY_MEASURE_WITH_UNIT (LENGTH_MEASURE( 1.000000000000000082E-05 ), #2544, 'distance_accuracy_value', 'NONE');
#444 = PLANE ( 'NONE',  #769 ) ;
#445 = CARTESIAN_POINT ( 'NONE',  ( -0.8146537111135832010, 2.547393138076722074, 3.941911047980738658 ) ) ;
#446 = AXIS2_PLACEMENT_3D ( 'NONE', #1845, #1797, #1178 ) ;
#447 =( GEOMETRIC_REPRESENTATION_CONTEXT ( 3 ) GLOBAL_UNCERTAINTY_ASSIGNED_CONTEXT ( ( #3960 ) ) GLOBAL_UNIT_ASSIGNED_CONTEXT ( ( #1095, #3965, #3617 ) ) REPRESENTATION_CONTEXT ( 'NONE', 'WORKASPACE' ) );
#448 = LINE ( 'NONE', #107, #39 ) ;
#449 = FACE_OUTER_BOUND ( 'NONE', #1531, .T. ) ;
#450 = FACE_OUTER_BOUND ( 'NONE', #118, .T. ) ;
#451 = CARTESIAN_POINT ( 'NONE',  ( -6.810788758579411351, 2.547393138076722074, 3.941911047980738658 ) ) ;
#452 = ORIENTED_EDGE ( 'NONE', *, *, #3460, .F. ) ;
#454 = EDGE_CURVE ( 'NONE', #459, #3663, #2153, .T. ) ;
#453 = CARTESIAN_POINT ( 'NONE',  ( -58.50077177734647194, 7.217393138076719339, -5.058088952019261342 ) ) ;
#455 = LINE ( 'NONE', #3551, #837 ) ;
#456 = FACE_OUTER_BOUND ( 'NONE', #4163, .T. ) ;
#457 = FACE_OUTER_BOUND ( 'NONE', #3991, .T. ) ;
#458 = ORIENTED_EDGE ( 'NONE', *, *, #2198, .T. ) ;
#459 = VERTEX_POINT ( 'NONE', #408 ) ;
#460 = VERTEX_POINT ( 'NONE', #3176 ) ;
#461 = DIRECTION ( 'NONE',  ( 0.000000000000000000, -0.000000000000000000, 1.000000000000000000 ) ) ;
#462 = VECTOR ( 'NONE', #1149, 100.0000000000000000 ) ;
#463 = VECTOR ( 'NONE', #4408, 100.0000000000000142 ) ;
#464 = LINE ( 'NONE', #3923, #1425 ) ;
#465 = DIRECTION ( 'NONE',  ( -1.000000000000000000, 0.000000000000000000, 0.000000000000000000 ) ) ;
#466 = VECTOR ( 'NONE', #894, 100.0000000000000000 ) ;
#467 = VECTOR ( 'NONE', #1990, 100.0000000000000000 ) ;
#468 = PLANE ( 'NONE',  #3194 ) ;
#469 = DIRECTION ( 'NONE',  ( -0.3420201433256662704, 0.9396926207859093161, 0.000000000000000000 ) ) ;
#470 = ORIENTED_EDGE ( 'NONE', *, *, #3363, .T. ) ;
#471 = CARTESIAN_POINT ( 'NONE',  ( 11.35630768478486097, 4.124933138076721129, -0.05808895201926123075 ) ) ;
#472 = AXIS2_PLACEMENT_3D ( 'NONE', #2913, #2644, #608 ) ;
#473 = DIRECTION ( 'NONE',  ( 0.3420201433256627732, 0.9396926207859105373, -0.000000000000000000 ) ) ;
#474 = CARTESIAN_POINT ( 'NONE',  ( -4.611673903579416312, 2.547393138076722074, 3.941911047980738658 ) ) ;
#475 = EDGE_CURVE ( 'NONE', #4006, #539, #64, .T. ) ;
#476 = ADVANCED_FACE ( 'NONE', ( #4316 ), #2568, .T. ) ;
#477 = VECTOR ( 'NONE', #2615, 100.0000000000000000 ) ;
#478 = EDGE_LOOP ( 'NONE', ( #875, #1087, #2557, #2916 ) ) ;
#479 = VERTEX_POINT ( 'NONE', #2292 ) ;
#480 = VERTEX_POINT ( 'NONE', #3996 ) ;
#481 = ADVANCED_FACE ( 'NONE', ( #136 ), #3246, .F. ) ;
#482 = FACE_OUTER_BOUND ( 'NONE', #1454, .T. ) ;
#483 = AXIS2_PLACEMENT_3D ( 'NONE', #1505, #157, #918 ) ;
#484 = DIRECTION ( 'NONE',  ( 0.000000000000000000, 0.000000000000000000, 1.000000000000000000 ) ) ;
#485 = ORIENTED_EDGE ( 'NONE', *, *, #2543, .F. ) ;
#486 = PLANE ( 'NONE',  #4233 ) ;
#487 = DIRECTION ( 'NONE',  ( 0.3420201433256627732, -0.9396926207859105373, 0.000000000000000000 ) ) ;
#488 = EDGE_LOOP ( 'NONE', ( #3102, #4123, #2722, #1549 ) ) ;
#489 = VECTOR ( 'NONE', #3986, 100.0000000000000000 ) ;
#490 = LINE ( 'NONE', #1542, #3898 ) ;
#491 = CARTESIAN_POINT ( 'NONE',  ( -39.79388303097690027, 2.547393138076724295, -0.05808895201926123075 ) ) ;
#492 = DIRECTION ( 'NONE',  ( 0.000000000000000000, 0.000000000000000000, -1.000000000000000000 ) ) ;
#494 = EDGE_CURVE ( 'NONE', #4351, #1731, #1526, .T. ) ;
#493 = CARTESIAN_POINT ( 'NONE',  ( -15.03307057521511503, 4.124933138076721129, 3.941911047980738658 ) ) ;
#495 = CARTESIAN_POINT ( 'NONE',  ( 2.558923780389832370, 4.122393138076718699, -0.05808895201926123075 ) ) ;
#496 = CARTESIAN_POINT ( 'NONE',  ( -33.20016701857939267, 2.547393138076722074, -0.05808895201926123075 ) ) ;
#497 = LINE ( 'NONE', #3208, #2516 ) ;
#498 = ORIENTED_EDGE ( 'NONE', *, *, #4255, .T. ) ;
#499 = ORIENTED_EDGE ( 'NONE', *, *, #4364, .T. ) ;
#500 = ORIENTED_EDGE ( 'NONE', *, *, #284, .T. ) ;
#501 = LINE ( 'NONE', #793, #861 ) ;
#502 = EDGE_CURVE ( 'NONE', #3322, #4002, #2993, .T. ) ;
#503 = VECTOR ( 'NONE', #1538, 100.0000000000000000 ) ;
#504 = VECTOR ( 'NONE', #38, 100.0000000000000000 ) ;
#505 = EDGE_CURVE ( 'NONE', #3142, #2873, #4022, .T. ) ;
#506 = CARTESIAN_POINT ( 'NONE',  ( -28.80193730857939372, 2.547393138076722074, -0.05808895201926123075 ) ) ;
#507 = ORIENTED_EDGE ( 'NONE', *, *, #1782, .T. ) ;
#508 = CARTESIAN_POINT ( 'NONE',  ( -24.40370759857939831, 2.547393138076722074, 3.941911047980738658 ) ) ;
#509 = VERTEX_POINT ( 'NONE', #3335 ) ;
#510 = ORIENTED_EDGE ( 'NONE', *, *, #72, .F. ) ;
#511 = CARTESIAN_POINT ( 'NONE',  ( -17.80636303357940520, 2.547393138076722074, -0.05808895201926123075 ) ) ;
#512 = CARTESIAN_POINT ( 'NONE',  ( 5.209437734917160334, 4.122393138076722252, 3.941911047980738658 ) ) ;
#513 = CARTESIAN_POINT ( 'NONE',  ( -23.82952999521511117, 4.124933138076721129, 3.941911047980738658 ) ) ;
#514 = DIRECTION ( 'NONE',  ( -0.3420201433256628287, 0.9396926207859105373, 0.000000000000000000 ) ) ;
#515 = DIRECTION ( 'NONE',  ( 1.000000000000000000, -0.000000000000000000, -0.000000000000000000 ) ) ;
#516 = CARTESIAN_POINT ( 'NONE',  ( -6.237535639610158889, 4.122393138076720476, -0.05808895201926123075 ) ) ;
#517 = LINE ( 'NONE', #1547, #3751 ) ;
#518 = ORIENTED_EDGE ( 'NONE', *, *, #2725, .F. ) ;
#519 = ORIENTED_EDGE ( 'NONE', *, *, #2923, .F. ) ;
#520 = CARTESIAN_POINT ( 'NONE',  ( 7.981805708886414052, 2.547393138076722074, -0.05808895201926123075 ) ) ;
#521 = ORIENTED_EDGE ( 'NONE', *, *, #563, .F. ) ;
#522 = ORIENTED_EDGE ( 'NONE', *, *, #2943, .T. ) ;
#523 = ADVANCED_FACE ( 'NONE', ( #4341 ), #2592, .T. ) ;
#524 = EDGE_CURVE ( 'NONE', #3618, #685, #2247, .T. ) ;
#525 = CARTESIAN_POINT ( 'NONE',  ( -29.02758219674976203, -10.56517589233226673, -2.301730293121226900 ) ) ;
#526 = DIRECTION ( 'NONE',  ( -1.000000000000000000, -0.000000000000000000, -0.000000000000000000 ) ) ;
#527 = EDGE_CURVE ( 'NONE', #3795, #2142, #3649, .T. ) ;
#528 = VECTOR ( 'NONE', #275, 100.0000000000000000 ) ;
#529 = EDGE_CURVE ( 'NONE', #460, #3348, #1948, .T. ) ;
#530 = ADVANCED_FACE ( 'NONE', ( #4411 ), #1924, .F. ) ;
#531 = ORIENTED_EDGE ( 'NONE', *, *, #223, .F. ) ;
#532 = CARTESIAN_POINT ( 'NONE',  ( 12.98124493642057153, 2.547393138076722074, 3.941911047980738658 ) ) ;
#533 = VECTOR ( 'NONE', #3336, 100.0000000000000000 ) ;
#534 = EDGE_CURVE ( 'NONE', #42, #2957, #2617, .T. ) ;
#535 = AXIS2_PLACEMENT_3D ( 'NONE', #4109, #294, #1303 ) ;
#536 = LINE ( 'NONE', #192, #1413 ) ;
#537 = ORIENTED_EDGE ( 'NONE', *, *, #66, .F. ) ;
#538 = VECTOR ( 'NONE', #1686, 100.0000000000000142 ) ;
#539 = VERTEX_POINT ( 'NONE', #589 ) ;
#540 = LINE ( 'NONE', #914, #3590 ) ;
#541 = FACE_OUTER_BOUND ( 'NONE', #3250, .T. ) ;
#542 = DIRECTION ( 'NONE',  ( -0.000000000000000000, -0.000000000000000000, 1.000000000000000000 ) ) ;
#543 = CARTESIAN_POINT ( 'NONE',  ( -25.57909471947785107, 4.124933138076721129, -0.05808895201926123075 ) ) ;
#544 = DIRECTION ( 'NONE',  ( 0.000000000000000000, 0.000000000000000000, -1.000000000000000000 ) ) ;
#545 = ORIENTED_EDGE ( 'NONE', *, *, #1768, .F. ) ;
#546 = EDGE_CURVE ( 'NONE', #2041, #3311, #3380, .T. ) ;
#547 = VERTEX_POINT ( 'NONE', #1720 ) ;
#548 = VECTOR ( 'NONE', #2383, 100.0000000000000000 ) ;
#549 = ORIENTED_EDGE ( 'NONE', *, *, #2875, .F. ) ;
#550 = EDGE_LOOP ( 'NONE', ( #3852, #638, #2677, #3702 ) ) ;
#551 = AXIS2_PLACEMENT_3D ( 'NONE', #1044, #25, #1702 ) ;
#552 = EDGE_LOOP ( 'NONE', ( #1086, #4299, #1136, #2712 ) ) ;
#553 = ORIENTED_EDGE ( 'NONE', *, *, #4257, .T. ) ;
#554 = EDGE_LOOP ( 'NONE', ( #4381, #2963, #3459, #4076 ) ) ;
#555 = CARTESIAN_POINT ( 'NONE',  ( -34.37342013754864922, 4.122393138076720476, 3.941911047980738658 ) ) ;
#556 = EDGE_CURVE ( 'NONE', #3742, #2820, #3736, .T. ) ;
#557 = VECTOR ( 'NONE', #1057, 100.0000000000000142 ) ;
#558 = ORIENTED_EDGE ( 'NONE', *, *, #2337, .F. ) ;
#559 = LINE ( 'NONE', #4129, #1226 ) ;
#560 = LINE ( 'NONE', #1939, #3763 ) ;
#561 = ORIENTED_EDGE ( 'NONE', *, *, #4175, .T. ) ;
#562 = LINE ( 'NONE', #1960, #432 ) ;
#563 = EDGE_CURVE ( 'NONE', #323, #3465, #3116, .T. ) ;
#564 = VERTEX_POINT ( 'NONE', #244 ) ;
#565 = DIRECTION ( 'NONE',  ( 1.000000000000000000, -0.000000000000000000, -0.000000000000000000 ) ) ;
#566 = LINE ( 'NONE', #2587, #1107 ) ;
#567 = DIRECTION ( 'NONE',  ( -0.3420201433256633283, 0.9396926207859104263, 0.000000000000000000 ) ) ;
#568 = CARTESIAN_POINT ( 'NONE',  ( -7.985251395082826775, 4.122393138076720476, -0.05808895201926123075 ) ) ;
#569 = CARTESIAN_POINT ( 'NONE',  ( -33.50077177734647194, 2.547393138076722074, 3.941911047980738658 ) ) ;
#570 = AXIS2_PLACEMENT_3D ( 'NONE', #3931, #2019, #331 ) ;
#571 = ORIENTED_EDGE ( 'NONE', *, *, #2337, .T. ) ;
#572 = EDGE_LOOP ( 'NONE', ( #4016, #4207, #1362, #3472 ) ) ;
#573 = VERTEX_POINT ( 'NONE', #1374 ) ;
#574 = VECTOR ( 'NONE', #3274, 100.0000000000000000 ) ;
#575 = ORIENTED_EDGE ( 'NONE', *, *, #228, .T. ) ;
#576 = PLANE ( 'NONE',  #2277 ) ;
#577 = DIRECTION ( 'NONE',  ( -0.000000000000000000, -0.000000000000000000, 1.000000000000000000 ) ) ;
#578 = ORIENTED_EDGE ( 'NONE', *, *, #2123, .T. ) ;
#579 = ORIENTED_EDGE ( 'NONE', *, *, #381, .T. ) ;
#580 = DIRECTION ( 'NONE',  ( 0.3420201433256627732, -0.9396926207859105373, 0.000000000000000000 ) ) ;
#581 = ORIENTED_EDGE ( 'NONE', *, *, #3237, .F. ) ;
#582 = VECTOR ( 'NONE', #718, 100.0000000000000142 ) ;
#583 = CARTESIAN_POINT ( 'NONE',  ( -10.63576534961015696, 4.122393138076720476, -0.05808895201926123075 ) ) ;
#584 = EDGE_LOOP ( 'NONE', ( #835, #3249, #71, #1380 ) ) ;
#585 = ADVANCED_FACE ( 'NONE', ( #655 ), #3023, .F. ) ;
#586 = DIRECTION ( 'NONE',  ( 0.000000000000000000, 0.000000000000000000, 1.000000000000000000 ) ) ;
#587 = EDGE_CURVE ( 'NONE', #3652, #2549, #2708, .T. ) ;
#588 = CARTESIAN_POINT ( 'NONE',  ( -46.38759904337441498, 2.547393138076722074, 3.941911047980738658 ) ) ;
#589 = CARTESIAN_POINT ( 'NONE',  ( 8.583015226420576127, 2.547393138076722074, -0.05808895201926123075 ) ) ;
#590 = EDGE_LOOP ( 'NONE', ( #3484, #3586, #2015, #1521 ) ) ;
#591 = VERTEX_POINT ( 'NONE', #3760 ) ;
#592 = CARTESIAN_POINT ( 'NONE',  ( -27.20403197111355809, 2.547393138076722074, 3.941911047980738658 ) ) ;
#593 = ORIENTED_EDGE ( 'NONE', *, *, #2563, .F. ) ;
#594 = FACE_OUTER_BOUND ( 'NONE', #1488, .T. ) ;
#595 = ORIENTED_EDGE ( 'NONE', *, *, #2632, .F. ) ;
#596 = VERTEX_POINT ( 'NONE', #2066 ) ;
#597 = EDGE_LOOP ( 'NONE', ( #742, #4355, #618, #3031 ) ) ;
#598 = FACE_OUTER_BOUND ( 'NONE', #1266, .T. ) ;
#599 = ORIENTED_EDGE ( 'NONE', *, *, #3626, .F. ) ;
#600 = DIRECTION ( 'NONE',  ( 0.000000000000000000, 0.000000000000000000, 1.000000000000000000 ) ) ;
#601 = PLANE ( 'NONE',  #3019 ) ;
#602 = VECTOR ( 'NONE', #2849, 100.0000000000000000 ) ;
#603 = PLANE ( 'NONE',  #4499 ) ;
#604 = PLANE ( 'NONE',  #2854 ) ;
#605 = CARTESIAN_POINT ( 'NONE',  ( -14.58352044447785900, 4.124933138076721129, -0.05808895201926123075 ) ) ;
#606 = DIRECTION ( 'NONE',  ( -1.000000000000000000, 0.000000000000000000, 0.000000000000000000 ) ) ;
#607 = DIRECTION ( 'NONE',  ( 0.000000000000000000, -1.000000000000000000, -0.000000000000000000 ) ) ;
#608 = DIRECTION ( 'NONE',  ( 0.3420201433256628287, -0.9396926207859105373, 0.000000000000000000 ) ) ;
#609 = VECTOR ( 'NONE', #4133, 100.0000000000000000 ) ;
#610 = ORIENTED_EDGE ( 'NONE', *, *, #587, .T. ) ;
#611 = DIRECTION ( 'NONE',  ( 1.000000000000000000, 0.000000000000000000, 0.000000000000000000 ) ) ;
#612 = CARTESIAN_POINT ( 'NONE',  ( -51.95666283727535983, 4.122393138076720476, 3.941911047980738658 ) ) ;
#613 = EDGE_CURVE ( 'NONE', #736, #4404, #1692, .T. ) ;
#614 = VERTEX_POINT ( 'NONE', #4090 ) ;
#615 = LINE ( 'NONE', #998, #30 ) ;
#616 = CARTESIAN_POINT ( 'NONE',  ( -60.50077177734647194, 7.217393138076719339, -5.058088952019261342 ) ) ;
#617 = VERTEX_POINT ( 'NONE', #4461 ) ;
#618 = ORIENTED_EDGE ( 'NONE', *, *, #1218, .F. ) ;
#619 = EDGE_CURVE ( 'NONE', #5, #2745, #1038, .T. ) ;
#620 = CARTESIAN_POINT ( 'NONE',  ( -6.810788758579411351, 2.547393138076722074, 3.941911047980738658 ) ) ;
#621 = VECTOR ( 'NONE', #3482, 100.0000000000000000 ) ;
#622 = ORIENTED_EDGE ( 'NONE', *, *, #624, .F. ) ;
#623 = AXIS2_PLACEMENT_3D ( 'NONE', #1208, #2607, #4014 ) ;
#624 = EDGE_CURVE ( 'NONE', #1642, #3585, #3356, .T. ) ;
#625 = FACE_OUTER_BOUND ( 'NONE', #2331, .T. ) ;
#626 = FACE_OUTER_BOUND ( 'NONE', #2075, .T. ) ;
#627 = DIRECTION ( 'NONE',  ( -0.9396926207859105373, -0.3420201433256628287, 0.000000000000000000 ) ) ;
#628 = EDGE_CURVE ( 'NONE', #1036, #3142, #2754, .T. ) ;
#629 = DIRECTION ( 'NONE',  ( 0.000000000000000000, 0.000000000000000000, 1.000000000000000000 ) ) ;
#630 = CARTESIAN_POINT ( 'NONE',  ( -33.50077177734647194, 4.122393138076720476, -0.05808895201926123075 ) ) ;
#631 = ORIENTED_EDGE ( 'NONE', *, *, #2791, .T. ) ;
#632 = EDGE_CURVE ( 'NONE', #2629, #2683, #1017, .T. ) ;
#633 = LINE ( 'NONE', #707, #4487 ) ;
#634 = CARTESIAN_POINT ( 'NONE',  ( -49.75875749980951213, 4.122393138076720476, -0.05808895201926123075 ) ) ;
#635 = VERTEX_POINT ( 'NONE', #2437 ) ;
#636 = LINE ( 'NONE', #2510, #686 ) ;
#637 = DIRECTION ( 'NONE',  ( 0.3420201433256627732, -0.9396926207859105373, 0.000000000000000000 ) ) ;
#638 = ORIENTED_EDGE ( 'NONE', *, *, #2484, .T. ) ;
#639 = CARTESIAN_POINT ( 'NONE',  ( -34.37342013754864922, 4.122393138076720476, 3.941911047980738658 ) ) ;
#640 = EDGE_CURVE ( 'NONE', #2297, #3360, #679, .T. ) ;
#641 = ORIENTED_EDGE ( 'NONE', *, *, #2365, .F. ) ;
#642 = VECTOR ( 'NONE', #1609, 100.0000000000000142 ) ;
#643 = EDGE_LOOP ( 'NONE', ( #2756, #2805, #1066, #3827 ) ) ;
#644 = CARTESIAN_POINT ( 'NONE',  ( 0.8112080249171649271, 4.122393138076720476, 3.941911047980738658 ) ) ;
#645 = LINE ( 'NONE', #211, #3257 ) ;
#646 = CARTESIAN_POINT ( 'NONE',  ( -15.03399505961015237, 4.122393138076721364, -0.05808895201926123075 ) ) ;
#647 = LINE ( 'NONE', #2030, #1708 ) ;
#648 = VECTOR ( 'NONE', #779, 100.0000000000000142 ) ;
#649 = CARTESIAN_POINT ( 'NONE',  ( 11.35630768478486097, 4.124933138076721129, -0.05808895201926123075 ) ) ;
#650 = LINE ( 'NONE', #2705, #2858 ) ;
#651 = ORIENTED_EDGE ( 'NONE', *, *, #4102, .F. ) ;
#652 = VECTOR ( 'NONE', #4141, 100.0000000000000000 ) ;
#653 = VERTEX_POINT ( 'NONE', #1282 ) ;
#654 = FACE_OUTER_BOUND ( 'NONE', #729, .T. ) ;
#655 = FACE_OUTER_BOUND ( 'NONE', #550, .T. ) ;
#656 = PLANE ( 'NONE',  #2238 ) ;
#657 = VERTEX_POINT ( 'NONE', #943 ) ;
#658 = VERTEX_POINT ( 'NONE', #1995 ) ;
#659 = LINE ( 'NONE', #3119, #1004 ) ;
#660 = ORIENTED_EDGE ( 'NONE', *, *, #3275, .T. ) ;
#661 = DIRECTION ( 'NONE',  ( 0.3420201433256627732, 0.9396926207859105373, -0.000000000000000000 ) ) ;
#662 = VERTEX_POINT ( 'NONE', #1638 ) ;
#663 = CARTESIAN_POINT ( 'NONE',  ( -48.01225126187100045, 4.122393138076720476, -0.05808895201926123075 ) ) ;
#664 = PLANE ( 'NONE',  #2168 ) ;
#665 = VERTEX_POINT ( 'NONE', #2012 ) ;
#666 = CARTESIAN_POINT ( 'NONE',  ( -33.50077177734647194, 4.122393138076720476, -0.05808895201926123075 ) ) ;
#667 = ADVANCED_FACE ( 'NONE', ( #346 ), #3045, .F. ) ;
#668 = EDGE_CURVE ( 'NONE', #3675, #48, #964, .T. ) ;
#669 = ORIENTED_EDGE ( 'NONE', *, *, #3571, .T. ) ;
#670 = ORIENTED_EDGE ( 'NONE', *, *, #797, .F. ) ;
#671 = DIRECTION ( 'NONE',  ( 0.000000000000000000, 0.000000000000000000, -1.000000000000000000 ) ) ;
#672 = DIRECTION ( 'NONE',  ( 0.3420201433256627732, 0.9396926207859105373, -0.000000000000000000 ) ) ;
#673 = ADVANCED_FACE ( 'NONE', ( #1664 ), #4134, .F. ) ;
#674 = EDGE_CURVE ( 'NONE', #141, #3330, #2088, .T. ) ;
#675 = DIRECTION ( 'NONE',  ( -0.3420201433256603862, -0.9396926207859114255, 0.000000000000000000 ) ) ;
#676 = CARTESIAN_POINT ( 'NONE',  ( -60.50077177734647194, -2.782606861923278441, -5.058088952019260454 ) ) ;
#677 = LINE ( 'NONE', #2062, #4375 ) ;
#678 = ORIENTED_EDGE ( 'NONE', *, *, #1802, .T. ) ;
#679 = LINE ( 'NONE', #1324, #1685 ) ;
#680 = LINE ( 'NONE', #1304, #1705 ) ;
#681 = VERTEX_POINT ( 'NONE', #4242 ) ;
#682 = CARTESIAN_POINT ( 'NONE',  ( -39.22062991200765225, 4.122393138076720476, -0.05808895201926123075 ) ) ;
#683 = ORIENTED_EDGE ( 'NONE', *, *, #3881, .T. ) ;
#684 = CARTESIAN_POINT ( 'NONE',  ( -58.50077177734647194, 7.217393138076719339, 8.941911047980740435 ) ) ;
#685 = VERTEX_POINT ( 'NONE', #3524 ) ;
#686 = VECTOR ( 'NONE', #1065, 100.0000000000000000 ) ;
#687 = VECTOR ( 'NONE', #2942, 100.0000000000000000 ) ;
#688 = CARTESIAN_POINT ( 'NONE',  ( -47.56085216234367863, 4.122393138076720476, -0.05808895201926123075 ) ) ;
#689 = CARTESIAN_POINT ( 'NONE',  ( -30.42779904461013629, 4.122393138076720476, 3.941911047980738658 ) ) ;
#690 = EDGE_CURVE ( 'NONE', #3769, #321, #2175, .T. ) ;
#691 = EDGE_LOOP ( 'NONE', ( #3162, #4370, #3033, #3548 ) ) ;
#692 = VECTOR ( 'NONE', #1879, 100.0000000000000000 ) ;
#693 = DIRECTION ( 'NONE',  ( 0.000000000000000000, 0.000000000000000000, -1.000000000000000000 ) ) ;
#694 = ORIENTED_EDGE ( 'NONE', *, *, #2234, .F. ) ;
#695 = CARTESIAN_POINT ( 'NONE',  ( -44.78969370590857579, 2.547393138076722074, 3.941911047980738658 ) ) ;
#696 = EDGE_CURVE ( 'NONE', #3056, #3832, #1125, .T. ) ;
#697 = PLANE ( 'NONE',  #3494 ) ;
#698 = DIRECTION ( 'NONE',  ( 0.000000000000000000, 0.000000000000000000, -1.000000000000000000 ) ) ;
#699 = DIRECTION ( 'NONE',  ( 0.000000000000000000, -2.478176394252581387E-17, 1.000000000000000000 ) ) ;
#700 = CARTESIAN_POINT ( 'NONE',  ( -30.96838145061631664, -11.27156905142573606, -2.301730293121226900 ) ) ;
#701 = DIRECTION ( 'NONE',  ( 1.000000000000000000, 0.000000000000000000, 0.000000000000000000 ) ) ;
#702 = DIRECTION ( 'NONE',  ( 0.000000000000000000, 0.000000000000000000, 1.000000000000000000 ) ) ;
#703 = EDGE_CURVE ( 'NONE', #681, #3916, #1742, .T. ) ;
#704 = VERTEX_POINT ( 'NONE', #3930 ) ;
#705 = VECTOR ( 'NONE', #3572, 100.0000000000000000 ) ;
#706 = ORIENTED_EDGE ( 'NONE', *, *, #4060, .T. ) ;
#708 = ADVANCED_FACE ( 'NONE', ( #1058 ), #1436, .F. ) ;
#707 = CARTESIAN_POINT ( 'NONE',  ( 9.607667444917161959, 4.122393138076720476, -0.05808895201926123075 ) ) ;
#709 = VERTEX_POINT ( 'NONE', #3545 ) ;
#710 = CARTESIAN_POINT ( 'NONE',  ( 9.607667444917156629, 4.122393138076721364, -0.05808895201926123075 ) ) ;
#711 = CARTESIAN_POINT ( 'NONE',  ( -33.50077177734647194, 2.547393138076722074, 3.941911047980738658 ) ) ;
#712 = ORIENTED_EDGE ( 'NONE', *, *, #2659, .F. ) ;
#713 = CARTESIAN_POINT ( 'NONE',  ( -34.82481923707597815, 4.122393138076720476, 3.941911047980738658 ) ) ;
#714 = ORIENTED_EDGE ( 'NONE', *, *, #4248, .F. ) ;
#715 = VERTEX_POINT ( 'NONE', #65 ) ;
#716 = LINE ( 'NONE', #1068, #378 ) ;
#717 = DIRECTION ( 'NONE',  ( 1.000000000000000000, -0.000000000000000000, -0.000000000000000000 ) ) ;
#718 = DIRECTION ( 'NONE',  ( -0.3420201433256633283, 0.9396926207859103153, 0.000000000000000000 ) ) ;
#719 = CARTESIAN_POINT ( 'NONE',  ( -17.80636303357940520, 2.547393138076722074, -0.05808895201926123075 ) ) ;
#720 = PLANE ( 'NONE',  #324 ) ;
#721 = DIRECTION ( 'NONE',  ( -0.3420201433256663259, 0.9396926207859093161, 0.000000000000000000 ) ) ;
#722 = LINE ( 'NONE', #3138, #3909 ) ;
#723 = EDGE_CURVE ( 'NONE', #2946, #2014, #3573, .T. ) ;
#724 = VERTEX_POINT ( 'NONE', #387 ) ;
#725 = ORIENTED_EDGE ( 'NONE', *, *, #1810, .F. ) ;
#726 = ADVANCED_FACE ( 'NONE', ( #3158 ), #1760, .T. ) ;
#727 = VECTOR ( 'NONE', #2044, 100.0000000000000142 ) ;
#728 = DIRECTION ( 'NONE',  ( 0.3420201433256627732, 0.9396926207859105373, -0.000000000000000000 ) ) ;
#729 = EDGE_LOOP ( 'NONE', ( #4430, #595, #3817, #2160 ) ) ;
#730 = CARTESIAN_POINT ( 'NONE',  ( -33.20016701857939267, 2.547393138076722074, 3.941911047980738658 ) ) ;
#731 = ORIENTED_EDGE ( 'NONE', *, *, #322, .T. ) ;
#732 = LINE ( 'NONE', #96, #1317 ) ;
#733 = ORIENTED_EDGE ( 'NONE', *, *, #2246, .T. ) ;
#734 = ORIENTED_EDGE ( 'NONE', *, *, #3834, .T. ) ;
#735 = CARTESIAN_POINT ( 'NONE',  ( -39.22062991200765225, 4.122393138076720476, -0.05808895201926123075 ) ) ;
#736 = VERTEX_POINT ( 'NONE', #2129 ) ;
#737 = LINE ( 'NONE', #1717, #3563 ) ;
#738 = PLANE ( 'NONE',  #125 ) ;
#739 = CARTESIAN_POINT ( 'NONE',  ( -60.50077177734647194, 7.217393138076719339, -5.058088952019261342 ) ) ;
#740 = DIRECTION ( 'NONE',  ( 0.000000000000000000, 0.000000000000000000, 1.000000000000000000 ) ) ;
#741 = VERTEX_POINT ( 'NONE', #409 ) ;
#742 = ORIENTED_EDGE ( 'NONE', *, *, #4429, .T. ) ;
#743 = DIRECTION ( 'NONE',  ( -0.000000000000000000, -0.000000000000000000, 1.000000000000000000 ) ) ;
#744 = ORIENTED_EDGE ( 'NONE', *, *, #2948, .T. ) ;
#745 = VECTOR ( 'NONE', #353, 100.0000000000000000 ) ;
#746 = CARTESIAN_POINT ( 'NONE',  ( -44.18969370590858148, 2.547393138076724295, -0.05808895201926123075 ) ) ;
#747 = LINE ( 'NONE', #2073, #902 ) ;
#748 = DIRECTION ( 'NONE',  ( 0.000000000000000000, 1.000000000000000000, 0.000000000000000000 ) ) ;
#749 = CARTESIAN_POINT ( 'NONE',  ( -33.20016701857939267, 2.547393138076722074, -0.05808895201926123075 ) ) ;
#750 = ORIENTED_EDGE ( 'NONE', *, *, #3364, .F. ) ;
#751 = AXIS2_PLACEMENT_3D ( 'NONE', #1133, #3555, #4211 ) ;
#752 = VECTOR ( 'NONE', #3860, 100.0000000000000000 ) ;
#753 = AXIS2_PLACEMENT_3D ( 'NONE', #1072, #2125, #1083 ) ;
#754 = DIRECTION ( 'NONE',  ( 0.000000000000000000, 0.000000000000000000, -1.000000000000000000 ) ) ;
#755 = VECTOR ( 'NONE', #3734, 100.0000000000000000 ) ;
#756 = VECTOR ( 'NONE', #4136, 100.0000000000000000 ) ;
#757 = DIRECTION ( 'NONE',  ( -0.000000000000000000, -0.000000000000000000, 1.000000000000000000 ) ) ;
#758 = CARTESIAN_POINT ( 'NONE',  ( -33.80016701857938699, 2.547393138076722074, -0.05808895201926123075 ) ) ;
#759 = CARTESIAN_POINT ( 'NONE',  ( -33.50077177734647194, 4.122393138076720476, -0.05808895201926123075 ) ) ;
#760 = LINE ( 'NONE', #451, #2831 ) ;
#761 = ORIENTED_EDGE ( 'NONE', *, *, #3874, .T. ) ;
#762 = CARTESIAN_POINT ( 'NONE',  ( 16.49922822265352806, 0.4223931380767216304, -0.05808895201926123075 ) ) ;
#763 = DIRECTION ( 'NONE',  ( 0.3420201433256628287, 0.9396926207859105373, 0.000000000000000000 ) ) ;
#764 = CARTESIAN_POINT ( 'NONE',  ( -32.07600086383689586, 11.67470954873330236, -2.301730293121226900 ) ) ;
#765 = EDGE_CURVE ( 'NONE', #215, #899, #1786, .T. ) ;
#766 = ORIENTED_EDGE ( 'NONE', *, *, #2407, .F. ) ;
#767 = CARTESIAN_POINT ( 'NONE',  ( -3.587946169477867819, 4.124933138076721129, -0.05808895201926123075 ) ) ;
#768 = CARTESIAN_POINT ( 'NONE',  ( -7.985251395082826775, 4.122393138076720476, 3.941911047980738658 ) ) ;
#769 = AXIS2_PLACEMENT_3D ( 'NONE', #2851, #2515, #2375 ) ;
#770 = ORIENTED_EDGE ( 'NONE', *, *, #2491, .T. ) ;
#771 = LINE ( 'NONE', #1344, #4516 ) ;
#772 = CARTESIAN_POINT ( 'NONE',  ( -44.18969370590858148, 2.547393138076724295, -2.301730293121226900 ) ) ;
#773 = ADVANCED_FACE ( 'NONE', ( #3987 ), #1558, .F. ) ;
#774 = CARTESIAN_POINT ( 'NONE',  ( -47.56085216234367863, 4.122393138076720476, 3.941911047980738658 ) ) ;
#775 = DIRECTION ( 'NONE',  ( 0.3420201433256628287, -0.9396926207859105373, 0.000000000000000000 ) ) ;
#776 = EDGE_CURVE ( 'NONE', #1767, #3485, #3680, .T. ) ;
#777 = CARTESIAN_POINT ( 'NONE',  ( -51.38340971830610471, 2.547393138076722963, 3.941911047980738658 ) ) ;
#778 = DIRECTION ( 'NONE',  ( 0.000000000000000000, 0.000000000000000000, 1.000000000000000000 ) ) ;
#779 = DIRECTION ( 'NONE',  ( -0.3420201433256628287, 0.9396926207859105373, 0.000000000000000000 ) ) ;
#780 = CARTESIAN_POINT ( 'NONE',  ( -1.839305929610163259, 4.122393138076720476, -0.05808895201926123075 ) ) ;
#781 = CARTESIAN_POINT ( 'NONE',  ( 0.3598089253898317796, 4.122393138076720476, -0.05808895201926123075 ) ) ;
#782 = DIRECTION ( 'NONE',  ( 1.000000000000000000, -0.000000000000000000, -0.000000000000000000 ) ) ;
#783 = ORIENTED_EDGE ( 'NONE', *, *, #3679, .F. ) ;
#784 = CARTESIAN_POINT ( 'NONE',  ( -28.22775970521510658, 4.124933138076721129, -0.05808895201926123075 ) ) ;
#785 = CARTESIAN_POINT ( 'NONE',  ( -37.59597769351105967, 2.547393138076724295, -0.05808895201926123075 ) ) ;
#787 = CARTESIAN_POINT ( 'NONE',  ( -17.80636303357940520, 2.547393138076722074, -0.05808895201926123075 ) ) ;
#786 = VECTOR ( 'NONE', #2156, 100.0000000000000000 ) ;
#788 = DIRECTION ( 'NONE',  ( 0.3420201433256627732, 0.9396926207859105373, -0.000000000000000000 ) ) ;
#789 = LINE ( 'NONE', #2186, #4055 ) ;
#790 = ORIENTED_EDGE ( 'NONE', *, *, #2616, .F. ) ;
#791 = ORIENTED_EDGE ( 'NONE', *, *, #2684, .F. ) ;
#792 = ORIENTED_EDGE ( 'NONE', *, *, #2480, .F. ) ;
#793 = CARTESIAN_POINT ( 'NONE',  ( -50.21015659933684105, 4.122393138076720476, -2.301730293121226900 ) ) ;
#794 = VECTOR ( 'NONE', #836, 100.0000000000000000 ) ;
#795 = CARTESIAN_POINT ( 'NONE',  ( -33.50077177734647194, 4.122393138076720476, 3.941911047980738658 ) ) ;
#796 = DIRECTION ( 'NONE',  ( 0.000000000000000000, 1.000000000000000000, 0.000000000000000000 ) ) ;
#797 = EDGE_CURVE ( 'NONE', #2271, #1378, #4286, .T. ) ;
#798 = CARTESIAN_POINT ( 'NONE',  ( 9.607667444917156629, 4.122393138076721364, 3.941911047980738658 ) ) ;
#799 = CARTESIAN_POINT ( 'NONE',  ( -49.18550438084025700, 2.547393138076722074, 3.941911047980738658 ) ) ;
#800 = EDGE_CURVE ( 'NONE', #1047, #2602, #2542, .T. ) ;
#801 = FACE_OUTER_BOUND ( 'NONE', #1067, .T. ) ;
#802 = FACE_OUTER_BOUND ( 'NONE', #2397, .T. ) ;
#803 = ORIENTED_EDGE ( 'NONE', *, *, #3881, .F. ) ;
#804 = LINE ( 'NONE', #4314, #28 ) ;
#805 = CARTESIAN_POINT ( 'NONE',  ( -34.84997995834950757, -12.68435536961257881, -2.301730293121226900 ) ) ;
#806 = CARTESIAN_POINT ( 'NONE',  ( -33.20016701857939267, 2.547393138076722074, -0.05808895201926123075 ) ) ;
#807 = CARTESIAN_POINT ( 'NONE',  ( 11.35538320038982363, 4.122393138076720476, -0.05808895201926123075 ) ) ;
#808 = CARTESIAN_POINT ( 'NONE',  ( -46.38759904337441498, 2.547393138076722963, -0.05808895201926123075 ) ) ;
#809 = CARTESIAN_POINT ( 'NONE',  ( -33.50077177734647194, 4.122393138076720476, -0.05808895201926123075 ) ) ;
#810 = ORIENTED_EDGE ( 'NONE', *, *, #3607, .T. ) ;
#811 = ORIENTED_EDGE ( 'NONE', *, *, #1187, .F. ) ;
#812 = VECTOR ( 'NONE', #1668, 100.0000000000000142 ) ;
#813 = VECTOR ( 'NONE', #2137, 100.0000000000000000 ) ;
#814 = VECTOR ( 'NONE', #4064, 100.0000000000000000 ) ;
#815 = DIRECTION ( 'NONE',  ( 0.000000000000000000, -1.000000000000000000, -0.000000000000000000 ) ) ;
#816 = VECTOR ( 'NONE', #2018, 100.0000000000000000 ) ;
#817 = EDGE_CURVE ( 'NONE', #856, #2785, #167, .T. ) ;
#818 = AXIS2_PLACEMENT_3D ( 'NONE', #2749, #959, #4530 ) ;
#819 = FILL_AREA_STYLE_COLOUR ( '', #1513 ) ;
#820 = DIRECTION ( 'NONE',  ( 0.000000000000000000, -1.000000000000000000, 0.000000000000000000 ) ) ;
#821 = DIRECTION ( 'NONE',  ( -0.3420201433256604417, -0.9396926207859114255, 0.000000000000000000 ) ) ;
#822 = ORIENTED_EDGE ( 'NONE', *, *, #2431, .T. ) ;
#823 = EDGE_CURVE ( 'NONE', #1565, #2683, #4428, .T. ) ;
#824 = DIRECTION ( 'NONE',  ( 0.000000000000000000, 0.000000000000000000, 1.000000000000000000 ) ) ;
#825 = AXIS2_PLACEMENT_3D ( 'NONE', #2870, #3980, #4277 ) ;
#826 = DIRECTION ( 'NONE',  ( 1.000000000000000000, -0.000000000000000000, -0.000000000000000000 ) ) ;
#827 = CARTESIAN_POINT ( 'NONE',  ( -6.810788758579411351, 2.547393138076722074, -0.05808895201926123075 ) ) ;
#828 = DIRECTION ( 'NONE',  ( 0.000000000000000000, -1.000000000000000000, 0.000000000000000000 ) ) ;
#829 = LINE ( 'NONE', #3290, #2235 ) ;
#830 = FACE_OUTER_BOUND ( 'NONE', #1718, .T. ) ;
#831 = CARTESIAN_POINT ( 'NONE',  ( -33.50077177734647194, 4.122393138076720476, -0.05808895201926123075 ) ) ;
#833 = ORIENTED_EDGE ( 'NONE', *, *, #1330, .T. ) ;
#832 = ADVANCED_FACE ( 'NONE', ( #4338 ), #3313, .F. ) ;
#834 = ORIENTED_EDGE ( 'NONE', *, *, #1515, .F. ) ;
#835 = ORIENTED_EDGE ( 'NONE', *, *, #2460, .T. ) ;
#836 = DIRECTION ( 'NONE',  ( 0.3420201433256627732, 0.9396926207859105373, -0.000000000000000000 ) ) ;
#837 = VECTOR ( 'NONE', #3935, 99.99999999999998579 ) ;
#838 = CARTESIAN_POINT ( 'NONE',  ( 2.623070707932562140, 17.27039655003886409, 3.941911047980738658 ) ) ;
#839 = VERTEX_POINT ( 'NONE', #1193 ) ;
#840 = DIRECTION ( 'NONE',  ( -0.3420201433256628287, 0.9396926207859105373, 0.000000000000000000 ) ) ;
#841 = EDGE_LOOP ( 'NONE', ( #1951, #3450, #3398, #1559 ) ) ;
#842 = VECTOR ( 'NONE', #754, 100.0000000000000000 ) ;
#843 = ORIENTED_EDGE ( 'NONE', *, *, #189, .T. ) ;
#844 = CARTESIAN_POINT ( 'NONE',  ( -15.03307057521511503, 4.124933138076721129, -0.05808895201926123075 ) ) ;
#845 = CARTESIAN_POINT ( 'NONE',  ( -17.80636303357940520, 2.547393138076722074, -0.05808895201926123075 ) ) ;
#846 = CARTESIAN_POINT ( 'NONE',  ( -33.50077177734647194, 4.122393138076720476, -0.05808895201926123075 ) ) ;
#847 = DIRECTION ( 'NONE',  ( 0.3420201433256627732, 0.9396926207859105373, -0.000000000000000000 ) ) ;
#848 = EDGE_CURVE ( 'NONE', #2745, #3721, #1898, .T. ) ;
#849 = CARTESIAN_POINT ( 'NONE',  ( -38.73157846608251731, -14.09714168779959920, -2.301730293121226900 ) ) ;
#850 = LINE ( 'NONE', #158, #1180 ) ;
#851 = DIRECTION ( 'NONE',  ( 0.000000000000000000, -1.000000000000000000, -0.000000000000000000 ) ) ;
#852 = ORIENTED_EDGE ( 'NONE', *, *, #1629, .T. ) ;
#853 = ORIENTED_EDGE ( 'NONE', *, *, #1248, .T. ) ;
#854 = VECTOR ( 'NONE', #469, 100.0000000000000142 ) ;
#855 = FACE_OUTER_BOUND ( 'NONE', #2585, .T. ) ;
#856 = VERTEX_POINT ( 'NONE', #199 ) ;
#857 = EDGE_CURVE ( 'NONE', #662, #2676, #3954, .T. ) ;
#858 = VECTOR ( 'NONE', #2723, 100.0000000000000000 ) ;
#859 = EDGE_CURVE ( 'NONE', #37, #3297, #135, .T. ) ;
#860 = EDGE_CURVE ( 'NONE', #665, #2416, #1503, .T. ) ;
#861 = VECTOR ( 'NONE', #2190, 100.0000000000000000 ) ;
#862 = CARTESIAN_POINT ( 'NONE',  ( -23.37997986447784982, 4.124933138076721129, -0.05808895201926123075 ) ) ;
#863 = DIRECTION ( 'NONE',  ( 0.000000000000000000, 1.000000000000000000, 0.000000000000000000 ) ) ;
#864 = ORIENTED_EDGE ( 'NONE', *, *, #3745, .F. ) ;
#865 = DIRECTION ( 'NONE',  ( 0.000000000000000000, -1.000000000000000000, -0.000000000000000000 ) ) ;
#866 = VERTEX_POINT ( 'NONE', #1568 ) ;
#867 = VERTEX_POINT ( 'NONE', #827 ) ;
#868 = CARTESIAN_POINT ( 'NONE',  ( 15.18035979142056746, 2.547393138076722074, -0.05808895201926123075 ) ) ;
#869 = DIRECTION ( 'NONE',  ( 0.000000000000000000, 0.000000000000000000, -1.000000000000000000 ) ) ;
#870 = DIRECTION ( 'NONE',  ( 1.000000000000000000, -0.000000000000000000, -0.000000000000000000 ) ) ;
#871 = LINE ( 'NONE', #159, #4219 ) ;
#872 = ORIENTED_EDGE ( 'NONE', *, *, #4142, .F. ) ;
#873 = ORIENTED_EDGE ( 'NONE', *, *, #3945, .F. ) ;
#874 = ORIENTED_EDGE ( 'NONE', *, *, #848, .F. ) ;
#875 = ORIENTED_EDGE ( 'NONE', *, *, #3578, .F. ) ;
#876 = ORIENTED_EDGE ( 'NONE', *, *, #2842, .T. ) ;
#877 = EDGE_CURVE ( 'NONE', #1102, #1731, #2591, .T. ) ;
#878 = ORIENTED_EDGE ( 'NONE', *, *, #90, .T. ) ;
#879 = EDGE_CURVE ( 'NONE', #3006, #4297, #3264, .T. ) ;
#880 = DIRECTION ( 'NONE',  ( -0.000000000000000000, -0.000000000000000000, 1.000000000000000000 ) ) ;
#881 = CARTESIAN_POINT ( 'NONE',  ( -45.81434592440516695, 4.122393138076720476, -2.301730293121226900 ) ) ;
#882 = DIRECTION ( 'NONE',  ( 1.000000000000000000, -0.000000000000000000, -0.000000000000000000 ) ) ;
#883 = ORIENTED_EDGE ( 'NONE', *, *, #3123, .T. ) ;
#884 = CARTESIAN_POINT ( 'NONE',  ( -7.986175879477864115, 4.124933138076721129, -0.05808895201926123075 ) ) ;
#885 = AXIS2_PLACEMENT_3D ( 'NONE', #3936, #3186, #2161 ) ;
#886 = AXIS2_PLACEMENT_3D ( 'NONE', #2154, #2455, #45 ) ;
#887 = CARTESIAN_POINT ( 'NONE',  ( 12.38003541888640946, 2.547393138076722074, 3.941911047980738658 ) ) ;
#888 = ORIENTED_EDGE ( 'NONE', *, *, #2069, .F. ) ;
#889 = ORIENTED_EDGE ( 'NONE', *, *, #2446, .T. ) ;
#890 = CARTESIAN_POINT ( 'NONE',  ( -41.41853524947348575, 4.122393138076720476, 3.941911047980738658 ) ) ;
#891 = CARTESIAN_POINT ( 'NONE',  ( -52.40806193680267455, 4.122393138076720476, -2.301730293121226900 ) ) ;
#892 = LINE ( 'NONE', #155, #2282 ) ;
#893 = CARTESIAN_POINT ( 'NONE',  ( -50.21015659933684105, 4.122393138076720476, 3.941911047980738658 ) ) ;
#894 = DIRECTION ( 'NONE',  ( 0.000000000000000000, 0.000000000000000000, 1.000000000000000000 ) ) ;
#895 = DIRECTION ( 'NONE',  ( -1.000000000000000000, 0.000000000000000000, 0.000000000000000000 ) ) ;
#896 = ORIENTED_EDGE ( 'NONE', *, *, #3127, .T. ) ;
#897 = ADVANCED_FACE ( 'NONE', ( #1281 ), #1663, .T. ) ;
#898 = VECTOR ( 'NONE', #3937, 100.0000000000000000 ) ;
#899 = VERTEX_POINT ( 'NONE', #3785 ) ;
#900 = ORIENTED_EDGE ( 'NONE', *, *, #3307, .F. ) ;
#901 = DIRECTION ( 'NONE',  ( 0.000000000000000000, 0.000000000000000000, 1.000000000000000000 ) ) ;
#902 = VECTOR ( 'NONE', #2444, 100.0000000000000000 ) ;
#903 = ORIENTED_EDGE ( 'NONE', *, *, #4118, .T. ) ;
#904 = VERTEX_POINT ( 'NONE', #4438 ) ;
#905 = VERTEX_POINT ( 'NONE', #2686 ) ;
#906 = DIRECTION ( 'NONE',  ( 0.000000000000000000, 1.000000000000000000, 0.000000000000000000 ) ) ;
#907 = EDGE_CURVE ( 'NONE', #2297, #736, #4157, .T. ) ;
#908 = VECTOR ( 'NONE', #1448, 100.0000000000000142 ) ;
#909 = VERTEX_POINT ( 'NONE', #4067 ) ;
#910 = LINE ( 'NONE', #287, #259 ) ;
#911 = ADVANCED_FACE ( 'NONE', ( #654 ), #3404, .F. ) ;
#912 = ORIENTED_EDGE ( 'NONE', *, *, #2281, .F. ) ;
#913 = ADVANCED_FACE ( 'NONE', ( #1323 ), #4409, .F. ) ;
#914 = CARTESIAN_POINT ( 'NONE',  ( -58.50077177734647194, 0.4223931380767216304, 3.941911047980738658 ) ) ;
#915 = CARTESIAN_POINT ( 'NONE',  ( 4.758963119784870521, 4.124933138076721129, 3.941911047980738658 ) ) ;
#916 = PLANE ( 'NONE',  #3905 ) ;
#917 = CARTESIAN_POINT ( 'NONE',  ( 4.758963119784870521, 4.124933138076721129, -0.05808895201926123075 ) ) ;
#918 = DIRECTION ( 'NONE',  ( 0.000000000000000000, 0.000000000000000000, -1.000000000000000000 ) ) ;
#919 = LINE ( 'NONE', #3667, #466 ) ;
#920 = LINE ( 'NONE', #220, #4127 ) ;
#921 = EDGE_LOOP ( 'NONE', ( #2240, #1645, #1402, #3231 ) ) ;
#922 = ORIENTED_EDGE ( 'NONE', *, *, #848, .T. ) ;
#923 = DIRECTION ( 'NONE',  ( 0.3420201433256627732, -0.9396926207859105373, 0.000000000000000000 ) ) ;
#924 = ORIENTED_EDGE ( 'NONE', *, *, #2559, .F. ) ;
#925 = CARTESIAN_POINT ( 'NONE',  ( -23.82952999521511117, 4.124933138076721129, -0.05808895201926123075 ) ) ;
#926 = CARTESIAN_POINT ( 'NONE',  ( -33.50077177734647194, 4.122393138076720476, -0.05808895201926123075 ) ) ;
#927 = ORIENTED_EDGE ( 'NONE', *, *, #348, .T. ) ;
#928 = VECTOR ( 'NONE', #320, 100.0000000000000000 ) ;
#929 = ORIENTED_EDGE ( 'NONE', *, *, #428, .T. ) ;
#930 = VECTOR ( 'NONE', #3660, 100.0000000000000000 ) ;
#931 = AXIS2_PLACEMENT_3D ( 'NONE', #3830, #3146, #693 ) ;
#932 = EDGE_CURVE ( 'NONE', #1620, #4081, #2992, .T. ) ;
#933 = ORIENTED_EDGE ( 'NONE', *, *, #907, .T. ) ;
#934 = CARTESIAN_POINT ( 'NONE',  ( 7.407628105522123363, 4.124933138076721129, -0.05808895201926123075 ) ) ;
#935 = ORIENTED_EDGE ( 'NONE', *, *, #2398, .F. ) ;
#936 = EDGE_CURVE ( 'NONE', #899, #55, #1260, .T. ) ;
#937 = EDGE_CURVE ( 'NONE', #1206, #662, #990, .T. ) ;
#938 = DIRECTION ( 'NONE',  ( 0.9396926207859105373, -0.3420201433256628287, 0.000000000000000000 ) ) ;
#939 = LINE ( 'NONE', #267, #4159 ) ;
#940 = LINE ( 'NONE', #846, #1914 ) ;
#941 = EDGE_CURVE ( 'NONE', #285, #4116, #3758, .T. ) ;
#942 = PLANE ( 'NONE',  #2352 ) ;
#943 = CARTESIAN_POINT ( 'NONE',  ( -45.36294682487783803, 4.122393138076720476, -0.05808895201926123075 ) ) ;
#944 = LINE ( 'NONE', #4413, #2580 ) ;
#945 = EDGE_CURVE ( 'NONE', #899, #272, #3432, .T. ) ;
#946 = ORIENTED_EDGE ( 'NONE', *, *, #879, .T. ) ;
#947 = EDGE_LOOP ( 'NONE', ( #3505, #1556, #3345, #281 ) ) ;
#948 = ORIENTED_EDGE ( 'NONE', *, *, #1358, .T. ) ;
#949 = DIRECTION ( 'NONE',  ( 0.000000000000000000, 1.000000000000000000, 0.000000000000000000 ) ) ;
#950 = ORIENTED_EDGE ( 'NONE', *, *, #4449, .T. ) ;
#951 = DIRECTION ( 'NONE',  ( 0.000000000000000000, 0.000000000000000000, -1.000000000000000000 ) ) ;
#952 = ORIENTED_EDGE ( 'NONE', *, *, #2148, .T. ) ;
#953 = ORIENTED_EDGE ( 'NONE', *, *, #4257, .F. ) ;
#954 = ORIENTED_EDGE ( 'NONE', *, *, #3809, .F. ) ;
#955 = CARTESIAN_POINT ( 'NONE',  ( -26.02864485021510532, 4.124933138076721129, 3.941911047980738658 ) ) ;
#956 = DIRECTION ( 'NONE',  ( 0.3420201433256627732, 0.9396926207859105373, -0.000000000000000000 ) ) ;
#957 = ADVANCED_FACE ( 'NONE', ( #316 ), #942, .F. ) ;
#958 = VECTOR ( 'NONE', #2651, 100.0000000000000000 ) ;
#959 = DIRECTION ( 'NONE',  ( -0.9396926207859105373, -0.3420201433256628287, 0.000000000000000000 ) ) ;
#960 = CARTESIAN_POINT ( 'NONE',  ( -6.236611155215121549, 4.124933138076721129, -0.05808895201926123075 ) ) ;
#961 = VERTEX_POINT ( 'NONE', #1301 ) ;
#962 = DIRECTION ( 'NONE',  ( 1.000000000000000000, -0.000000000000000000, -0.000000000000000000 ) ) ;
#963 = LINE ( 'NONE', #3405, #2389 ) ;
#964 = LINE ( 'NONE', #3406, #1535 ) ;
#965 = CARTESIAN_POINT ( 'NONE',  ( -8.435726010215121917, 4.124933138076721129, -0.05808895201926123075 ) ) ;
#966 = ADVANCED_FACE ( 'NONE', ( #3094 ), #2706, .F. ) ;
#967 = ORIENTED_EDGE ( 'NONE', *, *, #3057, .F. ) ;
#968 = ORIENTED_EDGE ( 'NONE', *, *, #3068, .T. ) ;
#969 = ORIENTED_EDGE ( 'NONE', *, *, #2306, .T. ) ;
#970 = DIRECTION ( 'NONE',  ( 0.000000000000000000, -0.000000000000000000, 1.000000000000000000 ) ) ;
#971 = VECTOR ( 'NONE', #580, 100.0000000000000000 ) ;
#972 = ORIENTED_EDGE ( 'NONE', *, *, #2308, .T. ) ;
#973 = CARTESIAN_POINT ( 'NONE',  ( -24.40370759857939831, 2.547393138076722074, -0.05808895201926123075 ) ) ;
#974 = DIRECTION ( 'NONE',  ( 0.000000000000000000, 0.000000000000000000, -1.000000000000000000 ) ) ;
#975 = EDGE_CURVE ( 'NONE', #2471, #2925, #1690, .T. ) ;
#976 = ORIENTED_EDGE ( 'NONE', *, *, #2539, .T. ) ;
#977 = VECTOR ( 'NONE', #4091, 100.0000000000000000 ) ;
#978 = ORIENTED_EDGE ( 'NONE', *, *, #1384, .T. ) ;
#979 = PRESENTATION_STYLE_ASSIGNMENT (( #4472 ) ) ;
#980 = ORIENTED_EDGE ( 'NONE', *, *, #1163, .T. ) ;
#981 = ORIENTED_EDGE ( 'NONE', *, *, #4148, .F. ) ;
#982 = FACE_OUTER_BOUND ( 'NONE', #1974, .T. ) ;
#983 = PLANE ( 'NONE',  #2881 ) ;
#984 = AXIS2_PLACEMENT_3D ( 'NONE', #1858, #3265, #2642 ) ;
#985 = CARTESIAN_POINT ( 'NONE',  ( -37.02272457454181875, 4.122393138076720476, -2.301730293121226900 ) ) ;
#986 = CARTESIAN_POINT ( 'NONE',  ( -33.50077177734647194, 4.122393138076720476, 3.941911047980738658 ) ) ;
#987 = VERTEX_POINT ( 'NONE', #588 ) ;
#988 = CARTESIAN_POINT ( 'NONE',  ( -6.810788758579411351, 2.547393138076722074, -0.05808895201926123075 ) ) ;
#989 = ORIENTED_EDGE ( 'NONE', *, *, #1959, .F. ) ;
#990 = LINE ( 'NONE', #3814, #3153 ) ;
#991 = CARTESIAN_POINT ( 'NONE',  ( -19.43130028521511221, 4.124933138076721129, -0.05808895201926123075 ) ) ;
#992 = DIRECTION ( 'NONE',  ( 1.000000000000000000, -0.000000000000000000, -0.000000000000000000 ) ) ;
#993 = ORIENTED_EDGE ( 'NONE', *, *, #1840, .T. ) ;
#994 = LINE ( 'NONE', #682, #1458 ) ;
#995 = EDGE_CURVE ( 'NONE', #2475, #4399, #4107, .T. ) ;
#996 = CARTESIAN_POINT ( 'NONE',  ( -10.63484086521511962, 4.124933138076721129, 3.941911047980738658 ) ) ;
#997 = ORIENTED_EDGE ( 'NONE', *, *, #13, .F. ) ;
#998 = CARTESIAN_POINT ( 'NONE',  ( -49.75875749980951213, 4.122393138076720476, -2.301730293121226900 ) ) ;
#999 = CARTESIAN_POINT ( 'NONE',  ( -48.01225126187100045, 4.122393138076720476, -2.301730293121226900 ) ) ;
#1000 = ORIENTED_EDGE ( 'NONE', *, *, #2597, .T. ) ;
#1001 = VECTOR ( 'NONE', #1473, 100.0000000000000000 ) ;
#1002 = EDGE_CURVE ( 'NONE', #366, #2745, #2753, .T. ) ;
#1003 = CARTESIAN_POINT ( 'NONE',  ( 4.184785516420580720, 2.547393138076722074, -0.05808895201926123075 ) ) ;
#1004 = VECTOR ( 'NONE', #3506, 100.0000000000000142 ) ;
#1005 = LINE ( 'NONE', #2720, #1365 ) ;
#1006 = ORIENTED_EDGE ( 'NONE', *, *, #502, .F. ) ;
#1007 = VECTOR ( 'NONE', #1015, 100.0000000000000000 ) ;
#1008 = ORIENTED_EDGE ( 'NONE', *, *, #4258, .T. ) ;
#1009 = DIRECTION ( 'NONE',  ( 1.000000000000000000, -0.000000000000000000, -0.000000000000000000 ) ) ;
#1010 = LINE ( 'NONE', #2406, #4063 ) ;
#1011 = AXIS2_PLACEMENT_3D ( 'NONE', #1560, #1890, #4352 ) ;
#1012 = PLANE ( 'NONE',  #402 ) ;
#1013 = CARTESIAN_POINT ( 'NONE',  ( 6.383900371420575759, 2.547393138076722074, -0.05808895201926123075 ) ) ;
#1014 = ORIENTED_EDGE ( 'NONE', *, *, #3420, .F. ) ;
#1015 = DIRECTION ( 'NONE',  ( 0.000000000000000000, 0.000000000000000000, 1.000000000000000000 ) ) ;
#1016 = CARTESIAN_POINT ( 'NONE',  ( -33.50077177734647194, 2.547393138076722074, 3.941911047980738658 ) ) ;
#1017 = LINE ( 'NONE', #3815, #3519 ) ;
#1018 = CARTESIAN_POINT ( 'NONE',  ( -60.50077177734647194, 7.217393138076719339, 8.941911047980740435 ) ) ;
#1019 = ORIENTED_EDGE ( 'NONE', *, *, #1977, .T. ) ;
#1020 = ORIENTED_EDGE ( 'NONE', *, *, #4056, .T. ) ;
#1021 = DIRECTION ( 'NONE',  ( 0.000000000000000000, 0.000000000000000000, 1.000000000000000000 ) ) ;
#1022 = LINE ( 'NONE', #1356, #3339 ) ;
#1023 = ORIENTED_EDGE ( 'NONE', *, *, #3429, .T. ) ;
#1024 = CARTESIAN_POINT ( 'NONE',  ( -49.75875749980951213, 4.122393138076720476, -0.05808895201926123075 ) ) ;
#1025 = PLANE ( 'NONE',  #1640 ) ;
#1026 = ORIENTED_EDGE ( 'NONE', *, *, #3340, .T. ) ;
#1027 = DIRECTION ( 'NONE',  ( -1.000000000000000000, -0.000000000000000000, -0.000000000000000000 ) ) ;
#1028 = ADVANCED_FACE ( 'NONE', ( #242 ), #2358, .F. ) ;
#1029 = VERTEX_POINT ( 'NONE', #3565 ) ;
#1030 = CARTESIAN_POINT ( 'NONE',  ( -15.60724817857940749, 2.547393138076722074, -0.05808895201926123075 ) ) ;
#1031 = CARTESIAN_POINT ( 'NONE',  ( -33.50077177734647194, 4.122393138076720476, 3.941911047980738658 ) ) ;
#1032 = ADVANCED_FACE ( 'NONE', ( #2879 ), #84, .T. ) ;
#1033 = ADVANCED_FACE ( 'NONE', ( #3589 ), #2897, .F. ) ;
#1034 = CARTESIAN_POINT ( 'NONE',  ( 10.78213008142057205, 2.547393138076722074, -0.05808895201926123075 ) ) ;
#1035 = CARTESIAN_POINT ( 'NONE',  ( -33.50077177734647194, 4.122393138076720476, -0.05808895201926123075 ) ) ;
#1036 = VERTEX_POINT ( 'NONE', #3163 ) ;
#1037 = DIRECTION ( 'NONE',  ( 1.000000000000000000, -0.000000000000000000, -0.000000000000000000 ) ) ;
#1038 = LINE ( 'NONE', #1351, #3819 ) ;
#1039 = DIRECTION ( 'NONE',  ( -1.000000000000000000, -0.000000000000000000, -0.000000000000000000 ) ) ;
#1040 = EDGE_LOOP ( 'NONE', ( #1422, #2653, #2101, #843 ) ) ;
#1041 = VECTOR ( 'NONE', #3066, 100.0000000000000142 ) ;
#1042 = FACE_OUTER_BOUND ( 'NONE', #478, .T. ) ;
#1043 = ORIENTED_EDGE ( 'NONE', *, *, #2790, .T. ) ;
#1044 = CARTESIAN_POINT ( 'NONE',  ( -33.20016701857939267, 2.547393138076722074, -0.05808895201926123075 ) ) ;
#1045 = VECTOR ( 'NONE', #1261, 100.0000000000000000 ) ;
#1046 = DIRECTION ( 'NONE',  ( -0.3420201433256604417, -0.9396926207859114255, 0.000000000000000000 ) ) ;
#1047 = VERTEX_POINT ( 'NONE', #3907 ) ;
#1048 =( NAMED_UNIT ( * ) PLANE_ANGLE_UNIT ( ) SI_UNIT ( $, .RADIAN. ) );
#1049 = VERTEX_POINT ( 'NONE', #762 ) ;
#1050 = PLANE ( 'NONE',  #4448 ) ;
#1051 = EDGE_CURVE ( 'NONE', #904, #4188, #2485, .T. ) ;
#1052 = ADVANCED_FACE ( 'NONE', ( #3885 ), #3530, .F. ) ;
#1053 = DIRECTION ( 'NONE',  ( 0.3420201433256628287, 0.9396926207859105373, 0.000000000000000000 ) ) ;
#1054 = DIRECTION ( 'NONE',  ( 0.000000000000000000, 1.000000000000000000, 2.478176394252581387E-17 ) ) ;
#1055 = CARTESIAN_POINT ( 'NONE',  ( -36.79077921221588099, -13.39074852870623467, -2.301730293121226900 ) ) ;
#1056 = VECTOR ( 'NONE', #847, 100.0000000000000000 ) ;
#1057 = DIRECTION ( 'NONE',  ( -0.3420201433256628287, 0.9396926207859105373, 0.000000000000000000 ) ) ;
#1058 = FACE_OUTER_BOUND ( 'NONE', #1123, .T. ) ;
#1059 = CARTESIAN_POINT ( 'NONE',  ( -38.76923081248032332, 4.122393138076720476, -0.05808895201926123075 ) ) ;
#1060 = ORIENTED_EDGE ( 'NONE', *, *, #2734, .T. ) ;
#1061 = EDGE_CURVE ( 'NONE', #172, #2092, #3549, .T. ) ;
#1062 = ORIENTED_EDGE ( 'NONE', *, *, #632, .T. ) ;
#1063 = DIRECTION ( 'NONE',  ( 0.000000000000000000, 0.000000000000000000, 1.000000000000000000 ) ) ;
#1064 = ORIENTED_EDGE ( 'NONE', *, *, #34, .T. ) ;
#1065 = DIRECTION ( 'NONE',  ( 0.3420201433256627732, 0.9396926207859105373, -0.000000000000000000 ) ) ;
#1066 = ORIENTED_EDGE ( 'NONE', *, *, #1677, .F. ) ;
#1067 = EDGE_LOOP ( 'NONE', ( #976, #3869, #1830, #2287 ) ) ;
#1068 = CARTESIAN_POINT ( 'NONE',  ( -42.59178836844274230, 2.547393138076722074, 3.941911047980738658 ) ) ;
#1069 = VECTOR ( 'NONE', #2941, 100.0000000000000000 ) ;
#1070 = ORIENTED_EDGE ( 'NONE', *, *, #3655, .F. ) ;
#1071 = LINE ( 'NONE', #4177, #1740 ) ;
#1072 = CARTESIAN_POINT ( 'NONE',  ( -4.611673903579416312, 2.547393138076722074, -0.05808895201926123075 ) ) ;
#1073 = LINE ( 'NONE', #925, #4193 ) ;
#1074 = SURFACE_STYLE_FILL_AREA ( #1145 ) ;
#1075 = CARTESIAN_POINT ( 'NONE',  ( -1.839305929610163259, 4.122393138076719588, -0.05808895201926123075 ) ) ;
#1076 = CARTESIAN_POINT ( 'NONE',  ( -7.985251395082826775, 4.122393138076720476, -0.05808895201926123075 ) ) ;
#1077 = CARTESIAN_POINT ( 'NONE',  ( -46.98759904337441640, 2.547393138076722074, -0.05808895201926123075 ) ) ;
#1078 = EDGE_CURVE ( 'NONE', #3821, #285, #239, .T. ) ;
#1079 = ORIENTED_EDGE ( 'NONE', *, *, #2812, .F. ) ;
#1080 = ADVANCED_FACE ( 'NONE', ( #1966 ), #3352, .F. ) ;
#1081 = ORIENTED_EDGE ( 'NONE', *, *, #428, .F. ) ;
#1082 = AXIS2_PLACEMENT_3D ( 'NONE', #1600, #863, #3370 ) ;
#1083 = DIRECTION ( 'NONE',  ( 0.000000000000000000, 0.000000000000000000, -1.000000000000000000 ) ) ;
#1084 = EDGE_CURVE ( 'NONE', #905, #1883, #2611, .T. ) ;
#1085 = CARTESIAN_POINT ( 'NONE',  ( -40.39388303097690880, 2.547393138076722074, -0.05808895201926123075 ) ) ;
#1086 = ORIENTED_EDGE ( 'NONE', *, *, #3123, .F. ) ;
#1087 = ORIENTED_EDGE ( 'NONE', *, *, #2274, .T. ) ;
#1088 = LINE ( 'NONE', #1400, #1684 ) ;
#1089 = ORIENTED_EDGE ( 'NONE', *, *, #1163, .F. ) ;
#1090 =( LENGTH_UNIT ( ) NAMED_UNIT ( * ) SI_UNIT ( .CENTI., .METRE. ) );
#1091 = DIRECTION ( 'NONE',  ( 0.000000000000000000, -0.000000000000000000, 1.000000000000000000 ) ) ;
#1092 = ADVANCED_FACE ( 'NONE', ( #4435 ), #4335, .F. ) ;
#1093 = CARTESIAN_POINT ( 'NONE',  ( -51.95666283727535983, 4.122393138076720476, -2.301730293121226900 ) ) ;
#1094 = CARTESIAN_POINT ( 'NONE',  ( -58.50077177734647194, -2.782606861923278441, -5.058088952019260454 ) ) ;
#1095 =( LENGTH_UNIT ( ) NAMED_UNIT ( * ) SI_UNIT ( .CENTI., .METRE. ) );
#1096 = ORIENTED_EDGE ( 'NONE', *, *, #2956, .F. ) ;
#1097 = DIRECTION ( 'NONE',  ( -0.000000000000000000, -0.000000000000000000, 1.000000000000000000 ) ) ;
#1098 = PLANE ( 'NONE',  #3620 ) ;
#1099 = EDGE_CURVE ( 'NONE', #1961, #413, #1190, .T. ) ;
#1100 = CARTESIAN_POINT ( 'NONE',  ( -38.76923081248032332, 4.122393138076720476, -2.301730293121226900 ) ) ;
#1101 = CARTESIAN_POINT ( 'NONE',  ( 16.49922822265352806, 0.4223931380767216304, 3.941911047980738658 ) ) ;
#1102 = VERTEX_POINT ( 'NONE', #2264 ) ;
#1103 = ORIENTED_EDGE ( 'NONE', *, *, #3188, .F. ) ;
#1104 = DIRECTION ( 'NONE',  ( 0.000000000000000000, -0.000000000000000000, -1.000000000000000000 ) ) ;
#1105 = DIRECTION ( 'NONE',  ( -0.3420201433256628287, 0.9396926207859105373, 0.000000000000000000 ) ) ;
#1106 = CARTESIAN_POINT ( 'NONE',  ( -11.20901846857941209, 2.547393138076722074, 3.941911047980738658 ) ) ;
#1107 = VECTOR ( 'NONE', #586, 100.0000000000000000 ) ;
#1108 = ORIENTED_EDGE ( 'NONE', *, *, #3672, .F. ) ;
#1109 = LINE ( 'NONE', #543, #533 ) ;
#1110 = LINE ( 'NONE', #749, #1764 ) ;
#1111 = ADVANCED_FACE ( 'NONE', ( #1894 ), #2335, .F. ) ;
#1112 = VECTOR ( 'NONE', #365, 100.0000000000000142 ) ;
#1113 = ORIENTED_EDGE ( 'NONE', *, *, #546, .T. ) ;
#1114 = ORIENTED_EDGE ( 'NONE', *, *, #2143, .T. ) ;
#1115 = VECTOR ( 'NONE', #137, 100.0000000000000000 ) ;
#1116 = AXIS2_PLACEMENT_3D ( 'NONE', #917, #3355, #3067 ) ;
#1117 = ADVANCED_FACE ( 'NONE', ( #4085 ), #2664, .T. ) ;
#1118 = VECTOR ( 'NONE', #2704, 100.0000000000000000 ) ;
#1119 = ORIENTED_EDGE ( 'NONE', *, *, #4105, .T. ) ;
#1120 = DIRECTION ( 'NONE',  ( -1.000000000000000000, 0.000000000000000000, 0.000000000000000000 ) ) ;
#1121 = VECTOR ( 'NONE', #1761, 100.0000000000000000 ) ;
#1122 = CARTESIAN_POINT ( 'NONE',  ( 0.000000000000000000, 0.000000000000000000, 0.000000000000000000 ) ) ;
#1123 = EDGE_LOOP ( 'NONE', ( #1865, #2871, #3866, #3346 ) ) ;
#1124 = FACE_OUTER_BOUND ( 'NONE', #2986, .T. ) ;
#1125 = LINE ( 'NONE', #2800, #3081 ) ;
#1126 = DIRECTION ( 'NONE',  ( -0.3420201433256604417, -0.9396926207859113145, 0.000000000000000000 ) ) ;
#1127 = DIRECTION ( 'NONE',  ( -0.000000000000000000, -0.000000000000000000, 1.000000000000000000 ) ) ;
#1128 = ORIENTED_EDGE ( 'NONE', *, *, #1248, .F. ) ;
#1129 = DIRECTION ( 'NONE',  ( 1.000000000000000000, -0.000000000000000000, -0.000000000000000000 ) ) ;
#1130 = CARTESIAN_POINT ( 'NONE',  ( -43.61644058693933346, 4.122393138076720476, -2.301730293121226900 ) ) ;
#1131 = LINE ( 'NONE', #2529, #4212 ) ;
#1132 = LINE ( 'NONE', #1877, #119 ) ;
#1133 = CARTESIAN_POINT ( 'NONE',  ( -32.90918070448278598, -11.97796221051928889, -2.301730293121226900 ) ) ;
#1134 = LINE ( 'NONE', #2936, #898 ) ;
#1135 = ORIENTED_EDGE ( 'NONE', *, *, #857, .F. ) ;
#1136 = ORIENTED_EDGE ( 'NONE', *, *, #381, .F. ) ;
#1137 = DIRECTION ( 'NONE',  ( 0.3420201433256628287, 0.9396926207859105373, 0.000000000000000000 ) ) ;
#1138 = EDGE_CURVE ( 'NONE', #3348, #1102, #490, .T. ) ;
#1139 = EDGE_CURVE ( 'NONE', #1255, #657, #174, .T. ) ;
#1140 = PLANE ( 'NONE',  #3477 ) ;
#1141 = DIRECTION ( 'NONE',  ( 0.9396926207859105373, -0.3420201433256628287, 0.000000000000000000 ) ) ;
#1142 = VECTOR ( 'NONE', #4528, 100.0000000000000000 ) ;
#1143 = EDGE_CURVE ( 'NONE', #3652, #1269, #3755, .T. ) ;
#1144 = DIRECTION ( 'NONE',  ( 0.3420201433256628287, -0.9396926207859105373, 0.000000000000000000 ) ) ;
#1145 = FILL_AREA_STYLE ('',( #819 ) ) ;
#1146 = CARTESIAN_POINT ( 'NONE',  ( -27.77728509008281321, 4.122393138076720476, 3.941911047980738658 ) ) ;
#1147 = CARTESIAN_POINT ( 'NONE',  ( -41.41853524947348575, 4.122393138076720476, 3.941911047980738658 ) ) ;
#1148 = ORIENTED_EDGE ( 'NONE', *, *, #1884, .T. ) ;
#1149 = DIRECTION ( 'NONE',  ( 0.000000000000000000, 0.000000000000000000, 1.000000000000000000 ) ) ;
#1151 = DIRECTION ( 'NONE',  ( -0.9396926207859114255, 0.3420201433256604973, 0.000000000000000000 ) ) ;
#1150 = VECTOR ( 'NONE', #782, 100.0000000000000000 ) ;
#1152 = CARTESIAN_POINT ( 'NONE',  ( -33.20016701857939267, 2.547393138076722074, -0.05808895201926123075 ) ) ;
#1153 = CARTESIAN_POINT ( 'NONE',  ( -15.60724817857940749, 2.547393138076722074, -0.05808895201926123075 ) ) ;
#1154 = LINE ( 'NONE', #439, #1467 ) ;
#1155 = CARTESIAN_POINT ( 'NONE',  ( -28.22868418961014214, 4.122393138076720476, -0.05808895201926123075 ) ) ;
#1156 = AXIS2_PLACEMENT_3D ( 'NONE', #700, #3480, #2085 ) ;
#1157 = ORIENTED_EDGE ( 'NONE', *, *, #34, .F. ) ;
#1158 = VERTEX_POINT ( 'NONE', #1714 ) ;
#1159 = ORIENTED_EDGE ( 'NONE', *, *, #1099, .T. ) ;
#1160 = LINE ( 'NONE', #422, #1161 ) ;
#1161 = VECTOR ( 'NONE', #2852, 100.0000000000000000 ) ;
#1162 = CARTESIAN_POINT ( 'NONE',  ( -31.00105216357939497, 2.547393138076722074, -0.05808895201926123075 ) ) ;
#1163 = EDGE_CURVE ( 'NONE', #539, #3618, #4179, .T. ) ;
#1164 = DIRECTION ( 'NONE',  ( 0.000000000000000000, 0.000000000000000000, -1.000000000000000000 ) ) ;
#1165 = ADVANCED_FACE ( 'NONE', ( #2009 ), #1012, .F. ) ;
#1166 = ORIENTED_EDGE ( 'NONE', *, *, #3862, .T. ) ;
#1167 = DIRECTION ( 'NONE',  ( 0.000000000000000000, 0.000000000000000000, -1.000000000000000000 ) ) ;
#1168 = ADVANCED_FACE ( 'NONE', ( #625 ), #603, .F. ) ;
#1169 = CARTESIAN_POINT ( 'NONE',  ( -38.19597769351106820, 2.547393138076725627, -2.301730293121226900 ) ) ;
#1170 = ORIENTED_EDGE ( 'NONE', *, *, #4350, .T. ) ;
#1171 = CARTESIAN_POINT ( 'NONE',  ( -21.63133962461014548, 4.122393138076720476, -0.05808895201926123075 ) ) ;
#1172 = DIRECTION ( 'NONE',  ( 0.000000000000000000, 0.000000000000000000, -1.000000000000000000 ) ) ;
#1173 = CARTESIAN_POINT ( 'NONE',  ( -45.36294682487783803, 4.122393138076720476, 3.941911047980738658 ) ) ;
#1174 = DIRECTION ( 'NONE',  ( 0.000000000000000000, 0.000000000000000000, 1.000000000000000000 ) ) ;
#1175 = ORIENTED_EDGE ( 'NONE', *, *, #2679, .F. ) ;
#1176 = ORIENTED_EDGE ( 'NONE', *, *, #27, .F. ) ;
#1177 = ORIENTED_EDGE ( 'NONE', *, *, #3307, .T. ) ;
#1178 = DIRECTION ( 'NONE',  ( 0.000000000000000000, 0.000000000000000000, -1.000000000000000000 ) ) ;
#1179 = VECTOR ( 'NONE', #1854, 100.0000000000000000 ) ;
#1180 = VECTOR ( 'NONE', #515, 100.0000000000000000 ) ;
#1181 = CARTESIAN_POINT ( 'NONE',  ( -11.81022798611356883, 2.547393138076722074, -0.05808895201926123075 ) ) ;
#1182 = CARTESIAN_POINT ( 'NONE',  ( -1.838381445215125920, 4.124933138076721129, 3.941911047980738658 ) ) ;
#1183 = VECTOR ( 'NONE', #2313, 100.0000000000000000 ) ;
#1184 = ADVANCED_FACE ( 'NONE', ( #4480 ), #340, .F. ) ;
#1185 = ORIENTED_EDGE ( 'NONE', *, *, #3088, .F. ) ;
#1186 = CARTESIAN_POINT ( 'NONE',  ( -9.009903613579414383, 2.547393138076722074, 3.941911047980738658 ) ) ;
#1187 = EDGE_CURVE ( 'NONE', #1440, #2549, #2032, .T. ) ;
#1188 = ORIENTED_EDGE ( 'NONE', *, *, #3361, .T. ) ;
#1189 = ORIENTED_EDGE ( 'NONE', *, *, #1998, .T. ) ;
#1190 = LINE ( 'NONE', #3992, #1326 ) ;
#1191 = CARTESIAN_POINT ( 'NONE',  ( 13.55449805538982488, 4.122393138076716035, -0.05808895201926123075 ) ) ;
#1192 = LINE ( 'NONE', #2590, #908 ) ;
#1193 = CARTESIAN_POINT ( 'NONE',  ( 14.57915027388640361, 2.547393138076722074, 3.941911047980738658 ) ) ;
#1194 = CARTESIAN_POINT ( 'NONE',  ( -18.40757255111356372, 2.547393138076722074, 3.941911047980738658 ) ) ;
#1195 = CARTESIAN_POINT ( 'NONE',  ( -38.19597769351106820, 2.547393138076725627, 3.941911047980738658 ) ) ;
#1196 = DIRECTION ( 'NONE',  ( 0.9396926207859104263, 0.3420201433256633283, -0.000000000000000000 ) ) ;
#1197 = LINE ( 'NONE', #4318, #1211 ) ;
#1198 = EDGE_CURVE ( 'NONE', #4464, #4231, #1661, .T. ) ;
#1199 = ORIENTED_EDGE ( 'NONE', *, *, #2402, .F. ) ;
#1200 = ORIENTED_EDGE ( 'NONE', *, *, #379, .F. ) ;
#1201 =( NAMED_UNIT ( * ) SI_UNIT ( $, .STERADIAN. ) SOLID_ANGLE_UNIT ( ) );
#1202 = EDGE_LOOP ( 'NONE', ( #3367, #1239, #4191, #56 ) ) ;
#1203 = DIRECTION ( 'NONE',  ( 0.000000000000000000, 1.000000000000000000, 0.000000000000000000 ) ) ;
#1204 = CARTESIAN_POINT ( 'NONE',  ( -33.50077177734647194, 4.122393138076720476, -0.05808895201926123075 ) ) ;
#1205 = DIRECTION ( 'NONE',  ( 0.000000000000000000, 0.000000000000000000, 1.000000000000000000 ) ) ;
#1206 = VERTEX_POINT ( 'NONE', #4508 ) ;
#1207 = CARTESIAN_POINT ( 'NONE',  ( -58.50077177734647194, 0.4223931380767216304, -0.05808895201926123075 ) ) ;
#1208 = CARTESIAN_POINT ( 'NONE',  ( -13.40813332357940979, 2.547393138076722074, -0.05808895201926123075 ) ) ;
#1209 = EDGE_CURVE ( 'NONE', #909, #3884, #3065, .T. ) ;
#1210 = VERTEX_POINT ( 'NONE', #2727 ) ;
#1211 = VECTOR ( 'NONE', #3999, 100.0000000000000000 ) ;
#1212 = ORIENTED_EDGE ( 'NONE', *, *, #797, .T. ) ;
#1213 = CARTESIAN_POINT ( 'NONE',  ( -38.19597769351106820, 2.547393138076722074, -0.05808895201926123075 ) ) ;
#1214 = CARTESIAN_POINT ( 'NONE',  ( -46.98759904337440929, 2.547393138076722963, 3.941911047980738658 ) ) ;
#1215 = DIRECTION ( 'NONE',  ( -1.000000000000000000, 0.000000000000000000, 0.000000000000000000 ) ) ;
#1216 = DIRECTION ( 'NONE',  ( -1.000000000000000000, -0.000000000000000000, -0.000000000000000000 ) ) ;
#1217 = DIRECTION ( 'NONE',  ( -1.000000000000000000, -0.000000000000000000, -0.000000000000000000 ) ) ;
#1218 = EDGE_CURVE ( 'NONE', #1975, #225, #4131, .T. ) ;
#1219 = CARTESIAN_POINT ( 'NONE',  ( -2.412559048579415943, 2.547393138076722074, 3.941911047980738658 ) ) ;
#1220 = EDGE_CURVE ( 'NONE', #2317, #704, #3836, .T. ) ;
#1221 = ORIENTED_EDGE ( 'NONE', *, *, #2481, .F. ) ;
#1222 = VERTEX_POINT ( 'NONE', #1346 ) ;
#1223 = VECTOR ( 'NONE', #2904, 100.0000000000000142 ) ;
#1224 = ORIENTED_EDGE ( 'NONE', *, *, #3863, .F. ) ;
#1225 = ADVANCED_FACE ( 'NONE', ( #3427 ), #3112, .F. ) ;
#1226 = VECTOR ( 'NONE', #1938, 100.0000000000000000 ) ;
#1227 = ORIENTED_EDGE ( 'NONE', *, *, #1138, .F. ) ;
#1228 = FACE_OUTER_BOUND ( 'NONE', #1591, .T. ) ;
#1229 = EDGE_CURVE ( 'NONE', #657, #42, #2059, .T. ) ;
#1230 = ORIENTED_EDGE ( 'NONE', *, *, #4145, .T. ) ;
#1231 = DIRECTION ( 'NONE',  ( 0.000000000000000000, -1.000000000000000000, -0.000000000000000000 ) ) ;
#1232 = EDGE_CURVE ( 'NONE', #1883, #987, #1298, .T. ) ;
#1233 = VERTEX_POINT ( 'NONE', #1369 ) ;
#1234 = ORIENTED_EDGE ( 'NONE', *, *, #2543, .T. ) ;
#1235 = LINE ( 'NONE', #2639, #3288 ) ;
#1236 = CARTESIAN_POINT ( 'NONE',  ( -26.50493856296615292, 6.668668192001955930, 3.941911047980738658 ) ) ;
#1237 = LINE ( 'NONE', #2669, #3668 ) ;
#1238 = CARTESIAN_POINT ( 'NONE',  ( -9.009903613579414383, 2.547393138076722074, 3.941911047980738658 ) ) ;
#1239 = ORIENTED_EDGE ( 'NONE', *, *, #1302, .T. ) ;
#1240 = ORIENTED_EDGE ( 'NONE', *, *, #1973, .T. ) ;
#1241 = VERTEX_POINT ( 'NONE', #1034 ) ;
#1242 = EDGE_CURVE ( 'NONE', #4482, #3191, #2433, .T. ) ;
#1243 = ORIENTED_EDGE ( 'NONE', *, *, #1493, .T. ) ;
#1244 = DIRECTION ( 'NONE',  ( 0.000000000000000000, 0.000000000000000000, -1.000000000000000000 ) ) ;
#1245 = EDGE_CURVE ( 'NONE', #2646, #4442, #2083, .T. ) ;
#1246 = EDGE_LOOP ( 'NONE', ( #972, #622, #2325, #1881 ) ) ;
#1247 = VERTEX_POINT ( 'NONE', #3134 ) ;
#1248 = EDGE_CURVE ( 'NONE', #1592, #2416, #265, .T. ) ;
#1249 = VECTOR ( 'NONE', #3439, 100.0000000000000000 ) ;
#1250 = VECTOR ( 'NONE', #611, 100.0000000000000000 ) ;
#1251 = ADVANCED_FACE ( 'NONE', ( #4456 ), #188, .T. ) ;
#1252 = ORIENTED_EDGE ( 'NONE', *, *, #3712, .F. ) ;
#1253 = PLANE ( 'NONE',  #3791 ) ;
#1254 = VECTOR ( 'NONE', #2910, 100.0000000000000142 ) ;
#1255 = VERTEX_POINT ( 'NONE', #3520 ) ;
#1256 = AXIS2_PLACEMENT_3D ( 'NONE', #2496, #3154, #2258 ) ;
#1257 = ORIENTED_EDGE ( 'NONE', *, *, #258, .T. ) ;
#1258 = LINE ( 'NONE', #845, #2056 ) ;
#1259 = DIRECTION ( 'NONE',  ( -0.9396926207859105373, -0.3420201433256628287, 0.000000000000000000 ) ) ;
#1260 = LINE ( 'NONE', #4089, #3831 ) ;
#1261 = DIRECTION ( 'NONE',  ( -1.000000000000000000, -0.000000000000000000, -0.000000000000000000 ) ) ;
#1262 = LINE ( 'NONE', #2294, #4503 ) ;
#1263 = ORIENTED_EDGE ( 'NONE', *, *, #1554, .T. ) ;
#1264 = ORIENTED_EDGE ( 'NONE', *, *, #3775, .F. ) ;
#1265 = VERTEX_POINT ( 'NONE', #4264 ) ;
#1266 = EDGE_LOOP ( 'NONE', ( #1307, #2661, #3553, #1593 ) ) ;
#1267 = ORIENTED_EDGE ( 'NONE', *, *, #613, .T. ) ;
#1268 = ORIENTED_EDGE ( 'NONE', *, *, #1330, .F. ) ;
#1269 = VERTEX_POINT ( 'NONE', #777 ) ;
#1270 = PLANE ( 'NONE',  #1372 ) ;
#1271 = EDGE_CURVE ( 'NONE', #3099, #3891, #1911, .T. ) ;
#1272 = VECTOR ( 'NONE', #2109, 100.0000000000000000 ) ;
#1273 = EDGE_CURVE ( 'NONE', #856, #168, #4009, .T. ) ;
#1274 = EDGE_CURVE ( 'NONE', #2388, #2092, #3214, .T. ) ;
#1275 = ORIENTED_EDGE ( 'NONE', *, *, #3381, .F. ) ;
#1276 = LINE ( 'NONE', #3063, #858 ) ;
#1277 = EDGE_LOOP ( 'NONE', ( #1937, #1357, #1394, #29 ) ) ;
#1278 = DIRECTION ( 'NONE',  ( 0.000000000000000000, 0.000000000000000000, 1.000000000000000000 ) ) ;
#1279 = DIRECTION ( 'NONE',  ( 1.000000000000000000, -0.000000000000000000, -0.000000000000000000 ) ) ;
#1280 = CARTESIAN_POINT ( 'NONE',  ( -10.63484086521511962, 4.124933138076721129, -0.05808895201926123075 ) ) ;
#1281 = FACE_OUTER_BOUND ( 'NONE', #590, .T. ) ;
#1282 = CARTESIAN_POINT ( 'NONE',  ( -0.2134441935794206824, 2.547393138076722074, 3.941911047980738658 ) ) ;
#1283 = LINE ( 'NONE', #2267, #3166 ) ;
#1284 = VECTOR ( 'NONE', #1901, 100.0000000000000000 ) ;
#1285 = VERTEX_POINT ( 'NONE', #4287 ) ;
#1286 = ORIENTED_EDGE ( 'NONE', *, *, #2581, .T. ) ;
#1287 = VERTEX_POINT ( 'NONE', #2451 ) ;
#1288 = PLANE ( 'NONE',  #3971 ) ;
#1289 = VERTEX_POINT ( 'NONE', #3857 ) ;
#1290 = ORIENTED_EDGE ( 'NONE', *, *, #4473, .T. ) ;
#1291 = ORIENTED_EDGE ( 'NONE', *, *, #3060, .F. ) ;
#1292 = LINE ( 'NONE', #3394, #3835 ) ;
#1293 = DIRECTION ( 'NONE',  ( 0.000000000000000000, 0.000000000000000000, 1.000000000000000000 ) ) ;
#1294 = VECTOR ( 'NONE', #4532, 100.0000000000000142 ) ;
#1295 = EDGE_LOOP ( 'NONE', ( #3694, #4519, #2905, #864 ) ) ;
#1296 = ADVANCED_FACE ( 'NONE', ( #404 ), #1430, .F. ) ;
#1297 = LINE ( 'NONE', #4021, #373 ) ;
#1298 = LINE ( 'NONE', #3780, #1472 ) ;
#1299 = CARTESIAN_POINT ( 'NONE',  ( -16.79560213933324775, 10.20257764468092354, 3.941911047980738658 ) ) ;
#1300 = CARTESIAN_POINT ( 'NONE',  ( 11.35538320038982363, 4.122393138076720476, -0.05808895201926123075 ) ) ;
#1301 = CARTESIAN_POINT ( 'NONE',  ( 12.38003541888640946, 2.547393138076722074, -0.05808895201926123075 ) ) ;
#1302 = EDGE_CURVE ( 'NONE', #1285, #1499, #448, .T. ) ;
#1303 = DIRECTION ( 'NONE',  ( 0.3420201433256628287, -0.9396926207859105373, 0.000000000000000000 ) ) ;
#1304 = CARTESIAN_POINT ( 'NONE',  ( -48.01225126187100045, 4.122393138076720476, 3.941911047980738658 ) ) ;
#1305 = ORIENTED_EDGE ( 'NONE', *, *, #2632, .T. ) ;
#1306 = DIRECTION ( 'NONE',  ( -0.3420201433256628287, 0.9396926207859105373, 0.000000000000000000 ) ) ;
#1307 = ORIENTED_EDGE ( 'NONE', *, *, #674, .F. ) ;
#1308 = LINE ( 'NONE', #2099, #816 ) ;
#1309 = CARTESIAN_POINT ( 'NONE',  ( -25.00491711611355683, 2.547393138076722074, -0.05808895201926123075 ) ) ;
#1310 = ORIENTED_EDGE ( 'NONE', *, *, #4010, .F. ) ;
#1311 = ORIENTED_EDGE ( 'NONE', *, *, #4105, .F. ) ;
#1312 = ORIENTED_EDGE ( 'NONE', *, *, #2875, .T. ) ;
#1313 = DIRECTION ( 'NONE',  ( 0.000000000000000000, -1.000000000000000000, -0.000000000000000000 ) ) ;
#1314 = DIRECTION ( 'NONE',  ( -1.000000000000000000, -0.000000000000000000, -0.000000000000000000 ) ) ;
#1315 = CARTESIAN_POINT ( 'NONE',  ( -13.40813332357940979, 2.547393138076722074, -0.05808895201926123075 ) ) ;
#1316 = ADVANCED_FACE ( 'NONE', ( #41 ), #1827, .T. ) ;
#1317 = VECTOR ( 'NONE', #788, 100.0000000000000000 ) ;
#1318 = VECTOR ( 'NONE', #1969, 100.0000000000000142 ) ;
#1319 = CARTESIAN_POINT ( 'NONE',  ( 8.583015226420576127, 2.547393138076722074, -0.05808895201926123075 ) ) ;
#1320 = DIRECTION ( 'NONE',  ( -0.3420201433256633283, 0.9396926207859104263, 0.000000000000000000 ) ) ;
#1321 = CARTESIAN_POINT ( 'NONE',  ( -21.17994052508282010, 4.122393138076722252, 3.941911047980738658 ) ) ;
#1322 = EDGE_LOOP ( 'NONE', ( #1537, #4097, #4393, #2070 ) ) ;
#1323 = FACE_OUTER_BOUND ( 'NONE', #841, .T. ) ;
#1324 = CARTESIAN_POINT ( 'NONE',  ( -33.50077177734647194, 4.122393138076720476, -0.05808895201926123075 ) ) ;
#1325 = LINE ( 'NONE', #2412, #3169 ) ;
#1326 = VECTOR ( 'NONE', #2241, 100.0000000000000000 ) ;
#1327 = EDGE_CURVE ( 'NONE', #2132, #564, #3899, .T. ) ;
#1328 = EDGE_CURVE ( 'NONE', #53, #2823, #426, .T. ) ;
#1329 = EDGE_LOOP ( 'NONE', ( #4417, #3906, #1060, #4419 ) ) ;
#1330 = EDGE_CURVE ( 'NONE', #2717, #1883, #3774, .T. ) ;
#1331 = CARTESIAN_POINT ( 'NONE',  ( -33.80016701857938699, 2.547393138076724295, 3.941911047980738658 ) ) ;
#1332 = VERTEX_POINT ( 'NONE', #3678 ) ;
#1333 = LINE ( 'NONE', #276, #7 ) ;
#1334 = ORIENTED_EDGE ( 'NONE', *, *, #3924, .T. ) ;
#1335 = EDGE_CURVE ( 'NONE', #614, #4027, #1292, .T. ) ;
#1336 = DIRECTION ( 'NONE',  ( 1.000000000000000000, -0.000000000000000000, -0.000000000000000000 ) ) ;
#1337 = CARTESIAN_POINT ( 'NONE',  ( 6.383900371420575759, 2.547393138076722074, -0.05808895201926123075 ) ) ;
#1338 = ORIENTED_EDGE ( 'NONE', *, *, #2956, .T. ) ;
#1339 = DIRECTION ( 'NONE',  ( -0.3420201433256628287, 0.9396926207859105373, 0.000000000000000000 ) ) ;
#1340 = ORIENTED_EDGE ( 'NONE', *, *, #2069, .T. ) ;
#1341 = ORIENTED_EDGE ( 'NONE', *, *, #1274, .T. ) ;
#1342 = PLANE ( 'NONE',  #3260 ) ;
#1343 = DIRECTION ( 'NONE',  ( -1.000000000000000000, -0.000000000000000000, -0.000000000000000000 ) ) ;
#1344 = CARTESIAN_POINT ( 'NONE',  ( -29.97732442947784648, 4.124933138076721129, -0.05808895201926123075 ) ) ;
#1345 = VECTOR ( 'NONE', #270, 100.0000000000000000 ) ;
#1346 = CARTESIAN_POINT ( 'NONE',  ( -17.80636303357940520, 2.547393138076722074, 3.941911047980738658 ) ) ;
#1347 = CARTESIAN_POINT ( 'NONE',  ( -23.37997986447784982, 4.124933138076721129, -0.05808895201926123075 ) ) ;
#1348 = ORIENTED_EDGE ( 'NONE', *, *, #2597, .F. ) ;
#1349 = DIRECTION ( 'NONE',  ( -1.000000000000000000, -0.000000000000000000, -0.000000000000000000 ) ) ;
#1350 = CARTESIAN_POINT ( 'NONE',  ( -49.75875749980951213, 4.122393138076720476, -2.301730293121226900 ) ) ;
#1351 = CARTESIAN_POINT ( 'NONE',  ( -29.97639994508281092, 4.122393138076720476, -0.05808895201926123075 ) ) ;
#1352 = EDGE_CURVE ( 'NONE', #111, #2890, #2348, .T. ) ;
#1353 = CARTESIAN_POINT ( 'NONE',  ( 6.958077974784865560, 4.124933138076721129, -0.05808895201926123075 ) ) ;
#1354 = VERTEX_POINT ( 'NONE', #620 ) ;
#1355 = CARTESIAN_POINT ( 'NONE',  ( -34.37342013754864922, 4.122393138076720476, -2.301730293121226900 ) ) ;
#1356 = CARTESIAN_POINT ( 'NONE',  ( -33.50077177734647194, 4.122393138076720476, 3.941911047980738658 ) ) ;
#1357 = ORIENTED_EDGE ( 'NONE', *, *, #3607, .F. ) ;
#1358 = EDGE_CURVE ( 'NONE', #573, #961, #1599, .T. ) ;
#1359 = DIRECTION ( 'NONE',  ( 0.000000000000000000, 0.000000000000000000, 1.000000000000000000 ) ) ;
#1360 = FACE_OUTER_BOUND ( 'NONE', #1630, .T. ) ;
#1361 = EDGE_CURVE ( 'NONE', #2364, #4098, #4425, .T. ) ;
#1362 = ORIENTED_EDGE ( 'NONE', *, *, #4142, .T. ) ;
#1363 = VECTOR ( 'NONE', #484, 100.0000000000000000 ) ;
#1364 = MANIFOLD_SOLID_BREP ( 'Boss-Extrude3', #3844 ) ;
#1365 = VECTOR ( 'NONE', #3372, 100.0000000000000142 ) ;
#1366 = ORIENTED_EDGE ( 'NONE', *, *, #3237, .T. ) ;
#1367 = CARTESIAN_POINT ( 'NONE',  ( -43.16504148741200453, 4.122393138076720476, 3.941911047980738658 ) ) ;
#1368 = VECTOR ( 'NONE', #3156, 100.0000000000000000 ) ;
#1369 = CARTESIAN_POINT ( 'NONE',  ( -32.62691389961013755, 4.122393138076720476, 3.941911047980738658 ) ) ;
#1370 = CARTESIAN_POINT ( 'NONE',  ( -58.50077177734647194, 0.4223931380767216304, -0.05808895201926123075 ) ) ;
#1371 = CARTESIAN_POINT ( 'NONE',  ( -33.50077177734647194, 4.122393138076720476, 3.941911047980738658 ) ) ;
#1372 = AXIS2_PLACEMENT_3D ( 'NONE', #283, #3396, #4398 ) ;
#1373 = EDGE_LOOP ( 'NONE', ( #1338, #3161, #2230, #2063 ) ) ;
#1374 = CARTESIAN_POINT ( 'NONE',  ( 11.80678229991715611, 4.122393138076720476, -0.05808895201926123075 ) ) ;
#1375 = DIRECTION ( 'NONE',  ( 0.3420201433256627732, 0.9396926207859105373, -0.000000000000000000 ) ) ;
#1376 = ORIENTED_EDGE ( 'NONE', *, *, #1084, .T. ) ;
#1377 = CARTESIAN_POINT ( 'NONE',  ( -15.03307057521511503, 4.124933138076721129, -0.05808895201926123075 ) ) ;
#1378 = VERTEX_POINT ( 'NONE', #4391 ) ;
#1379 = DIRECTION ( 'NONE',  ( 0.3420201433256627732, -0.9396926207859105373, 0.000000000000000000 ) ) ;
#1380 = ORIENTED_EDGE ( 'NONE', *, *, #2769, .T. ) ;
#1381 = DIRECTION ( 'NONE',  ( 0.3420201433256628287, -0.9396926207859105373, 0.000000000000000000 ) ) ;
#1382 = LINE ( 'NONE', #4190, #602 ) ;
#1383 = VERTEX_POINT ( 'NONE', #555 ) ;
#1384 = EDGE_CURVE ( 'NONE', #4390, #1049, #1953, .T. ) ;
#1385 = ORIENTED_EDGE ( 'NONE', *, *, #2793, .T. ) ;
#1386 = CARTESIAN_POINT ( 'NONE',  ( -26.02956933461014088, 4.122393138076720476, -0.05808895201926123075 ) ) ;
#1387 = CARTESIAN_POINT ( 'NONE',  ( -50.21015659933684105, 4.122393138076720476, -0.05808895201926123075 ) ) ;
#1388 = CARTESIAN_POINT ( 'NONE',  ( -48.01225126187100045, 4.122393138076720476, -0.05808895201926123075 ) ) ;
#1389 = ORIENTED_EDGE ( 'NONE', *, *, #3273, .T. ) ;
#1390 = CARTESIAN_POINT ( 'NONE',  ( -33.50077177734647194, 4.122393138076720476, 3.941911047980738658 ) ) ;
#1391 = PLANE ( 'NONE',  #1428 ) ;
#1392 = DIRECTION ( 'NONE',  ( 0.3420201433256628287, 0.9396926207859105373, 0.000000000000000000 ) ) ;
#1393 = VECTOR ( 'NONE', #2973, 100.0000000000000000 ) ;
#1394 = ORIENTED_EDGE ( 'NONE', *, *, #3304, .F. ) ;
#1395 = VECTOR ( 'NONE', #3688, 100.0000000000000142 ) ;
#1396 = LINE ( 'NONE', #2, #1902 ) ;
#1397 = ORIENTED_EDGE ( 'NONE', *, *, #4514, .F. ) ;
#1398 = ORIENTED_EDGE ( 'NONE', *, *, #3842, .F. ) ;
#1399 = VECTOR ( 'NONE', #1174, 100.0000000000000000 ) ;
#1400 = CARTESIAN_POINT ( 'NONE',  ( -33.50077177734647194, 2.547393138076722074, 3.941911047980738658 ) ) ;
#1401 = CARTESIAN_POINT ( 'NONE',  ( -3.587021685082830480, 4.122393138076720476, -0.05808895201926123075 ) ) ;
#1402 = ORIENTED_EDGE ( 'NONE', *, *, #1245, .F. ) ;
#1403 = VECTOR ( 'NONE', #675, 100.0000000000000142 ) ;
#1404 = CARTESIAN_POINT ( 'NONE',  ( -33.50077177734647194, 4.122393138076720476, 3.941911047980738658 ) ) ;
#1405 = CARTESIAN_POINT ( 'NONE',  ( -33.50077177734647194, 4.122393138076720476, -0.05808895201926123075 ) ) ;
#1406 = VECTOR ( 'NONE', #895, 100.0000000000000000 ) ;
#1407 = ORIENTED_EDGE ( 'NONE', *, *, #3304, .T. ) ;
#1408 = DIRECTION ( 'NONE',  ( 0.000000000000000000, -0.000000000000000000, 1.000000000000000000 ) ) ;
#1409 = EDGE_CURVE ( 'NONE', #3891, #3408, #226, .T. ) ;
#1410 = EDGE_CURVE ( 'NONE', #2421, #2343, #1551, .T. ) ;
#1411 = EDGE_CURVE ( 'NONE', #867, #1354, #2321, .T. ) ;
#1412 = LINE ( 'NONE', #2776, #3129 ) ;
#1413 = VECTOR ( 'NONE', #2286, 100.0000000000000000 ) ;
#1414 = DIRECTION ( 'NONE',  ( 0.000000000000000000, 1.000000000000000000, 0.000000000000000000 ) ) ;
#1415 = CARTESIAN_POINT ( 'NONE',  ( -33.50077177734647194, 4.122393138076720476, -0.05808895201926123075 ) ) ;
#1416 = CARTESIAN_POINT ( 'NONE',  ( -18.98175015447785441, 4.124933138076721129, -0.05808895201926123075 ) ) ;
#1417 = VERTEX_POINT ( 'NONE', #2960 ) ;
#1418 = ORIENTED_EDGE ( 'NONE', *, *, #3919, .F. ) ;
#1419 = LINE ( 'NONE', #4185, #2997 ) ;
#1420 = EDGE_LOOP ( 'NONE', ( #2599, #1175, #4026, #1376 ) ) ;
#1421 = DIRECTION ( 'NONE',  ( -1.000000000000000000, -0.000000000000000000, -0.000000000000000000 ) ) ;
#1422 = ORIENTED_EDGE ( 'NONE', *, *, #1209, .T. ) ;
#1423 = CARTESIAN_POINT ( 'NONE',  ( -33.50077177734647194, 4.122393138076720476, 3.941911047980738658 ) ) ;
#1424 = ADVANCED_FACE ( 'NONE', ( #594 ), #3026, .F. ) ;
#1425 = VECTOR ( 'NONE', #103, 100.0000000000000000 ) ;
#1426 = ADVANCED_FACE ( 'NONE', ( #51 ), #3952, .T. ) ;
#1427 = CARTESIAN_POINT ( 'NONE',  ( -33.50077177734647194, 4.122393138076720476, 3.941911047980738658 ) ) ;
#1428 = AXIS2_PLACEMENT_3D ( 'NONE', #4311, #4301, #142 ) ;
#1429 = EDGE_CURVE ( 'NONE', #685, #2837, #1791, .T. ) ;
#1430 = PLANE ( 'NONE',  #1989 ) ;
#1431 = CARTESIAN_POINT ( 'NONE',  ( -21.18086500947785211, 4.124933138076721129, -0.05808895201926123075 ) ) ;
#1432 = DIRECTION ( 'NONE',  ( -0.3420201433256603862, -0.9396926207859114255, 0.000000000000000000 ) ) ;
#1433 = CARTESIAN_POINT ( 'NONE',  ( 8.583015226420576127, 2.547393138076722074, -0.05808895201926123075 ) ) ;
#1434 = AXIS2_PLACEMENT_3D ( 'NONE', #1916, #865, #2902 ) ;
#1435 = DIRECTION ( 'NONE',  ( 0.000000000000000000, 1.000000000000000000, -0.000000000000000000 ) ) ;
#1436 = PLANE ( 'NONE',  #886 ) ;
#1437 = CARTESIAN_POINT ( 'NONE',  ( -45.66159564090277456, 16.61946166238753264, -2.301730293121226900 ) ) ;
#1438 = CARTESIAN_POINT ( 'NONE',  ( -12.38348110508282396, 4.122393138076719588, 3.941911047980738658 ) ) ;
#1439 = ORIENTED_EDGE ( 'NONE', *, *, #2100, .F. ) ;
#1440 = VERTEX_POINT ( 'NONE', #1873 ) ;
#1442 = EDGE_CURVE ( 'NONE', #3675, #1241, #2181, .T. ) ;
#1441 = DIRECTION ( 'NONE',  ( 0.9396926207859105373, -0.3420201433256628287, 0.000000000000000000 ) ) ;
#1443 = EDGE_LOOP ( 'NONE', ( #1157, #1189, #3300, #1671 ) ) ;
#1444 = DIRECTION ( 'NONE',  ( 1.000000000000000000, -0.000000000000000000, -0.000000000000000000 ) ) ;
#1445 = DIRECTION ( 'NONE',  ( 0.9396926207859105373, -0.3420201433256628287, 0.000000000000000000 ) ) ;
#1446 = EDGE_LOOP ( 'NONE', ( #3388, #2696, #4517, #510 ) ) ;
#1447 = ORIENTED_EDGE ( 'NONE', *, *, #1453, .F. ) ;
#1448 = DIRECTION ( 'NONE',  ( -0.3420201433256662704, 0.9396926207859093161, 0.000000000000000000 ) ) ;
#1449 = CARTESIAN_POINT ( 'NONE',  ( -12.38348110508282396, 4.122393138076720476, -0.05808895201926123075 ) ) ;
#1450 = LINE ( 'NONE', #4240, #2614 ) ;
#1451 = CARTESIAN_POINT ( 'NONE',  ( -18.73746942405982807, 9.495795754145131440, 3.941911047980738658 ) ) ;
#1452 = CARTESIAN_POINT ( 'NONE',  ( 0.3598089253898317796, 4.122393138076720476, -0.05808895201926123075 ) ) ;
#1453 = EDGE_CURVE ( 'NONE', #2475, #1972, #1896, .T. ) ;
#1454 = EDGE_LOOP ( 'NONE', ( #3341, #2759, #2487, #2404 ) ) ;
#1455 = CARTESIAN_POINT ( 'NONE',  ( -60.50077177734647194, -2.782606861923278885, 8.941911047980740435 ) ) ;
#1456 = CARTESIAN_POINT ( 'NONE',  ( -28.22868418961014214, 4.122393138076720476, -0.05808895201926123075 ) ) ;
#1457 = LINE ( 'NONE', #2199, #1056 ) ;
#1458 = VECTOR ( 'NONE', #2387, 100.0000000000000142 ) ;
#1459 = DIRECTION ( 'NONE',  ( -1.000000000000000000, 0.000000000000000000, 0.000000000000000000 ) ) ;
#1460 = EDGE_CURVE ( 'NONE', #247, #2637, #3994, .T. ) ;
#1461 = LINE ( 'NONE', #2935, #2604 ) ;
#1462 = PLANE ( 'NONE',  #825 ) ;
#1463 = VECTOR ( 'NONE', #185, 100.0000000000000142 ) ;
#1464 = ADVANCED_FACE ( 'NONE', ( #541 ), #2971, .F. ) ;
#1465 = VERTEX_POINT ( 'NONE', #1214 ) ;
#1466 = EDGE_LOOP ( 'NONE', ( #2977, #82, #4327, #581 ) ) ;
#1467 = VECTOR ( 'NONE', #2554, 100.0000000000000142 ) ;
#1468 = EDGE_CURVE ( 'NONE', #3373, #4399, #3354, .T. ) ;
#1469 = AXIS2_PLACEMENT_3D ( 'NONE', #2279, #4324, #1164 ) ;
#1470 = DIRECTION ( 'NONE',  ( 0.3420201433256627732, -0.9396926207859105373, 0.000000000000000000 ) ) ;
#1471 = ADVANCED_FACE ( 'NONE', ( #2666 ), #1993, .F. ) ;
#1472 = VECTOR ( 'NONE', #313, 100.0000000000000000 ) ;
#1473 = DIRECTION ( 'NONE',  ( 0.000000000000000000, 0.000000000000000000, 1.000000000000000000 ) ) ;
#1474 = CARTESIAN_POINT ( 'NONE',  ( -58.50077177734647194, 0.000000000000000000, 0.000000000000000000 ) ) ;
#1475 = DIRECTION ( 'NONE',  ( -1.000000000000000000, -0.000000000000000000, -0.000000000000000000 ) ) ;
#1476 = PRODUCT_CONTEXT ( 'NONE', #1523, 'mechanical' ) ;
#1477 = LINE ( 'NONE', #129, #930 ) ;
#1478 = CARTESIAN_POINT ( 'NONE',  ( -38.19597769351106109, 2.547393138076722074, -0.05808895201926123075 ) ) ;
#1479 = ORIENTED_EDGE ( 'NONE', *, *, #2616, .T. ) ;
#1480 = VECTOR ( 'NONE', #473, 100.0000000000000000 ) ;
#1481 = LINE ( 'NONE', #471, #3516 ) ;
#1482 = DIRECTION ( 'NONE',  ( 0.000000000000000000, 0.000000000000000000, -1.000000000000000000 ) ) ;
#1483 = ADVANCED_FACE ( 'NONE', ( #268 ), #916, .F. ) ;
#1484 = LINE ( 'NONE', #2866, #2448 ) ;
#1485 = PLANE ( 'NONE',  #4262 ) ;
#1486 = CARTESIAN_POINT ( 'NONE',  ( -60.50077177734647194, 7.217393138076719339, -5.058088952019261342 ) ) ;
#1487 = VECTOR ( 'NONE', #492, 100.0000000000000000 ) ;
#1488 = EDGE_LOOP ( 'NONE', ( #3082, #1889, #3789, #183 ) ) ;
#1489 = ORIENTED_EDGE ( 'NONE', *, *, #4053, .T. ) ;
#1490 = ORIENTED_EDGE ( 'NONE', *, *, #2081, .T. ) ;
#1491 = LINE ( 'NONE', #772, #3717 ) ;
#1492 = EDGE_CURVE ( 'NONE', #3721, #3485, #1968, .T. ) ;
#1493 = EDGE_CURVE ( 'NONE', #3891, #1674, #2613, .T. ) ;
#1494 = LINE ( 'NONE', #774, #2233 ) ;
#1495 = FACE_OUTER_BOUND ( 'NONE', #150, .T. ) ;
#1496 = ORIENTED_EDGE ( 'NONE', *, *, #2784, .F. ) ;
#1497 = PLANE ( 'NONE',  #1434 ) ;
#1498 = PLANE ( 'NONE',  #1870 ) ;
#1499 = VERTEX_POINT ( 'NONE', #1614 ) ;
#1500 = CARTESIAN_POINT ( 'NONE',  ( -25.57817023508281551, 4.122393138076721364, -0.05808895201926123075 ) ) ;
#1502 = CARTESIAN_POINT ( 'NONE',  ( 3.583575998886417757, 2.547393138076722074, -0.05808895201926123075 ) ) ;
#1501 = AXIS2_PLACEMENT_3D ( 'NONE', #4310, #3278, #3591 ) ;
#1503 = LINE ( 'NONE', #3602, #1986 ) ;
#1504 = CARTESIAN_POINT ( 'NONE',  ( -9.009903613579414383, 2.547393138076722074, -0.05808895201926123075 ) ) ;
#1505 = CARTESIAN_POINT ( 'NONE',  ( -26.60282245357939956, 2.547393138076722074, -0.05808895201926123075 ) ) ;
#1506 = LINE ( 'NONE', #4317, #1399 ) ;
#1507 = DIRECTION ( 'NONE',  ( 0.000000000000000000, 0.000000000000000000, -1.000000000000000000 ) ) ;
#1508 = PLANE ( 'NONE',  #472 ) ;
#1509 = VECTOR ( 'NONE', #57, 100.0000000000000000 ) ;
#1510 = EDGE_LOOP ( 'NONE', ( #1929, #2714, #2978, #4214 ) ) ;
#1511 = PLANE ( 'NONE',  #2903 ) ;
#1512 = VECTOR ( 'NONE', #401, 100.0000000000000000 ) ;
#1513 = COLOUR_RGB ( '',0.7921568627450980005, 0.8196078431372548767, 0.9333333333333333481 ) ;
#1514 = EDGE_CURVE ( 'NONE', #547, #272, #2589, .T. ) ;
#1515 = EDGE_CURVE ( 'NONE', #573, #2676, #940, .T. ) ;
#1516 = LINE ( 'NONE', #795, #3400 ) ;
#1517 = ORIENTED_EDGE ( 'NONE', *, *, #2460, .F. ) ;
#1518 = CARTESIAN_POINT ( 'NONE',  ( -47.56085216234367863, 4.122393138076720476, -0.05808895201926123075 ) ) ;
#1519 = EDGE_CURVE ( 'NONE', #48, #1206, #3646, .T. ) ;
#1520 = ORIENTED_EDGE ( 'NONE', *, *, #2422, .T. ) ;
#1521 = ORIENTED_EDGE ( 'NONE', *, *, #3195, .F. ) ;
#1522 = DIRECTION ( 'NONE',  ( -1.000000000000000000, 0.000000000000000000, 0.000000000000000000 ) ) ;
#1523 = APPLICATION_CONTEXT ( 'automotive_design' ) ;
#1524 = DIRECTION ( 'NONE',  ( 0.000000000000000000, 0.000000000000000000, -1.000000000000000000 ) ) ;
#1525 = CARTESIAN_POINT ( 'NONE',  ( -33.50077177734647194, 0.4223931380767216304, -0.05808895201926123075 ) ) ;
#1526 = LINE ( 'NONE', #4384, #3028 ) ;
#1527 = CARTESIAN_POINT ( 'NONE',  ( -35.39807235604523328, 2.547393138076724295, 3.941911047980738658 ) ) ;
#1528 = LINE ( 'NONE', #1486, #3234 ) ;
#1529 = ORIENTED_EDGE ( 'NONE', *, *, #4079, .T. ) ;
#1530 = VECTOR ( 'NONE', #3934, 100.0000000000000000 ) ;
#1531 = EDGE_LOOP ( 'NONE', ( #575, #3083, #3673, #4376 ) ) ;
#1532 = VECTOR ( 'NONE', #1818, 100.0000000000000000 ) ;
#1533 = FACE_OUTER_BOUND ( 'NONE', #207, .T. ) ;
#1534 = CARTESIAN_POINT ( 'NONE',  ( -14.00934284111356654, 2.547393138076722074, -0.05808895201926123075 ) ) ;
#1535 = VECTOR ( 'NONE', #2732, 100.0000000000000000 ) ;
#1536 = VECTOR ( 'NONE', #4077, 100.0000000000000000 ) ;
#1537 = ORIENTED_EDGE ( 'NONE', *, *, #1837, .T. ) ;
#1538 = DIRECTION ( 'NONE',  ( 0.000000000000000000, 0.000000000000000000, 1.000000000000000000 ) ) ;
#1539 = ADVANCED_FACE ( 'NONE', ( #855 ), #2979, .F. ) ;
#1540 = ORIENTED_EDGE ( 'NONE', *, *, #4366, .F. ) ;
#1541 = ORIENTED_EDGE ( 'NONE', *, *, #505, .T. ) ;
#1542 = CARTESIAN_POINT ( 'NONE',  ( -15.60724817857940749, 2.547393138076722074, 3.941911047980738658 ) ) ;
#1543 = PLANE ( 'NONE',  #237 ) ;
#1544 = AXIS2_PLACEMENT_3D ( 'NONE', #4294, #1816, #3603 ) ;
#1545 = DIRECTION ( 'NONE',  ( 0.000000000000000000, 0.000000000000000000, 1.000000000000000000 ) ) ;
#1546 = CARTESIAN_POINT ( 'NONE',  ( -45.36294682487783803, 4.122393138076720476, 3.941911047980738658 ) ) ;
#1547 = CARTESIAN_POINT ( 'NONE',  ( -49.18550438084025700, 2.547393138076722074, -0.05808895201926123075 ) ) ;
#1548 = ORIENTED_EDGE ( 'NONE', *, *, #527, .T. ) ;
#1549 = ORIENTED_EDGE ( 'NONE', *, *, #975, .F. ) ;
#1550 = ORIENTED_EDGE ( 'NONE', *, *, #2274, .F. ) ;
#1551 = LINE ( 'NONE', #4072, #2428 ) ;
#1552 = ORIENTED_EDGE ( 'NONE', *, *, #3771, .F. ) ;
#1553 = AXIS2_PLACEMENT_3D ( 'NONE', #218, #2668, #177 ) ;
#1554 = EDGE_CURVE ( 'NONE', #961, #111, #4300, .T. ) ;
#1555 = CARTESIAN_POINT ( 'NONE',  ( -33.50077177734647194, 4.122393138076720476, 3.941911047980738658 ) ) ;
#1556 = ORIENTED_EDGE ( 'NONE', *, *, #91, .F. ) ;
#1557 = EDGE_LOOP ( 'NONE', ( #2035, #1930, #954, #599 ) ) ;
#1558 = PLANE ( 'NONE',  #1469 ) ;
#1559 = ORIENTED_EDGE ( 'NONE', *, *, #2314, .F. ) ;
#1560 = CARTESIAN_POINT ( 'NONE',  ( -31.00105216357939497, 2.547393138076722074, -0.05808895201926123075 ) ) ;
#1561 = LINE ( 'NONE', #2967, #3308 ) ;
#1562 = CARTESIAN_POINT ( 'NONE',  ( -22.80580226111356268, 2.547393138076722074, -0.05808895201926123075 ) ) ;
#1563 = ORIENTED_EDGE ( 'NONE', *, *, #2370, .T. ) ;
#1564 = VECTOR ( 'NONE', #4170, 100.0000000000000000 ) ;
#1565 = VERTEX_POINT ( 'NONE', #3447 ) ;
#1566 = DIRECTION ( 'NONE',  ( 0.3420201433256628287, -0.9396926207859105373, 0.000000000000000000 ) ) ;
#1567 = DIRECTION ( 'NONE',  ( 0.000000000000000000, 0.000000000000000000, 1.000000000000000000 ) ) ;
#1568 = CARTESIAN_POINT ( 'NONE',  ( -31.00105216357939497, 2.547393138076722074, 3.941911047980738658 ) ) ;
#1569 = CARTESIAN_POINT ( 'NONE',  ( -42.59178836844274230, 2.547393138076722963, 3.941911047980738658 ) ) ;
#1571 = ORIENTED_EDGE ( 'NONE', *, *, #1328, .T. ) ;
#1570 = EDGE_CURVE ( 'NONE', #4515, #37, #3474, .T. ) ;
#1572 = VERTEX_POINT ( 'NONE', #746 ) ;
#1573 = ORIENTED_EDGE ( 'NONE', *, *, #2246, .F. ) ;
#1574 = VECTOR ( 'NONE', #3838, 100.0000000000000000 ) ;
#1575 = VERTEX_POINT ( 'NONE', #415 ) ;
#1576 = EDGE_LOOP ( 'NONE', ( #1286, #2502, #1108, #507 ) ) ;
#1577 = AXIS2_PLACEMENT_3D ( 'NONE', #666, #334, #1091 ) ;
#1578 = DIRECTION ( 'NONE',  ( 1.000000000000000000, -0.000000000000000000, -0.000000000000000000 ) ) ;
#1579 = ORIENTED_EDGE ( 'NONE', *, *, #534, .T. ) ;
#1580 = CARTESIAN_POINT ( 'NONE',  ( -33.50077177734647194, 4.122393138076720476, -0.05808895201926123075 ) ) ;
#1581 = FACE_OUTER_BOUND ( 'NONE', #328, .T. ) ;
#1582 = CARTESIAN_POINT ( 'NONE',  ( -40.39388303097690880, 2.547393138076722074, 3.941911047980738658 ) ) ;
#1583 = EDGE_LOOP ( 'NONE', ( #4147, #389, #499, #2373 ) ) ;
#1584 = ORIENTED_EDGE ( 'NONE', *, *, #2002, .F. ) ;
#1585 = DIRECTION ( 'NONE',  ( 0.000000000000000000, 1.000000000000000000, -0.000000000000000000 ) ) ;
#1586 = LINE ( 'NONE', #2665, #814 ) ;
#1587 = LINE ( 'NONE', #3783, #3329 ) ;
#1588 = CARTESIAN_POINT ( 'NONE',  ( 9.157192829784865040, 4.124933138076721129, 3.941911047980738658 ) ) ;
#1589 = CARTESIAN_POINT ( 'NONE',  ( -35.99807235604522759, 2.547393138076721630, -2.301730293121226900 ) ) ;
#1590 = LINE ( 'NONE', #2995, #977 ) ;
#1591 = EDGE_LOOP ( 'NONE', ( #3643, #1520, #2693, #1618 ) ) ;
#1592 = VERTEX_POINT ( 'NONE', #2096 ) ;
#1593 = ORIENTED_EDGE ( 'NONE', *, *, #317, .F. ) ;
#1594 = EDGE_CURVE ( 'NONE', #412, #248, #1748, .T. ) ;
#1595 = VERTEX_POINT ( 'NONE', #1792 ) ;
#1596 = CARTESIAN_POINT ( 'NONE',  ( -27.77820957447784522, 4.124933138076721129, -0.05808895201926123075 ) ) ;
#1597 = VERTEX_POINT ( 'NONE', #2806 ) ;
#1598 = ORIENTED_EDGE ( 'NONE', *, *, #1002, .F. ) ;
#1599 = LINE ( 'NONE', #282, #971 ) ;
#1600 = CARTESIAN_POINT ( 'NONE',  ( -33.50077177734647194, 4.122393138076720476, -0.05808895201926123075 ) ) ;
#1601 = VECTOR ( 'NONE', #1522, 100.0000000000000000 ) ;
#1602 = VECTOR ( 'NONE', #62, 100.0000000000000000 ) ;
#1603 = ORIENTED_EDGE ( 'NONE', *, *, #3032, .F. ) ;
#1604 = FACE_OUTER_BOUND ( 'NONE', #3180, .T. ) ;
#1605 = VECTOR ( 'NONE', #1217, 100.0000000000000000 ) ;
#1606 = AXIS2_PLACEMENT_3D ( 'NONE', #1152, #2553, #3625 ) ;
#1607 = DIRECTION ( 'NONE',  ( 0.000000000000000000, 0.000000000000000000, -1.000000000000000000 ) ) ;
#1608 = EDGE_CURVE ( 'NONE', #480, #856, #3552, .T. ) ;
#1609 = DIRECTION ( 'NONE',  ( -0.3420201433256603862, 0.9396926207859114255, 0.000000000000000000 ) ) ;
#1610 = ORIENTED_EDGE ( 'NONE', *, *, #3771, .T. ) ;
#1611 = VECTOR ( 'NONE', #3040, 100.0000000000000000 ) ;
#1612 = CARTESIAN_POINT ( 'NONE',  ( -45.81434592440516695, 4.122393138076720476, -0.05808895201926123075 ) ) ;
#1613 = DIRECTION ( 'NONE',  ( -1.000000000000000000, 0.000000000000000000, 0.000000000000000000 ) ) ;
#1614 = CARTESIAN_POINT ( 'NONE',  ( 4.758038635389833182, 4.122393138076720476, -0.05808895201926123075 ) ) ;
#1615 = DIRECTION ( 'NONE',  ( 0.3420201433256627732, -0.9396926207859105373, 0.000000000000000000 ) ) ;
#1616 = CARTESIAN_POINT ( 'NONE',  ( -27.20403197111355809, 2.547393138076722074, -0.05808895201926123075 ) ) ;
#1617 = VERTEX_POINT ( 'NONE', #3868 ) ;
#1618 = ORIENTED_EDGE ( 'NONE', *, *, #632, .F. ) ;
#1619 = EDGE_CURVE ( 'NONE', #1354, #1980, #2824, .T. ) ;
#1620 = VERTEX_POINT ( 'NONE', #730 ) ;
#1621 = LINE ( 'NONE', #3030, #280 ) ;
#1622 = EDGE_LOOP ( 'NONE', ( #1697, #2980, #1892, #3959 ) ) ;
#1623 = ORIENTED_EDGE ( 'NONE', *, *, #4455, .T. ) ;
#1624 = EDGE_CURVE ( 'NONE', #1575, #596, #75, .T. ) ;
#1625 = ORIENTED_EDGE ( 'NONE', *, *, #4364, .F. ) ;
#1626 = VECTOR ( 'NONE', #2353, 100.0000000000000000 ) ;
#1627 = EDGE_CURVE ( 'NONE', #1210, #662, #892, .T. ) ;
#1628 = VECTOR ( 'NONE', #3291, 100.0000000000000142 ) ;
#1629 = EDGE_CURVE ( 'NONE', #591, #4279, #3334, .T. ) ;
#1630 = EDGE_LOOP ( 'NONE', ( #2885, #4025, #1185, #1871 ) ) ;
#1631 = LINE ( 'NONE', #955, #289 ) ;
#1632 = CARTESIAN_POINT ( 'NONE',  ( 3.010322879917165295, 4.122393138076720476, -0.05808895201926123075 ) ) ;
#1633 = DIRECTION ( 'NONE',  ( 1.000000000000000000, -0.000000000000000000, -0.000000000000000000 ) ) ;
#1634 = DIRECTION ( 'NONE',  ( 0.3420201433256627732, 0.9396926207859105373, -0.000000000000000000 ) ) ;
#1635 = CARTESIAN_POINT ( 'NONE',  ( -7.986175879477864115, 4.124933138076721129, -0.05808895201926123075 ) ) ;
#1636 = DIRECTION ( 'NONE',  ( 0.3420201433256627732, -0.9396926207859105373, 0.000000000000000000 ) ) ;
#1637 = CARTESIAN_POINT ( 'NONE',  ( -23.83045447961014318, 4.122393138076720476, -0.05808895201926123075 ) ) ;
#1638 = CARTESIAN_POINT ( 'NONE',  ( 11.35538320038982363, 4.122393138076720476, 3.941911047980738658 ) ) ;
#1639 = CARTESIAN_POINT ( 'NONE',  ( -12.38348110508282396, 4.122393138076719588, -0.05808895201926123075 ) ) ;
#1640 = AXIS2_PLACEMENT_3D ( 'NONE', #1437, #2840, #4243 ) ;
#1641 = ORIENTED_EDGE ( 'NONE', *, *, #4173, .F. ) ;
#1642 = VERTEX_POINT ( 'NONE', #1194 ) ;
#1643 = ORIENTED_EDGE ( 'NONE', *, *, #1627, .T. ) ;
#1644 = DIRECTION ( 'NONE',  ( -1.000000000000000000, -0.000000000000000000, -0.000000000000000000 ) ) ;
#1645 = ORIENTED_EDGE ( 'NONE', *, *, #4020, .F. ) ;
#1646 = CARTESIAN_POINT ( 'NONE',  ( -20.60668740611356142, 2.547393138076722074, -0.05808895201926123075 ) ) ;
#1647 = DIRECTION ( 'NONE',  ( -1.000000000000000000, -0.000000000000000000, -0.000000000000000000 ) ) ;
#1648 = ORIENTED_EDGE ( 'NONE', *, *, #3919, .T. ) ;
#1649 = VECTOR ( 'NONE', #487, 100.0000000000000000 ) ;
#1650 = VERTEX_POINT ( 'NONE', #3289 ) ;
#1651 = VERTEX_POINT ( 'NONE', #3327 ) ;
#1652 = SURFACE_STYLE_FILL_AREA ( #1936 ) ;
#1653 = DIRECTION ( 'NONE',  ( 0.000000000000000000, -0.000000000000000000, 1.000000000000000000 ) ) ;
#1654 = AXIS2_PLACEMENT_3D ( 'NONE', #2966, #1231, #2636 ) ;
#1655 = ADVANCED_FACE ( 'NONE', ( #1581 ), #3038, .F. ) ;
#1656 = EDGE_CURVE ( 'NONE', #3492, #1247, #384, .T. ) ;
#1657 = EDGE_LOOP ( 'NONE', ( #1584, #3800, #968, #4389 ) ) ;
#1658 = CARTESIAN_POINT ( 'NONE',  ( -10.63484086521511962, 4.124933138076721129, -0.05808895201926123075 ) ) ;
#1659 = EDGE_CURVE ( 'NONE', #3742, #3884, #1073, .T. ) ;
#1660 = ADVANCED_FACE ( 'NONE', ( #2323 ), #4307, .F. ) ;
#1661 = LINE ( 'NONE', #290, #1774 ) ;
#1662 = LINE ( 'NONE', #4155, #2572 ) ;
#1663 = PLANE ( 'NONE',  #4332 ) ;
#1664 = FACE_OUTER_BOUND ( 'NONE', #1329, .T. ) ;
#1665 = CARTESIAN_POINT ( 'NONE',  ( 14.57915027388640361, 2.547393138076722074, -0.05808895201926123075 ) ) ;
#1666 = ORIENTED_EDGE ( 'NONE', *, *, #945, .F. ) ;
#1667 = VERTEX_POINT ( 'NONE', #2880 ) ;
#1668 = DIRECTION ( 'NONE',  ( -0.3420201433256628287, 0.9396926207859105373, 0.000000000000000000 ) ) ;
#1669 = ORIENTED_EDGE ( 'NONE', *, *, #4113, .T. ) ;
#1670 = LINE ( 'NONE', #2781, #3415 ) ;
#1671 = ORIENTED_EDGE ( 'NONE', *, *, #2280, .F. ) ;
#1672 = FACE_OUTER_BOUND ( 'NONE', #1510, .T. ) ;
#1673 = PLANE ( 'NONE',  #1728 ) ;
#1674 = VERTEX_POINT ( 'NONE', #2981 ) ;
#1675 = LINE ( 'NONE', #3061, #3786 ) ;
#1676 = ORIENTED_EDGE ( 'NONE', *, *, #2741, .F. ) ;
#1677 = EDGE_CURVE ( 'NONE', #1049, #4195, #3615, .T. ) ;
#1678 = VECTOR ( 'NONE', #1567, 100.0000000000000000 ) ;
#1679 = ORIENTED_EDGE ( 'NONE', *, *, #1209, .F. ) ;
#1680 = DIRECTION ( 'NONE',  ( 0.3420201433256628287, 0.9396926207859105373, 0.000000000000000000 ) ) ;
#1681 = CARTESIAN_POINT ( 'NONE',  ( -45.81434592440516695, 4.122393138076720476, 3.941911047980738658 ) ) ;
#1682 = VECTOR ( 'NONE', #3135, 100.0000000000000000 ) ;
#1683 = EDGE_CURVE ( 'NONE', #1595, #4464, #2518, .T. ) ;
#1684 = VECTOR ( 'NONE', #1459, 100.0000000000000000 ) ;
#1685 = VECTOR ( 'NONE', #4439, 100.0000000000000000 ) ;
#1686 = DIRECTION ( 'NONE',  ( -0.3420201433256604417, -0.9396926207859114255, 0.000000000000000000 ) ) ;
#1687 = LINE ( 'NONE', #2084, #2652 ) ;
#1688 = DIRECTION ( 'NONE',  ( 0.000000000000000000, 0.000000000000000000, 1.000000000000000000 ) ) ;
#1689 = ADVANCED_FACE ( 'NONE', ( #1932 ), #2541, .F. ) ;
#1690 = LINE ( 'NONE', #4511, #170 ) ;
#1691 = PLANE ( 'NONE',  #2829 ) ;
#1692 = LINE ( 'NONE', #318, #350 ) ;
#1693 = CARTESIAN_POINT ( 'NONE',  ( -37.89839862543654903, 13.79388902601368372, -2.301730293121226900 ) ) ;
#1694 = VECTOR ( 'NONE', #2172, 100.0000000000000000 ) ;
#1695 = ADVANCED_FACE ( 'NONE', ( #2171 ), #4420, .T. ) ;
#1696 = ORIENTED_EDGE ( 'NONE', *, *, #494, .T. ) ;
#1697 = ORIENTED_EDGE ( 'NONE', *, *, #3460, .T. ) ;
#1698 = DIRECTION ( 'NONE',  ( 0.3420201433256627732, -0.9396926207859105373, 0.000000000000000000 ) ) ;
#1699 = ORIENTED_EDGE ( 'NONE', *, *, #4135, .T. ) ;
#1700 = CARTESIAN_POINT ( 'NONE',  ( -41.41853524947348575, 4.122393138076720476, -0.05808895201926123075 ) ) ;
#1701 = VECTOR ( 'NONE', #24, 100.0000000000000000 ) ;
#1702 = DIRECTION ( 'NONE',  ( 0.000000000000000000, 0.000000000000000000, -1.000000000000000000 ) ) ;
#1703 = LINE ( 'NONE', #2392, #2794 ) ;
#1704 = DIRECTION ( 'NONE',  ( 1.000000000000000000, -0.000000000000000000, -0.000000000000000000 ) ) ;
#1705 = VECTOR ( 'NONE', #370, 100.0000000000000142 ) ;
#1706 = ORIENTED_EDGE ( 'NONE', *, *, #1998, .F. ) ;
#1707 = ORIENTED_EDGE ( 'NONE', *, *, #2867, .F. ) ;
#1708 = VECTOR ( 'NONE', #311, 100.0000000000000000 ) ;
#1709 = ADVANCED_FACE ( 'NONE', ( #1495, #3566 ), #4050, .F. ) ;
#1710 = ORIENTED_EDGE ( 'NONE', *, *, #1409, .T. ) ;
#1711 = DIRECTION ( 'NONE',  ( -1.000000000000000000, -0.000000000000000000, -0.000000000000000000 ) ) ;
#1712 = CARTESIAN_POINT ( 'NONE',  ( -40.39388303097690880, 2.547393138076722074, -0.05808895201926123075 ) ) ;
#1713 = VECTOR ( 'NONE', #3690, 100.0000000000000142 ) ;
#1714 = CARTESIAN_POINT ( 'NONE',  ( -41.99178836844274088, 2.547393138076722074, 3.941911047980738658 ) ) ;
#1715 = DIRECTION ( 'NONE',  ( 0.000000000000000000, 0.000000000000000000, 1.000000000000000000 ) ) ;
#1716 = VERTEX_POINT ( 'NONE', #798 ) ;
#1717 = CARTESIAN_POINT ( 'NONE',  ( -35.99807235604522759, 2.547393138076722074, 3.941911047980738658 ) ) ;
#1718 = EDGE_LOOP ( 'NONE', ( #2034, #4071, #371, #3766 ) ) ;
#1719 = LINE ( 'NONE', #368, #3853 ) ;
#1720 = CARTESIAN_POINT ( 'NONE',  ( 1.384461143886417389, 2.547393138076722074, 3.941911047980738658 ) ) ;
#1721 = CARTESIAN_POINT ( 'NONE',  ( 7.407628105522123363, 4.124933138076721129, -0.05808895201926123075 ) ) ;
#1722 = ADVANCED_FACE ( 'NONE', ( #2191 ), #576, .F. ) ;
#1723 = ORIENTED_EDGE ( 'NONE', *, *, #4282, .F. ) ;
#1724 = LINE ( 'NONE', #453, #2788 ) ;
#1725 = VERTEX_POINT ( 'NONE', #713 ) ;
#1726 = DIRECTION ( 'NONE',  ( 1.000000000000000000, -0.000000000000000000, -0.000000000000000000 ) ) ;
#1727 = ORIENTED_EDGE ( 'NONE', *, *, #3874, .F. ) ;
#1728 = AXIS2_PLACEMENT_3D ( 'NONE', #3055, #67, #974 ) ;
#1729 = DIRECTION ( 'NONE',  ( 0.000000000000000000, -1.000000000000000000, -0.000000000000000000 ) ) ;
#1730 = EDGE_CURVE ( 'NONE', #3325, #2602, #615, .T. ) ;
#1731 = VERTEX_POINT ( 'NONE', #3054 ) ;
#1732 = VECTOR ( 'NONE', #4015, 100.0000000000000000 ) ;
#1733 = ORIENTED_EDGE ( 'NONE', *, *, #3715, .T. ) ;
#1734 = DIRECTION ( 'NONE',  ( 0.000000000000000000, 1.000000000000000000, 0.000000000000000000 ) ) ;
#1735 = VECTOR ( 'NONE', #3175, 100.0000000000000000 ) ;
#1736 = DIRECTION ( 'NONE',  ( 1.000000000000000000, -0.000000000000000000, -0.000000000000000000 ) ) ;
#1737 = LINE ( 'NONE', #1035, #3004 ) ;
#1738 = ORIENTED_EDGE ( 'NONE', *, *, #668, .T. ) ;
#1739 = LINE ( 'NONE', #3136, #1955 ) ;
#1740 = VECTOR ( 'NONE', #671, 100.0000000000000000 ) ;
#1741 = FACE_OUTER_BOUND ( 'NONE', #4028, .T. ) ;
#1742 = LINE ( 'NONE', #4205, #2657 ) ;
#1743 = CARTESIAN_POINT ( 'NONE',  ( 16.49922822265352806, 3.314040737146030313, -0.05808895201926123075 ) ) ;
#1744 = PRESENTATION_LAYER_ASSIGNMENT (  '', '', ( #2698 ) ) ;
#1745 = VERTEX_POINT ( 'NONE', #4522 ) ;
#1746 = CARTESIAN_POINT ( 'NONE',  ( -4.037496300215126510, 4.124933138076721129, -0.05808895201926123075 ) ) ;
#1747 = ORIENTED_EDGE ( 'NONE', *, *, #3877, .F. ) ;
#1748 = LINE ( 'NONE', #3141, #1701 ) ;
#1749 = CARTESIAN_POINT ( 'NONE',  ( -39.79388303097690027, 2.547393138076724295, -2.301730293121226900 ) ) ;
#1750 = CARTESIAN_POINT ( 'NONE',  ( -60.50077177734647194, -2.782606861923278441, -5.058088952019260454 ) ) ;
#1751 = ORIENTED_EDGE ( 'NONE', *, *, #3834, .F. ) ;
#1752 = EDGE_CURVE ( 'NONE', #4176, #205, #2001, .T. ) ;
#1753 = DIRECTION ( 'NONE',  ( -0.3420201433256662704, 0.9396926207859093161, 0.000000000000000000 ) ) ;
#1754 = EDGE_CURVE ( 'NONE', #433, #2103, #3413, .T. ) ;
#1755 = EDGE_LOOP ( 'NONE', ( #896, #558, #2228, #3488 ) ) ;
#1756 = CARTESIAN_POINT ( 'NONE',  ( -33.50077177734647194, 4.122393138076720476, -0.05808895201926123075 ) ) ;
#1757 = APPLICATION_PROTOCOL_DEFINITION ( 'draft international standard', 'automotive_design', 1998, #1523 ) ;
#1758 = ORIENTED_EDGE ( 'NONE', *, *, #529, .T. ) ;
#1759 = LINE ( 'NONE', #2151, #2547 ) ;
#1760 = PLANE ( 'NONE',  #3972 ) ;
#1761 = DIRECTION ( 'NONE',  ( 1.000000000000000000, -0.000000000000000000, -0.000000000000000000 ) ) ;
#1762 = LINE ( 'NONE', #3160, #2964 ) ;
#1763 = ORIENTED_EDGE ( 'NONE', *, *, #3244, .T. ) ;
#1764 = VECTOR ( 'NONE', #2511, 100.0000000000000000 ) ;
#1765 = EDGE_LOOP ( 'NONE', ( #2164, #712, #2210, #4112 ) ) ;
#1766 = CARTESIAN_POINT ( 'NONE',  ( -26.60282245357939956, 2.547393138076722074, 3.941911047980738658 ) ) ;
#1767 = VERTEX_POINT ( 'NONE', #2345 ) ;
#1768 = EDGE_CURVE ( 'NONE', #1592, #55, #4095, .T. ) ;
#1769 = EDGE_LOOP ( 'NONE', ( #3495, #1540, #2689, #1738 ) ) ;
#1770 = AXIS2_PLACEMENT_3D ( 'NONE', #3043, #2036, #3379 ) ;
#1771 = CARTESIAN_POINT ( 'NONE',  ( -5.786136540082830848, 4.122393138076720476, -0.05808895201926123075 ) ) ;
#1772 = EDGE_CURVE ( 'NONE', #442, #4081, #1703, .T. ) ;
#1773 = ORIENTED_EDGE ( 'NONE', *, *, #860, .F. ) ;
#1774 = VECTOR ( 'NONE', #4154, 100.0000000000000000 ) ;
#1775 = LINE ( 'NONE', #2399, #3567 ) ;
#1776 = VECTOR ( 'NONE', #702, 100.0000000000000000 ) ;
#1777 = EDGE_CURVE ( 'NONE', #1247, #4126, #1308, .T. ) ;
#1778 = EDGE_CURVE ( 'NONE', #4252, #4138, #3824, .T. ) ;
#1779 = FACE_OUTER_BOUND ( 'NONE', #3167, .T. ) ;
#1780 = DIRECTION ( 'NONE',  ( 0.000000000000000000, -0.000000000000000000, 1.000000000000000000 ) ) ;
#1781 = VECTOR ( 'NONE', #2183, 100.0000000000000000 ) ;
#1782 = EDGE_CURVE ( 'NONE', #4415, #741, #2715, .T. ) ;
#1783 = CARTESIAN_POINT ( 'NONE',  ( -47.60239489476933272, 17.32585482148099487, -2.301730293121226900 ) ) ;
#1784 = CARTESIAN_POINT ( 'NONE',  ( -41.99178836844274088, 2.547393138076722963, -2.301730293121226900 ) ) ;
#1785 = CARTESIAN_POINT ( 'NONE',  ( -44.55397622768207100, -16.21632116508012089, -2.301730293121226900 ) ) ;
#1786 = LINE ( 'NONE', #3177, #1910 ) ;
#1787 = CARTESIAN_POINT ( 'NONE',  ( -25.57909471947785107, 4.124933138076721129, -0.05808895201926123075 ) ) ;
#1788 = ORIENTED_EDGE ( 'NONE', *, *, #4056, .F. ) ;
#1789 = ORIENTED_EDGE ( 'NONE', *, *, #454, .F. ) ;
#1790 = PLANE ( 'NONE',  #3078 ) ;
#1791 = LINE ( 'NONE', #2528, #3282 ) ;
#1792 = CARTESIAN_POINT ( 'NONE',  ( 14.00589715491715204, 4.122393138076720476, 3.941911047980738658 ) ) ;
#1793 = ORIENTED_EDGE ( 'NONE', *, *, #765, .T. ) ;
#1794 = CARTESIAN_POINT ( 'NONE',  ( -31.60226168111355349, 2.547393138076722074, 3.941911047980738658 ) ) ;
#1795 = FACE_OUTER_BOUND ( 'NONE', #2051, .T. ) ;
#1796 = EDGE_LOOP ( 'NONE', ( #307, #4070, #2239, #997 ) ) ;
#1797 = DIRECTION ( 'NONE',  ( 0.000000000000000000, -1.000000000000000000, -0.000000000000000000 ) ) ;
#1798 = VECTOR ( 'NONE', #2716, 100.0000000000000000 ) ;
#1799 = LINE ( 'NONE', #2878, #489 ) ;
#1800 = VECTOR ( 'NONE', #2459, 100.0000000000000000 ) ;
#1801 = EDGE_CURVE ( 'NONE', #2810, #4415, #4169, .T. ) ;
#1802 = EDGE_CURVE ( 'NONE', #3325, #1440, #2046, .T. ) ;
#1803 = ADVANCED_FACE ( 'NONE', ( #357 ), #3443, .T. ) ;
#1804 = AXIS2_PLACEMENT_3D ( 'NONE', #3750, #2077, #4450 ) ;
#1805 = DIRECTION ( 'NONE',  ( 0.3420201433256627732, -0.9396926207859105373, 0.000000000000000000 ) ) ;
#1806 = CARTESIAN_POINT ( 'NONE',  ( -46.98759904337440929, 2.547393138076722074, -0.05808895201926123075 ) ) ;
#1807 = DIRECTION ( 'NONE',  ( 0.000000000000000000, -1.000000000000000000, -0.000000000000000000 ) ) ;
#1808 = DIRECTION ( 'NONE',  ( -0.9396926207859105373, -0.3420201433256628287, 0.000000000000000000 ) ) ;
#1809 = ORIENTED_EDGE ( 'NONE', *, *, #2205, .T. ) ;
#1810 = EDGE_CURVE ( 'NONE', #433, #2301, #302, .T. ) ;
#1811 = ADVANCED_FACE ( 'NONE', ( #1672 ), #3029, .F. ) ;
#1812 = AXIS2_PLACEMENT_3D ( 'NONE', #1405, #1203, #461 ) ;
#1813 = CARTESIAN_POINT ( 'NONE',  ( -43.16504148741200453, 4.122393138076720476, 3.941911047980738658 ) ) ;
#1814 = LINE ( 'NONE', #3975, #1487 ) ;
#1815 = CARTESIAN_POINT ( 'NONE',  ( -6.236611155215121549, 4.124933138076721129, 3.941911047980738658 ) ) ;
#1816 = DIRECTION ( 'NONE',  ( 0.000000000000000000, 1.000000000000000000, 0.000000000000000000 ) ) ;
#1817 =( GEOMETRIC_REPRESENTATION_CONTEXT ( 3 ) GLOBAL_UNCERTAINTY_ASSIGNED_CONTEXT ( ( #443 ) ) GLOBAL_UNIT_ASSIGNED_CONTEXT ( ( #2544, #3878, #2855 ) ) REPRESENTATION_CONTEXT ( 'NONE', 'WORKASPACE' ) );
#1818 = DIRECTION ( 'NONE',  ( 1.000000000000000000, -0.000000000000000000, -0.000000000000000000 ) ) ;
#1819 = CARTESIAN_POINT ( 'NONE',  ( -28.22775970521510658, 4.124933138076721129, -0.05808895201926123075 ) ) ;
#1820 = ORIENTED_EDGE ( 'NONE', *, *, #92, .T. ) ;
#1821 = ORIENTED_EDGE ( 'NONE', *, *, #2679, .T. ) ;
#1822 = CARTESIAN_POINT ( 'NONE',  ( -8.435726010215121917, 4.124933138076721129, -0.05808895201926123075 ) ) ;
#1823 = ADVANCED_FACE ( 'NONE', ( #4144 ), #2783, .F. ) ;
#1824 = CARTESIAN_POINT ( 'NONE',  ( -0.8146537111135832010, 2.547393138076722074, -0.05808895201926123075 ) ) ;
#1825 = CARTESIAN_POINT ( 'NONE',  ( -33.20016701857939267, 2.547393138076722074, -0.05808895201926123075 ) ) ;
#1826 = ADVANCED_FACE ( 'NONE', ( #4445 ), #1288, .F. ) ;
#1827 = PLANE ( 'NONE',  #1256 ) ;
#1828 = DIRECTION ( 'NONE',  ( 0.9396926207859105373, -0.3420201433256628287, 0.000000000000000000 ) ) ;
#1829 = CARTESIAN_POINT ( 'NONE',  ( -25.00491711611355683, 2.547393138076722074, -0.05808895201926123075 ) ) ;
#1830 = ORIENTED_EDGE ( 'NONE', *, *, #2628, .F. ) ;
#1831 = DIRECTION ( 'NONE',  ( -0.3420201433256603862, -0.9396926207859114255, 0.000000000000000000 ) ) ;
#1832 = CARTESIAN_POINT ( 'NONE',  ( -16.78263529947785671, 4.124933138076721129, -0.05808895201926123075 ) ) ;
#1833 = VECTOR ( 'NONE', #3973, 100.0000000000000000 ) ;
#1834 = FACE_OUTER_BOUND ( 'NONE', #3170, .T. ) ;
#1835 = CARTESIAN_POINT ( 'NONE',  ( -39.83919787930311429, 14.50028218510714595, -2.301730293121226900 ) ) ;
#1836 = CARTESIAN_POINT ( 'NONE',  ( 14.57915027388640361, 2.547393138076722074, -0.05808895201926123075 ) ) ;
#1837 = EDGE_CURVE ( 'NONE', #479, #2388, #3744, .T. ) ;
#1838 = DIRECTION ( 'NONE',  ( -0.000000000000000000, -0.000000000000000000, 1.000000000000000000 ) ) ;
#1839 = VECTOR ( 'NONE', #3912, 100.0000000000000000 ) ;
#1841 = ORIENTED_EDGE ( 'NONE', *, *, #3729, .T. ) ;
#1840 = EDGE_CURVE ( 'NONE', #140, #2925, #636, .T. ) ;
#1842 = ORIENTED_EDGE ( 'NONE', *, *, #1229, .T. ) ;
#1843 = VECTOR ( 'NONE', #269, 100.0000000000000000 ) ;
#1844 = VERTEX_POINT ( 'NONE', #116 ) ;
#1845 = CARTESIAN_POINT ( 'NONE',  ( -28.80193730857939372, 2.547393138076722074, -0.05808895201926123075 ) ) ;
#1846 = VECTOR ( 'NONE', #698, 100.0000000000000000 ) ;
#1847 = CARTESIAN_POINT ( 'NONE',  ( -26.60282245357939956, 2.547393138076722074, -0.05808895201926123075 ) ) ;
#1848 = DIRECTION ( 'NONE',  ( 0.000000000000000000, -1.000000000000000000, -0.000000000000000000 ) ) ;
#1849 = DIRECTION ( 'NONE',  ( -0.3420201433256633283, 0.9396926207859103153, 0.000000000000000000 ) ) ;
#1850 = APPLICATION_PROTOCOL_DEFINITION ( 'draft international standard', 'automotive_design', 1998, #3557 ) ;
#1851 = CARTESIAN_POINT ( 'NONE',  ( -11.20901846857941209, 2.547393138076722074, -0.05808895201926123075 ) ) ;
#1852 = CARTESIAN_POINT ( 'NONE',  ( -29.40314682611355224, 2.547393138076722074, -0.05808895201926123075 ) ) ;
#1853 = ORIENTED_EDGE ( 'NONE', *, *, #2446, .F. ) ;
#1854 = DIRECTION ( 'NONE',  ( 0.000000000000000000, 0.000000000000000000, 1.000000000000000000 ) ) ;
#1855 = FACE_OUTER_BOUND ( 'NONE', #380, .T. ) ;
#1856 = CARTESIAN_POINT ( 'NONE',  ( -38.76923081248032332, 4.122393138076720476, 3.941911047980738658 ) ) ;
#1857 = ADVANCED_FACE ( 'NONE', ( #456 ), #2868, .F. ) ;
#1858 = CARTESIAN_POINT ( 'NONE',  ( -42.61317697381561942, -15.50992800598653432, -2.301730293121226900 ) ) ;
#1859 = CARTESIAN_POINT ( 'NONE',  ( -43.61644058693933346, 4.122393138076720476, -0.05808895201926123075 ) ) ;
#1860 = DIRECTION ( 'NONE',  ( -0.000000000000000000, -0.000000000000000000, 1.000000000000000000 ) ) ;
#1861 = DIRECTION ( 'NONE',  ( 1.000000000000000000, -0.000000000000000000, -0.000000000000000000 ) ) ;
#1862 = VECTOR ( 'NONE', #2351, 100.0000000000000000 ) ;
#1863 = EDGE_CURVE ( 'NONE', #3071, #1933, #1154, .T. ) ;
#1864 = VERTEX_POINT ( 'NONE', #3957 ) ;
#1865 = ORIENTED_EDGE ( 'NONE', *, *, #1946, .T. ) ;
#1866 = LINE ( 'NONE', #163, #4308 ) ;
#1867 = LINE ( 'NONE', #1449, #1001 ) ;
#1868 = DIRECTION ( 'NONE',  ( 0.3420201433256627732, 0.9396926207859105373, -0.000000000000000000 ) ) ;
#1869 = CARTESIAN_POINT ( 'NONE',  ( -58.50077177734647194, 7.217393138076719339, 8.941911047980740435 ) ) ;
#1870 = AXIS2_PLACEMENT_3D ( 'NONE', #3948, #3201, #3932 ) ;
#1871 = ORIENTED_EDGE ( 'NONE', *, *, #1187, .T. ) ;
#1872 = CARTESIAN_POINT ( 'NONE',  ( -29.40314682611355224, 2.547393138076722074, -0.05808895201926123075 ) ) ;
#1873 = CARTESIAN_POINT ( 'NONE',  ( -50.21015659933684105, 4.122393138076720476, -0.05808895201926123075 ) ) ;
#1875 = CARTESIAN_POINT ( 'NONE',  ( 1.384461143886417389, 2.547393138076722074, -0.05808895201926123075 ) ) ;
#1874 = VECTOR ( 'NONE', #3859, 100.0000000000000000 ) ;
#1876 = DIRECTION ( 'NONE',  ( 0.3420201433256627732, 0.9396926207859105373, -0.000000000000000000 ) ) ;
#1877 = CARTESIAN_POINT ( 'NONE',  ( -43.16504148741200453, 4.122393138076720476, -0.05808895201926123075 ) ) ;
#1878 = CARTESIAN_POINT ( 'NONE',  ( 4.758038635389826965, 4.122393138076720476, -0.05808895201926123075 ) ) ;
#1879 = DIRECTION ( 'NONE',  ( 0.000000000000000000, 0.000000000000000000, -1.000000000000000000 ) ) ;
#1880 = VECTOR ( 'NONE', #2052, 100.0000000000000000 ) ;
#1881 = ORIENTED_EDGE ( 'NONE', *, *, #2491, .F. ) ;
#1882 = EDGE_LOOP ( 'NONE', ( #2998, #3118, #1996, #3613 ) ) ;
#1883 = VERTEX_POINT ( 'NONE', #808 ) ;
#1884 = EDGE_CURVE ( 'NONE', #1255, #1572, #2808, .T. ) ;
#1885 = ADVANCED_FACE ( 'NONE', ( #54 ), #26, .T. ) ;
#1886 = EDGE_CURVE ( 'NONE', #1957, #3383, #4253, .T. ) ;
#1887 = PLANE ( 'NONE',  #361 ) ;
#1888 = EDGE_CURVE ( 'NONE', #321, #2388, #3207, .T. ) ;
#1889 = ORIENTED_EDGE ( 'NONE', *, *, #1777, .F. ) ;
#1890 = DIRECTION ( 'NONE',  ( 0.000000000000000000, -1.000000000000000000, -0.000000000000000000 ) ) ;
#1891 = CARTESIAN_POINT ( 'NONE',  ( -43.61644058693933346, 4.122393138076720476, -0.05808895201926123075 ) ) ;
#1892 = ORIENTED_EDGE ( 'NONE', *, *, #59, .F. ) ;
#1893 = ORIENTED_EDGE ( 'NONE', *, *, #4118, .F. ) ;
#1894 = FACE_OUTER_BOUND ( 'NONE', #3855, .T. ) ;
#1895 = LINE ( 'NONE', #4382, #4402 ) ;
#1896 = LINE ( 'NONE', #4358, #755 ) ;
#1897 = DIRECTION ( 'NONE',  ( 0.000000000000000000, -1.000000000000000000, -0.000000000000000000 ) ) ;
#1898 = LINE ( 'NONE', #2929, #4194 ) ;
#1899 = CARTESIAN_POINT ( 'NONE',  ( -16.20845769611356602, 2.547393138076722074, -0.05808895201926123075 ) ) ;
#1900 = LINE ( 'NONE', #568, #2655 ) ;
#1901 = DIRECTION ( 'NONE',  ( -1.000000000000000000, -0.000000000000000000, -0.000000000000000000 ) ) ;
#1902 = VECTOR ( 'NONE', #728, 100.0000000000000000 ) ;
#1903 = VERTEX_POINT ( 'NONE', #1794 ) ;
#1904 = ORIENTED_EDGE ( 'NONE', *, *, #4248, .T. ) ;
#1905 = VECTOR ( 'NONE', #4087, 100.0000000000000000 ) ;
#1906 = ADVANCED_FACE ( 'NONE', ( #2140 ), #3143, .F. ) ;
#1907 = AXIS2_PLACEMENT_3D ( 'NONE', #2356, #4201, #3479 ) ;
#1908 = ORIENTED_EDGE ( 'NONE', *, *, #1863, .T. ) ;
#1909 = ORIENTED_EDGE ( 'NONE', *, *, #1245, .T. ) ;
#1910 = VECTOR ( 'NONE', #882, 100.0000000000000000 ) ;
#1911 = LINE ( 'NONE', #3568, #4048 ) ;
#1912 = CARTESIAN_POINT ( 'NONE',  ( -30.42687456021510073, 4.124933138076721129, -0.05808895201926123075 ) ) ;
#1913 = VECTOR ( 'NONE', #4103, 100.0000000000000000 ) ;
#1914 = VECTOR ( 'NONE', #2243, 100.0000000000000000 ) ;
#1915 = ORIENTED_EDGE ( 'NONE', *, *, #1232, .F. ) ;
#1916 = CARTESIAN_POINT ( 'NONE',  ( -33.20016701857939267, 2.547393138076722074, -0.05808895201926123075 ) ) ;
#1917 = ADVANCED_FACE ( 'NONE', ( #2119 ), #3870, .T. ) ;
#1918 = VERTEX_POINT ( 'NONE', #77 ) ;
#1919 = ORIENTED_EDGE ( 'NONE', *, *, #3745, .T. ) ;
#1920 = DIRECTION ( 'NONE',  ( 0.000000000000000000, 0.000000000000000000, -1.000000000000000000 ) ) ;
#1921 = DIRECTION ( 'NONE',  ( 0.3420201433256628287, 0.9396926207859105373, 0.000000000000000000 ) ) ;
#1922 = CARTESIAN_POINT ( 'NONE',  ( 9.606742960522119290, 4.124933138076721129, -0.05808895201926123075 ) ) ;
#1923 = DIRECTION ( 'NONE',  ( 0.3420201433256627732, 0.9396926207859105373, -0.000000000000000000 ) ) ;
#1924 = PLANE ( 'NONE',  #1553 ) ;
#1925 = CARTESIAN_POINT ( 'NONE',  ( -33.50077177734647194, 4.122393138076720476, -0.05808895201926123075 ) ) ;
#1926 = FACE_OUTER_BOUND ( 'NONE', #4054, .T. ) ;
#1927 = ORIENTED_EDGE ( 'NONE', *, *, #2563, .T. ) ;
#1928 = ORIENTED_EDGE ( 'NONE', *, *, #3862, .F. ) ;
#1929 = ORIENTED_EDGE ( 'NONE', *, *, #2710, .T. ) ;
#1930 = ORIENTED_EDGE ( 'NONE', *, *, #4060, .F. ) ;
#1931 = VECTOR ( 'NONE', #2687, 100.0000000000000000 ) ;
#1932 = FACE_OUTER_BOUND ( 'NONE', #4074, .T. ) ;
#1933 = VERTEX_POINT ( 'NONE', #4295 ) ;
#1934 = ORIENTED_EDGE ( 'NONE', *, *, #1384, .F. ) ;
#1935 = ORIENTED_EDGE ( 'NONE', *, *, #3426, .F. ) ;
#1936 = FILL_AREA_STYLE ('',( #2329 ) ) ;
#1937 = ORIENTED_EDGE ( 'NONE', *, *, #4007, .T. ) ;
#1938 = DIRECTION ( 'NONE',  ( 1.000000000000000000, -0.000000000000000000, -0.000000000000000000 ) ) ;
#1939 = CARTESIAN_POINT ( 'NONE',  ( -27.77728509008281321, 4.122393138076720476, -0.05808895201926123075 ) ) ;
#1940 = EDGE_CURVE ( 'NONE', #867, #2207, #732, .T. ) ;
#1941 = ORIENTED_EDGE ( 'NONE', *, *, #1061, .F. ) ;
#1942 = EDGE_CURVE ( 'NONE', #2142, #1269, #1088, .T. ) ;
#1943 = ADVANCED_FACE ( 'NONE', ( #2184 ), #1485, .T. ) ;
#1944 = ORIENTED_EDGE ( 'NONE', *, *, #3924, .F. ) ;
#1946 = EDGE_CURVE ( 'NONE', #3006, #596, #3225, .T. ) ;
#1945 = DIRECTION ( 'NONE',  ( -0.000000000000000000, -0.000000000000000000, 1.000000000000000000 ) ) ;
#1947 = VECTOR ( 'NONE', #606, 100.0000000000000000 ) ;
#1948 = LINE ( 'NONE', #1899, #3540 ) ;
#1949 = EDGE_CURVE ( 'NONE', #375, #1667, #2888, .T. ) ;
#1950 = ADVANCED_FACE ( 'NONE', ( #2827 ), #4232, .T. ) ;
#1951 = ORIENTED_EDGE ( 'NONE', *, *, #2647, .F. ) ;
#1952 = ORIENTED_EDGE ( 'NONE', *, *, #2725, .T. ) ;
#1953 = LINE ( 'NONE', #2692, #1250 ) ;
#1954 = ORIENTED_EDGE ( 'NONE', *, *, #857, .T. ) ;
#1955 = VECTOR ( 'NONE', #1432, 100.0000000000000142 ) ;
#1956 = ORIENTED_EDGE ( 'NONE', *, *, #12, .F. ) ;
#1957 = VERTEX_POINT ( 'NONE', #2848 ) ;
#1958 = VECTOR ( 'NONE', #661, 100.0000000000000000 ) ;
#1959 = EDGE_CURVE ( 'NONE', #4150, #2457, #1109, .T. ) ;
#1960 = CARTESIAN_POINT ( 'NONE',  ( 14.00589715491715737, 4.122393138076720476, -0.05808895201926123075 ) ) ;
#1961 = VERTEX_POINT ( 'NONE', #1527 ) ;
#1962 = CARTESIAN_POINT ( 'NONE',  ( -33.50077177734647194, 4.122393138076720476, -0.05808895201926123075 ) ) ;
#1963 = CARTESIAN_POINT ( 'NONE',  ( -0.2134441935794206824, 2.547393138076722074, -0.05808895201926123075 ) ) ;
#1964 = LINE ( 'NONE', #1562, #3701 ) ;
#1965 = ORIENTED_EDGE ( 'NONE', *, *, #4245, .F. ) ;
#1966 = FACE_OUTER_BOUND ( 'NONE', #4490, .T. ) ;
#1967 = FACE_OUTER_BOUND ( 'NONE', #393, .T. ) ;
#1968 = LINE ( 'NONE', #3378, #2872 ) ;
#1969 = DIRECTION ( 'NONE',  ( -0.3420201433256628287, 0.9396926207859105373, 0.000000000000000000 ) ) ;
#1970 = DIRECTION ( 'NONE',  ( 1.000000000000000000, -0.000000000000000000, -0.000000000000000000 ) ) ;
#1971 = DIRECTION ( 'NONE',  ( 0.000000000000000000, 0.000000000000000000, -1.000000000000000000 ) ) ;
#1972 = VERTEX_POINT ( 'NONE', #1569 ) ;
#1973 = EDGE_CURVE ( 'NONE', #412, #2132, #1900, .T. ) ;
#1974 = EDGE_LOOP ( 'NONE', ( #99, #2771, #2825, #3887 ) ) ;
#1975 = VERTEX_POINT ( 'NONE', #2934 ) ;
#1976 = EDGE_LOOP ( 'NONE', ( #14, #500, #2638, #790 ) ) ;
#1977 = EDGE_CURVE ( 'NONE', #2374, #4395, #919, .T. ) ;
#1978 = EDGE_CURVE ( 'NONE', #1597, #2828, #850, .T. ) ;
#1979 = EDGE_LOOP ( 'NONE', ( #3209, #2283, #3764, #161 ) ) ;
#1980 = VERTEX_POINT ( 'NONE', #3650 ) ;
#1981 = CARTESIAN_POINT ( 'NONE',  ( 15.18035979142056746, 2.547393138076722074, -0.05808895201926123075 ) ) ;
#1982 = VECTOR ( 'NONE', #3100, 100.0000000000000000 ) ;
#1983 = VECTOR ( 'NONE', #3076, 100.0000000000000000 ) ;
#1984 = VECTOR ( 'NONE', #3781, 100.0000000000000000 ) ;
#1985 = ORIENTED_EDGE ( 'NONE', *, *, #1218, .T. ) ;
#1986 = VECTOR ( 'NONE', #3976, 100.0000000000000142 ) ;
#1987 = LINE ( 'NONE', #262, #1626 ) ;
#1988 = ORIENTED_EDGE ( 'NONE', *, *, #3229, .T. ) ;
#1989 = AXIS2_PLACEMENT_3D ( 'NONE', #862, #3657, #1144 ) ;
#1990 = DIRECTION ( 'NONE',  ( 0.000000000000000000, 0.000000000000000000, 1.000000000000000000 ) ) ;
#1991 = CARTESIAN_POINT ( 'NONE',  ( 0.3607334097848691190, 4.124933138076721129, -0.05808895201926123075 ) ) ;
#1992 = DIRECTION ( 'NONE',  ( 0.3420201433256628287, -0.9396926207859105373, 0.000000000000000000 ) ) ;
#1993 = PLANE ( 'NONE',  #2054 ) ;
#1994 = CARTESIAN_POINT ( 'NONE',  ( -5.787061024477868187, 4.124933138076721129, -0.05808895201926123075 ) ) ;
#1995 = CARTESIAN_POINT ( 'NONE',  ( -44.78969370590857579, 2.547393138076722963, 3.941911047980738658 ) ) ;
#1996 = ORIENTED_EDGE ( 'NONE', *, *, #11, .F. ) ;
#1997 = ORIENTED_EDGE ( 'NONE', *, *, #4473, .F. ) ;
#1998 = EDGE_CURVE ( 'NONE', #4150, #4320, #4023, .T. ) ;
#1999 = LINE ( 'NONE', #3387, #3944 ) ;
#2000 = ORIENTED_EDGE ( 'NONE', *, *, #2118, .F. ) ;
#2001 = LINE ( 'NONE', #3471, #4042 ) ;
#2002 = EDGE_CURVE ( 'NONE', #681, #413, #219, .T. ) ;
#2003 = VECTOR ( 'NONE', #956, 100.0000000000000000 ) ;
#2004 = VERTEX_POINT ( 'NONE', #4343 ) ;
#2005 = ORIENTED_EDGE ( 'NONE', *, *, #2786, .T. ) ;
#2006 = LINE ( 'NONE', #15, #2550 ) ;
#2007 = FACE_OUTER_BOUND ( 'NONE', #2562, .T. ) ;
#2008 = LINE ( 'NONE', #4476, #2080 ) ;
#2009 = FACE_OUTER_BOUND ( 'NONE', #2482, .T. ) ;
#2010 = FACE_OUTER_BOUND ( 'NONE', #3812, .T. ) ;
#2011 = CARTESIAN_POINT ( 'NONE',  ( 1.985670661420579908, 2.547393138076722074, -0.05808895201926123075 ) ) ;
#2012 = CARTESIAN_POINT ( 'NONE',  ( 3.583575998886417757, 2.547393138076722074, 3.941911047980738658 ) ) ;
#2013 = LINE ( 'NONE', #3117, #2145 ) ;
#2014 = VERTEX_POINT ( 'NONE', #2569 ) ;
#2015 = ORIENTED_EDGE ( 'NONE', *, *, #2513, .F. ) ;
#2016 = DIRECTION ( 'NONE',  ( 0.3420201433256628287, 0.9396926207859105373, 0.000000000000000000 ) ) ;
#2017 = ORIENTED_EDGE ( 'NONE', *, *, #3610, .T. ) ;
#2018 = DIRECTION ( 'NONE',  ( 0.3420201433256627732, 0.9396926207859105373, -0.000000000000000000 ) ) ;
#2019 = DIRECTION ( 'NONE',  ( 0.000000000000000000, 1.000000000000000000, 0.000000000000000000 ) ) ;
#2020 = AXIS2_PLACEMENT_3D ( 'NONE', #2884, #2860, #4269 ) ;
#2021 = VERTEX_POINT ( 'NONE', #4385 ) ;
#2022 = DIRECTION ( 'NONE',  ( -1.000000000000000000, 0.000000000000000000, 0.000000000000000000 ) ) ;
#2023 = AXIS2_PLACEMENT_3D ( 'NONE', #2237, #1828, #3641 ) ;
#2024 = EDGE_CURVE ( 'NONE', #3681, #1499, #2293, .T. ) ;
#2025 = ORIENTED_EDGE ( 'NONE', *, *, #1942, .T. ) ;
#2026 = VERTEX_POINT ( 'NONE', #474 ) ;
#2027 = CARTESIAN_POINT ( 'NONE',  ( 15.18035979142056746, 2.547393138076722074, 3.941911047980738658 ) ) ;
#2028 = DIRECTION ( 'NONE',  ( 0.000000000000000000, 0.000000000000000000, -1.000000000000000000 ) ) ;
#2029 = CARTESIAN_POINT ( 'NONE',  ( -60.50077177734647194, -2.782606861923278441, -5.058088952019260454 ) ) ;
#2030 = CARTESIAN_POINT ( 'NONE',  ( -33.20016701857939267, 2.547393138076722074, -0.05808895201926123075 ) ) ;
#2031 = EDGE_CURVE ( 'NONE', #3585, #3437, #4412, .T. ) ;
#2032 = LINE ( 'NONE', #1387, #538 ) ;
#2033 = LINE ( 'NONE', #3837, #1112 ) ;
#2034 = ORIENTED_EDGE ( 'NONE', *, *, #3610, .F. ) ;
#2035 = ORIENTED_EDGE ( 'NONE', *, *, #2065, .T. ) ;
#2036 = DIRECTION ( 'NONE',  ( 0.000000000000000000, -1.000000000000000000, -0.000000000000000000 ) ) ;
#2037 = CARTESIAN_POINT ( 'NONE',  ( -36.57132547501448983, 4.122393138076720476, -0.05808895201926123075 ) ) ;
#2038 = DIRECTION ( 'NONE',  ( 0.000000000000000000, 0.000000000000000000, -1.000000000000000000 ) ) ;
#2039 = DIRECTION ( 'NONE',  ( -1.000000000000000000, 0.000000000000000000, 0.000000000000000000 ) ) ;
#2040 = ORIENTED_EDGE ( 'NONE', *, *, #203, .T. ) ;
#2041 = VERTEX_POINT ( 'NONE', #2593 ) ;
#2042 = LINE ( 'NONE', #2822, #1249 ) ;
#2043 = ORIENTED_EDGE ( 'NONE', *, *, #2148, .F. ) ;
#2044 = DIRECTION ( 'NONE',  ( -0.3420201433256628287, 0.9396926207859105373, 0.000000000000000000 ) ) ;
#2045 = VERTEX_POINT ( 'NONE', #1859 ) ;
#2046 = LINE ( 'NONE', #1024, #2349 ) ;
#2047 = CARTESIAN_POINT ( 'NONE',  ( -19.43130028521511221, 4.124933138076721129, 3.941911047980738658 ) ) ;
#2048 = DIRECTION ( 'NONE',  ( -0.000000000000000000, -0.000000000000000000, 1.000000000000000000 ) ) ;
#2049 = VERTEX_POINT ( 'NONE', #3997 ) ;
#2050 = FACE_OUTER_BOUND ( 'NONE', #1040, .T. ) ;
#2051 = EDGE_LOOP ( 'NONE', ( #2346, #2322, #1439, #3144 ) ) ;
#2052 = DIRECTION ( 'NONE',  ( 0.000000000000000000, 0.000000000000000000, -1.000000000000000000 ) ) ;
#2053 = EDGE_CURVE ( 'NONE', #509, #2132, #2248, .T. ) ;
#2054 = AXIS2_PLACEMENT_3D ( 'NONE', #1280, #4459, #4066 ) ;
#2055 = ADVANCED_FACE ( 'NONE', ( #3247 ), #2618, .F. ) ;
#2056 = VECTOR ( 'NONE', #1945, 100.0000000000000000 ) ;
#2057 = VECTOR ( 'NONE', #3605, 100.0000000000000000 ) ;
#2058 = VECTOR ( 'NONE', #1849, 100.0000000000000142 ) ;
#2059 = LINE ( 'NONE', #3455, #3010 ) ;
#2060 = CARTESIAN_POINT ( 'NONE',  ( 6.957153490389828221, 4.122393138076718699, 3.941911047980738658 ) ) ;
#2061 = ORIENTED_EDGE ( 'NONE', *, *, #3003, .T. ) ;
#2062 = CARTESIAN_POINT ( 'NONE',  ( -32.62598941521510199, 4.124933138076721129, -0.05808895201926123075 ) ) ;
#2063 = ORIENTED_EDGE ( 'NONE', *, *, #1608, .F. ) ;
#2064 = CARTESIAN_POINT ( 'NONE',  ( -1.388831314477873002, 4.124933138076721129, -0.05808895201926123075 ) ) ;
#2065 = EDGE_CURVE ( 'NONE', #1285, #4280, #179, .T. ) ;
#2066 = CARTESIAN_POINT ( 'NONE',  ( -5.786136540082830848, 4.122393138076720476, 3.941911047980738658 ) ) ;
#2067 = CARTESIAN_POINT ( 'NONE',  ( -58.50077177734647194, -2.782606861923278441, -5.058088952019260454 ) ) ;
#2068 = EDGE_LOOP ( 'NONE', ( #2512, #3403, #2780, #874 ) ) ;
#2069 = EDGE_CURVE ( 'NONE', #2421, #2809, #3266, .T. ) ;
#2070 = ORIENTED_EDGE ( 'NONE', *, *, #221, .T. ) ;
#2071 = DIRECTION ( 'NONE',  ( 0.000000000000000000, 1.000000000000000000, -0.000000000000000000 ) ) ;
#2072 = ORIENTED_EDGE ( 'NONE', *, *, #4449, .F. ) ;
#2073 = CARTESIAN_POINT ( 'NONE',  ( -17.23310991461014652, 4.122393138076720476, -0.05808895201926123075 ) ) ;
#2074 = DIRECTION ( 'NONE',  ( -1.000000000000000000, 0.000000000000000000, 0.000000000000000000 ) ) ;
#2075 = EDGE_LOOP ( 'NONE', ( #1341, #1941, #1264, #2691 ) ) ;
#2076 = CARTESIAN_POINT ( 'NONE',  ( -34.82481923707597815, 4.122393138076720476, -0.05808895201926123075 ) ) ;
#2077 = DIRECTION ( 'NONE',  ( 0.9396926207859105373, -0.3420201433256628287, 0.000000000000000000 ) ) ;
#2078 = ORIENTED_EDGE ( 'NONE', *, *, #529, .F. ) ;
#2079 = LINE ( 'NONE', #1427, #504 ) ;
#2080 = VECTOR ( 'NONE', #1314, 100.0000000000000000 ) ;
#2081 = EDGE_CURVE ( 'NONE', #1265, #4027, #1237, .T. ) ;
#2082 = CARTESIAN_POINT ( 'NONE',  ( -15.60724817857940749, 2.547393138076722074, -0.05808895201926123075 ) ) ;
#2083 = LINE ( 'NONE', #364, #3085 ) ;
#2084 = CARTESIAN_POINT ( 'NONE',  ( 15.18035979142056746, 2.547393138076722074, -0.05808895201926123075 ) ) ;
#2085 = DIRECTION ( 'NONE',  ( -0.3420201433256633283, 0.9396926207859104263, 0.000000000000000000 ) ) ;
#2086 = DIRECTION ( 'NONE',  ( 0.000000000000000000, 0.000000000000000000, -1.000000000000000000 ) ) ;
#2087 = FACE_OUTER_BOUND ( 'NONE', #4440, .T. ) ;
#2088 = LINE ( 'NONE', #4267, #2432 ) ;
#2089 = DIRECTION ( 'NONE',  ( -0.3420201433256604417, -0.9396926207859113145, 0.000000000000000000 ) ) ;
#2090 = EDGE_CURVE ( 'NONE', #1255, #658, #1506, .T. ) ;
#2091 = ORIENTED_EDGE ( 'NONE', *, *, #2255, .T. ) ;
#2092 = VERTEX_POINT ( 'NONE', #3978 ) ;
#2093 = ADVANCED_FACE ( 'NONE', ( #830 ), #3627, .F. ) ;
#2094 = CARTESIAN_POINT ( 'NONE',  ( 5.208513250522122995, 4.124933138076721129, -0.05808895201926123075 ) ) ;
#2095 = ORIENTED_EDGE ( 'NONE', *, *, #4333, .T. ) ;
#2096 = CARTESIAN_POINT ( 'NONE',  ( 3.010322879917165295, 4.122393138076720476, -0.05808895201926123075 ) ) ;
#2097 = ORIENTED_EDGE ( 'NONE', *, *, #1754, .F. ) ;
#2098 = VECTOR ( 'NONE', #3698, 100.0000000000000000 ) ;
#2099 = CARTESIAN_POINT ( 'NONE',  ( -21.63041514021510991, 4.124933138076721129, -0.05808895201926123075 ) ) ;
#2100 = EDGE_CURVE ( 'NONE', #564, #248, #1382, .T. ) ;
#2101 = ORIENTED_EDGE ( 'NONE', *, *, #556, .T. ) ;
#2102 = VECTOR ( 'NONE', #2215, 100.0000000000000000 ) ;
#2103 = VERTEX_POINT ( 'NONE', #3556 ) ;
#2104 = CARTESIAN_POINT ( 'NONE',  ( -33.50077177734647194, 2.547393138076722074, 3.941911047980738658 ) ) ;
#2105 = DIRECTION ( 'NONE',  ( 0.000000000000000000, -1.000000000000000000, -0.000000000000000000 ) ) ;
#2106 = VECTOR ( 'NONE', #717, 100.0000000000000000 ) ;
#2107 = DIRECTION ( 'NONE',  ( 0.3420201433256628287, 0.9396926207859105373, 0.000000000000000000 ) ) ;
#2108 = DIRECTION ( 'NONE',  ( -0.000000000000000000, -0.000000000000000000, 1.000000000000000000 ) ) ;
#2109 = DIRECTION ( 'NONE',  ( 0.000000000000000000, 0.000000000000000000, -1.000000000000000000 ) ) ;
#2110 = ADVANCED_FACE ( 'NONE', ( #3890 ), #78, .T. ) ;
#2111 = DIRECTION ( 'NONE',  ( -0.000000000000000000, -0.000000000000000000, 1.000000000000000000 ) ) ;
#2112 = AXIS2_PLACEMENT_3D ( 'NONE', #1122, #778, #3215 ) ;
#2113 = ORIENTED_EDGE ( 'NONE', *, *, #3088, .T. ) ;
#2114 = ORIENTED_EDGE ( 'NONE', *, *, #4007, .F. ) ;
#2115 = DIRECTION ( 'NONE',  ( 0.3420201433256628287, -0.9396926207859105373, 0.000000000000000000 ) ) ;
#2116 = ORIENTED_EDGE ( 'NONE', *, *, #4111, .T. ) ;
#2117 = ORIENTED_EDGE ( 'NONE', *, *, #3626, .T. ) ;
#2118 = EDGE_CURVE ( 'NONE', #3864, #3408, #1110, .T. ) ;
#2119 = FACE_OUTER_BOUND ( 'NONE', #4100, .T. ) ;
#2120 = EDGE_CURVE ( 'NONE', #2014, #4482, #2141, .T. ) ;
#2121 = EDGE_LOOP ( 'NONE', ( #3317, #2658, #3730, #3238 ) ) ;
#2122 = LINE ( 'NONE', #2467, #2179 ) ;
#2123 = EDGE_CURVE ( 'NONE', #3049, #4114, #418, .T. ) ;
#2124 = DIRECTION ( 'NONE',  ( 1.000000000000000000, -0.000000000000000000, -0.000000000000000000 ) ) ;
#2125 = DIRECTION ( 'NONE',  ( 0.000000000000000000, -1.000000000000000000, -0.000000000000000000 ) ) ;
#2126 = LINE ( 'NONE', #1371, #1574 ) ;
#2127 = VECTOR ( 'NONE', #3689, 100.0000000000000142 ) ;
#2128 = CARTESIAN_POINT ( 'NONE',  ( 16.49922822265352806, 0.4223931380767216304, -0.05808895201926123075 ) ) ;
#2129 = CARTESIAN_POINT ( 'NONE',  ( -11.81022798611356883, 2.547393138076722074, -0.05808895201926123075 ) ) ;
#2130 = LINE ( 'NONE', #3077, #4291 ) ;
#2131 = DIRECTION ( 'NONE',  ( 0.000000000000000000, 0.000000000000000000, -1.000000000000000000 ) ) ;
#2132 = VERTEX_POINT ( 'NONE', #768 ) ;
#2133 = VECTOR ( 'NONE', #1444, 100.0000000000000000 ) ;
#2134 = VECTOR ( 'NONE', #1923, 100.0000000000000000 ) ;
#2135 = EDGE_LOOP ( 'NONE', ( #2711, #733, #3510, #3841 ) ) ;
#2136 = DIRECTION ( 'NONE',  ( 0.000000000000000000, 1.387778780781445922E-16, 1.000000000000000000 ) ) ;
#2137 = DIRECTION ( 'NONE',  ( 0.3420201433256627732, -0.9396926207859105373, 0.000000000000000000 ) ) ;
#2138 = ORIENTED_EDGE ( 'NONE', *, *, #2631, .F. ) ;
#2139 = VECTOR ( 'NONE', #1868, 100.0000000000000000 ) ;
#2140 = FACE_OUTER_BOUND ( 'NONE', #2626, .T. ) ;
#2141 = LINE ( 'NONE', #3958, #4329 ) ;
#2142 = VERTEX_POINT ( 'NONE', #2162 ) ;
#2143 = EDGE_CURVE ( 'NONE', #3659, #4188, #440, .T. ) ;
#2144 = ADVANCED_FACE ( 'NONE', ( #1795 ), #3268, .T. ) ;
#2145 = VECTOR ( 'NONE', #2111, 100.0000000000000000 ) ;
#2146 = ADVANCED_FACE ( 'NONE', ( #457 ), #3187, .F. ) ;
#2147 = DIRECTION ( 'NONE',  ( -0.000000000000000000, -0.000000000000000000, 1.000000000000000000 ) ) ;
#2148 = EDGE_CURVE ( 'NONE', #2602, #3795, #497, .T. ) ;
#2149 = DIRECTION ( 'NONE',  ( -1.000000000000000000, -0.000000000000000000, -0.000000000000000000 ) ) ;
#2150 = LINE ( 'NONE', #1431, #2792 ) ;
#2151 = CARTESIAN_POINT ( 'NONE',  ( -33.50077177734647194, 2.547393138076722074, 3.941911047980738658 ) ) ;
#2152 = VECTOR ( 'NONE', #4360, 100.0000000000000000 ) ;
#2153 = LINE ( 'NONE', #3523, #557 ) ;
#2154 = CARTESIAN_POINT ( 'NONE',  ( -5.787061024477868187, 4.124933138076721129, -0.05808895201926123075 ) ) ;
#2155 = CARTESIAN_POINT ( 'NONE',  ( -31.60226168111355349, 2.547393138076722074, -0.05808895201926123075 ) ) ;
#2156 = DIRECTION ( 'NONE',  ( -0.000000000000000000, -0.000000000000000000, 1.000000000000000000 ) ) ;
#2157 = ORIENTED_EDGE ( 'NONE', *, *, #3226, .F. ) ;
#2158 = CARTESIAN_POINT ( 'NONE',  ( -33.50077177734647194, 4.122393138076720476, -0.05808895201926123075 ) ) ;
#2159 = LINE ( 'NONE', #1502, #3473 ) ;
#2160 = ORIENTED_EDGE ( 'NONE', *, *, #2678, .T. ) ;
#2161 = DIRECTION ( 'NONE',  ( 0.3420201433256628287, -0.9396926207859105373, 0.000000000000000000 ) ) ;
#2162 = CARTESIAN_POINT ( 'NONE',  ( -50.78340971830609618, 2.547393138076722074, 3.941911047980738658 ) ) ;
#2163 = ORIENTED_EDGE ( 'NONE', *, *, #1198, .F. ) ;
#2164 = ORIENTED_EDGE ( 'NONE', *, *, #296, .T. ) ;
#2165 = LINE ( 'NONE', #338, #2520 ) ;
#2166 = DIRECTION ( 'NONE',  ( 0.000000000000000000, 0.000000000000000000, 1.000000000000000000 ) ) ;
#2167 = ADVANCED_FACE ( 'NONE', ( #98 ), #1462, .T. ) ;
#2168 = AXIS2_PLACEMENT_3D ( 'NONE', #1337, #1807, #2740 ) ;
#2169 = DIRECTION ( 'NONE',  ( -1.000000000000000000, -0.000000000000000000, -0.000000000000000000 ) ) ;
#2170 = CARTESIAN_POINT ( 'NONE',  ( 2.559848264784869709, 4.124933138076721129, -0.05808895201926123075 ) ) ;
#2171 = FACE_OUTER_BOUND ( 'NONE', #2488, .T. ) ;
#2172 = DIRECTION ( 'NONE',  ( 0.000000000000000000, -2.478176394252581387E-17, 1.000000000000000000 ) ) ;
#2173 = PLANE ( 'NONE',  #1011 ) ;
#2174 = CARTESIAN_POINT ( 'NONE',  ( -33.50077177734647194, 4.122393138076720476, -0.05808895201926123075 ) ) ;
#2175 = LINE ( 'NONE', #739, #35 ) ;
#2176 = DIRECTION ( 'NONE',  ( 1.000000000000000000, -0.000000000000000000, -0.000000000000000000 ) ) ;
#2177 = LINE ( 'NONE', #1169, #3638 ) ;
#2178 = ORIENTED_EDGE ( 'NONE', *, *, #1959, .T. ) ;
#2179 = VECTOR ( 'NONE', #2743, 100.0000000000000000 ) ;
#2180 = CARTESIAN_POINT ( 'NONE',  ( -34.37342013754864922, 4.122393138076720476, -0.05808895201926123075 ) ) ;
#2181 = LINE ( 'NONE', #3183, #335 ) ;
#2182 = DIRECTION ( 'NONE',  ( 0.3420201433256628287, -0.9396926207859105373, 0.000000000000000000 ) ) ;
#2183 = DIRECTION ( 'NONE',  ( -1.000000000000000000, 0.000000000000000000, 0.000000000000000000 ) ) ;
#2184 = FACE_OUTER_BOUND ( 'NONE', #2273, .T. ) ;
#2185 = DIRECTION ( 'NONE',  ( 0.000000000000000000, -2.478176394252581387E-17, 1.000000000000000000 ) ) ;
#2186 = CARTESIAN_POINT ( 'NONE',  ( -15.60724817857940749, 2.547393138076722074, -0.05808895201926123075 ) ) ;
#2187 = VERTEX_POINT ( 'NONE', #4345 ) ;
#2188 = ORIENTED_EDGE ( 'NONE', *, *, #1768, .T. ) ;
#2189 = VERTEX_POINT ( 'NONE', #160 ) ;
#2190 = DIRECTION ( 'NONE',  ( 0.000000000000000000, 0.000000000000000000, 1.000000000000000000 ) ) ;
#2191 = FACE_OUTER_BOUND ( 'NONE', #3940, .T. ) ;
#2192 = EDGE_CURVE ( 'NONE', #1597, #3769, #1528, .T. ) ;
#2193 = ORIENTED_EDGE ( 'NONE', *, *, #1802, .F. ) ;
#2194 = PLANE ( 'NONE',  #1654 ) ;
#2195 = DIRECTION ( 'NONE',  ( 0.000000000000000000, 1.000000000000000000, 0.000000000000000000 ) ) ;
#2196 = ORIENTED_EDGE ( 'NONE', *, *, #2227, .T. ) ;
#2198 = EDGE_CURVE ( 'NONE', #4334, #4116, #1134, .T. ) ;
#2197 = DIRECTION ( 'NONE',  ( 0.000000000000000000, -1.000000000000000000, 1.387778780781445922E-16 ) ) ;
#2199 = CARTESIAN_POINT ( 'NONE',  ( 13.55542253978486222, 4.124933138076721129, -0.05808895201926123075 ) ) ;
#2200 = DIRECTION ( 'NONE',  ( -1.000000000000000000, -0.000000000000000000, -0.000000000000000000 ) ) ;
#2201 = VECTOR ( 'NONE', #743, 100.0000000000000000 ) ;
#2202 = CARTESIAN_POINT ( 'NONE',  ( -35.39807235604523328, 2.547393138076724295, -2.301730293121226900 ) ) ;
#2203 = DIRECTION ( 'NONE',  ( -0.3420201433256604417, -0.9396926207859113145, 0.000000000000000000 ) ) ;
#2204 = DIRECTION ( 'NONE',  ( -1.000000000000000000, 0.000000000000000000, 0.000000000000000000 ) ) ;
#2205 = EDGE_CURVE ( 'NONE', #69, #1102, #789, .T. ) ;
#2206 = AXIS2_PLACEMENT_3D ( 'NONE', #1783, #108, #2836 ) ;
#2207 = VERTEX_POINT ( 'NONE', #3228 ) ;
#2208 = AXIS2_PLACEMENT_3D ( 'NONE', #1825, #1848, #1244 ) ;
#2209 = VECTOR ( 'NONE', #1876, 100.0000000000000000 ) ;
#2210 = ORIENTED_EDGE ( 'NONE', *, *, #2314, .T. ) ;
#2211 = AXIS2_PLACEMENT_3D ( 'NONE', #4037, #216, #1566 ) ;
#2212 = LINE ( 'NONE', #3588, #1363 ) ;
#2213 = AXIS2_PLACEMENT_3D ( 'NONE', #2688, #3337, #4000 ) ;
#2214 = PLANE ( 'NONE',  #2206 ) ;
#2215 = DIRECTION ( 'NONE',  ( 0.3420201433256627732, 0.9396926207859105373, -0.000000000000000000 ) ) ;
#2216 = CARTESIAN_POINT ( 'NONE',  ( -2.412559048579415943, 2.547393138076722074, -0.05808895201926123075 ) ) ;
#2217 = EDGE_CURVE ( 'NONE', #1642, #1222, #2889, .T. ) ;
#2218 = ORIENTED_EDGE ( 'NONE', *, *, #4174, .T. ) ;
#2219 = VECTOR ( 'NONE', #2245, 100.0000000000000000 ) ;
#2220 = LINE ( 'NONE', #3222, #2201 ) ;
#2221 = CARTESIAN_POINT ( 'NONE',  ( 16.49922822265352806, 3.314040737146037419, -0.05808895201926123075 ) ) ;
#2222 = CARTESIAN_POINT ( 'NONE',  ( 10.18092056388640820, 2.547393138076722074, 3.941911047980738658 ) ) ;
#2223 = DIRECTION ( 'NONE',  ( -0.9396926207859105373, -0.3420201433256628287, 0.000000000000000000 ) ) ;
#2224 = ADVANCED_FACE ( 'NONE', ( #139 ), #1508, .F. ) ;
#2225 = DIRECTION ( 'NONE',  ( 0.3420201433256627732, 0.9396926207859105373, -0.000000000000000000 ) ) ;
#2226 = VECTOR ( 'NONE', #4039, 100.0000000000000000 ) ;
#2227 = EDGE_CURVE ( 'NONE', #3832, #2823, #4387, .T. ) ;
#2228 = ORIENTED_EDGE ( 'NONE', *, *, #322, .F. ) ;
#2229 = ORIENTED_EDGE ( 'NONE', *, *, #3842, .T. ) ;
#2230 = ORIENTED_EDGE ( 'NONE', *, *, #817, .F. ) ;
#2231 = LINE ( 'NONE', #3985, #2834 ) ;
#2232 = DIRECTION ( 'NONE',  ( -1.000000000000000000, -0.000000000000000000, -0.000000000000000000 ) ) ;
#2233 = VECTOR ( 'NONE', #1120, 100.0000000000000000 ) ;
#2234 = EDGE_CURVE ( 'NONE', #704, #658, #1283, .T. ) ;
#2235 = VECTOR ( 'NONE', #3759, 100.0000000000000000 ) ;
#2236 = ORIENTED_EDGE ( 'NONE', *, *, #1143, .T. ) ;
#2237 = CARTESIAN_POINT ( 'NONE',  ( 15.75453739478485637, 4.124933138076721129, -0.05808895201926123075 ) ) ;
#2238 = AXIS2_PLACEMENT_3D ( 'NONE', #347, #4535, #1392 ) ;
#2239 = ORIENTED_EDGE ( 'NONE', *, *, #2259, .F. ) ;
#2240 = ORIENTED_EDGE ( 'NONE', *, *, #723, .T. ) ;
#2241 = DIRECTION ( 'NONE',  ( -1.000000000000000000, 0.000000000000000000, 0.000000000000000000 ) ) ;
#2242 = LINE ( 'NONE', #3312, #3147 ) ;
#2243 = DIRECTION ( 'NONE',  ( -1.000000000000000000, -0.000000000000000000, -0.000000000000000000 ) ) ;
#2245 = DIRECTION ( 'NONE',  ( 0.3420201433256627732, 0.9396926207859105373, -0.000000000000000000 ) ) ;
#2244 = VECTOR ( 'NONE', #2747, 100.0000000000000000 ) ;
#2246 = EDGE_CURVE ( 'NONE', #4388, #3325, #517, .T. ) ;
#2247 = LINE ( 'NONE', #1588, #2226 ) ;
#2248 = LINE ( 'NONE', #2911, #3596 ) ;
#2249 = DIRECTION ( 'NONE',  ( -1.000000000000000000, -0.000000000000000000, -0.000000000000000000 ) ) ;
#2250 = ORIENTED_EDGE ( 'NONE', *, *, #202, .T. ) ;
#2251 = AXIS2_PLACEMENT_3D ( 'NONE', #3052, #4443, #2443 ) ;
#2252 = ORIENTED_EDGE ( 'NONE', *, *, #2628, .T. ) ;
#2253 = ORIENTED_EDGE ( 'NONE', *, *, #4416, .F. ) ;
#2254 = DIRECTION ( 'NONE',  ( 0.9396926207859105373, -0.3420201433256628287, 0.000000000000000000 ) ) ;
#2255 = EDGE_CURVE ( 'NONE', #1332, #3864, #4363, .T. ) ;
#2256 = ORIENTED_EDGE ( 'NONE', *, *, #2647, .T. ) ;
#2257 = ADVANCED_FACE ( 'NONE', ( #1926 ), #2955, .F. ) ;
#2258 = DIRECTION ( 'NONE',  ( 0.000000000000000000, 0.000000000000000000, 1.000000000000000000 ) ) ;
#2259 = EDGE_CURVE ( 'NONE', #4279, #205, #2620, .T. ) ;
#2260 = EDGE_LOOP ( 'NONE', ( #2821, #1610, #1679, #3093 ) ) ;
#2261 = CARTESIAN_POINT ( 'NONE',  ( 15.75361291038981904, 4.122393138076720476, -0.05808895201926123075 ) ) ;
#2262 = ORIENTED_EDGE ( 'NONE', *, *, #4258, .F. ) ;
#2263 = ORIENTED_EDGE ( 'NONE', *, *, #1570, .T. ) ;
#2264 = CARTESIAN_POINT ( 'NONE',  ( -15.60724817857940749, 2.547393138076722074, 3.941911047980738658 ) ) ;
#2265 = CARTESIAN_POINT ( 'NONE',  ( -26.02956933461014088, 4.122393138076720476, -0.05808895201926123075 ) ) ;
#2266 = DIRECTION ( 'NONE',  ( 0.000000000000000000, 0.000000000000000000, -1.000000000000000000 ) ) ;
#2267 = CARTESIAN_POINT ( 'NONE',  ( -33.50077177734647194, 2.547393138076722074, 3.941911047980738658 ) ) ;
#2268 = ORIENTED_EDGE ( 'NONE', *, *, #72, .T. ) ;
#2269 = ORIENTED_EDGE ( 'NONE', *, *, #1468, .F. ) ;
#2270 = AXIS2_PLACEMENT_3D ( 'NONE', #3353, #869, #3732 ) ;
#2271 = VERTEX_POINT ( 'NONE', #1219 ) ;
#2272 = EDGE_LOOP ( 'NONE', ( #883, #3846, #186, #1081 ) ) ;
#2273 = EDGE_LOOP ( 'NONE', ( #4471, #2414, #1311, #1927 ) ) ;
#2274 = EDGE_CURVE ( 'NONE', #4227, #3024, #1262, .T. ) ;
#2275 = ADVANCED_FACE ( 'NONE', ( #271 ), #3357, .F. ) ;
#2276 = ORIENTED_EDGE ( 'NONE', *, *, #1352, .T. ) ;
#2277 = AXIS2_PLACEMENT_3D ( 'NONE', #3002, #2899, #3320 ) ;
#2278 = CARTESIAN_POINT ( 'NONE',  ( -33.50077177734647194, 4.122393138076720476, -0.05808895201926123075 ) ) ;
#2279 = CARTESIAN_POINT ( 'NONE',  ( 10.78213008142057205, 2.547393138076722074, -0.05808895201926123075 ) ) ;
#2280 = EDGE_CURVE ( 'NONE', #4002, #709, #920, .T. ) ;
#2281 = EDGE_CURVE ( 'NONE', #1592, #2189, #1590, .T. ) ;
#2282 = VECTOR ( 'NONE', #4339, 100.0000000000000000 ) ;
#2283 = ORIENTED_EDGE ( 'NONE', *, *, #145, .F. ) ;
#2284 = LINE ( 'NONE', #1580, #2244 ) ;
#2285 = EDGE_CURVE ( 'NONE', #141, #1651, #944, .T. ) ;
#2286 = DIRECTION ( 'NONE',  ( -0.000000000000000000, -0.000000000000000000, 1.000000000000000000 ) ) ;
#2287 = ORIENTED_EDGE ( 'NONE', *, *, #2741, .T. ) ;
#2288 = VERTEX_POINT ( 'NONE', #2316 ) ;
#2289 = DIRECTION ( 'NONE',  ( 0.000000000000000000, -1.000000000000000000, -0.000000000000000000 ) ) ;
#2290 = CARTESIAN_POINT ( 'NONE',  ( -5.212883421113579274, 2.547393138076722074, -0.05808895201926123075 ) ) ;
#2291 = CARTESIAN_POINT ( 'NONE',  ( -39.22062991200765225, 4.122393138076720476, 3.941911047980738658 ) ) ;
#2292 = CARTESIAN_POINT ( 'NONE',  ( -58.50077177734647194, 7.217393138076719339, -5.058088952019261342 ) ) ;
#2293 = LINE ( 'NONE', #1878, #2937 ) ;
#2294 = CARTESIAN_POINT ( 'NONE',  ( -34.37342013754864922, 4.122393138076720476, -0.05808895201926123075 ) ) ;
#2295 = VECTOR ( 'NONE', #4477, 100.0000000000000000 ) ;
#2296 = VERTEX_POINT ( 'NONE', #3714 ) ;
#2297 = VERTEX_POINT ( 'NONE', #1639 ) ;
#2298 = VERTEX_POINT ( 'NONE', #3046 ) ;
#2299 = VECTOR ( 'NONE', #1970, 100.0000000000000000 ) ;
#2300 = CARTESIAN_POINT ( 'NONE',  ( -33.50077177734647194, 4.122393138076720476, 3.941911047980738658 ) ) ;
#2301 = VERTEX_POINT ( 'NONE', #3861 ) ;
#2302 = ORIENTED_EDGE ( 'NONE', *, *, #800, .T. ) ;
#2303 = CARTESIAN_POINT ( 'NONE',  ( -9.009903613579414383, 2.547393138076722074, -0.05808895201926123075 ) ) ;
#2304 = EDGE_CURVE ( 'NONE', #4442, #3191, #2801, .T. ) ;
#2305 = ORIENTED_EDGE ( 'NONE', *, *, #1335, .F. ) ;
#2306 = EDGE_CURVE ( 'NONE', #839, #3421, #1325, .T. ) ;
#2307 = DIRECTION ( 'NONE',  ( 0.000000000000000000, 0.000000000000000000, -1.000000000000000000 ) ) ;
#2308 = EDGE_CURVE ( 'NONE', #3773, #3585, #4161, .T. ) ;
#2309 = EDGE_LOOP ( 'NONE', ( #4062, #4368, #1014, #1758 ) ) ;
#2310 = ADVANCED_FACE ( 'NONE', ( #20 ), #3840, .T. ) ;
#2311 = PLANE ( 'NONE',  #3662 ) ;
#2312 = DIRECTION ( 'NONE',  ( -0.9396926207859105373, -0.3420201433256628287, 0.000000000000000000 ) ) ;
#2313 = DIRECTION ( 'NONE',  ( 0.3420201433256627732, 0.9396926207859105373, -0.000000000000000000 ) ) ;
#2314 = EDGE_CURVE ( 'NONE', #2296, #1620, #2013, .T. ) ;
#2315 = DIRECTION ( 'NONE',  ( 0.000000000000000000, 0.000000000000000000, 1.000000000000000000 ) ) ;
#2316 = CARTESIAN_POINT ( 'NONE',  ( -10.63576534961015696, 4.122393138076720476, 3.941911047980738658 ) ) ;
#2317 = VERTEX_POINT ( 'NONE', #4513 ) ;
#2318 = ORIENTED_EDGE ( 'NONE', *, *, #66, .T. ) ;
#2319 = VECTOR ( 'NONE', #1097, 100.0000000000000000 ) ;
#2320 = ORIENTED_EDGE ( 'NONE', *, *, #1051, .T. ) ;
#2321 = LINE ( 'NONE', #3720, #528 ) ;
#2322 = ORIENTED_EDGE ( 'NONE', *, *, #1594, .T. ) ;
#2323 = FACE_OUTER_BOUND ( 'NONE', #1796, .T. ) ;
#2324 = LINE ( 'NONE', #2962, #3251 ) ;
#2325 = ORIENTED_EDGE ( 'NONE', *, *, #115, .F. ) ;
#2326 = ORIENTED_EDGE ( 'NONE', *, *, #377, .T. ) ;
#2327 = ORIENTED_EDGE ( 'NONE', *, *, #3130, .F. ) ;
#2328 = VECTOR ( 'NONE', #122, 100.0000000000000000 ) ;
#2329 = FILL_AREA_STYLE_COLOUR ( '', #4418 ) ;
#2330 = CARTESIAN_POINT ( 'NONE',  ( -33.50077177734647194, 4.122393138076720476, 3.941911047980738658 ) ) ;
#2331 = EDGE_LOOP ( 'NONE', ( #1954, #3442, #2938, #3 ) ) ;
#2332 = DIRECTION ( 'NONE',  ( 0.3420201433256627732, 0.9396926207859105373, -0.000000000000000000 ) ) ;
#2333 = EDGE_LOOP ( 'NONE', ( #1820, #792, #791, #4502 ) ) ;
#2334 = EDGE_CURVE ( 'NONE', #1289, #1650, #680, .T. ) ;
#2335 = PLANE ( 'NONE',  #2211 ) ;
#2336 = PLANE ( 'NONE',  #2270 ) ;
#2337 = EDGE_CURVE ( 'NONE', #2021, #653, #2733, .T. ) ;
#2338 = DIRECTION ( 'NONE',  ( 0.3420201433256627732, 0.9396926207859105373, -0.000000000000000000 ) ) ;
#2339 = DIRECTION ( 'NONE',  ( 1.000000000000000000, -0.000000000000000000, -0.000000000000000000 ) ) ;
#2340 = VERTEX_POINT ( 'NONE', #1059 ) ;
#2341 = ORIENTED_EDGE ( 'NONE', *, *, #3091, .F. ) ;
#2342 = LINE ( 'NONE', #2713, #147 ) ;
#2343 = VERTEX_POINT ( 'NONE', #1743 ) ;
#2344 = EDGE_CURVE ( 'NONE', #2103, #715, #722, .T. ) ;
#2345 = CARTESIAN_POINT ( 'NONE',  ( -31.00105216357939497, 2.547393138076722074, -0.05808895201926123075 ) ) ;
#2346 = ORIENTED_EDGE ( 'NONE', *, *, #1973, .F. ) ;
#2347 = ORIENTED_EDGE ( 'NONE', *, *, #1493, .F. ) ;
#2348 = LINE ( 'NONE', #3417, #4197 ) ;
#2349 = VECTOR ( 'NONE', #4496, 100.0000000000000000 ) ;
#2350 = ORIENTED_EDGE ( 'NONE', *, *, #2480, .T. ) ;
#2351 = DIRECTION ( 'NONE',  ( 1.000000000000000000, -0.000000000000000000, -0.000000000000000000 ) ) ;
#2352 = AXIS2_PLACEMENT_3D ( 'NONE', #2064, #627, #3735 ) ;
#2353 = DIRECTION ( 'NONE',  ( 1.000000000000000000, -0.000000000000000000, -0.000000000000000000 ) ) ;
#2354 = VECTOR ( 'NONE', #880, 100.0000000000000000 ) ;
#2355 = DIRECTION ( 'NONE',  ( -0.000000000000000000, -0.000000000000000000, 1.000000000000000000 ) ) ;
#2356 = CARTESIAN_POINT ( 'NONE',  ( -33.50077177734647194, 4.122393138076720476, -0.05808895201926123075 ) ) ;
#2357 = ORIENTED_EDGE ( 'NONE', *, *, #524, .T. ) ;
#2358 = PLANE ( 'NONE',  #3897 ) ;
#2359 = VECTOR ( 'NONE', #3315, 100.0000000000000000 ) ;
#2360 = CARTESIAN_POINT ( 'NONE',  ( 7.408552589917160702, 4.122393138076723140, -0.05808895201926123075 ) ) ;
#2361 = ORIENTED_EDGE ( 'NONE', *, *, #2217, .F. ) ;
#2362 = CARTESIAN_POINT ( 'NONE',  ( -4.038420784610163849, 4.122393138076720476, -0.05808895201926123075 ) ) ;
#2363 = FACE_OUTER_BOUND ( 'NONE', #1420, .T. ) ;
#2364 = VERTEX_POINT ( 'NONE', #1665 ) ;
#2365 = EDGE_CURVE ( 'NONE', #53, #248, #3070, .T. ) ;
#2366 = CARTESIAN_POINT ( 'NONE',  ( -58.50077177734647194, 7.217393138076719339, -5.058088952019261342 ) ) ;
#2367 = DIRECTION ( 'NONE',  ( -0.3420201433256628287, 0.9396926207859105373, 0.000000000000000000 ) ) ;
#2368 = ORIENTED_EDGE ( 'NONE', *, *, #2427, .T. ) ;
#2369 = ORIENTED_EDGE ( 'NONE', *, *, #90, .F. ) ;
#2370 = EDGE_CURVE ( 'NONE', #961, #4422, #388, .T. ) ;
#2371 = LINE ( 'NONE', #639, #2622 ) ;
#2372 = LINE ( 'NONE', #2400, #3193 ) ;
#2373 = ORIENTED_EDGE ( 'NONE', *, *, #4524, .T. ) ;
#2374 = VERTEX_POINT ( 'NONE', #2360 ) ;
#2375 = DIRECTION ( 'NONE',  ( 0.000000000000000000, 0.000000000000000000, 1.000000000000000000 ) ) ;
#2376 = DIRECTION ( 'NONE',  ( 1.000000000000000000, -0.000000000000000000, -0.000000000000000000 ) ) ;
#2377 = CARTESIAN_POINT ( 'NONE',  ( -32.17551480008280862, 4.122393138076720476, -0.05808895201926123075 ) ) ;
#2378 = DIRECTION ( 'NONE',  ( 0.3420201433256628287, 0.9396926207859105373, 0.000000000000000000 ) ) ;
#2379 = DIRECTION ( 'NONE',  ( 0.3420201433256627732, 0.9396926207859105373, -0.000000000000000000 ) ) ;
#2380 = DIRECTION ( 'NONE',  ( 1.000000000000000000, -0.000000000000000000, -0.000000000000000000 ) ) ;
#2381 = CARTESIAN_POINT ( 'NONE',  ( -12.38440558947786130, 4.124933138076721129, -0.05808895201926123075 ) ) ;
#2382 = DIRECTION ( 'NONE',  ( 0.9396926207859105373, -0.3420201433256628287, 0.000000000000000000 ) ) ;
#2383 = DIRECTION ( 'NONE',  ( 0.3420201433256627732, 0.9396926207859105373, -0.000000000000000000 ) ) ;
#2384 = VECTOR ( 'NONE', #2555, 100.0000000000000000 ) ;
#2385 = EDGE_LOOP ( 'NONE', ( #3807, #2236, #4106, #4172 ) ) ;
#2386 = ADVANCED_FACE ( 'NONE', ( #4183 ), #3816, .F. ) ;
#2387 = DIRECTION ( 'NONE',  ( -0.3420201433256604417, -0.9396926207859114255, 0.000000000000000000 ) ) ;
#2388 = VERTEX_POINT ( 'NONE', #2067 ) ;
#2389 = VECTOR ( 'NONE', #4485, 100.0000000000000000 ) ;
#2390 = FACE_OUTER_BOUND ( 'NONE', #3189, .T. ) ;
#2391 = VERTEX_POINT ( 'NONE', #3788 ) ;
#2392 = CARTESIAN_POINT ( 'NONE',  ( -33.80016701857938699, 2.547393138076724295, -2.301730293121226900 ) ) ;
#2393 = PLANE ( 'NONE',  #4369 ) ;
#2394 = VECTOR ( 'NONE', #1375, 100.0000000000000000 ) ;
#2395 = EDGE_LOOP ( 'NONE', ( #578, #4467, #3726, #2996 ) ) ;
#2396 = ADVANCED_FACE ( 'NONE', ( #3463 ), #656, .F. ) ;
#2397 = EDGE_LOOP ( 'NONE', ( #224, #1666, #2624, #3888 ) ) ;
#2398 = EDGE_CURVE ( 'NONE', #2374, #4006, #4110, .T. ) ;
#2399 = CARTESIAN_POINT ( 'NONE',  ( -8.435726010215121917, 4.124933138076721129, 3.941911047980738658 ) ) ;
#2400 = CARTESIAN_POINT ( 'NONE',  ( -29.02758219674976203, -10.56517589233226673, 3.941911047980738658 ) ) ;
#2401 = VECTOR ( 'NONE', #2932, 100.0000000000000000 ) ;
#2402 = EDGE_CURVE ( 'NONE', #3584, #2729, #4206, .T. ) ;
#2403 = ORIENTED_EDGE ( 'NONE', *, *, #3574, .F. ) ;
#2404 = ORIENTED_EDGE ( 'NONE', *, *, #4173, .T. ) ;
#2405 = LINE ( 'NONE', #695, #582 ) ;
#2406 = CARTESIAN_POINT ( 'NONE',  ( -51.38340971830609760, 2.547393138076722074, -0.05808895201926123075 ) ) ;
#2407 = EDGE_CURVE ( 'NONE', #3099, #1745, #3436, .T. ) ;
#2408 = DIRECTION ( 'NONE',  ( 0.000000000000000000, 0.000000000000000000, -1.000000000000000000 ) ) ;
#2409 = LINE ( 'NONE', #1299, #1041 ) ;
#2410 = CARTESIAN_POINT ( 'NONE',  ( -33.20016701857939267, 2.547393138076722074, -0.05808895201926123075 ) ) ;
#2411 = DIRECTION ( 'NONE',  ( 0.3420201433256627732, 0.9396926207859105373, -0.000000000000000000 ) ) ;
#2412 = CARTESIAN_POINT ( 'NONE',  ( 15.18035979142056746, 2.547393138076722074, 3.941911047980738658 ) ) ;
#2413 = ORIENTED_EDGE ( 'NONE', *, *, #975, .T. ) ;
#2414 = ORIENTED_EDGE ( 'NONE', *, *, #1220, .F. ) ;
#2415 = LINE ( 'NONE', #3820, #745 ) ;
#2416 = VERTEX_POINT ( 'NONE', #2456 ) ;
#2417 = LINE ( 'NONE', #612, #652 ) ;
#2418 = LINE ( 'NONE', #3490, #2877 ) ;
#2419 = DIRECTION ( 'NONE',  ( -1.000000000000000000, -0.000000000000000000, -0.000000000000000000 ) ) ;
#2420 = LINE ( 'NONE', #86, #2463 ) ;
#2421 = VERTEX_POINT ( 'NONE', #3096 ) ;
#2422 = EDGE_CURVE ( 'NONE', #3716, #4126, #2777, .T. ) ;
#2423 = VECTOR ( 'NONE', #1613, 100.0000000000000000 ) ;
#2424 = VERTEX_POINT ( 'NONE', #1852 ) ;
#2425 = CARTESIAN_POINT ( 'NONE',  ( 13.55542253978486222, 4.124933138076721129, -0.05808895201926123075 ) ) ;
#2426 = LINE ( 'NONE', #1031, #419 ) ;
#2427 = EDGE_CURVE ( 'NONE', #2717, #2810, #4244, .T. ) ;
#2428 = VECTOR ( 'NONE', #923, 100.0000000000000000 ) ;
#2429 = EDGE_CURVE ( 'NONE', #3058, #459, #2561, .T. ) ;
#2430 = VECTOR ( 'NONE', #4218, 100.0000000000000000 ) ;
#2431 = EDGE_CURVE ( 'NONE', #3323, #2837, #3904, .T. ) ;
#2432 = VECTOR ( 'NONE', #2478, 100.0000000000000000 ) ;
#2433 = LINE ( 'NONE', #4200, #1846 ) ;
#2434 = DIRECTION ( 'NONE',  ( 0.9396926207859104263, 0.3420201433256633283, -0.000000000000000000 ) ) ;
#2435 = CARTESIAN_POINT ( 'NONE',  ( 11.80678229991716321, 4.122393138076720476, -0.05808895201926123075 ) ) ;
#2436 = LINE ( 'NONE', #780, #1272 ) ;
#2437 = CARTESIAN_POINT ( 'NONE',  ( -11.20901846857941209, 2.547393138076722074, 3.941911047980738658 ) ) ;
#2438 = CARTESIAN_POINT ( 'NONE',  ( -18.98082567008282240, 4.122393138076720476, -0.05808895201926123075 ) ) ;
#2439 = PRESENTATION_LAYER_ASSIGNMENT (  '', '', ( #4125 ) ) ;
#2440 = ORIENTED_EDGE ( 'NONE', *, *, #2784, .T. ) ;
#2441 = CARTESIAN_POINT ( 'NONE',  ( -10.18529073447786359, 4.124933138076721129, -0.05808895201926123075 ) ) ;
#2442 = EDGE_LOOP ( 'NONE', ( #783, #683, #3392, #1176 ) ) ;
#2443 = DIRECTION ( 'NONE',  ( -0.3420201433256604417, -0.9396926207859113145, 0.000000000000000000 ) ) ;
#2444 = DIRECTION ( 'NONE',  ( 0.000000000000000000, 0.000000000000000000, -1.000000000000000000 ) ) ;
#2445 = DIRECTION ( 'NONE',  ( -0.9396926207859105373, -0.3420201433256628287, 0.000000000000000000 ) ) ;
#2446 = EDGE_CURVE ( 'NONE', #1725, #1961, #46, .T. ) ;
#2447 = ORIENTED_EDGE ( 'NONE', *, *, #1627, .F. ) ;
#2448 = VECTOR ( 'NONE', #1545, 100.0000000000000000 ) ;
#2449 = ORIENTED_EDGE ( 'NONE', *, *, #1608, .T. ) ;
#2450 = CARTESIAN_POINT ( 'NONE',  ( -33.50077177734647194, 4.122393138076720476, -0.05808895201926123075 ) ) ;
#2451 = CARTESIAN_POINT ( 'NONE',  ( -40.96713614994615682, 4.122393138076720476, -0.05808895201926123075 ) ) ;
#2452 = CARTESIAN_POINT ( 'NONE',  ( -41.99178836844274088, 2.547393138076722963, -0.05808895201926123075 ) ) ;
#2453 = DIRECTION ( 'NONE',  ( 0.9396926207859093161, 0.3420201433256663259, -0.000000000000000000 ) ) ;
#2454 = ADVANCED_FACE ( 'NONE', ( #4312 ), #1498, .F. ) ;
#2455 = DIRECTION ( 'NONE',  ( -0.9396926207859105373, -0.3420201433256628287, 0.000000000000000000 ) ) ;
#2456 = CARTESIAN_POINT ( 'NONE',  ( 3.010322879917165295, 4.122393138076720476, 3.941911047980738658 ) ) ;
#2457 = VERTEX_POINT ( 'NONE', #1829 ) ;
#2458 = ORIENTED_EDGE ( 'NONE', *, *, #202, .F. ) ;
#2460 = EDGE_CURVE ( 'NONE', #1575, #2026, #3218, .T. ) ;
#2459 = DIRECTION ( 'NONE',  ( 0.3420201433256627732, 0.9396926207859105373, -0.000000000000000000 ) ) ;
#2461 = ORIENTED_EDGE ( 'NONE', *, *, #288, .T. ) ;
#2462 = VERTEX_POINT ( 'NONE', #1147 ) ;
#2463 = VECTOR ( 'NONE', #637, 100.0000000000000000 ) ;
#2464 = DIRECTION ( 'NONE',  ( -0.9396926207859114255, 0.3420201433256604973, 0.000000000000000000 ) ) ;
#2465 = ORIENTED_EDGE ( 'NONE', *, *, #2308, .F. ) ;
#2466 = ORIENTED_EDGE ( 'NONE', *, *, #1677, .T. ) ;
#2467 = CARTESIAN_POINT ( 'NONE',  ( -0.8146537111135832010, 2.547393138076722074, -0.05808895201926123075 ) ) ;
#2468 = LINE ( 'NONE', #360, #2106 ) ;
#2469 = VECTOR ( 'NONE', #1039, 100.0000000000000000 ) ;
#2470 = VECTOR ( 'NONE', #757, 100.0000000000000000 ) ;
#2471 = VERTEX_POINT ( 'NONE', #1438 ) ;
#2472 = FACE_OUTER_BOUND ( 'NONE', #572, .T. ) ;
#2473 = AXIS2_PLACEMENT_3D ( 'NONE', #3489, #949, #970 ) ;
#2474 = PRESENTATION_STYLE_ASSIGNMENT (( #2497 ) ) ;
#2475 = VERTEX_POINT ( 'NONE', #130 ) ;
#2476 = CARTESIAN_POINT ( 'NONE',  ( -45.36294682487783803, 4.122393138076720476, -0.05808895201926123075 ) ) ;
#2477 = DIRECTION ( 'NONE',  ( 0.3420201433256628287, 0.9396926207859105373, 0.000000000000000000 ) ) ;
#2478 = DIRECTION ( 'NONE',  ( 0.000000000000000000, 0.000000000000000000, 1.000000000000000000 ) ) ;
#2479 = CARTESIAN_POINT ( 'NONE',  ( -4.611673903579416312, 2.547393138076722074, 3.941911047980738658 ) ) ;
#2480 = EDGE_CURVE ( 'NONE', #3584, #2271, #87, .T. ) ;
#2481 = EDGE_CURVE ( 'NONE', #1957, #3654, #68, .T. ) ;
#2482 = EDGE_LOOP ( 'NONE', ( #3438, #4527, #725, #3012 ) ) ;
#2483 = ORIENTED_EDGE ( 'NONE', *, *, #2090, .F. ) ;
#2484 = EDGE_CURVE ( 'NONE', #4252, #37, #2177, .T. ) ;
#2485 = LINE ( 'NONE', #784, #3527 ) ;
#2486 = LINE ( 'NONE', #434, #1530 ) ;
#2487 = ORIENTED_EDGE ( 'NONE', *, *, #3597, .F. ) ;
#2488 = EDGE_LOOP ( 'NONE', ( #1128, #2188, #1727, #1496 ) ) ;
#2489 = CARTESIAN_POINT ( 'NONE',  ( 0.8112080249171649271, 4.122393138076720476, -0.05808895201926123075 ) ) ;
#2490 = ADVANCED_FACE ( 'NONE', ( #802 ), #3547, .F. ) ;
#2491 = EDGE_CURVE ( 'NONE', #3773, #3821, #2548, .T. ) ;
#2492 = ORIENTED_EDGE ( 'NONE', *, *, #3130, .T. ) ;
#2493 = LINE ( 'NONE', #1423, #1509 ) ;
#2494 = LINE ( 'NONE', #2104, #1512 ) ;
#2495 = AXIS2_PLACEMENT_3D ( 'NONE', #1355, #2071, #1063 ) ;
#2496 = CARTESIAN_POINT ( 'NONE',  ( -40.96713614994615682, 4.122393138076720476, -2.301730293121226900 ) ) ;
#2497 = SURFACE_STYLE_USAGE ( .BOTH. , #4238 ) ;
#2498 = LINE ( 'NONE', #3901, #2470 ) ;
#2499 = CARTESIAN_POINT ( 'NONE',  ( -35.99807235604522759, 2.547393138076721630, 3.941911047980738658 ) ) ;
#2500 = CARTESIAN_POINT ( 'NONE',  ( 10.18092056388640820, 2.547393138076722074, -0.05808895201926123075 ) ) ;
#2501 = DIRECTION ( 'NONE',  ( 0.000000000000000000, -1.000000000000000000, -0.000000000000000000 ) ) ;
#2502 = ORIENTED_EDGE ( 'NONE', *, *, #2334, .F. ) ;
#2503 = AXIS2_PLACEMENT_3D ( 'NONE', #4275, #2464, #2203 ) ;
#2504 = AXIS2_PLACEMENT_3D ( 'NONE', #3497, #796, #1780 ) ;
#2505 = EDGE_LOOP ( 'NONE', ( #761, #3777, #3798, #4346 ) ) ;
#2506 = CARTESIAN_POINT ( 'NONE',  ( -10.63576534961015696, 4.122393138076720476, -0.05808895201926123075 ) ) ;
#2507 = FACE_OUTER_BOUND ( 'NONE', #4012, .T. ) ;
#2508 = FACE_OUTER_BOUND ( 'NONE', #3784, .T. ) ;
#2509 = AXIS2_PLACEMENT_3D ( 'NONE', #3687, #1585, #1278 ) ;
#2510 = CARTESIAN_POINT ( 'NONE',  ( -12.83395572021511732, 4.124933138076721129, 3.941911047980738658 ) ) ;
#2511 = DIRECTION ( 'NONE',  ( 1.000000000000000000, -0.000000000000000000, -0.000000000000000000 ) ) ;
#2512 = ORIENTED_EDGE ( 'NONE', *, *, #619, .F. ) ;
#2513 = EDGE_CURVE ( 'NONE', #1864, #3654, #411, .T. ) ;
#2514 = ADVANCED_FACE ( 'NONE', ( #3969 ), #3240, .F. ) ;
#2515 = DIRECTION ( 'NONE',  ( 0.000000000000000000, 1.000000000000000000, -0.000000000000000000 ) ) ;
#2516 = VECTOR ( 'NONE', #2204, 100.0000000000000000 ) ;
#2517 = DIRECTION ( 'NONE',  ( 0.000000000000000000, 0.000000000000000000, -1.000000000000000000 ) ) ;
#2518 = LINE ( 'NONE', #2300, #2721 ) ;
#2519 = PLANE ( 'NONE',  #1 ) ;
#2520 = VECTOR ( 'NONE', #2874, 100.0000000000000000 ) ;
#2521 = CARTESIAN_POINT ( 'NONE',  ( -11.20901846857941209, 2.547393138076722074, -0.05808895201926123075 ) ) ;
#2522 = DIRECTION ( 'NONE',  ( -0.3420201433256633838, 0.9396926207859103153, 0.000000000000000000 ) ) ;
#2523 = CARTESIAN_POINT ( 'NONE',  ( 4.758038635389833182, 4.122393138076720476, 3.941911047980738658 ) ) ;
#2524 = CARTESIAN_POINT ( 'NONE',  ( -3.013768566113578018, 2.547393138076722074, -0.05808895201926123075 ) ) ;
#2525 = ORIENTED_EDGE ( 'NONE', *, *, #2053, .F. ) ;
#2526 = DIRECTION ( 'NONE',  ( 0.000000000000000000, 0.000000000000000000, 1.000000000000000000 ) ) ;
#2527 = EDGE_CURVE ( 'NONE', #4195, #247, #3159, .T. ) ;
#2528 = CARTESIAN_POINT ( 'NONE',  ( 9.156268345389822372, 4.122393138076720476, -0.05808895201926123075 ) ) ;
#2529 = CARTESIAN_POINT ( 'NONE',  ( -60.50077177734647194, 7.217393138076719339, -5.058088952019261342 ) ) ;
#2530 = DIRECTION ( 'NONE',  ( 0.3420201433256628287, -0.9396926207859105373, 0.000000000000000000 ) ) ;
#2531 = LINE ( 'NONE', #3293, #1284 ) ;
#2532 = DIRECTION ( 'NONE',  ( 0.000000000000000000, -0.000000000000000000, 1.000000000000000000 ) ) ;
#2533 = ORIENTED_EDGE ( 'NONE', *, *, #4135, .F. ) ;
#2534 = ORIENTED_EDGE ( 'NONE', *, *, #2627, .T. ) ;
#2535 = VECTOR ( 'NONE', #2147, 100.0000000000000000 ) ;
#2536 = ORIENTED_EDGE ( 'NONE', *, *, #1078, .T. ) ;
#2537 = LINE ( 'NONE', #4322, #794 ) ;
#2538 = VECTOR ( 'NONE', #3637, 100.0000000000000142 ) ;
#2539 = EDGE_CURVE ( 'NONE', #509, #1354, #760, .T. ) ;
#2540 = CARTESIAN_POINT ( 'NONE',  ( 0.3607334097848691190, 4.124933138076721129, 3.941911047980738658 ) ) ;
#2541 = PLANE ( 'NONE',  #245 ) ;
#2542 = LINE ( 'NONE', #799, #2058 ) ;
#2543 = EDGE_CURVE ( 'NONE', #4252, #2340, #2819, .T. ) ;
#2544 =( LENGTH_UNIT ( ) NAMED_UNIT ( * ) SI_UNIT ( .CENTI., .METRE. ) );
#2545 = FACE_OUTER_BOUND ( 'NONE', #2675, .T. ) ;
#2546 = ADVANCED_FACE ( 'NONE', ( #3882 ), #4225, .T. ) ;
#2547 = VECTOR ( 'NONE', #2816, 100.0000000000000000 ) ;
#2548 = LINE ( 'NONE', #1416, #1649 ) ;
#2549 = VERTEX_POINT ( 'NONE', #2924 ) ;
#2550 = VECTOR ( 'NONE', #58, 100.0000000000000000 ) ;
#2551 = CARTESIAN_POINT ( 'NONE',  ( -10.18436625008282626, 4.122393138076721364, 3.941911047980738658 ) ) ;
#2552 = LINE ( 'NONE', #2846, #2947 ) ;
#2553 = DIRECTION ( 'NONE',  ( 0.000000000000000000, -1.000000000000000000, -0.000000000000000000 ) ) ;
#2554 = DIRECTION ( 'NONE',  ( -0.3420201433256628287, 0.9396926207859105373, 0.000000000000000000 ) ) ;
#2555 = DIRECTION ( 'NONE',  ( -0.000000000000000000, -0.000000000000000000, 1.000000000000000000 ) ) ;
#2556 = EDGE_LOOP ( 'NONE', ( #2465, #2582, #4525, #3051 ) ) ;
#2557 = ORIENTED_EDGE ( 'NONE', *, *, #3892, .T. ) ;
#2558 = CARTESIAN_POINT ( 'NONE',  ( -2.412559048579415943, 2.547393138076722074, -0.05808895201926123075 ) ) ;
#2559 = EDGE_CURVE ( 'NONE', #205, #3949, #3704, .T. ) ;
#2560 = LINE ( 'NONE', #3966, #2102 ) ;
#2561 = LINE ( 'NONE', #2524, #786 ) ;
#2562 = EDGE_LOOP ( 'NONE', ( #1019, #2778, #1418, #935 ) ) ;
#2563 = EDGE_CURVE ( 'NONE', #2045, #1572, #3642, .T. ) ;
#2564 = DIRECTION ( 'NONE',  ( -1.000000000000000000, -0.000000000000000000, -0.000000000000000000 ) ) ;
#2565 = DIRECTION ( 'NONE',  ( 1.000000000000000000, -0.000000000000000000, -0.000000000000000000 ) ) ;
#2566 = DIRECTION ( 'NONE',  ( 0.000000000000000000, 0.000000000000000000, -1.000000000000000000 ) ) ;
#2567 = VECTOR ( 'NONE', #2526, 100.0000000000000000 ) ;
#2568 = PLANE ( 'NONE',  #984 ) ;
#2569 = CARTESIAN_POINT ( 'NONE',  ( 6.383900371420575759, 2.547393138076722074, 3.941911047980738658 ) ) ;
#2570 = DIRECTION ( 'NONE',  ( 0.000000000000000000, -0.000000000000000000, 1.000000000000000000 ) ) ;
#2571 = AXIS2_PLACEMENT_3D ( 'NONE', #3491, #3124, #330 ) ;
#2572 = VECTOR ( 'NONE', #4457, 100.0000000000000000 ) ;
#2573 = ORIENTED_EDGE ( 'NONE', *, *, #1327, .T. ) ;
#2574 = ORIENTED_EDGE ( 'NONE', *, *, #379, .T. ) ;
#2575 = LINE ( 'NONE', #520, #3190 ) ;
#2576 = ORIENTED_EDGE ( 'NONE', *, *, #2123, .F. ) ;
#2577 = CARTESIAN_POINT ( 'NONE',  ( -51.95666283727535983, 4.122393138076720476, -0.05808895201926123075 ) ) ;
#2578 = AXIS2_PLACEMENT_3D ( 'NONE', #809, #117, #2570 ) ;
#2579 = CARTESIAN_POINT ( 'NONE',  ( 4.184785516420580720, 2.547393138076722074, -0.05808895201926123075 ) ) ;
#2580 = VECTOR ( 'NONE', #2670, 100.0000000000000000 ) ;
#2581 = EDGE_CURVE ( 'NONE', #741, #1650, #4033, .T. ) ;
#2582 = ORIENTED_EDGE ( 'NONE', *, *, #2923, .T. ) ;
#2583 = VERTEX_POINT ( 'NONE', #583 ) ;
#2584 = EDGE_CURVE ( 'NONE', #3492, #2744, #1964, .T. ) ;
#2585 = EDGE_LOOP ( 'NONE', ( #3782, #4441, #1290, #993 ) ) ;
#2586 = EDGE_CURVE ( 'NONE', #2049, #225, #3350, .T. ) ;
#2587 = CARTESIAN_POINT ( 'NONE',  ( -41.41853524947348575, 4.122393138076720476, -2.301730293121226900 ) ) ;
#2588 = ORIENTED_EDGE ( 'NONE', *, *, #2304, .F. ) ;
#2589 = LINE ( 'NONE', #3020, #3001 ) ;
#2590 = CARTESIAN_POINT ( 'NONE',  ( -42.59178836844274230, 2.547393138076722074, -0.05808895201926123075 ) ) ;
#2591 = LINE ( 'NONE', #493, #2209 ) ;
#2592 = PLANE ( 'NONE',  #4215 ) ;
#2593 = CARTESIAN_POINT ( 'NONE',  ( -23.37905538008281781, 4.122393138076720476, -0.05808895201926123075 ) ) ;
#2594 = DIRECTION ( 'NONE',  ( -1.000000000000000000, 0.000000000000000000, 0.000000000000000000 ) ) ;
#2595 = EDGE_CURVE ( 'NONE', #3832, #4114, #1675, .T. ) ;
#2596 = ORIENTED_EDGE ( 'NONE', *, *, #3655, .T. ) ;
#2598 = ORIENTED_EDGE ( 'NONE', *, *, #1752, .F. ) ;
#2597 = EDGE_CURVE ( 'NONE', #2744, #3311, #1005, .T. ) ;
#2599 = ORIENTED_EDGE ( 'NONE', *, *, #1232, .T. ) ;
#2600 = ORIENTED_EDGE ( 'NONE', *, *, #3244, .F. ) ;
#2601 = CARTESIAN_POINT ( 'NONE',  ( -10.18436625008282626, 4.122393138076721364, -0.05808895201926123075 ) ) ;
#2602 = VERTEX_POINT ( 'NONE', #257 ) ;
#2603 = CARTESIAN_POINT ( 'NONE',  ( -13.40813332357940979, 2.547393138076722074, -0.05808895201926123075 ) ) ;
#2604 = VECTOR ( 'NONE', #1507, 100.0000000000000000 ) ;
#2605 = ORIENTED_EDGE ( 'NONE', *, *, #1594, .F. ) ;
#2606 = LINE ( 'NONE', #3989, #3050 ) ;
#2607 = DIRECTION ( 'NONE',  ( 0.000000000000000000, -1.000000000000000000, -0.000000000000000000 ) ) ;
#2608 = VECTOR ( 'NONE', #3594, 100.0000000000000000 ) ;
#2609 = EDGE_LOOP ( 'NONE', ( #354, #641, #1571, #3507 ) ) ;
#2610 = ORIENTED_EDGE ( 'NONE', *, *, #1271, .T. ) ;
#2611 = LINE ( 'NONE', #1612, #2726 ) ;
#2612 = CARTESIAN_POINT ( 'NONE',  ( -39.79388303097689317, 2.547393138076722074, 3.941911047980738658 ) ) ;
#2613 = LINE ( 'NONE', #891, #1905 ) ;
#2614 = VECTOR ( 'NONE', #2108, 100.0000000000000000 ) ;
#2615 = DIRECTION ( 'NONE',  ( 0.000000000000000000, 0.000000000000000000, 1.000000000000000000 ) ) ;
#2616 = EDGE_CURVE ( 'NONE', #4081, #1383, #2372, .T. ) ;
#2617 = LINE ( 'NONE', #1546, #2152 ) ;
#2618 = PLANE ( 'NONE',  #3080 ) ;
#2619 = ADVANCED_FACE ( 'NONE', ( #2050 ), #2768, .F. ) ;
#2620 = LINE ( 'NONE', #569, #1406 ) ;
#2621 = EDGE_LOOP ( 'NONE', ( #1893, #2368, #3752, #3440 ) ) ;
#2622 = VECTOR ( 'NONE', #2022, 100.0000000000000000 ) ;
#2623 = ORIENTED_EDGE ( 'NONE', *, *, #2586, .F. ) ;
#2624 = ORIENTED_EDGE ( 'NONE', *, *, #765, .F. ) ;
#2625 = CARTESIAN_POINT ( 'NONE',  ( -52.40806193680267455, 4.122393138076720476, -0.05808895201926123075 ) ) ;
#2626 = EDGE_LOOP ( 'NONE', ( #3539, #549, #3305, #2697 ) ) ;
#2627 = EDGE_CURVE ( 'NONE', #614, #3663, #2699, .T. ) ;
#2628 = EDGE_CURVE ( 'NONE', #3073, #867, #4483, .T. ) ;
#2629 = VERTEX_POINT ( 'NONE', #1321 ) ;
#2630 = ORIENTED_EDGE ( 'NONE', *, *, #1940, .F. ) ;
#2631 = EDGE_CURVE ( 'NONE', #3416, #591, #939, .T. ) ;
#2632 = EDGE_CURVE ( 'NONE', #3005, #1499, #1587, .T. ) ;
#2633 = DIRECTION ( 'NONE',  ( 1.000000000000000000, -0.000000000000000000, -0.000000000000000000 ) ) ;
#2634 = PLANE ( 'NONE',  #1082 ) ;
#2635 = ORIENTED_EDGE ( 'NONE', *, *, #4479, .T. ) ;
#2636 = DIRECTION ( 'NONE',  ( 0.000000000000000000, 0.000000000000000000, -1.000000000000000000 ) ) ;
#2637 = VERTEX_POINT ( 'NONE', #3430 ) ;
#2638 = ORIENTED_EDGE ( 'NONE', *, *, #3578, .T. ) ;
#2639 = CARTESIAN_POINT ( 'NONE',  ( -40.96713614994615682, 4.122393138076720476, -0.05808895201926123075 ) ) ;
#2640 = CARTESIAN_POINT ( 'NONE',  ( 10.39053984683888032, 20.09752411218204315, 3.941911047980738658 ) ) ;
#2641 = DIRECTION ( 'NONE',  ( -0.3420201433256628287, 0.9396926207859105373, 0.000000000000000000 ) ) ;
#2642 = DIRECTION ( 'NONE',  ( -0.3420201433256633283, 0.9396926207859104263, 0.000000000000000000 ) ) ;
#2643 = DIRECTION ( 'NONE',  ( 0.000000000000000000, 0.000000000000000000, -1.000000000000000000 ) ) ;
#2644 = DIRECTION ( 'NONE',  ( -0.9396926207859105373, -0.3420201433256628287, 0.000000000000000000 ) ) ;
#2645 = EDGE_LOOP ( 'NONE', ( #579, #1199, #2350, #1212 ) ) ;
#2646 = VERTEX_POINT ( 'NONE', #3733 ) ;
#2647 = EDGE_CURVE ( 'NONE', #442, #2296, #315, .T. ) ;
#2648 = VECTOR ( 'NONE', #22, 100.0000000000000000 ) ;
#2649 = ORIENTED_EDGE ( 'NONE', *, *, #2280, .T. ) ;
#2650 = ORIENTED_EDGE ( 'NONE', *, *, #817, .T. ) ;
#2651 = DIRECTION ( 'NONE',  ( 0.000000000000000000, 0.000000000000000000, 1.000000000000000000 ) ) ;
#2652 = VECTOR ( 'NONE', #3428, 100.0000000000000000 ) ;
#2653 = ORIENTED_EDGE ( 'NONE', *, *, #1659, .F. ) ;
#2654 = ORIENTED_EDGE ( 'NONE', *, *, #1837, .F. ) ;
#2655 = VECTOR ( 'NONE', #2315, 100.0000000000000000 ) ;
#2656 = ADVANCED_FACE ( 'NONE', ( #3813 ), #4510, .F. ) ;
#2657 = VECTOR ( 'NONE', #2522, 100.0000000000000142 ) ;
#2658 = ORIENTED_EDGE ( 'NONE', *, *, #1460, .F. ) ;
#2659 = EDGE_CURVE ( 'NONE', #2296, #1651, #677, .T. ) ;
#2660 = EDGE_CURVE ( 'NONE', #4334, #460, #3377, .T. ) ;
#2661 = ORIENTED_EDGE ( 'NONE', *, *, #2285, .T. ) ;
#2662 = PLANE ( 'NONE',  #79 ) ;
#2663 = ORIENTED_EDGE ( 'NONE', *, *, #3395, .T. ) ;
#2664 = PLANE ( 'NONE',  #2509 ) ;
#2665 = CARTESIAN_POINT ( 'NONE',  ( 10.78213008142057205, 2.547393138076722074, -0.05808895201926123075 ) ) ;
#2666 = FACE_OUTER_BOUND ( 'NONE', #947, .T. ) ;
#2667 = CARTESIAN_POINT ( 'NONE',  ( -18.98175015447785441, 4.124933138076721129, -0.05808895201926123075 ) ) ;
#2668 = DIRECTION ( 'NONE',  ( 0.000000000000000000, -1.000000000000000000, -0.000000000000000000 ) ) ;
#2669 = CARTESIAN_POINT ( 'NONE',  ( -4.038420784610163849, 4.122393138076720476, -0.05808895201926123075 ) ) ;
#2670 = DIRECTION ( 'NONE',  ( -1.000000000000000000, -0.000000000000000000, -0.000000000000000000 ) ) ;
#2671 = ORIENTED_EDGE ( 'NONE', *, *, #936, .T. ) ;
#2672 = ORIENTED_EDGE ( 'NONE', *, *, #1778, .T. ) ;
#2673 = ORIENTED_EDGE ( 'NONE', *, *, #723, .F. ) ;
#2674 = AXIS2_PLACEMENT_3D ( 'NONE', #2174, #1414, #4266 ) ;
#2675 = EDGE_LOOP ( 'NONE', ( #734, #2327, #4290, #561 ) ) ;
#2676 = VERTEX_POINT ( 'NONE', #1300 ) ;
#2677 = ORIENTED_EDGE ( 'NONE', *, *, #1570, .F. ) ;
#2678 = EDGE_CURVE ( 'NONE', #80, #3681, #4065, .T. ) ;
#2679 = EDGE_CURVE ( 'NONE', #2957, #987, #1739, .T. ) ;
#2680 = ORIENTED_EDGE ( 'NONE', *, *, #3598, .F. ) ;
#2681 = AXIS2_PLACEMENT_3D ( 'NONE', #1204, #423, #4260 ) ;
#2682 = DIRECTION ( 'NONE',  ( -1.000000000000000000, 0.000000000000000000, 0.000000000000000000 ) ) ;
#2683 = VERTEX_POINT ( 'NONE', #3458 ) ;
#2684 = EDGE_CURVE ( 'NONE', #3058, #3584, #1412, .T. ) ;
#2685 = CARTESIAN_POINT ( 'NONE',  ( -40.96713614994615682, 4.122393138076720476, 3.941911047980738658 ) ) ;
#2686 = CARTESIAN_POINT ( 'NONE',  ( -45.81434592440516695, 4.122393138076720476, -0.05808895201926123075 ) ) ;
#2687 = DIRECTION ( 'NONE',  ( 0.000000000000000000, 0.000000000000000000, 1.000000000000000000 ) ) ;
#2688 = CARTESIAN_POINT ( 'NONE',  ( 9.157192829784865040, 4.124933138076721129, -0.05808895201926123075 ) ) ;
#2689 = ORIENTED_EDGE ( 'NONE', *, *, #1442, .F. ) ;
#2690 = ORIENTED_EDGE ( 'NONE', *, *, #1782, .F. ) ;
#2691 = ORIENTED_EDGE ( 'NONE', *, *, #1888, .T. ) ;
#2692 = CARTESIAN_POINT ( 'NONE',  ( -33.50077177734647194, 0.4223931380767216304, -0.05808895201926123075 ) ) ;
#2693 = ORIENTED_EDGE ( 'NONE', *, *, #3393, .F. ) ;
#2694 = DIRECTION ( 'NONE',  ( 0.000000000000000000, -1.000000000000000000, -0.000000000000000000 ) ) ;
#2695 = VECTOR ( 'NONE', #1027, 100.0000000000000000 ) ;
#2696 = ORIENTED_EDGE ( 'NONE', *, *, #312, .T. ) ;
#2697 = ORIENTED_EDGE ( 'NONE', *, *, #907, .F. ) ;
#2698 = STYLED_ITEM ( 'NONE', ( #2474 ), #3296 ) ;
#2699 = LINE ( 'NONE', #1401, #1007 ) ;
#2700 = EDGE_CURVE ( 'NONE', #657, #905, #3501, .T. ) ;
#2701 = ORIENTED_EDGE ( 'NONE', *, *, #3420, .T. ) ;
#2702 = ADVANCED_FACE ( 'NONE', ( #3522 ), #4222, .T. ) ;
#2703 = EDGE_CURVE ( 'NONE', #413, #2049, #737, .T. ) ;
#2704 = DIRECTION ( 'NONE',  ( 0.000000000000000000, 0.000000000000000000, -1.000000000000000000 ) ) ;
#2705 = CARTESIAN_POINT ( 'NONE',  ( -12.83395572021511732, 4.124933138076721129, -0.05808895201926123075 ) ) ;
#2706 = PLANE ( 'NONE',  #4119 ) ;
#2707 = CARTESIAN_POINT ( 'NONE',  ( -52.40806193680267455, 4.122393138076720476, -0.05808895201926123075 ) ) ;
#2708 = LINE ( 'NONE', #3434, #2299 ) ;
#2709 = DIRECTION ( 'NONE',  ( 0.3420201433256627732, -0.9396926207859105373, 0.000000000000000000 ) ) ;
#2710 = EDGE_CURVE ( 'NONE', #573, #1210, #4181, .T. ) ;
#2711 = ORIENTED_EDGE ( 'NONE', *, *, #4198, .F. ) ;
#2712 = ORIENTED_EDGE ( 'NONE', *, *, #3397, .F. ) ;
#2713 = CARTESIAN_POINT ( 'NONE',  ( -3.587946169477867819, 4.124933138076721129, -0.05808895201926123075 ) ) ;
#2714 = ORIENTED_EDGE ( 'NONE', *, *, #4145, .F. ) ;
#2715 = LINE ( 'NONE', #663, #4494 ) ;
#2716 = DIRECTION ( 'NONE',  ( -0.000000000000000000, -0.000000000000000000, 1.000000000000000000 ) ) ;
#2717 = VERTEX_POINT ( 'NONE', #1806 ) ;
#2718 = AXIS2_PLACEMENT_3D ( 'NONE', #2094, #4518, #2115 ) ;
#2719 = ORIENTED_EDGE ( 'NONE', *, *, #3454, .T. ) ;
#2720 = CARTESIAN_POINT ( 'NONE',  ( -24.56307127823956904, 7.375450082537748919, 3.941911047980738658 ) ) ;
#2721 = VECTOR ( 'NONE', #3344, 100.0000000000000000 ) ;
#2722 = ORIENTED_EDGE ( 'NONE', *, *, #292, .F. ) ;
#2723 = DIRECTION ( 'NONE',  ( 0.000000000000000000, 0.000000000000000000, 1.000000000000000000 ) ) ;
#2724 = LINE ( 'NONE', #3779, #3616 ) ;
#2725 = EDGE_CURVE ( 'NONE', #3024, #2298, #2838, .T. ) ;
#2726 = VECTOR ( 'NONE', #3017, 100.0000000000000142 ) ;
#2727 = CARTESIAN_POINT ( 'NONE',  ( 11.80678229991715611, 4.122393138076720476, 3.941911047980738658 ) ) ;
#2728 = CARTESIAN_POINT ( 'NONE',  ( -37.59597769351105967, 2.547393138076724295, -2.301730293121226900 ) ) ;
#2729 = VERTEX_POINT ( 'NONE', #1075 ) ;
#2730 = DIRECTION ( 'NONE',  ( 0.000000000000000000, -0.000000000000000000, 1.000000000000000000 ) ) ;
#2731 = AXIS2_PLACEMENT_3D ( 'NONE', #1819, #1445, #3629 ) ;
#2732 = DIRECTION ( 'NONE',  ( -0.000000000000000000, -0.000000000000000000, 1.000000000000000000 ) ) ;
#2733 = LINE ( 'NONE', #3503, #756 ) ;
#2734 = EDGE_CURVE ( 'NONE', #2301, #715, #1450, .T. ) ;
#2735 = ORIENTED_EDGE ( 'NONE', *, *, #3425, .F. ) ;
#2736 = LINE ( 'NONE', #325, #2648 ) ;
#2737 = LINE ( 'NONE', #996, #1958 ) ;
#2738 = ORIENTED_EDGE ( 'NONE', *, *, #502, .T. ) ;
#2739 = DIRECTION ( 'NONE',  ( -0.9396926207859105373, -0.3420201433256628287, 0.000000000000000000 ) ) ;
#2740 = DIRECTION ( 'NONE',  ( 0.000000000000000000, 0.000000000000000000, -1.000000000000000000 ) ) ;
#2741 = EDGE_CURVE ( 'NONE', #3073, #509, #427, .T. ) ;
#2742 = ORIENTED_EDGE ( 'NONE', *, *, #1273, .F. ) ;
#2743 = DIRECTION ( 'NONE',  ( -0.000000000000000000, -0.000000000000000000, 1.000000000000000000 ) ) ;
#2744 = VERTEX_POINT ( 'NONE', #3114 ) ;
#2745 = VERTEX_POINT ( 'NONE', #367 ) ;
#2746 = CARTESIAN_POINT ( 'NONE',  ( -19.43222476961014422, 4.122393138076722252, 3.941911047980738658 ) ) ;
#2747 = DIRECTION ( 'NONE',  ( -1.000000000000000000, -0.000000000000000000, -0.000000000000000000 ) ) ;
#2748 = LINE ( 'NONE', #3808, #4137 ) ;
#2749 = CARTESIAN_POINT ( 'NONE',  ( -10.18529073447786359, 4.124933138076721129, -0.05808895201926123075 ) ) ;
#2750 = LINE ( 'NONE', #2728, #243 ) ;
#2751 = EDGE_LOOP ( 'NONE', ( #1064, #1006, #1252, #989 ) ) ;
#2752 = DIRECTION ( 'NONE',  ( -0.9396926207859105373, -0.3420201433256628287, 0.000000000000000000 ) ) ;
#2753 = LINE ( 'NONE', #3713, #1318 ) ;
#2754 = LINE ( 'NONE', #1616, #3669 ) ;
#2755 = DIRECTION ( 'NONE',  ( 1.000000000000000000, -0.000000000000000000, -0.000000000000000000 ) ) ;
#2756 = ORIENTED_EDGE ( 'NONE', *, *, #198, .F. ) ;
#2757 = ORIENTED_EDGE ( 'NONE', *, *, #146, .T. ) ;
#2758 = LINE ( 'NONE', #3487, #812 ) ;
#2759 = ORIENTED_EDGE ( 'NONE', *, *, #4079, .F. ) ;
#2760 = LINE ( 'NONE', #3741, #213 ) ;
#2761 = CARTESIAN_POINT ( 'NONE',  ( -29.97639994508281092, 4.122393138076720476, -0.05808895201926123075 ) ) ;
#2762 = CARTESIAN_POINT ( 'NONE',  ( -33.50077177734647194, 4.122393138076720476, -0.05808895201926123075 ) ) ;
#2763 = LINE ( 'NONE', #1451, #3554 ) ;
#2764 = VECTOR ( 'NONE', #2709, 100.0000000000000000 ) ;
#2765 = ORIENTED_EDGE ( 'NONE', *, *, #2907, .T. ) ;
#2766 = EDGE_CURVE ( 'NONE', #48, #1716, #386, .T. ) ;
#2767 = EDGE_CURVE ( 'NONE', #4280, #3681, #2126, .T. ) ;
#2768 = PLANE ( 'NONE',  #1804 ) ;
#2769 = EDGE_CURVE ( 'NONE', #4297, #1575, #2498, .T. ) ;
#2770 = VECTOR ( 'NONE', #3411, 100.0000000000000000 ) ;
#2771 = ORIENTED_EDGE ( 'NONE', *, *, #2700, .T. ) ;
#2772 = PLANE ( 'NONE',  #3131 ) ;
#2773 = LINE ( 'NONE', #3753, #1862 ) ;
#2774 = CARTESIAN_POINT ( 'NONE',  ( -43.61644058693933346, 4.122393138076720476, 3.941911047980738658 ) ) ;
#2775 = CARTESIAN_POINT ( 'NONE',  ( -11.20901846857941209, 2.547393138076722074, -0.05808895201926123075 ) ) ;
#2776 = CARTESIAN_POINT ( 'NONE',  ( -2.412559048579415943, 2.547393138076722074, -0.05808895201926123075 ) ) ;
#2777 = LINE ( 'NONE', #630, #2469 ) ;
#2778 = ORIENTED_EDGE ( 'NONE', *, *, #3571, .F. ) ;
#2779 = CARTESIAN_POINT ( 'NONE',  ( -40.96713614994615682, 4.122393138076720476, 3.941911047980738658 ) ) ;
#2780 = ORIENTED_EDGE ( 'NONE', *, *, #1492, .F. ) ;
#2781 = CARTESIAN_POINT ( 'NONE',  ( -26.60282245357939956, 2.547393138076722074, -0.05808895201926123075 ) ) ;
#2782 = ORIENTED_EDGE ( 'NONE', *, *, #2527, .T. ) ;
#2783 = PLANE ( 'NONE',  #4414 ) ;
#2784 = EDGE_CURVE ( 'NONE', #2416, #2187, #43, .T. ) ;
#2785 = VERTEX_POINT ( 'NONE', #3879 ) ;
#2786 = EDGE_CURVE ( 'NONE', #2004, #4195, #4265, .T. ) ;
#2787 = ADVANCED_FACE ( 'NONE', ( #1124 ), #2519, .T. ) ;
#2788 = VECTOR ( 'NONE', #3623, 100.0000000000000000 ) ;
#2789 = CARTESIAN_POINT ( 'NONE',  ( 16.49922822265352806, 0.4223931380767216304, -0.05808895201926123075 ) ) ;
#2790 = EDGE_CURVE ( 'NONE', #2391, #1332, #1759, .T. ) ;
#2791 = EDGE_CURVE ( 'NONE', #4399, #1158, #407, .T. ) ;
#2792 = VECTOR ( 'NONE', #1805, 100.0000000000000000 ) ;
#2793 = EDGE_CURVE ( 'NONE', #3916, #1975, #3927, .T. ) ;
#2794 = VECTOR ( 'NONE', #4468, 100.0000000000000000 ) ;
#2795 = VECTOR ( 'NONE', #1636, 100.0000000000000000 ) ;
#2796 = CARTESIAN_POINT ( 'NONE',  ( -30.42687456021510073, 4.124933138076721129, -0.05808895201926123075 ) ) ;
#2797 = DIRECTION ( 'NONE',  ( -1.000000000000000000, -0.000000000000000000, -0.000000000000000000 ) ) ;
#2798 = DIRECTION ( 'NONE',  ( -1.000000000000000000, -0.000000000000000000, -0.000000000000000000 ) ) ;
#2799 = FACE_OUTER_BOUND ( 'NONE', #260, .T. ) ;
#2800 = CARTESIAN_POINT ( 'NONE',  ( -9.611113131113571129, 2.547393138076722074, -0.05808895201926123075 ) ) ;
#2801 = LINE ( 'NONE', #1353, #621 ) ;
#2802 = VECTOR ( 'NONE', #565, 100.0000000000000000 ) ;
#2803 = ORIENTED_EDGE ( 'NONE', *, *, #1078, .F. ) ;
#2804 = PLANE ( 'NONE',  #4373 ) ;
#2805 = ORIENTED_EDGE ( 'NONE', *, *, #2527, .F. ) ;
#2806 = CARTESIAN_POINT ( 'NONE',  ( -60.50077177734647194, 7.217393138076719339, 8.941911047980740435 ) ) ;
#2807 = DIRECTION ( 'NONE',  ( 0.000000000000000000, 0.000000000000000000, 1.000000000000000000 ) ) ;
#2808 = LINE ( 'NONE', #3914, #1532 ) ;
#2809 = VERTEX_POINT ( 'NONE', #2261 ) ;
#2810 = VERTEX_POINT ( 'NONE', #1518 ) ;
#2811 = CARTESIAN_POINT ( 'NONE',  ( -30.42779904461013629, 4.122393138076720476, -0.05808895201926123075 ) ) ;
#2812 = EDGE_CURVE ( 'NONE', #1287, #3949, #1477, .T. ) ;
#2813 = CARTESIAN_POINT ( 'NONE',  ( -33.50077177734647194, 4.122393138076720476, 3.941911047980738658 ) ) ;
#2814 = CARTESIAN_POINT ( 'NONE',  ( -17.23218543021511451, 4.124933138076721129, 3.941911047980738658 ) ) ;
#2815 = EDGE_LOOP ( 'NONE', ( #2196, #3132, #1603, #4008 ) ) ;
#2816 = DIRECTION ( 'NONE',  ( -1.000000000000000000, 0.000000000000000000, 0.000000000000000000 ) ) ;
#2817 = LINE ( 'NONE', #2521, #705 ) ;
#2818 = DIRECTION ( 'NONE',  ( 0.000000000000000000, 1.000000000000000000, 0.000000000000000000 ) ) ;
#2819 = LINE ( 'NONE', #1478, #854 ) ;
#2820 = VERTEX_POINT ( 'NONE', #508 ) ;
#2821 = ORIENTED_EDGE ( 'NONE', *, *, #546, .F. ) ;
#2822 = CARTESIAN_POINT ( 'NONE',  ( 6.383900371420575759, 2.547393138076722074, -0.05808895201926123075 ) ) ;
#2823 = VERTEX_POINT ( 'NONE', #1186 ) ;
#2824 = LINE ( 'NONE', #1815, #4052 ) ;
#2825 = ORIENTED_EDGE ( 'NONE', *, *, #3173, .T. ) ;
#2826 = VECTOR ( 'NONE', #1647, 100.0000000000000000 ) ;
#2827 = FACE_OUTER_BOUND ( 'NONE', #3252, .T. ) ;
#2828 = VERTEX_POINT ( 'NONE', #1869 ) ;
#2829 = AXIS2_PLACEMENT_3D ( 'NONE', #1350, #1435, #3929 ) ;
#2830 = CARTESIAN_POINT ( 'NONE',  ( -28.22775970521510658, 4.124933138076721129, 3.941911047980738658 ) ) ;
#2831 = VECTOR ( 'NONE', #110, 100.0000000000000000 ) ;
#2832 = VECTOR ( 'NONE', #4431, 100.0000000000000000 ) ;
#2833 = DIRECTION ( 'NONE',  ( 0.9396926207859105373, -0.3420201433256628287, 0.000000000000000000 ) ) ;
#2834 = VECTOR ( 'NONE', #3941, 100.0000000000000000 ) ;
#2835 = DIRECTION ( 'NONE',  ( 1.000000000000000000, -0.000000000000000000, -0.000000000000000000 ) ) ;
#2836 = DIRECTION ( 'NONE',  ( -0.3420201433256604417, -0.9396926207859113145, 0.000000000000000000 ) ) ;
#2837 = VERTEX_POINT ( 'NONE', #4288 ) ;
#2838 = LINE ( 'NONE', #3543, #1294 ) ;
#2839 = FACE_OUTER_BOUND ( 'NONE', #1446, .T. ) ;
#2840 = DIRECTION ( 'NONE',  ( -0.9396926207859114255, 0.3420201433256604973, 0.000000000000000000 ) ) ;
#2841 = DIRECTION ( 'NONE',  ( -1.000000000000000000, -0.000000000000000000, -0.000000000000000000 ) ) ;
#2842 = EDGE_CURVE ( 'NONE', #141, #3706, #4013, .T. ) ;
#2843 = ORIENTED_EDGE ( 'NONE', *, *, #3276, .T. ) ;
#2844 = ORIENTED_EDGE ( 'NONE', *, *, #2586, .T. ) ;
#2845 = LINE ( 'NONE', #1130, #462 ) ;
#2846 = CARTESIAN_POINT ( 'NONE',  ( -52.40806193680267455, 4.122393138076720476, 3.941911047980738658 ) ) ;
#2847 = ORIENTED_EDGE ( 'NONE', *, *, #1460, .T. ) ;
#2848 = CARTESIAN_POINT ( 'NONE',  ( 0.8112080249171649271, 4.122393138076720476, -0.05808895201926123075 ) ) ;
#2849 = DIRECTION ( 'NONE',  ( 0.000000000000000000, 0.000000000000000000, -1.000000000000000000 ) ) ;
#2850 = ORIENTED_EDGE ( 'NONE', *, *, #1624, .T. ) ;
#2851 = CARTESIAN_POINT ( 'NONE',  ( -45.36294682487783803, 4.122393138076720476, -2.301730293121226900 ) ) ;
#2852 = DIRECTION ( 'NONE',  ( 1.000000000000000000, -0.000000000000000000, -0.000000000000000000 ) ) ;
#2853 = FACE_OUTER_BOUND ( 'NONE', #2442, .T. ) ;
#2854 = AXIS2_PLACEMENT_3D ( 'NONE', #3376, #217, #3665 ) ;
#2855 =( NAMED_UNIT ( * ) SI_UNIT ( $, .STERADIAN. ) SOLID_ANGLE_UNIT ( ) );
#2856 = CARTESIAN_POINT ( 'NONE',  ( -7.411998276113573425, 2.547393138076722074, -0.05808895201926123075 ) ) ;
#2857 = LINE ( 'NONE', #3928, #264 ) ;
#2858 = VECTOR ( 'NONE', #2379, 100.0000000000000000 ) ;
#2859 = LINE ( 'NONE', #999, #1564 ) ;
#2860 = DIRECTION ( 'NONE',  ( 0.000000000000000000, 1.000000000000000000, 0.000000000000000000 ) ) ;
#2861 = ORIENTED_EDGE ( 'NONE', *, *, #494, .F. ) ;
#2862 = AXIS2_PLACEMENT_3D ( 'NONE', #6, #2739, #1381 ) ;
#2863 = CARTESIAN_POINT ( 'NONE',  ( -17.23310991461015007, 4.122393138076720476, -0.05808895201926123075 ) ) ;
#2864 = DIRECTION ( 'NONE',  ( 0.000000000000000000, 0.000000000000000000, -1.000000000000000000 ) ) ;
#2865 = PLANE ( 'NONE',  #3384 ) ;
#2866 = CARTESIAN_POINT ( 'NONE',  ( -25.57817023508281551, 4.122393138076720476, -0.05808895201926123075 ) ) ;
#2867 = EDGE_CURVE ( 'NONE', #4390, #2004, #2945, .T. ) ;
#2868 = PLANE ( 'NONE',  #3448 ) ;
#2869 = FACE_OUTER_BOUND ( 'NONE', #3982, .T. ) ;
#2870 = CARTESIAN_POINT ( 'NONE',  ( -34.01680011770344692, 12.38110270782676281, -2.301730293121226900 ) ) ;
#2871 = ORIENTED_EDGE ( 'NONE', *, *, #1624, .F. ) ;
#2872 = VECTOR ( 'NONE', #241, 100.0000000000000000 ) ;
#2873 = VERTEX_POINT ( 'NONE', #1146 ) ;
#2874 = DIRECTION ( 'NONE',  ( -0.000000000000000000, 1.000000000000000000, -0.000000000000000000 ) ) ;
#2875 = EDGE_CURVE ( 'NONE', #617, #2471, #2606, .T. ) ;
#2876 = ADVANCED_FACE ( 'NONE', ( #2545 ), #3306, .F. ) ;
#2877 = VECTOR ( 'NONE', #376, 100.0000000000000000 ) ;
#2878 = CARTESIAN_POINT ( 'NONE',  ( 1.384461143886417389, 2.547393138076722074, -0.05808895201926123075 ) ) ;
#2879 = FACE_OUTER_BOUND ( 'NONE', #232, .T. ) ;
#2880 = CARTESIAN_POINT ( 'NONE',  ( -17.23310991461015007, 4.122393138076720476, 3.941911047980738658 ) ) ;
#2881 = AXIS2_PLACEMENT_3D ( 'NONE', #1832, #3223, #2182 ) ;
#2882 = CARTESIAN_POINT ( 'NONE',  ( -37.59597769351105967, 2.547393138076722074, 3.941911047980738658 ) ) ;
#2883 = AXIS2_PLACEMENT_3D ( 'NONE', #764, #1151, #113 ) ;
#2884 = CARTESIAN_POINT ( 'NONE',  ( -33.50077177734647194, 4.122393138076720476, -0.05808895201926123075 ) ) ;
#2885 = ORIENTED_EDGE ( 'NONE', *, *, #4386, .T. ) ;
#2886 = PLANE ( 'NONE',  #2930 ) ;
#2887 = LINE ( 'NONE', #4293, #2219 ) ;
#2888 = LINE ( 'NONE', #417, #105 ) ;
#2889 = LINE ( 'NONE', #3608, #4427 ) ;
#2890 = VERTEX_POINT ( 'NONE', #532 ) ;
#2891 = ADVANCED_FACE ( 'NONE', ( #191 ), #1497, .F. ) ;
#2892 = ORIENTED_EDGE ( 'NONE', *, *, #1810, .T. ) ;
#2893 = VECTOR ( 'NONE', #2232, 100.0000000000000000 ) ;
#2894 = ORIENTED_EDGE ( 'NONE', *, *, #4426, .F. ) ;
#2895 = ADVANCED_FACE ( 'NONE', ( #3946 ), #2173, .F. ) ;
#2896 = CARTESIAN_POINT ( 'NONE',  ( -33.50077177734647194, 4.122393138076720476, -0.05808895201926123075 ) ) ;
#2897 = PLANE ( 'NONE',  #753 ) ;
#2898 = VECTOR ( 'NONE', #2841, 100.0000000000000000 ) ;
#2899 = DIRECTION ( 'NONE',  ( -0.9396926207859105373, -0.3420201433256628287, 0.000000000000000000 ) ) ;
#2900 = ADVANCED_FACE ( 'NONE', ( #801 ), #2194, .F. ) ;
#2901 = ADVANCED_FACE ( 'NONE', ( #109 ), #4031, .F. ) ;
#2902 = DIRECTION ( 'NONE',  ( 0.000000000000000000, 0.000000000000000000, -1.000000000000000000 ) ) ;
#2903 = AXIS2_PLACEMENT_3D ( 'NONE', #1822, #101, #1137 ) ;
#2904 = DIRECTION ( 'NONE',  ( -0.3420201433256633838, 0.9396926207859103153, 0.000000000000000000 ) ) ;
#2905 = ORIENTED_EDGE ( 'NONE', *, *, #1242, .F. ) ;
#2906 = VECTOR ( 'NONE', #3418, 100.0000000000000000 ) ;
#2907 = EDGE_CURVE ( 'NONE', #3864, #4390, #3570, .T. ) ;
#2908 = DIRECTION ( 'NONE',  ( 0.3420201433256627732, 0.9396926207859105373, -0.000000000000000000 ) ) ;
#2909 = DIRECTION ( 'NONE',  ( -0.9396926207859105373, -0.3420201433256628287, 0.000000000000000000 ) ) ;
#2910 = DIRECTION ( 'NONE',  ( -0.3420201433256662704, 0.9396926207859093161, 0.000000000000000000 ) ) ;
#2911 = CARTESIAN_POINT ( 'NONE',  ( -10.97000028515350323, 12.32292331628830873, 3.941911047980738658 ) ) ;
#2912 = DIRECTION ( 'NONE',  ( 0.000000000000000000, 1.000000000000000000, 0.000000000000000000 ) ) ;
#2913 = CARTESIAN_POINT ( 'NONE',  ( -21.18086500947785211, 4.124933138076721129, -0.05808895201926123075 ) ) ;
#2914 = ORIENTED_EDGE ( 'NONE', *, *, #3032, .T. ) ;
#2915 = ORIENTED_EDGE ( 'NONE', *, *, #2703, .T. ) ;
#2916 = ORIENTED_EDGE ( 'NONE', *, *, #3229, .F. ) ;
#2917 = CARTESIAN_POINT ( 'NONE',  ( -9.611113131113571129, 2.547393138076722074, -0.05808895201926123075 ) ) ;
#2918 = ADVANCED_FACE ( 'NONE', ( #449 ), #468, .F. ) ;
#2919 = LINE ( 'NONE', #1181, #2535 ) ;
#2920 = EDGE_CURVE ( 'NONE', #866, #3721, #2560, .T. ) ;
#2921 = ADVANCED_FACE ( 'NONE', ( #3619 ), #486, .T. ) ;
#2922 = EDGE_LOOP ( 'NONE', ( #1096, #522, #2369, #2861 ) ) ;
#2923 = EDGE_CURVE ( 'NONE', #3773, #1029, #645, .T. ) ;
#2924 = CARTESIAN_POINT ( 'NONE',  ( -50.78340971830609618, 2.547393138076722963, -0.05808895201926123075 ) ) ;
#2925 = VERTEX_POINT ( 'NONE', #309 ) ;
#2926 = ORIENTED_EDGE ( 'NONE', *, *, #3426, .T. ) ;
#2927 = DIRECTION ( 'NONE',  ( -0.000000000000000000, -0.000000000000000000, 1.000000000000000000 ) ) ;
#2928 = CARTESIAN_POINT ( 'NONE',  ( 4.184785516420580720, 2.547393138076722074, -0.05808895201926123075 ) ) ;
#2929 = CARTESIAN_POINT ( 'NONE',  ( -33.50077177734647194, 4.122393138076720476, 3.941911047980738658 ) ) ;
#2930 = AXIS2_PLACEMENT_3D ( 'NONE', #4292, #2136, #2197 ) ;
#2931 = LINE ( 'NONE', #4340, #3235 ) ;
#2932 = DIRECTION ( 'NONE',  ( 0.3420201433256627732, 0.9396926207859105373, -0.000000000000000000 ) ) ;
#2933 = CARTESIAN_POINT ( 'NONE',  ( -28.44680584769273679, 5.961886301466161164, 3.941911047980738658 ) ) ;
#2934 = CARTESIAN_POINT ( 'NONE',  ( -37.02272457454181875, 4.122393138076720476, -0.05808895201926123075 ) ) ;
#2935 = CARTESIAN_POINT ( 'NONE',  ( 15.75361291038981904, 4.122393138076720476, -0.05808895201926123075 ) ) ;
#2936 = CARTESIAN_POINT ( 'NONE',  ( -33.50077177734647194, 4.122393138076720476, -0.05808895201926123075 ) ) ;
#2937 = VECTOR ( 'NONE', #2266, 100.0000000000000000 ) ;
#2938 = ORIENTED_EDGE ( 'NONE', *, *, #4366, .T. ) ;
#2939 = EDGE_LOOP ( 'NONE', ( #3984, #678, #2113, #2043 ) ) ;
#2940 = VECTOR ( 'NONE', #1578, 100.0000000000000000 ) ;
#2941 = DIRECTION ( 'NONE',  ( -0.000000000000000000, -0.000000000000000000, 1.000000000000000000 ) ) ;
#2942 = DIRECTION ( 'NONE',  ( -0.000000000000000000, -0.000000000000000000, 1.000000000000000000 ) ) ;
#2943 = EDGE_CURVE ( 'NONE', #480, #356, #2284, .T. ) ;
#2944 = EDGE_LOOP ( 'NONE', ( #3259, #822, #3331, #222 ) ) ;
#2945 = LINE ( 'NONE', #1207, #503 ) ;
#2946 = VERTEX_POINT ( 'NONE', #261 ) ;
#2947 = VECTOR ( 'NONE', #436, 100.0000000000000142 ) ;
#2948 = EDGE_CURVE ( 'NONE', #1617, #709, #1631, .T. ) ;
#2949 = ORIENTED_EDGE ( 'NONE', *, *, #11, .T. ) ;
#2950 = CARTESIAN_POINT ( 'NONE',  ( -44.78969370590857579, 2.547393138076722074, -0.05808895201926123075 ) ) ;
#2951 = DIRECTION ( 'NONE',  ( 0.3420201433256627732, 0.9396926207859105373, -0.000000000000000000 ) ) ;
#2952 = EDGE_CURVE ( 'NONE', #412, #3073, #3703, .T. ) ;
#2953 = FACE_OUTER_BOUND ( 'NONE', #1443, .T. ) ;
#2954 = CARTESIAN_POINT ( 'NONE',  ( -9.611113131113571129, 2.547393138076722074, 3.941911047980738658 ) ) ;
#2955 = PLANE ( 'NONE',  #3533 ) ;
#2956 = EDGE_CURVE ( 'NONE', #480, #4351, #1276, .T. ) ;
#2957 = VERTEX_POINT ( 'NONE', #1681 ) ;
#2958 = ORIENTED_EDGE ( 'NONE', *, *, #2513, .T. ) ;
#2959 = DIRECTION ( 'NONE',  ( -0.000000000000000000, -0.000000000000000000, 1.000000000000000000 ) ) ;
#2960 = CARTESIAN_POINT ( 'NONE',  ( -4.611673903579416312, 2.547393138076722074, -0.05808895201926123075 ) ) ;
#2961 = ORIENTED_EDGE ( 'NONE', *, *, #4455, .F. ) ;
#2962 = CARTESIAN_POINT ( 'NONE',  ( -22.20459274357940416, 2.547393138076722074, -0.05808895201926123075 ) ) ;
#2963 = ORIENTED_EDGE ( 'NONE', *, *, #221, .F. ) ;
#2964 = VECTOR ( 'NONE', #4380, 100.0000000000000000 ) ;
#2965 = ORIENTED_EDGE ( 'NONE', *, *, #690, .T. ) ;
#2966 = CARTESIAN_POINT ( 'NONE',  ( -6.810788758579411351, 2.547393138076722074, -0.05808895201926123075 ) ) ;
#2967 = CARTESIAN_POINT ( 'NONE',  ( 0.8102835405221275877, 4.124933138076721129, -0.05808895201926123075 ) ) ;
#2968 = ORIENTED_EDGE ( 'NONE', *, *, #3174, .F. ) ;
#2969 = ORIENTED_EDGE ( 'NONE', *, *, #4245, .T. ) ;
#2970 = CARTESIAN_POINT ( 'NONE',  ( -4.611673903579416312, 2.547393138076722074, -0.05808895201926123075 ) ) ;
#2971 = PLANE ( 'NONE',  #3894 ) ;
#2972 = VECTOR ( 'NONE', #18, 100.0000000000000000 ) ;
#2973 = DIRECTION ( 'NONE',  ( 0.000000000000000000, 0.000000000000000000, 1.000000000000000000 ) ) ;
#2974 = ADVANCED_FACE ( 'NONE', ( #2007 ), #3682, .F. ) ;
#2975 = ORIENTED_EDGE ( 'NONE', *, *, #2790, .F. ) ;
#2976 = VECTOR ( 'NONE', #526, 100.0000000000000000 ) ;
#2977 = ORIENTED_EDGE ( 'NONE', *, *, #2627, .F. ) ;
#2978 = ORIENTED_EDGE ( 'NONE', *, *, #1554, .F. ) ;
#2979 = PLANE ( 'NONE',  #3592 ) ;
#2980 = ORIENTED_EDGE ( 'NONE', *, *, #556, .F. ) ;
#2981 = CARTESIAN_POINT ( 'NONE',  ( -52.40806193680267455, 4.122393138076720476, 3.941911047980738658 ) ) ;
#2982 = CARTESIAN_POINT ( 'NONE',  ( -24.40370759857939831, 2.547393138076722074, -0.05808895201926123075 ) ) ;
#2983 = ORIENTED_EDGE ( 'NONE', *, *, #2766, .T. ) ;
#2984 = ORIENTED_EDGE ( 'NONE', *, *, #2920, .F. ) ;
#2985 = ORIENTED_EDGE ( 'NONE', *, *, #312, .F. ) ;
#2986 = EDGE_LOOP ( 'NONE', ( #1447, #3468, #3362, #1103 ) ) ;
#2987 = CARTESIAN_POINT ( 'NONE',  ( -5.786136540082830848, 4.122393138076720476, -0.05808895201926123075 ) ) ;
#2988 = ORIENTED_EDGE ( 'NONE', *, *, #3805, .T. ) ;
#2989 = ORIENTED_EDGE ( 'NONE', *, *, #1777, .T. ) ;
#2990 = LINE ( 'NONE', #3333, #1678 ) ;
#2991 = CARTESIAN_POINT ( 'NONE',  ( -16.78263529947785671, 4.124933138076721129, -0.05808895201926123075 ) ) ;
#2992 = LINE ( 'NONE', #1016, #609 ) ;
#2993 = LINE ( 'NONE', #1236, #3239 ) ;
#2994 = DIRECTION ( 'NONE',  ( -0.3420201433256628287, 0.9396926207859105373, 0.000000000000000000 ) ) ;
#2995 = CARTESIAN_POINT ( 'NONE',  ( 3.009398395522127956, 4.124933138076721129, -0.05808895201926123075 ) ) ;
#2996 = ORIENTED_EDGE ( 'NONE', *, *, #3968, .F. ) ;
#2997 = VECTOR ( 'NONE', #3467, 100.0000000000000000 ) ;
#2998 = ORIENTED_EDGE ( 'NONE', *, *, #995, .F. ) ;
#2999 = ADVANCED_FACE ( 'NONE', ( #286 ), #2662, .F. ) ;
#3000 = ORIENTED_EDGE ( 'NONE', *, *, #2867, .T. ) ;
#3001 = VECTOR ( 'NONE', #4437, 100.0000000000000000 ) ;
#3002 = CARTESIAN_POINT ( 'NONE',  ( -29.97732442947784648, 4.124933138076721129, -0.05808895201926123075 ) ) ;
#3003 = EDGE_CURVE ( 'NONE', #3122, #3618, #559, .T. ) ;
#3004 = VECTOR ( 'NONE', #2797, 100.0000000000000000 ) ;
#3005 = VERTEX_POINT ( 'NONE', #3326 ) ;
#3006 = VERTEX_POINT ( 'NONE', #2987 ) ;
#3007 = VECTOR ( 'NONE', #4040, 100.0000000000000000 ) ;
#3008 = ADVANCED_FACE ( 'NONE', ( #4400 ), #1253, .T. ) ;
#3009 = LINE ( 'NONE', #881, #4378 ) ;
#3010 = VECTOR ( 'NONE', #3478, 100.0000000000000000 ) ;
#3011 = ADVANCED_FACE ( 'NONE', ( #1604 ), #3854, .F. ) ;
#3012 = ORIENTED_EDGE ( 'NONE', *, *, #1754, .T. ) ;
#3013 = LINE ( 'NONE', #1658, #2003 ) ;
#3014 = CARTESIAN_POINT ( 'NONE',  ( -36.57132547501448983, 4.122393138076720476, 3.941911047980738658 ) ) ;
#3015 = VECTOR ( 'NONE', #1971, 100.0000000000000000 ) ;
#3016 = ORIENTED_EDGE ( 'NONE', *, *, #877, .T. ) ;
#3017 = DIRECTION ( 'NONE',  ( -0.3420201433256604417, -0.9396926207859114255, 0.000000000000000000 ) ) ;
#3018 = DIRECTION ( 'NONE',  ( -1.000000000000000000, 0.000000000000000000, 0.000000000000000000 ) ) ;
#3019 = AXIS2_PLACEMENT_3D ( 'NONE', #1963, #3754, #1607 ) ;
#3020 = CARTESIAN_POINT ( 'NONE',  ( 1.985670661420579908, 2.547393138076722074, 3.941911047980738658 ) ) ;
#3021 = CARTESIAN_POINT ( 'NONE',  ( -33.50077177734647194, 4.122393138076720476, -0.05808895201926123075 ) ) ;
#3022 = CARTESIAN_POINT ( 'NONE',  ( -38.76923081248032332, 4.122393138076720476, -0.05808895201926123075 ) ) ;
#3023 = PLANE ( 'NONE',  #4283 ) ;
#3024 = VERTEX_POINT ( 'NONE', #2076 ) ;
#3025 = ORIENTED_EDGE ( 'NONE', *, *, #1409, .F. ) ;
#3026 = PLANE ( 'NONE',  #4035 ) ;
#3027 = ORIENTED_EDGE ( 'NONE', *, *, #124, .F. ) ;
#3028 = VECTOR ( 'NONE', #1216, 100.0000000000000000 ) ;
#3029 = PLANE ( 'NONE',  #2862 ) ;
#3030 = CARTESIAN_POINT ( 'NONE',  ( -60.50077177734647194, -2.782606861923278441, -5.058088952019260454 ) ) ;
#3031 = ORIENTED_EDGE ( 'NONE', *, *, #3964, .T. ) ;
#3032 = EDGE_CURVE ( 'NONE', #3056, #53, #2468, .T. ) ;
#3033 = ORIENTED_EDGE ( 'NONE', *, *, #377, .F. ) ;
#3034 = ADVANCED_FACE ( 'NONE', ( #3493 ), #31, .T. ) ;
#3035 = EDGE_CURVE ( 'NONE', #681, #2298, #1160, .T. ) ;
#3036 = ORIENTED_EDGE ( 'NONE', *, *, #628, .F. ) ;
#3037 = VECTOR ( 'NONE', #165, 100.0000000000000000 ) ;
#3038 = PLANE ( 'NONE',  #4489 ) ;
#3039 = VECTOR ( 'NONE', #544, 100.0000000000000000 ) ;
#3040 = DIRECTION ( 'NONE',  ( 0.000000000000000000, 0.000000000000000000, 1.000000000000000000 ) ) ;
#3041 = CARTESIAN_POINT ( 'NONE',  ( -26.60282245357939956, 2.547393138076722074, -0.05808895201926123075 ) ) ;
#3042 = DIRECTION ( 'NONE',  ( 0.3420201433256627732, -0.9396926207859105373, 0.000000000000000000 ) ) ;
#3043 = CARTESIAN_POINT ( 'NONE',  ( -33.20016701857939267, 2.547393138076722074, -0.05808895201926123075 ) ) ;
#3044 = AXIS2_PLACEMENT_3D ( 'NONE', #431, #2501, #3576 ) ;
#3045 = PLANE ( 'NONE',  #535 ) ;
#3046 = CARTESIAN_POINT ( 'NONE',  ( -35.39807235604523328, 2.547393138076724295, -0.05808895201926123075 ) ) ;
#3047 = ORIENTED_EDGE ( 'NONE', *, *, #1659, .T. ) ;
#3048 = EDGE_CURVE ( 'NONE', #272, #2187, #2537, .T. ) ;
#3049 = VERTEX_POINT ( 'NONE', #2601 ) ;
#3050 = VECTOR ( 'NONE', #840, 100.0000000000000142 ) ;
#3051 = ORIENTED_EDGE ( 'NONE', *, *, #2031, .F. ) ;
#3052 = CARTESIAN_POINT ( 'NONE',  ( -41.77999713316966535, 15.20667534420060640, -2.301730293121226900 ) ) ;
#3053 = ORIENTED_EDGE ( 'NONE', *, *, #2217, .T. ) ;
#3054 = CARTESIAN_POINT ( 'NONE',  ( -15.03399505961015237, 4.122393138076721364, 3.941911047980738658 ) ) ;
#3055 = CARTESIAN_POINT ( 'NONE',  ( -22.20459274357940416, 2.547393138076722074, -0.05808895201926123075 ) ) ;
#3056 = VERTEX_POINT ( 'NONE', #2917 ) ;
#3057 = EDGE_CURVE ( 'NONE', #4075, #1036, #2231, .T. ) ;
#3058 = VERTEX_POINT ( 'NONE', #3920 ) ;
#3059 = SURFACE_SIDE_STYLE ('',( #1652 ) ) ;
#3060 = EDGE_CURVE ( 'NONE', #1572, #704, #1491, .T. ) ;
#3061 = CARTESIAN_POINT ( 'NONE',  ( -12.91186756988008710, 11.61614142575251307, 3.941911047980738658 ) ) ;
#3062 = ORIENTED_EDGE ( 'NONE', *, *, #126, .T. ) ;
#3063 = CARTESIAN_POINT ( 'NONE',  ( -14.58259596008282521, 4.122393138076720476, -0.05808895201926123075 ) ) ;
#3064 = CARTESIAN_POINT ( 'NONE',  ( 9.157192829784865040, 4.124933138076721129, -0.05808895201926123075 ) ) ;
#3065 = LINE ( 'NONE', #3810, #1118 ) ;
#3066 = DIRECTION ( 'NONE',  ( -0.3420201433256628287, 0.9396926207859105373, 0.000000000000000000 ) ) ;
#3067 = DIRECTION ( 'NONE',  ( 0.3420201433256628287, 0.9396926207859105373, 0.000000000000000000 ) ) ;
#3068 = EDGE_CURVE ( 'NONE', #3916, #2049, #3561, .T. ) ;
#3069 = DIRECTION ( 'NONE',  ( -0.000000000000000000, -0.000000000000000000, 1.000000000000000000 ) ) ;
#3070 = LINE ( 'NONE', #965, #548 ) ;
#3071 = VERTEX_POINT ( 'NONE', #445 ) ;
#3072 = CARTESIAN_POINT ( 'NONE',  ( -27.77728509008281321, 4.122393138076720476, -0.05808895201926123075 ) ) ;
#3073 = VERTEX_POINT ( 'NONE', #3272 ) ;
#3074 = DIRECTION ( 'NONE',  ( -0.000000000000000000, 1.000000000000000000, -0.000000000000000000 ) ) ;
#3075 = ORIENTED_EDGE ( 'NONE', *, *, #2090, .T. ) ;
#3076 = DIRECTION ( 'NONE',  ( -0.000000000000000000, -0.000000000000000000, 1.000000000000000000 ) ) ;
#3077 = CARTESIAN_POINT ( 'NONE',  ( -22.20459274357940416, 2.547393138076722074, 3.941911047980738658 ) ) ;
#3078 = AXIS2_PLACEMENT_3D ( 'NONE', #74, #1441, #763 ) ;
#3079 = EDGE_LOOP ( 'NONE', ( #1723, #458, #1956, #3504 ) ) ;
#3080 = AXIS2_PLACEMENT_3D ( 'NONE', #200, #2223, #3292 ) ;
#3081 = VECTOR ( 'NONE', #3481, 100.0000000000000000 ) ;
#3082 = ORIENTED_EDGE ( 'NONE', *, *, #3393, .T. ) ;
#3083 = ORIENTED_EDGE ( 'NONE', *, *, #425, .F. ) ;
#3084 = LINE ( 'NONE', #2789, #4005 ) ;
#3085 = VECTOR ( 'NONE', #1736, 100.0000000000000000 ) ;
#3086 = ADVANCED_FACE ( 'NONE', ( #482 ), #3212, .F. ) ;
#3087 =( GEOMETRIC_REPRESENTATION_CONTEXT ( 3 ) GLOBAL_UNCERTAINTY_ASSIGNED_CONTEXT ( ( #4080 ) ) GLOBAL_UNIT_ASSIGNED_CONTEXT ( ( #1090, #1048, #1201 ) ) REPRESENTATION_CONTEXT ( 'NONE', 'WORKASPACE' ) );
#3088 = EDGE_CURVE ( 'NONE', #1440, #3795, #501, .T. ) ;
#3089 = CARTESIAN_POINT ( 'NONE',  ( -20.00547788857940290, 2.547393138076722074, -0.05808895201926123075 ) ) ;
#3090 = CARTESIAN_POINT ( 'NONE',  ( 12.98124493642057153, 2.547393138076722074, -0.05808895201926123075 ) ) ;
#3091 = EDGE_CURVE ( 'NONE', #3219, #2729, #1866, .T. ) ;
#3092 = ORIENTED_EDGE ( 'NONE', *, *, #2143, .F. ) ;
#3093 = ORIENTED_EDGE ( 'NONE', *, *, #3273, .F. ) ;
#3094 = FACE_OUTER_BOUND ( 'NONE', #1246, .T. ) ;
#3095 = CARTESIAN_POINT ( 'NONE',  ( -20.67933670878640839, 8.789013863609337562, 3.941911047980738658 ) ) ;
#3096 = CARTESIAN_POINT ( 'NONE',  ( 16.20501200991714796, 4.122393138076721364, -0.05808895201926123075 ) ) ;
#3097 = ADVANCED_FACE ( 'NONE', ( #3192 ), #1511, .F. ) ;
#3098 = ORIENTED_EDGE ( 'NONE', *, *, #3303, .T. ) ;
#3099 = VERTEX_POINT ( 'NONE', #2577 ) ;
#3100 = DIRECTION ( 'NONE',  ( 1.000000000000000000, -0.000000000000000000, -0.000000000000000000 ) ) ;
#3101 = EDGE_LOOP ( 'NONE', ( #3139, #3762, #3092, #2968 ) ) ;
#3102 = ORIENTED_EDGE ( 'NONE', *, *, #3486, .F. ) ;
#3103 = DIRECTION ( 'NONE',  ( 0.000000000000000000, 0.000000000000000000, 1.000000000000000000 ) ) ;
#3104 = CARTESIAN_POINT ( 'NONE',  ( -43.72079638703622351, 15.91306850329407041, -2.301730293121226900 ) ) ;
#3105 = ORIENTED_EDGE ( 'NONE', *, *, #3512, .F. ) ;
#3106 = VECTOR ( 'NONE', #4241, 100.0000000000000000 ) ;
#3107 = PRODUCT ( 'Rack', 'Rack', '', ( #1476 ) ) ;
#3108 = ORIENTED_EDGE ( 'NONE', *, *, #4020, .T. ) ;
#3109 = LINE ( 'NONE', #308, #1142 ) ;
#3110 = DIRECTION ( 'NONE',  ( -0.3420201433256604417, 0.9396926207859114255, 0.000000000000000000 ) ) ;
#3111 = VECTOR ( 'NONE', #2176, 100.0000000000000000 ) ;
#3112 = PLANE ( 'NONE',  #333 ) ;
#3113 = LINE ( 'NONE', #4132, #1984 ) ;
#3114 = CARTESIAN_POINT ( 'NONE',  ( -22.80580226111356268, 2.547393138076722074, 3.941911047980738658 ) ) ;
#3115 = CARTESIAN_POINT ( 'NONE',  ( -20.60668740611356142, 2.547393138076722074, -0.05808895201926123075 ) ) ;
#3116 = LINE ( 'NONE', #3462, #1931 ) ;
#3117 = CARTESIAN_POINT ( 'NONE',  ( -33.20016701857939267, 2.547393138076722074, -0.05808895201926123075 ) ) ;
#3118 = ORIENTED_EDGE ( 'NONE', *, *, #1453, .T. ) ;
#3119 = CARTESIAN_POINT ( 'NONE',  ( -37.02272457454181875, 4.122393138076720476, -0.05808895201926123075 ) ) ;
#3120 = ORIENTED_EDGE ( 'NONE', *, *, #124, .T. ) ;
#3121 = CARTESIAN_POINT ( 'NONE',  ( -25.00491711611355683, 2.547393138076722074, 3.941911047980738658 ) ) ;
#3122 = VERTEX_POINT ( 'NONE', #144 ) ;
#3123 = EDGE_CURVE ( 'NONE', #3219, #1933, #3587, .T. ) ;
#3124 = DIRECTION ( 'NONE',  ( 0.000000000000000000, 1.000000000000000000, 0.000000000000000000 ) ) ;
#3125 = DIRECTION ( 'NONE',  ( 0.000000000000000000, 0.000000000000000000, -1.000000000000000000 ) ) ;
#3126 = EDGE_LOOP ( 'NONE', ( #3653, #3670, #3644, #3027 ) ) ;
#3127 = EDGE_CURVE ( 'NONE', #3071, #653, #1297, .T. ) ;
#3128 = DIRECTION ( 'NONE',  ( 0.3420201433256627732, 0.9396926207859105373, -0.000000000000000000 ) ) ;
#3129 = VECTOR ( 'NONE', #1037, 100.0000000000000000 ) ;
#3130 = EDGE_CURVE ( 'NONE', #4098, #2809, #4152, .T. ) ;
#3131 = AXIS2_PLACEMENT_3D ( 'NONE', #2425, #2833, #1680 ) ;
#3132 = ORIENTED_EDGE ( 'NONE', *, *, #1328, .F. ) ;
#3133 = FACE_OUTER_BOUND ( 'NONE', #2556, .T. ) ;
#3134 = CARTESIAN_POINT ( 'NONE',  ( -22.20459274357940416, 2.547393138076722074, -0.05808895201926123075 ) ) ;
#3135 = DIRECTION ( 'NONE',  ( -1.000000000000000000, -0.000000000000000000, -0.000000000000000000 ) ) ;
#3136 = CARTESIAN_POINT ( 'NONE',  ( -45.81434592440516695, 4.122393138076720476, 3.941911047980738658 ) ) ;
#3137 = PLANE ( 'NONE',  #3310 ) ;
#3138 = CARTESIAN_POINT ( 'NONE',  ( -20.00547788857940290, 2.547393138076722074, 3.941911047980738658 ) ) ;
#3139 = ORIENTED_EDGE ( 'NONE', *, *, #126, .F. ) ;
#3140 = DIRECTION ( 'NONE',  ( 0.000000000000000000, 0.000000000000000000, 1.000000000000000000 ) ) ;
#3141 = CARTESIAN_POINT ( 'NONE',  ( -33.50077177734647194, 4.122393138076720476, -0.05808895201926123075 ) ) ;
#3142 = VERTEX_POINT ( 'NONE', #592 ) ;
#3143 = PLANE ( 'NONE',  #885 ) ;
#3144 = ORIENTED_EDGE ( 'NONE', *, *, #1327, .F. ) ;
#3145 = ADVANCED_FACE ( 'NONE', ( #4139 ), #697, .F. ) ;
#3146 = DIRECTION ( 'NONE',  ( 0.000000000000000000, -1.000000000000000000, -0.000000000000000000 ) ) ;
#3147 = VECTOR ( 'NONE', #3018, 100.0000000000000000 ) ;
#3148 = ORIENTED_EDGE ( 'NONE', *, *, #3964, .F. ) ;
#3149 = DIRECTION ( 'NONE',  ( 0.000000000000000000, 1.000000000000000000, 0.000000000000000000 ) ) ;
#3150 = CARTESIAN_POINT ( 'NONE',  ( -22.20459274357940416, 2.547393138076722074, -0.05808895201926123075 ) ) ;
#3151 = VECTOR ( 'NONE', #1336, 100.0000000000000000 ) ;
#3152 = ADVANCED_FACE ( 'NONE', ( #598 ), #1270, .T. ) ;
#3153 = VECTOR ( 'NONE', #2338, 100.0000000000000000 ) ;
#3154 = DIRECTION ( 'NONE',  ( 0.000000000000000000, 1.000000000000000000, -0.000000000000000000 ) ) ;
#3155 = VERTEX_POINT ( 'NONE', #4099 ) ;
#3156 = DIRECTION ( 'NONE',  ( 1.000000000000000000, 0.000000000000000000, 0.000000000000000000 ) ) ;
#3157 = DIRECTION ( 'NONE',  ( -0.3420201433256663259, 0.9396926207859093161, 0.000000000000000000 ) ) ;
#3158 = FACE_OUTER_BOUND ( 'NONE', #2068, .T. ) ;
#3159 = LINE ( 'NONE', #1101, #4374 ) ;
#3160 = CARTESIAN_POINT ( 'NONE',  ( -4.611673903579416312, 2.547393138076722074, -0.05808895201926123075 ) ) ;
#3161 = ORIENTED_EDGE ( 'NONE', *, *, #4479, .F. ) ;
#3162 = ORIENTED_EDGE ( 'NONE', *, *, #3279, .T. ) ;
#3163 = CARTESIAN_POINT ( 'NONE',  ( -27.20403197111355809, 2.547393138076722074, -0.05808895201926123075 ) ) ;
#3164 = FACE_OUTER_BOUND ( 'NONE', #3611, .T. ) ;
#3165 = EDGE_LOOP ( 'NONE', ( #1268, #903, #1935, #1915 ) ) ;
#3166 = VECTOR ( 'NONE', #180, 100.0000000000000000 ) ;
#3167 = EDGE_LOOP ( 'NONE', ( #766, #2610, #1243, #900 ) ) ;
#3168 = DIRECTION ( 'NONE',  ( 0.000000000000000000, 0.000000000000000000, 1.000000000000000000 ) ) ;
#3169 = VECTOR ( 'NONE', #2755, 100.0000000000000000 ) ;
#3170 = EDGE_LOOP ( 'NONE', ( #4331, #1707, #978, #2466 ) ) ;
#3171 = ADVANCED_FACE ( 'NONE', ( #3347 ), #234, .T. ) ;
#3172 = ADVANCED_FACE ( 'NONE', ( #1228 ), #2634, .T. ) ;
#3173 = EDGE_CURVE ( 'NONE', #905, #2957, #3009, .T. ) ;
#3174 = EDGE_CURVE ( 'NONE', #2873, #3659, #3658, .T. ) ;
#3175 = DIRECTION ( 'NONE',  ( 0.000000000000000000, 0.000000000000000000, 1.000000000000000000 ) ) ;
#3176 = CARTESIAN_POINT ( 'NONE',  ( -16.20845769611356602, 2.547393138076722074, -0.05808895201926123075 ) ) ;
#3177 = CARTESIAN_POINT ( 'NONE',  ( 1.985670661420579908, 2.547393138076722074, -0.05808895201926123075 ) ) ;
#3178 = CARTESIAN_POINT ( 'NONE',  ( -51.38340971830610471, 2.547393138076722074, -0.05808895201926123075 ) ) ;
#3179 = DIRECTION ( 'NONE',  ( 0.3420201433256628287, -0.9396926207859105373, 0.000000000000000000 ) ) ;
#3180 = EDGE_LOOP ( 'NONE', ( #277, #4217, #4321, #3632 ) ) ;
#3181 = ORIENTED_EDGE ( 'NONE', *, *, #164, .T. ) ;
#3182 = LINE ( 'NONE', #2506, #4325 ) ;
#3183 = CARTESIAN_POINT ( 'NONE',  ( 10.78213008142057205, 2.547393138076722074, -0.05808895201926123075 ) ) ;
#3184 = ORIENTED_EDGE ( 'NONE', *, *, #2559, .T. ) ;
#3185 = AXIS2_PLACEMENT_3D ( 'NONE', #4362, #2912, #4024 ) ;
#3186 = DIRECTION ( 'NONE',  ( -0.9396926207859105373, -0.3420201433256628287, 0.000000000000000000 ) ) ;
#3187 = PLANE ( 'NONE',  #2731 ) ;
#3188 = EDGE_CURVE ( 'NONE', #1972, #3465, #716, .T. ) ;
#3189 = EDGE_LOOP ( 'NONE', ( #1310, #1340, #1751, #4493 ) ) ;
#3190 = VECTOR ( 'NONE', #2048, 100.0000000000000000 ) ;
#3191 = VERTEX_POINT ( 'NONE', #3872 ) ;
#3192 = FACE_OUTER_BOUND ( 'NONE', #2609, .T. ) ;
#3193 = VECTOR ( 'NONE', #3803, 99.99999999999998579 ) ;
#3194 = AXIS2_PLACEMENT_3D ( 'NONE', #1851, #169, #1167 ) ;
#3195 = EDGE_CURVE ( 'NONE', #3383, #1864, #4216, .T. ) ;
#3196 = CARTESIAN_POINT ( 'NONE',  ( -19.43222476961014422, 4.122393138076720476, -0.05808895201926123075 ) ) ;
#3197 = EDGE_CURVE ( 'NONE', #3528, #3071, #2122, .T. ) ;
#3198 = CARTESIAN_POINT ( 'NONE',  ( 4.564937992659146460, 17.97717844057465797, 3.941911047980738658 ) ) ;
#3199 = DIRECTION ( 'NONE',  ( 0.9396926207859093161, 0.3420201433256663259, -0.000000000000000000 ) ) ;
#3200 = LINE ( 'NONE', #2047, #3633 ) ;
#3201 = DIRECTION ( 'NONE',  ( 0.9396926207859105373, -0.3420201433256628287, 0.000000000000000000 ) ) ;
#3202 = ORIENTED_EDGE ( 'NONE', *, *, #317, .T. ) ;
#3204 = EDGE_CURVE ( 'NONE', #3005, #80, #3513, .T. ) ;
#3203 = LINE ( 'NONE', #3886, #1833 ) ;
#3205 = CARTESIAN_POINT ( 'NONE',  ( -32.62691389961013755, 4.122393138076720476, -0.05808895201926123075 ) ) ;
#3206 = CARTESIAN_POINT ( 'NONE',  ( 4.184785516420580720, 2.547393138076722074, 3.941911047980738658 ) ) ;
#3207 = LINE ( 'NONE', #1750, #2133 ) ;
#3208 = CARTESIAN_POINT ( 'NONE',  ( -49.75875749980951213, 4.122393138076720476, 3.941911047980738658 ) ) ;
#3209 = ORIENTED_EDGE ( 'NONE', *, *, #674, .T. ) ;
#3210 = ORIENTED_EDGE ( 'NONE', *, *, #1302, .F. ) ;
#3211 = LINE ( 'NONE', #1712, #3389 ) ;
#3212 = PLANE ( 'NONE',  #446 ) ;
#3213 = FACE_OUTER_BOUND ( 'NONE', #1466, .T. ) ;
#3214 = LINE ( 'NONE', #1094, #1694 ) ;
#3215 = DIRECTION ( 'NONE',  ( 1.000000000000000000, 0.000000000000000000, 0.000000000000000000 ) ) ;
#3216 = DIRECTION ( 'NONE',  ( -1.000000000000000000, 0.000000000000000000, 0.000000000000000000 ) ) ;
#3217 = DIRECTION ( 'NONE',  ( 0.3420201433256628287, 0.9396926207859105373, 0.000000000000000000 ) ) ;
#3218 = LINE ( 'NONE', #2479, #1150 ) ;
#3219 = VERTEX_POINT ( 'NONE', #399 ) ;
#3220 = VECTOR ( 'NONE', #2074, 100.0000000000000000 ) ;
#3221 = VECTOR ( 'NONE', #2566, 100.0000000000000000 ) ;
#3222 = CARTESIAN_POINT ( 'NONE',  ( 12.98124493642057153, 2.547393138076722074, -0.05808895201926123075 ) ) ;
#3223 = DIRECTION ( 'NONE',  ( -0.9396926207859105373, -0.3420201433256628287, 0.000000000000000000 ) ) ;
#3224 = VECTOR ( 'NONE', #4356, 100.0000000000000142 ) ;
#3225 = LINE ( 'NONE', #1771, #329 ) ;
#3226 = EDGE_CURVE ( 'NONE', #2823, #564, #1775, .T. ) ;
#3227 = CARTESIAN_POINT ( 'NONE',  ( -58.50077177734647194, 2.547393138076722074, -0.05808895201926123075 ) ) ;
#3228 = CARTESIAN_POINT ( 'NONE',  ( -6.237535639610158889, 4.122393138076720476, -0.05808895201926123075 ) ) ;
#3229 = EDGE_CURVE ( 'NONE', #1383, #1725, #2371, .T. ) ;
#3230 = ADVANCED_FACE ( 'NONE', ( #3802 ), #3829, .T. ) ;
#3231 = ORIENTED_EDGE ( 'NONE', *, *, #3809, .T. ) ;
#3232 = ORIENTED_EDGE ( 'NONE', *, *, #4229, .F. ) ;
#3233 = CARTESIAN_POINT ( 'NONE',  ( -1.387906830082835663, 4.122393138076720476, -0.05808895201926123075 ) ) ;
#3234 = VECTOR ( 'NONE', #3583, 100.0000000000000000 ) ;
#3235 = VECTOR ( 'NONE', #438, 100.0000000000000142 ) ;
#3236 = CARTESIAN_POINT ( 'NONE',  ( 8.583015226420576127, 2.547393138076722074, 3.941911047980738658 ) ) ;
#3237 = EDGE_CURVE ( 'NONE', #3663, #1265, #2493, .T. ) ;
#3238 = ORIENTED_EDGE ( 'NONE', *, *, #1410, .F. ) ;
#3239 = VECTOR ( 'NONE', #514, 100.0000000000000142 ) ;
#3240 = PLANE ( 'NONE',  #4230 ) ;
#3241 = EDGE_LOOP ( 'NONE', ( #631, #3793, #2262, #4092 ) ) ;
#3242 = LINE ( 'NONE', #133, #102 ) ;
#3243 = FACE_OUTER_BOUND ( 'NONE', #1979, .T. ) ;
#3244 = EDGE_CURVE ( 'NONE', #1844, #3659, #4235, .T. ) ;
#3245 = CARTESIAN_POINT ( 'NONE',  ( -9.028133000426921129, 13.02970520682409905, 3.941911047980738658 ) ) ;
#3246 = PLANE ( 'NONE',  #483 ) ;
#3247 = FACE_OUTER_BOUND ( 'NONE', #3718, .T. ) ;
#3248 = DIRECTION ( 'NONE',  ( 0.000000000000000000, 1.000000000000000000, 0.000000000000000000 ) ) ;
#3249 = ORIENTED_EDGE ( 'NONE', *, *, #3922, .F. ) ;
#3250 = EDGE_LOOP ( 'NONE', ( #1489, #4474, #4470, #3277 ) ) ;
#3251 = VECTOR ( 'NONE', #577, 100.0000000000000000 ) ;
#3252 = EDGE_LOOP ( 'NONE', ( #4094, #4256, #1224, #2072 ) ) ;
#3253 = DIRECTION ( 'NONE',  ( -1.000000000000000000, -0.000000000000000000, -0.000000000000000000 ) ) ;
#3254 = ADVANCED_FACE ( 'NONE', ( #2390 ), #3822, .T. ) ;
#3255 = ADVANCED_FACE ( 'NONE', ( #2363 ), #300, .T. ) ;
#3256 = CARTESIAN_POINT ( 'NONE',  ( -18.98082567008281885, 4.122393138076720476, 3.941911047980738658 ) ) ;
#3257 = VECTOR ( 'NONE', #1343, 100.0000000000000000 ) ;
#3258 = CARTESIAN_POINT ( 'NONE',  ( -60.50077177734647194, 0.000000000000000000, 0.000000000000000000 ) ) ;
#3259 = ORIENTED_EDGE ( 'NONE', *, *, #4053, .F. ) ;
#3260 = AXIS2_PLACEMENT_3D ( 'NONE', #1093, #337, #3496 ) ;
#3261 = ORIENTED_EDGE ( 'NONE', *, *, #2281, .T. ) ;
#3262 = CARTESIAN_POINT ( 'NONE',  ( -37.02272457454181875, 4.122393138076720476, 3.941911047980738658 ) ) ;
#3263 = LINE ( 'NONE', #3205, #4434 ) ;
#3264 = LINE ( 'NONE', #1994, #246 ) ;
#3265 = DIRECTION ( 'NONE',  ( 0.9396926207859104263, 0.3420201433256633283, -0.000000000000000000 ) ) ;
#3266 = LINE ( 'NONE', #4361, #1605 ) ;
#3267 = DIRECTION ( 'NONE',  ( -0.3420201433256633283, 0.9396926207859103153, 0.000000000000000000 ) ) ;
#3268 = PLANE ( 'NONE',  #2578 ) ;
#3269 = ORIENTED_EDGE ( 'NONE', *, *, #3863, .T. ) ;
#3270 = ORIENTED_EDGE ( 'NONE', *, *, #3195, .T. ) ;
#3271 = EDGE_LOOP ( 'NONE', ( #1079, #2095, #1008, #714 ) ) ;
#3272 = CARTESIAN_POINT ( 'NONE',  ( -7.411998276113573425, 2.547393138076722074, -0.05808895201926123075 ) ) ;
#3273 = EDGE_CURVE ( 'NONE', #3311, #909, #1022, .T. ) ;
#3274 = DIRECTION ( 'NONE',  ( 1.000000000000000000, -0.000000000000000000, -0.000000000000000000 ) ) ;
#3275 = EDGE_CURVE ( 'NONE', #614, #3058, #2342, .T. ) ;
#3276 = EDGE_CURVE ( 'NONE', #2103, #2629, #4, .T. ) ;
#3277 = ORIENTED_EDGE ( 'NONE', *, *, #3454, .F. ) ;
#3278 = DIRECTION ( 'NONE',  ( 0.000000000000000000, -1.000000000000000000, -0.000000000000000000 ) ) ;
#3279 = EDGE_CURVE ( 'NONE', #2092, #2828, #3848, .T. ) ;
#3280 = VECTOR ( 'NONE', #2564, 100.0000000000000000 ) ;
#3281 = ORIENTED_EDGE ( 'NONE', *, *, #3276, .F. ) ;
#3282 = VECTOR ( 'NONE', #2864, 100.0000000000000000 ) ;
#3283 = ORIENTED_EDGE ( 'NONE', *, *, #2660, .F. ) ;
#3284 = DIRECTION ( 'NONE',  ( 1.000000000000000000, -0.000000000000000000, -0.000000000000000000 ) ) ;
#3285 = LINE ( 'NONE', #2685, #2423 ) ;
#3286 = CARTESIAN_POINT ( 'NONE',  ( 10.78213008142057205, 2.547393138076722074, 3.941911047980738658 ) ) ;
#3287 = CARTESIAN_POINT ( 'NONE',  ( -8.436650494610159257, 4.122393138076720476, -0.05808895201926123075 ) ) ;
#3288 = VECTOR ( 'NONE', #4406, 100.0000000000000000 ) ;
#3289 = CARTESIAN_POINT ( 'NONE',  ( -48.58550438084024847, 2.547393138076722074, 3.941911047980738658 ) ) ;
#3290 = CARTESIAN_POINT ( 'NONE',  ( 4.184785516420580720, 2.547393138076722074, 3.941911047980738658 ) ) ;
#3291 = DIRECTION ( 'NONE',  ( -0.3420201433256628287, 0.9396926207859105373, 0.000000000000000000 ) ) ;
#3292 = DIRECTION ( 'NONE',  ( 0.3420201433256628287, -0.9396926207859105373, 0.000000000000000000 ) ) ;
#3293 = CARTESIAN_POINT ( 'NONE',  ( -33.50077177734647194, 4.122393138076720476, -0.05808895201926123075 ) ) ;
#3294 = AXIS2_PLACEMENT_3D ( 'NONE', #104, #128, #3943 ) ;
#3295 = ORIENTED_EDGE ( 'NONE', *, *, #70, .T. ) ;
#3296 = ADVANCED_BREP_SHAPE_REPRESENTATION ( 'Rack', ( #1364, #2112 ), #447 ) ;
#3297 = VERTEX_POINT ( 'NONE', #3469 ) ;
#3298 = VECTOR ( 'NONE', #1129, 100.0000000000000000 ) ;
#3299 = ORIENTED_EDGE ( 'NONE', *, *, #2422, .F. ) ;
#3300 = ORIENTED_EDGE ( 'NONE', *, *, #3395, .F. ) ;
#3301 = VECTOR ( 'NONE', #2641, 100.0000000000000142 ) ;
#3302 = DIRECTION ( 'NONE',  ( -1.000000000000000000, 0.000000000000000000, 0.000000000000000000 ) ) ;
#3303 = EDGE_CURVE ( 'NONE', #2785, #140, #2760, .T. ) ;
#3304 = EDGE_CURVE ( 'NONE', #1036, #4463, #1670, .T. ) ;
#3305 = ORIENTED_EDGE ( 'NONE', *, *, #3514, .F. ) ;
#3306 = PLANE ( 'NONE',  #2023 ) ;
#3307 = EDGE_CURVE ( 'NONE', #1745, #1674, #2417, .T. ) ;
#3308 = VECTOR ( 'NONE', #3683, 100.0000000000000000 ) ;
#3309 = EDGE_LOOP ( 'NONE', ( #3871, #4521, #980, #2357 ) ) ;
#3310 = AXIS2_PLACEMENT_3D ( 'NONE', #4204, #19, #2477 ) ;
#3311 = VERTEX_POINT ( 'NONE', #355 ) ;
#3312 = CARTESIAN_POINT ( 'NONE',  ( -33.50077177734647194, 2.547393138076722074, 3.941911047980738658 ) ) ;
#3313 = PLANE ( 'NONE',  #1606 ) ;
#3314 = CARTESIAN_POINT ( 'NONE',  ( -33.50077177734647194, 4.122393138076720476, 3.941911047980738658 ) ) ;
#3315 = DIRECTION ( 'NONE',  ( 1.000000000000000000, -0.000000000000000000, -0.000000000000000000 ) ) ;
#3316 = ORIENTED_EDGE ( 'NONE', *, *, #1220, .T. ) ;
#3317 = ORIENTED_EDGE ( 'NONE', *, *, #4010, .T. ) ;
#3318 = ORIENTED_EDGE ( 'NONE', *, *, #1840, .F. ) ;
#3319 = ORIENTED_EDGE ( 'NONE', *, *, #640, .F. ) ;
#3320 = DIRECTION ( 'NONE',  ( 0.3420201433256628287, -0.9396926207859105373, 0.000000000000000000 ) ) ;
#3321 = ORIENTED_EDGE ( 'NONE', *, *, #2402, .T. ) ;
#3322 = VERTEX_POINT ( 'NONE', #3121 ) ;
#3323 = VERTEX_POINT ( 'NONE', #710 ) ;
#3324 = AXIS2_PLACEMENT_3D ( 'NONE', #3104, #430, #1126 ) ;
#3325 = VERTEX_POINT ( 'NONE', #634 ) ;
#3326 = CARTESIAN_POINT ( 'NONE',  ( 4.184785516420580720, 2.547393138076722074, -0.05808895201926123075 ) ) ;
#3327 = CARTESIAN_POINT ( 'NONE',  ( -32.62691389961013755, 4.122393138076720476, -0.05808895201926123075 ) ) ;
#3328 = DIRECTION ( 'NONE',  ( 0.000000000000000000, 0.000000000000000000, 1.000000000000000000 ) ) ;
#3329 = VECTOR ( 'NONE', #1634, 100.0000000000000000 ) ;
#3330 = VERTEX_POINT ( 'NONE', #4187 ) ;
#3331 = ORIENTED_EDGE ( 'NONE', *, *, #1429, .F. ) ;
#3332 = DIRECTION ( 'NONE',  ( 0.9396926207859105373, -0.3420201433256628287, 0.000000000000000000 ) ) ;
#3333 = CARTESIAN_POINT ( 'NONE',  ( -16.78171081508282469, 4.122393138076720476, -0.05808895201926123075 ) ) ;
#3334 = LINE ( 'NONE', #2291, #2127 ) ;
#3335 = CARTESIAN_POINT ( 'NONE',  ( -7.411998276113573425, 2.547393138076722074, 3.941911047980738658 ) ) ;
#3336 = DIRECTION ( 'NONE',  ( 0.3420201433256627732, -0.9396926207859105373, 0.000000000000000000 ) ) ;
#3337 = DIRECTION ( 'NONE',  ( 0.9396926207859105373, -0.3420201433256628287, 0.000000000000000000 ) ) ;
#3338 = ORIENTED_EDGE ( 'NONE', *, *, #2198, .F. ) ;
#3339 = VECTOR ( 'NONE', #1644, 100.0000000000000000 ) ;
#3341 = ORIENTED_EDGE ( 'NONE', *, *, #4229, .T. ) ;
#3340 = EDGE_CURVE ( 'NONE', #3716, #2629, #1999, .T. ) ;
#3342 = ORIENTED_EDGE ( 'NONE', *, *, #2285, .F. ) ;
#3343 = ORIENTED_EDGE ( 'NONE', *, *, #92, .F. ) ;
#3344 = DIRECTION ( 'NONE',  ( -1.000000000000000000, -0.000000000000000000, -0.000000000000000000 ) ) ;
#3345 = ORIENTED_EDGE ( 'NONE', *, *, #425, .T. ) ;
#3346 = ORIENTED_EDGE ( 'NONE', *, *, #879, .F. ) ;
#3347 = FACE_OUTER_BOUND ( 'NONE', #3101, .T. ) ;
#3348 = VERTEX_POINT ( 'NONE', #3441 ) ;
#3349 = DIRECTION ( 'NONE',  ( 0.000000000000000000, 1.000000000000000000, 0.000000000000000000 ) ) ;
#3350 = LINE ( 'NONE', #3014, #3562 ) ;
#3351 = EDGE_LOOP ( 'NONE', ( #4045, #3686, #1934, #4302, #3696, #3025, #4068, #2985, #610, #811, #2193, #1573, #2017, #2690, #3700, #382, #833, #4354, #121, #3671, #1148, #593, #537, #306, #4424, #2269, #3818, #1200, #2757, #4379, #803, #485, #2672, #3148, #4084, #3677, #3457, #518, #1550, #4226, #2256, #421, #3342, #876, #1020, #4444, #2735, #4073, #8, #2320, #4049, #390, #1407, #4202, #1706, #2178, #304, #3047, #1552, #1623, #151, #2989, #3299, #3475, #2892, #1023, #519, #770, #2536, #3693, #3338, #3595, #2701, #3559, #4036, #2449, #3640, #162, #3319, #933, #1267, #231, #3359, #4246, #2914, #4247, #2605, #3883, #2252, #4492, #4149, #946, #4234, #2229, #2305, #660, #3970, #3321, #2341, #929, #731, #553, #1221, #3120, #1793, #2671, #545, #3261, #2250, #1305, #3210, #2117, #1909, #299, #2253, #3534, #4453, #3181, #23, #2719, #235, #2218, #834, #948, #1563, #2040, #2533, #233, #392, #2492, #888 ) ) ;
#3352 = PLANE ( 'NONE',  #4263 ) ;
#3353 = CARTESIAN_POINT ( 'NONE',  ( -33.50077177734647194, 4.122393138076720476, 3.941911047980738658 ) ) ;
#3354 = LINE ( 'NONE', #3666, #3828 ) ;
#3355 = DIRECTION ( 'NONE',  ( 0.9396926207859105373, -0.3420201433256628287, 0.000000000000000000 ) ) ;
#3356 = LINE ( 'NONE', #3095, #4259 ) ;
#3357 = PLANE ( 'NONE',  #2213 ) ;
#3358 = ORIENTED_EDGE ( 'NONE', *, *, #3275, .F. ) ;
#3359 = ORIENTED_EDGE ( 'NONE', *, *, #3805, .F. ) ;
#3360 = VERTEX_POINT ( 'NONE', #3794 ) ;
#3361 = EDGE_CURVE ( 'NONE', #547, #3383, #1333, .T. ) ;
#3362 = ORIENTED_EDGE ( 'NONE', *, *, #563, .T. ) ;
#3363 = EDGE_CURVE ( 'NONE', #3706, #1903, #4115, .T. ) ;
#3364 = EDGE_CURVE ( 'NONE', #635, #2288, #2737, .T. ) ;
#3365 = AXIS2_PLACEMENT_3D ( 'NONE', #4481, #2434, #1320 ) ;
#3366 = ORIENTED_EDGE ( 'NONE', *, *, #3767, .F. ) ;
#3367 = ORIENTED_EDGE ( 'NONE', *, *, #2065, .F. ) ;
#3368 = VECTOR ( 'NONE', #3796, 100.0000000000000000 ) ;
#3369 = ORIENTED_EDGE ( 'NONE', *, *, #823, .F. ) ;
#3370 = DIRECTION ( 'NONE',  ( 0.000000000000000000, -0.000000000000000000, 1.000000000000000000 ) ) ;
#3371 = AXIS2_PLACEMENT_3D ( 'NONE', #525, #61, #3925 ) ;
#3372 = DIRECTION ( 'NONE',  ( -0.3420201433256628287, 0.9396926207859105373, 0.000000000000000000 ) ) ;
#3373 = VERTEX_POINT ( 'NONE', #1700 ) ;
#3374 = EDGE_CURVE ( 'NONE', #1918, #2364, #2006, .T. ) ;
#3375 = DIRECTION ( 'NONE',  ( 0.9396926207859105373, -0.3420201433256628287, 0.000000000000000000 ) ) ;
#3376 = CARTESIAN_POINT ( 'NONE',  ( 12.98124493642057153, 2.547393138076722074, -0.05808895201926123075 ) ) ;
#3377 = LINE ( 'NONE', #2991, #3711 ) ;
#3378 = CARTESIAN_POINT ( 'NONE',  ( -30.42779904461013629, 4.122393138076720476, -0.05808895201926123075 ) ) ;
#3379 = DIRECTION ( 'NONE',  ( 0.000000000000000000, 0.000000000000000000, -1.000000000000000000 ) ) ;
#3380 = LINE ( 'NONE', #4182, #1345 ) ;
#3381 = EDGE_CURVE ( 'NONE', #658, #42, #2405, .T. ) ;
#3382 = CARTESIAN_POINT ( 'NONE',  ( -58.50077177734647194, 2.547393138076722074, 3.941911047980738658 ) ) ;
#3383 = VERTEX_POINT ( 'NONE', #644 ) ;
#3384 = AXIS2_PLACEMENT_3D ( 'NONE', #134, #2909, #4337 ) ;
#3385 = ORIENTED_EDGE ( 'NONE', *, *, #3381, .T. ) ;
#3386 = ADVANCED_FACE ( 'NONE', ( #2472 ), #2772, .F. ) ;
#3387 = CARTESIAN_POINT ( 'NONE',  ( -21.17994052508282010, 4.122393138076720476, -0.05808895201926123075 ) ) ;
#3388 = ORIENTED_EDGE ( 'NONE', *, *, #1143, .F. ) ;
#3389 = VECTOR ( 'NONE', #3110, 100.0000000000000142 ) ;
#3390 = CARTESIAN_POINT ( 'NONE',  ( -33.20016701857939267, 2.547393138076722074, -0.05808895201926123075 ) ) ;
#3391 = ORIENTED_EDGE ( 'NONE', *, *, #2053, .T. ) ;
#3392 = ORIENTED_EDGE ( 'NONE', *, *, #2631, .T. ) ;
#3393 = EDGE_CURVE ( 'NONE', #2683, #4126, #1071, .T. ) ;
#3394 = CARTESIAN_POINT ( 'NONE',  ( -33.50077177734647194, 4.122393138076720476, -0.05808895201926123075 ) ) ;
#3395 = EDGE_CURVE ( 'NONE', #709, #4320, #3856, .T. ) ;
#3396 = DIRECTION ( 'NONE',  ( 0.000000000000000000, 1.000000000000000000, 0.000000000000000000 ) ) ;
#3397 = EDGE_CURVE ( 'NONE', #1933, #1378, #2079, .T. ) ;
#3398 = ORIENTED_EDGE ( 'NONE', *, *, #932, .F. ) ;
#3399 = DIRECTION ( 'NONE',  ( 0.3420201433256628287, -0.9396926207859105373, 0.000000000000000000 ) ) ;
#3400 = VECTOR ( 'NONE', #2169, 100.0000000000000000 ) ;
#3401 = DIRECTION ( 'NONE',  ( 0.9396926207859105373, -0.3420201433256628287, 0.000000000000000000 ) ) ;
#3402 = DIRECTION ( 'NONE',  ( 0.3420201433256627732, -0.9396926207859105373, 0.000000000000000000 ) ) ;
#3403 = ORIENTED_EDGE ( 'NONE', *, *, #3425, .T. ) ;
#3404 = PLANE ( 'NONE',  #1116 ) ;
#3405 = CARTESIAN_POINT ( 'NONE',  ( -34.82481923707597815, 4.122393138076720476, -2.301730293121226900 ) ) ;
#3406 = CARTESIAN_POINT ( 'NONE',  ( 10.18092056388640820, 2.547393138076722074, -0.05808895201926123075 ) ) ;
#3407 = DIRECTION ( 'NONE',  ( -0.000000000000000000, 0.000000000000000000, -1.000000000000000000 ) ) ;
#3408 = VERTEX_POINT ( 'NONE', #3476 ) ;
#3409 = AXIS2_PLACEMENT_3D ( 'NONE', #934, #3727, #3399 ) ;
#3410 = CARTESIAN_POINT ( 'NONE',  ( -36.57132547501448983, 4.122393138076720476, -2.301730293121226900 ) ) ;
#3411 = DIRECTION ( 'NONE',  ( -0.000000000000000000, -0.000000000000000000, 1.000000000000000000 ) ) ;
#3412 = ORIENTED_EDGE ( 'NONE', *, *, #4001, .F. ) ;
#3413 = LINE ( 'NONE', #1646, #1983 ) ;
#3414 = DIRECTION ( 'NONE',  ( 0.000000000000000000, 0.000000000000000000, -1.000000000000000000 ) ) ;
#3415 = VECTOR ( 'NONE', #4167, 100.0000000000000000 ) ;
#3416 = VERTEX_POINT ( 'NONE', #735 ) ;
#3417 = CARTESIAN_POINT ( 'NONE',  ( 12.98124493642057153, 2.547393138076722074, 3.941911047980738658 ) ) ;
#3418 = DIRECTION ( 'NONE',  ( -0.000000000000000000, -0.000000000000000000, 1.000000000000000000 ) ) ;
#3419 = EDGE_CURVE ( 'NONE', #4075, #4188, #4505, .T. ) ;
#3420 = EDGE_CURVE ( 'NONE', #460, #69, #3451, .T. ) ;
#3421 = VERTEX_POINT ( 'NONE', #2027 ) ;
#3422 = ORIENTED_EDGE ( 'NONE', *, *, #1514, .F. ) ;
#3423 = ADVANCED_FACE ( 'NONE', ( #1779 ), #1342, .T. ) ;
#3424 = DIRECTION ( 'NONE',  ( -0.3420201433256628287, 0.9396926207859105373, 0.000000000000000000 ) ) ;
#3425 = EDGE_CURVE ( 'NONE', #5, #3485, #4237, .T. ) ;
#3426 = EDGE_CURVE ( 'NONE', #987, #1465, #2494, .T. ) ;
#3427 = FACE_OUTER_BOUND ( 'NONE', #4270, .T. ) ;
#3428 = DIRECTION ( 'NONE',  ( -0.000000000000000000, -0.000000000000000000, 1.000000000000000000 ) ) ;
#3429 = EDGE_CURVE ( 'NONE', #2301, #1029, #3109, .T. ) ;
#3430 = CARTESIAN_POINT ( 'NONE',  ( 16.20501200991714086, 4.122393138076720476, 3.941911047980738658 ) ) ;
#3431 = ORIENTED_EDGE ( 'NONE', *, *, #1519, .F. ) ;
#3432 = LINE ( 'NONE', #2011, #1843 ) ;
#3433 = FACE_OUTER_BOUND ( 'NONE', #2939, .T. ) ;
#3434 = CARTESIAN_POINT ( 'NONE',  ( -33.20016701857939267, 2.547393138076722074, -0.05808895201926123075 ) ) ;
#3435 = PRODUCT_DEFINITION_SHAPE ( 'NONE', 'NONE',  #3511 ) ;
#3436 = LINE ( 'NONE', #295, #928 ) ;
#3437 = VERTEX_POINT ( 'NONE', #2746 ) ;
#3438 = ORIENTED_EDGE ( 'NONE', *, *, #2344, .T. ) ;
#3439 = DIRECTION ( 'NONE',  ( -0.000000000000000000, -0.000000000000000000, 1.000000000000000000 ) ) ;
#3440 = ORIENTED_EDGE ( 'NONE', *, *, #3804, .F. ) ;
#3441 = CARTESIAN_POINT ( 'NONE',  ( -16.20845769611356602, 2.547393138076722074, 3.941911047980738658 ) ) ;
#3442 = ORIENTED_EDGE ( 'NONE', *, *, #4174, .F. ) ;
#3443 = PLANE ( 'NONE',  #2571 ) ;
#3444 = DIRECTION ( 'NONE',  ( 0.3420201433256627732, 0.9396926207859105373, -0.000000000000000000 ) ) ;
#3445 = VECTOR ( 'NONE', #1633, 100.0000000000000000 ) ;
#3446 = ORIENTED_EDGE ( 'NONE', *, *, #4524, .F. ) ;
#3447 = CARTESIAN_POINT ( 'NONE',  ( -22.20459274357940416, 2.547393138076722074, 3.941911047980738658 ) ) ;
#3448 = AXIS2_PLACEMENT_3D ( 'NONE', #767, #3509, #2530 ) ;
#3449 = EDGE_CURVE ( 'NONE', #1049, #2343, #3084, .T. ) ;
#3450 = ORIENTED_EDGE ( 'NONE', *, *, #1772, .T. ) ;
#3451 = LINE ( 'NONE', #1030, #3801 ) ;
#3452 = CARTESIAN_POINT ( 'NONE',  ( -16.78171081508282469, 4.122393138076722252, 3.941911047980738658 ) ) ;
#3453 = VECTOR ( 'NONE', #184, 100.0000000000000000 ) ;
#3454 = EDGE_CURVE ( 'NONE', #3323, #3675, #4151, .T. ) ;
#3455 = CARTESIAN_POINT ( 'NONE',  ( -45.36294682487783803, 4.122393138076720476, -2.301730293121226900 ) ) ;
#3456 = LINE ( 'NONE', #341, #3593 ) ;
#3457 = ORIENTED_EDGE ( 'NONE', *, *, #3035, .T. ) ;
#3458 = CARTESIAN_POINT ( 'NONE',  ( -21.63133962461014548, 4.122393138076720476, 3.941911047980738658 ) ) ;
#3459 = ORIENTED_EDGE ( 'NONE', *, *, #2192, .F. ) ;
#3460 = EDGE_CURVE ( 'NONE', #3322, #2820, #383, .T. ) ;
#3461 = DIRECTION ( 'NONE',  ( -0.9396926207859105373, -0.3420201433256628287, 0.000000000000000000 ) ) ;
#3462 = CARTESIAN_POINT ( 'NONE',  ( -43.16504148741200453, 4.122393138076720476, -2.301730293121226900 ) ) ;
#3463 = FACE_OUTER_BOUND ( 'NONE', #1765, .T. ) ;
#3464 = ORIENTED_EDGE ( 'NONE', *, *, #524, .F. ) ;
#3465 = VERTEX_POINT ( 'NONE', #1367 ) ;
#3466 = AXIS2_PLACEMENT_3D ( 'NONE', #1525, #828, #114 ) ;
#3467 = DIRECTION ( 'NONE',  ( 0.000000000000000000, 0.000000000000000000, 1.000000000000000000 ) ) ;
#3468 = ORIENTED_EDGE ( 'NONE', *, *, #305, .T. ) ;
#3469 = CARTESIAN_POINT ( 'NONE',  ( -38.76923081248032332, 4.122393138076720476, 3.941911047980738658 ) ) ;
#3470 = ORIENTED_EDGE ( 'NONE', *, *, #3775, .T. ) ;
#3471 = CARTESIAN_POINT ( 'NONE',  ( -40.39388303097690880, 2.547393138076722963, -2.301730293121226900 ) ) ;
#3472 = ORIENTED_EDGE ( 'NONE', *, *, #369, .T. ) ;
#3473 = VECTOR ( 'NONE', #4273, 100.0000000000000000 ) ;
#3474 = LINE ( 'NONE', #711, #1839 ) ;
#3475 = ORIENTED_EDGE ( 'NONE', *, *, #4514, .T. ) ;
#3476 = CARTESIAN_POINT ( 'NONE',  ( -52.98131505577193678, 2.547393138076722963, -0.05808895201926123075 ) ) ;
#3477 = AXIS2_PLACEMENT_3D ( 'NONE', #3895, #148, #3942 ) ;
#3478 = DIRECTION ( 'NONE',  ( 0.000000000000000000, 0.000000000000000000, 1.000000000000000000 ) ) ;
#3479 = DIRECTION ( 'NONE',  ( 0.000000000000000000, -0.000000000000000000, 1.000000000000000000 ) ) ;
#3480 = DIRECTION ( 'NONE',  ( 0.9396926207859104263, 0.3420201433256633283, -0.000000000000000000 ) ) ;
#3481 = DIRECTION ( 'NONE',  ( -0.000000000000000000, -0.000000000000000000, 1.000000000000000000 ) ) ;
#3482 = DIRECTION ( 'NONE',  ( 0.3420201433256627732, 0.9396926207859105373, -0.000000000000000000 ) ) ;
#3483 = ADVANCED_FACE ( 'NONE', ( #3133 ), #1050, .T. ) ;
#3484 = ORIENTED_EDGE ( 'NONE', *, *, #1886, .F. ) ;
#3485 = VERTEX_POINT ( 'NONE', #2811 ) ;
#3486 = EDGE_CURVE ( 'NONE', #2297, #2471, #1867, .T. ) ;
#3487 = CARTESIAN_POINT ( 'NONE',  ( 0.6812034232059782646, 16.56361465950307021, 3.941911047980738658 ) ) ;
#3488 = ORIENTED_EDGE ( 'NONE', *, *, #3197, .T. ) ;
#3489 = CARTESIAN_POINT ( 'NONE',  ( -33.50077177734647194, 4.122393138076720476, -0.05808895201926123075 ) ) ;
#3490 = CARTESIAN_POINT ( 'NONE',  ( -33.50077177734647194, 2.547393138076722074, 3.941911047980738658 ) ) ;
#3491 = CARTESIAN_POINT ( 'NONE',  ( -33.50077177734647194, 4.122393138076720476, -0.05808895201926123075 ) ) ;
#3492 = VERTEX_POINT ( 'NONE', #127 ) ;
#3493 = FACE_OUTER_BOUND ( 'NONE', #1295, .T. ) ;
#3494 = AXIS2_PLACEMENT_3D ( 'NONE', #2082, #363, #4078 ) ;
#3495 = ORIENTED_EDGE ( 'NONE', *, *, #1519, .T. ) ;
#3496 = DIRECTION ( 'NONE',  ( 0.000000000000000000, 0.000000000000000000, 1.000000000000000000 ) ) ;
#3497 = CARTESIAN_POINT ( 'NONE',  ( -33.50077177734647194, 4.122393138076720476, -0.05808895201926123075 ) ) ;
#3498 = DIRECTION ( 'NONE',  ( 0.000000000000000000, 0.000000000000000000, -1.000000000000000000 ) ) ;
#3499 = LINE ( 'NONE', #1347, #32 ) ;
#3500 = ORIENTED_EDGE ( 'NONE', *, *, #4397, .T. ) ;
#3501 = LINE ( 'NONE', #2476, #2972 ) ;
#3502 = DIRECTION ( 'NONE',  ( 0.000000000000000000, -1.000000000000000000, 1.387778780781445922E-16 ) ) ;
#3503 = CARTESIAN_POINT ( 'NONE',  ( -0.2134441935794206824, 2.547393138076722074, -0.05808895201926123075 ) ) ;
#3504 = ORIENTED_EDGE ( 'NONE', *, *, #1949, .F. ) ;
#3505 = ORIENTED_EDGE ( 'NONE', *, *, #4148, .T. ) ;
#3506 = DIRECTION ( 'NONE',  ( -0.3420201433256604417, -0.9396926207859114255, 0.000000000000000000 ) ) ;
#3507 = ORIENTED_EDGE ( 'NONE', *, *, #3226, .T. ) ;
#3508 = PLANE ( 'NONE',  #551 ) ;
#3509 = DIRECTION ( 'NONE',  ( -0.9396926207859105373, -0.3420201433256628287, 0.000000000000000000 ) ) ;
#3510 = ORIENTED_EDGE ( 'NONE', *, *, #1730, .T. ) ;
#3511 = PRODUCT_DEFINITION ( 'UNKNOWN', '', #3799, #81 ) ;
#3512 = EDGE_CURVE ( 'NONE', #724, #1289, #1494, .T. ) ;
#3513 = LINE ( 'NONE', #1003, #2906 ) ;
#3514 = EDGE_CURVE ( 'NONE', #736, #617, #2919, .T. ) ;
#3515 = EDGE_CURVE ( 'NONE', #3006, #2207, #4323, .T. ) ;
#3516 = VECTOR ( 'NONE', #2908, 100.0000000000000000 ) ;
#3517 = CARTESIAN_POINT ( 'NONE',  ( -33.50077177734647194, 4.122393138076720476, -0.05808895201926123075 ) ) ;
#3518 = VECTOR ( 'NONE', #2419, 100.0000000000000000 ) ;
#3519 = VECTOR ( 'NONE', #4486, 100.0000000000000000 ) ;
#3520 = CARTESIAN_POINT ( 'NONE',  ( -44.78969370590857579, 2.547393138076722074, -0.05808895201926123075 ) ) ;
#3521 = LINE ( 'NONE', #2814, #1602 ) ;
#3522 = FACE_OUTER_BOUND ( 'NONE', #1657, .T. ) ;
#3523 = CARTESIAN_POINT ( 'NONE',  ( -7.086265715700340806, 13.73648709735989470, 3.941911047980738658 ) ) ;
#3524 = CARTESIAN_POINT ( 'NONE',  ( 9.156268345389829477, 4.122393138076718699, 3.941911047980738658 ) ) ;
#3525 = DIRECTION ( 'NONE',  ( -1.000000000000000000, 0.000000000000000000, -0.000000000000000000 ) ) ;
#3526 = CARTESIAN_POINT ( 'NONE',  ( -32.07600086383689586, 11.67470954873330236, 3.941911047980738658 ) ) ;
#3527 = VECTOR ( 'NONE', #3950, 100.0000000000000000 ) ;
#3528 = VERTEX_POINT ( 'NONE', #1824 ) ;
#3529 = ORIENTED_EDGE ( 'NONE', *, *, #2234, .T. ) ;
#3530 = PLANE ( 'NONE',  #178 ) ;
#3531 = FACE_OUTER_BOUND ( 'NONE', #3676, .T. ) ;
#3532 = ADVANCED_FACE ( 'NONE', ( #1533 ), #1887, .F. ) ;
#3533 = AXIS2_PLACEMENT_3D ( 'NONE', #201, #851, #4041 ) ;
#3534 = ORIENTED_EDGE ( 'NONE', *, *, #2398, .T. ) ;
#3535 = DIRECTION ( 'NONE',  ( 0.000000000000000000, -0.000000000000000000, 1.000000000000000000 ) ) ;
#3536 = CARTESIAN_POINT ( 'NONE',  ( -10.18436625008282626, 4.122393138076720476, -0.05808895201926123075 ) ) ;
#3537 = VECTOR ( 'NONE', #2807, 100.0000000000000000 ) ;
#3538 = ADVANCED_FACE ( 'NONE', ( #2853 ), #1140, .T. ) ;
#3539 = ORIENTED_EDGE ( 'NONE', *, *, #3486, .T. ) ;
#3540 = VECTOR ( 'NONE', #542, 100.0000000000000000 ) ;
#3541 = LINE ( 'NONE', #3196, #842 ) ;
#3542 = EDGE_CURVE ( 'NONE', #1767, #866, #4306, .T. ) ;
#3543 = CARTESIAN_POINT ( 'NONE',  ( -32.07600086383689586, 11.67470954873330236, -0.05808895201926123075 ) ) ;
#3544 = EDGE_CURVE ( 'NONE', #215, #547, #1799, .T. ) ;
#3545 = CARTESIAN_POINT ( 'NONE',  ( -26.02956933461014088, 4.122393138076720476, 3.941911047980738658 ) ) ;
#3546 = FACE_OUTER_BOUND ( 'NONE', #1576, .T. ) ;
#3547 = PLANE ( 'NONE',  #3044 ) ;
#3548 = ORIENTED_EDGE ( 'NONE', *, *, #1061, .T. ) ;
#3549 = LINE ( 'NONE', #1455, #3298 ) ;
#3550 = CARTESIAN_POINT ( 'NONE',  ( -46.98759904337440929, 2.547393138076722963, -2.301730293121226900 ) ) ;
#3551 = CARTESIAN_POINT ( 'NONE',  ( -29.02758219674976203, -10.56517589233226673, -0.05808895201926123075 ) ) ;
#3552 = LINE ( 'NONE', #437, #813 ) ;
#3553 = ORIENTED_EDGE ( 'NONE', *, *, #296, .F. ) ;
#3554 = VECTOR ( 'NONE', #2367, 100.0000000000000142 ) ;
#3555 = DIRECTION ( 'NONE',  ( 0.9396926207859093161, 0.3420201433256663259, -0.000000000000000000 ) ) ;
#3556 = CARTESIAN_POINT ( 'NONE',  ( -20.60668740611356142, 2.547393138076722074, 3.941911047980738658 ) ) ;
#3557 = APPLICATION_CONTEXT ( 'automotive_design' ) ;
#3558 = ORIENTED_EDGE ( 'NONE', *, *, #3672, .T. ) ;
#3559 = ORIENTED_EDGE ( 'NONE', *, *, #3945, .T. ) ;
#3560 = DIRECTION ( 'NONE',  ( -0.3420201433256662704, 0.9396926207859093161, 0.000000000000000000 ) ) ;
#3561 = LINE ( 'NONE', #4281, #4236 ) ;
#3562 = VECTOR ( 'NONE', #2682, 100.0000000000000000 ) ;
#3563 = VECTOR ( 'NONE', #343, 100.0000000000000142 ) ;
#3564 = LINE ( 'NONE', #1847, #1069 ) ;
#3565 = CARTESIAN_POINT ( 'NONE',  ( -19.43222476961014422, 4.122393138076722252, -0.05808895201926123075 ) ) ;
#3566 = FACE_BOUND ( 'NONE', #214, .T. ) ;
#3567 = VECTOR ( 'NONE', #3128, 100.0000000000000000 ) ;
#3568 = CARTESIAN_POINT ( 'NONE',  ( -51.95666283727535983, 4.122393138076720476, -0.05808895201926123075 ) ) ;
#3569 = EDGE_CURVE ( 'NONE', #3437, #1029, #3541, .T. ) ;
#3570 = LINE ( 'NONE', #149, #4083 ) ;
#3571 = EDGE_CURVE ( 'NONE', #3122, #4395, #4284, .T. ) ;
#3572 = DIRECTION ( 'NONE',  ( -0.000000000000000000, -0.000000000000000000, 1.000000000000000000 ) ) ;
#3573 = LINE ( 'NONE', #429, #752 ) ;
#3574 = EDGE_CURVE ( 'NONE', #4114, #2288, #1516, .T. ) ;
#3575 = CARTESIAN_POINT ( 'NONE',  ( -21.17994052508282010, 4.122393138076722252, -0.05808895201926123075 ) ) ;
#3576 = DIRECTION ( 'NONE',  ( 0.000000000000000000, 0.000000000000000000, -1.000000000000000000 ) ) ;
#3577 = ORIENTED_EDGE ( 'NONE', *, *, #2948, .F. ) ;
#3578 = EDGE_CURVE ( 'NONE', #4227, #1383, #2212, .T. ) ;
#3579 = LINE ( 'NONE', #1813, #1601 ) ;
#3580 = PLANE ( 'NONE',  #4061 ) ;
#3581 = DIRECTION ( 'NONE',  ( -0.3420201433256604417, -0.9396926207859113145, 0.000000000000000000 ) ) ;
#3582 = LINE ( 'NONE', #516, #3039 ) ;
#3583 = DIRECTION ( 'NONE',  ( -0.000000000000000000, -0.000000000000000000, -1.000000000000000000 ) ) ;
#3584 = VERTEX_POINT ( 'NONE', #2558 ) ;
#3585 = VERTEX_POINT ( 'NONE', #3256 ) ;
#3586 = ORIENTED_EDGE ( 'NONE', *, *, #2481, .T. ) ;
#3587 = LINE ( 'NONE', #3233, #2328 ) ;
#3588 = CARTESIAN_POINT ( 'NONE',  ( -34.37342013754864922, 4.122393138076720476, -2.301730293121226900 ) ) ;
#3589 = FACE_OUTER_BOUND ( 'NONE', #584, .T. ) ;
#3590 = VECTOR ( 'NONE', #240, 100.0000000000000000 ) ;
#3591 = DIRECTION ( 'NONE',  ( 0.000000000000000000, 0.000000000000000000, -1.000000000000000000 ) ) ;
#3592 = AXIS2_PLACEMENT_3D ( 'NONE', #4047, #2254, #3695 ) ;
#3593 = VECTOR ( 'NONE', #1715, 100.0000000000000000 ) ;
#3594 = DIRECTION ( 'NONE',  ( -1.000000000000000000, -0.000000000000000000, -0.000000000000000000 ) ) ;
#3595 = ORIENTED_EDGE ( 'NONE', *, *, #2660, .T. ) ;
#3596 = VECTOR ( 'NONE', #2994, 100.0000000000000142 ) ;
#3597 = EDGE_CURVE ( 'NONE', #2424, #904, #3614, .T. ) ;
#3598 = EDGE_CURVE ( 'NONE', #653, #1864, #83, .T. ) ;
#3599 = CARTESIAN_POINT ( 'NONE',  ( -47.56085216234367863, 4.122393138076720476, -2.301730293121226900 ) ) ;
#3600 = DIRECTION ( 'NONE',  ( 0.9396926207859114255, 0.3420201433256604973, -0.000000000000000000 ) ) ;
#3601 = LINE ( 'NONE', #1106, #263 ) ;
#3602 = CARTESIAN_POINT ( 'NONE',  ( -1.260663861520594509, 15.85683276896727634, 3.941911047980738658 ) ) ;
#3603 = DIRECTION ( 'NONE',  ( 0.000000000000000000, -0.000000000000000000, 1.000000000000000000 ) ) ;
#3604 = AXIS2_PLACEMENT_3D ( 'NONE', #844, #3332, #4405 ) ;
#3605 = DIRECTION ( 'NONE',  ( 0.000000000000000000, 0.000000000000000000, 1.000000000000000000 ) ) ;
#3606 = CARTESIAN_POINT ( 'NONE',  ( -46.98759904337441640, 2.547393138076722074, 3.941911047980738658 ) ) ;
#3607 = EDGE_CURVE ( 'NONE', #4463, #1617, #3564, .T. ) ;
#3608 = CARTESIAN_POINT ( 'NONE',  ( -17.80636303357940520, 2.547393138076722074, 3.941911047980738658 ) ) ;
#3609 = ADVANCED_FACE ( 'NONE', ( #3213 ), #4349, .T. ) ;
#3611 = EDGE_LOOP ( 'NONE', ( #1490, #1398, #3933, #3747 ) ) ;
#3610 = EDGE_CURVE ( 'NONE', #4388, #741, #464, .T. ) ;
#3612 = CARTESIAN_POINT ( 'NONE',  ( 12.38003541888640946, 2.547393138076722074, -0.05808895201926123075 ) ) ;
#3613 = ORIENTED_EDGE ( 'NONE', *, *, #2791, .F. ) ;
#3614 = LINE ( 'NONE', #506, #574 ) ;
#3615 = LINE ( 'NONE', #4261, #958 ) ;
#3616 = VECTOR ( 'NONE', #3424, 100.0000000000000142 ) ;
#3617 =( NAMED_UNIT ( * ) SI_UNIT ( $, .STERADIAN. ) SOLID_ANGLE_UNIT ( ) );
#3618 = VERTEX_POINT ( 'NONE', #3236 ) ;
#3619 = FACE_OUTER_BOUND ( 'NONE', #209, .T. ) ;
#3620 = AXIS2_PLACEMENT_3D ( 'NONE', #2128, #701, #2086 ) ;
#3621 = CARTESIAN_POINT ( 'NONE',  ( -33.50077177734647194, 4.122393138076720476, -0.05808895201926123075 ) ) ;
#3622 = ORIENTED_EDGE ( 'NONE', *, *, #3512, .T. ) ;
#3623 = DIRECTION ( 'NONE',  ( -0.000000000000000000, -0.000000000000000000, -1.000000000000000000 ) ) ;
#3624 = LINE ( 'NONE', #2928, #123 ) ;
#3625 = DIRECTION ( 'NONE',  ( 0.000000000000000000, 0.000000000000000000, -1.000000000000000000 ) ) ;
#3626 = EDGE_CURVE ( 'NONE', #1285, #2646, #2420, .T. ) ;
#3627 = PLANE ( 'NONE',  #3967 ) ;
#3628 = LINE ( 'NONE', #3606, #60 ) ;
#3629 = DIRECTION ( 'NONE',  ( 0.3420201433256628287, 0.9396926207859105373, 0.000000000000000000 ) ) ;
#3630 = ADVANCED_FACE ( 'NONE', ( #4146 ), #664, .F. ) ;
#3631 = ORIENTED_EDGE ( 'NONE', *, *, #2192, .T. ) ;
#3632 = ORIENTED_EDGE ( 'NONE', *, *, #70, .F. ) ;
#3633 = VECTOR ( 'NONE', #3444, 100.0000000000000000 ) ;
#3634 = ORIENTED_EDGE ( 'NONE', *, *, #3729, .F. ) ;
#3635 = DIRECTION ( 'NONE',  ( 0.000000000000000000, 0.000000000000000000, 1.000000000000000000 ) ) ;
#3636 = VECTOR ( 'NONE', #3956, 100.0000000000000000 ) ;
#3637 = DIRECTION ( 'NONE',  ( -0.3420201433256628287, 0.9396926207859105373, 0.000000000000000000 ) ) ;
#3638 = VECTOR ( 'NONE', #740, 100.0000000000000000 ) ;
#3639 = VECTOR ( 'NONE', #2798, 100.0000000000000000 ) ;
#3640 = ORIENTED_EDGE ( 'NONE', *, *, #1273, .T. ) ;
#3641 = DIRECTION ( 'NONE',  ( 0.3420201433256628287, 0.9396926207859105373, 0.000000000000000000 ) ) ;
#3642 = LINE ( 'NONE', #1891, #435 ) ;
#3643 = ORIENTED_EDGE ( 'NONE', *, *, #3340, .F. ) ;
#3644 = ORIENTED_EDGE ( 'NONE', *, *, #3544, .F. ) ;
#3645 = CARTESIAN_POINT ( 'NONE',  ( -17.23218543021511451, 4.124933138076721129, -0.05808895201926123075 ) ) ;
#3646 = LINE ( 'NONE', #3286, #3453 ) ;
#3647 = CARTESIAN_POINT ( 'NONE',  ( 16.49922822265352806, 3.314040737146030313, 3.941911047980738658 ) ) ;
#3648 = PLANE ( 'NONE',  #3466 ) ;
#3649 = LINE ( 'NONE', #893, #1713 ) ;
#3650 = CARTESIAN_POINT ( 'NONE',  ( -6.237535639610158889, 4.122393138076720476, 3.941911047980738658 ) ) ;
#3651 = CARTESIAN_POINT ( 'NONE',  ( -50.21015659933684105, 4.122393138076720476, 3.941911047980738658 ) ) ;
#3652 = VERTEX_POINT ( 'NONE', #3178 ) ;
#3653 = ORIENTED_EDGE ( 'NONE', *, *, #1886, .T. ) ;
#3654 = VERTEX_POINT ( 'NONE', #781 ) ;
#3655 = EDGE_CURVE ( 'NONE', #3348, #375, #2763, .T. ) ;
#3656 = EDGE_CURVE ( 'NONE', #715, #3437, #3200, .T. ) ;
#3657 = DIRECTION ( 'NONE',  ( -0.9396926207859105373, -0.3420201433256628287, 0.000000000000000000 ) ) ;
#3658 = LINE ( 'NONE', #2330, #2976 ) ;
#3659 = VERTEX_POINT ( 'NONE', #4497 ) ;
#3660 = DIRECTION ( 'NONE',  ( 0.000000000000000000, 0.000000000000000000, 1.000000000000000000 ) ) ;
#3661 = DIRECTION ( 'NONE',  ( -0.3420201433256604417, -0.9396926207859114255, 0.000000000000000000 ) ) ;
#3662 = AXIS2_PLACEMENT_3D ( 'NONE', #3645, #938, #4086 ) ;
#3663 = VERTEX_POINT ( 'NONE', #4469 ) ;
#3664 = ORIENTED_EDGE ( 'NONE', *, *, #454, .T. ) ;
#3665 = DIRECTION ( 'NONE',  ( 0.000000000000000000, 0.000000000000000000, -1.000000000000000000 ) ) ;
#3666 = CARTESIAN_POINT ( 'NONE',  ( -41.41853524947348575, 4.122393138076720476, -0.05808895201926123075 ) ) ;
#3667 = CARTESIAN_POINT ( 'NONE',  ( 7.408552589917160702, 4.122393138076720476, -0.05808895201926123075 ) ) ;
#3668 = VECTOR ( 'NONE', #2643, 100.0000000000000000 ) ;
#3669 = VECTOR ( 'NONE', #3069, 100.0000000000000000 ) ;
#3670 = ORIENTED_EDGE ( 'NONE', *, *, #3361, .F. ) ;
#3671 = ORIENTED_EDGE ( 'NONE', *, *, #1139, .F. ) ;
#3672 = EDGE_CURVE ( 'NONE', #4415, #1289, #2859, .T. ) ;
#3673 = ORIENTED_EDGE ( 'NONE', *, *, #613, .F. ) ;
#3674 = VECTOR ( 'NONE', #2835, 100.0000000000000000 ) ;
#3675 = VERTEX_POINT ( 'NONE', #2500 ) ;
#3676 = EDGE_LOOP ( 'NONE', ( #187, #2588, #3108, #4186 ) ) ;
#3677 = ORIENTED_EDGE ( 'NONE', *, *, #703, .F. ) ;
#3678 = CARTESIAN_POINT ( 'NONE',  ( -58.50077177734647194, 2.547393138076722074, 3.941911047980738658 ) ) ;
#3679 = EDGE_CURVE ( 'NONE', #2340, #3297, #4523, .T. ) ;
#3680 = LINE ( 'NONE', #1912, #3748 ) ;
#3681 = VERTEX_POINT ( 'NONE', #2523 ) ;
#3682 = PLANE ( 'NONE',  #3409 ) ;
#3683 = DIRECTION ( 'NONE',  ( 0.3420201433256627732, -0.9396926207859105373, 0.000000000000000000 ) ) ;
#3684 = ADVANCED_FACE ( 'NONE', ( #4268 ), #2393, .T. ) ;
#3685 = ORIENTED_EDGE ( 'NONE', *, *, #4158, .T. ) ;
#3686 = ORIENTED_EDGE ( 'NONE', *, *, #3449, .F. ) ;
#3687 = CARTESIAN_POINT ( 'NONE',  ( -43.16504148741200453, 4.122393138076720476, -2.301730293121226900 ) ) ;
#3688 = DIRECTION ( 'NONE',  ( -0.3420201433256603862, -0.9396926207859114255, 0.000000000000000000 ) ) ;
#3689 = DIRECTION ( 'NONE',  ( -0.3420201433256603862, -0.9396926207859114255, 0.000000000000000000 ) ) ;
#3690 = DIRECTION ( 'NONE',  ( -0.3420201433256603862, -0.9396926207859114255, 0.000000000000000000 ) ) ;
#3691 = CARTESIAN_POINT ( 'NONE',  ( 5.209437734917160334, 4.122393138076720476, -0.05808895201926123075 ) ) ;
#3692 = ORIENTED_EDGE ( 'NONE', *, *, #115, .T. ) ;
#3693 = ORIENTED_EDGE ( 'NONE', *, *, #941, .T. ) ;
#3694 = ORIENTED_EDGE ( 'NONE', *, *, #1977, .F. ) ;
#3695 = DIRECTION ( 'NONE',  ( 0.3420201433256628287, 0.9396926207859105373, 0.000000000000000000 ) ) ;
#3696 = ORIENTED_EDGE ( 'NONE', *, *, #2118, .T. ) ;
#3697 = DIRECTION ( 'NONE',  ( -0.9396926207859105373, -0.3420201433256628287, 0.000000000000000000 ) ) ;
#3698 = DIRECTION ( 'NONE',  ( -1.000000000000000000, -0.000000000000000000, -0.000000000000000000 ) ) ;
#3699 = ORIENTED_EDGE ( 'NONE', *, *, #4500, .F. ) ;
#3700 = ORIENTED_EDGE ( 'NONE', *, *, #1801, .F. ) ;
#3701 = VECTOR ( 'NONE', #4401, 100.0000000000000000 ) ;
#3702 = ORIENTED_EDGE ( 'NONE', *, *, #4429, .F. ) ;
#3703 = LINE ( 'NONE', #884, #2832 ) ;
#3704 = LINE ( 'NONE', #1582, #642 ) ;
#3705 = VECTOR ( 'NONE', #2131, 100.0000000000000000 ) ;
#3706 = VERTEX_POINT ( 'NONE', #2155 ) ;
#3707 = ADVANCED_FACE ( 'NONE', ( #3546 ), #4121, .T. ) ;
#3708 = ADVANCED_FACE ( 'NONE', ( #3797 ), #3825, .T. ) ;
#3709 = FACE_OUTER_BOUND ( 'NONE', #3926, .T. ) ;
#3710 = DIRECTION ( 'NONE',  ( 0.3420201433256628287, -0.9396926207859105373, 0.000000000000000000 ) ) ;
#3711 = VECTOR ( 'NONE', #3042, 100.0000000000000000 ) ;
#3712 = EDGE_CURVE ( 'NONE', #2457, #3322, #410, .T. ) ;
#3713 = CARTESIAN_POINT ( 'NONE',  ( -30.38867313241931356, 5.255104410930367287, 3.941911047980738658 ) ) ;
#3714 = CARTESIAN_POINT ( 'NONE',  ( -33.20016701857939267, 2.547393138076722074, -0.05808895201926123075 ) ) ;
#3715 = EDGE_CURVE ( 'NONE', #1903, #866, #3772, .T. ) ;
#3716 = VERTEX_POINT ( 'NONE', #3575 ) ;
#3717 = VECTOR ( 'NONE', #2166, 100.0000000000000000 ) ;
#3718 = EDGE_LOOP ( 'NONE', ( #853, #1773, #3983, #912 ) ) ;
#3719 = ORIENTED_EDGE ( 'NONE', *, *, #2584, .F. ) ;
#3720 = CARTESIAN_POINT ( 'NONE',  ( -6.810788758579411351, 2.547393138076722074, -0.05808895201926123075 ) ) ;
#3721 = VERTEX_POINT ( 'NONE', #689 ) ;
#3722 = ORIENTED_EDGE ( 'NONE', *, *, #2812, .T. ) ;
#3723 = EDGE_LOOP ( 'NONE', ( #1113, #1348, #3719, #2961 ) ) ;
#3724 = ADVANCED_FACE ( 'NONE', ( #450 ), #1673, .F. ) ;
#3725 = CARTESIAN_POINT ( 'NONE',  ( -21.63041514021510991, 4.124933138076721129, 3.941911047980738658 ) ) ;
#3726 = ORIENTED_EDGE ( 'NONE', *, *, #696, .F. ) ;
#3727 = DIRECTION ( 'NONE',  ( -0.9396926207859105373, -0.3420201433256628287, 0.000000000000000000 ) ) ;
#3728 = FACE_OUTER_BOUND ( 'NONE', #1755, .T. ) ;
#3729 = EDGE_CURVE ( 'NONE', #2744, #1565, #2130, .T. ) ;
#3730 = ORIENTED_EDGE ( 'NONE', *, *, #198, .T. ) ;
#3731 = CARTESIAN_POINT ( 'NONE',  ( -51.38340971830610471, 2.547393138076722963, -2.301730293121226900 ) ) ;
#3732 = DIRECTION ( 'NONE',  ( -1.000000000000000000, 0.000000000000000000, -0.000000000000000000 ) ) ;
#3733 = CARTESIAN_POINT ( 'NONE',  ( 5.782690853886412796, 2.547393138076722074, -0.05808895201926123075 ) ) ;
#3734 = DIRECTION ( 'NONE',  ( 0.000000000000000000, 0.000000000000000000, 1.000000000000000000 ) ) ;
#3735 = DIRECTION ( 'NONE',  ( 0.3420201433256628287, -0.9396926207859105373, 0.000000000000000000 ) ) ;
#3736 = LINE ( 'NONE', #4534, #3921 ) ;
#3737 = DIRECTION ( 'NONE',  ( -0.3420201433256633838, 0.9396926207859103153, 0.000000000000000000 ) ) ;
#3738 = ORIENTED_EDGE ( 'NONE', *, *, #145, .T. ) ;
#3739 = ADVANCED_FACE ( 'NONE', ( #1360 ), #1025, .T. ) ;
#3740 = VECTOR ( 'NONE', #2951, 100.0000000000000000 ) ;
#3741 = CARTESIAN_POINT ( 'NONE',  ( -13.40813332357940979, 2.547393138076722074, 3.941911047980738658 ) ) ;
#3742 = VERTEX_POINT ( 'NONE', #2982 ) ;
#3743 = AXIS2_PLACEMENT_3D ( 'NONE', #831, #3248, #2532 ) ;
#3744 = LINE ( 'NONE', #2366, #397 ) ;
#3745 = EDGE_CURVE ( 'NONE', #4395, #4482, #4096, .T. ) ;
#3746 = EDGE_LOOP ( 'NONE', ( #4498, #1385, #1985, #2623 ) ) ;
#3747 = ORIENTED_EDGE ( 'NONE', *, *, #4001, .T. ) ;
#3748 = VECTOR ( 'NONE', #106, 100.0000000000000000 ) ;
#3749 = EDGE_LOOP ( 'NONE', ( #1240, #2525, #1676, #3939 ) ) ;
#3750 = CARTESIAN_POINT ( 'NONE',  ( -23.82952999521511117, 4.124933138076721129, -0.05808895201926123075 ) ) ;
#3751 = VECTOR ( 'NONE', #3737, 100.0000000000000142 ) ;
#3752 = ORIENTED_EDGE ( 'NONE', *, *, #4153, .T. ) ;
#3753 = CARTESIAN_POINT ( 'NONE',  ( -0.2134441935794206824, 2.547393138076722074, -0.05808895201926123075 ) ) ;
#3754 = DIRECTION ( 'NONE',  ( 0.000000000000000000, -1.000000000000000000, -0.000000000000000000 ) ) ;
#3755 = LINE ( 'NONE', #3731, #1913 ) ;
#3756 = PLANE ( 'NONE',  #4410 ) ;
#3757 = ORIENTED_EDGE ( 'NONE', *, *, #228, .F. ) ;
#3758 = LINE ( 'NONE', #4460, #1183 ) ;
#3759 = DIRECTION ( 'NONE',  ( 1.000000000000000000, -0.000000000000000000, -0.000000000000000000 ) ) ;
#3760 = CARTESIAN_POINT ( 'NONE',  ( -39.22062991200765225, 4.122393138076720476, 3.941911047980738658 ) ) ;
#3761 = CARTESIAN_POINT ( 'NONE',  ( -1.838381445215125920, 4.124933138076721129, -0.05808895201926123075 ) ) ;
#3762 = ORIENTED_EDGE ( 'NONE', *, *, #3419, .T. ) ;
#3763 = VECTOR ( 'NONE', #3328, 100.0000000000000000 ) ;
#3764 = ORIENTED_EDGE ( 'NONE', *, *, #3363, .F. ) ;
#3765 = CARTESIAN_POINT ( 'NONE',  ( 7.981805708886414052, 2.547393138076722074, -0.05808895201926123075 ) ) ;
#3766 = ORIENTED_EDGE ( 'NONE', *, *, #2581, .F. ) ;
#3767 = EDGE_CURVE ( 'NONE', #1247, #1565, #2324, .T. ) ;
#3768 = CARTESIAN_POINT ( 'NONE',  ( -31.60226168111355349, 2.547393138076722074, -0.05808895201926123075 ) ) ;
#3769 = VERTEX_POINT ( 'NONE', #616 ) ;
#3770 = DIRECTION ( 'NONE',  ( 0.000000000000000000, -1.000000000000000000, 1.387778780781445922E-16 ) ) ;
#3771 = EDGE_CURVE ( 'NONE', #2041, #3884, #229, .T. ) ;
#3772 = LINE ( 'NONE', #303, #3111 ) ;
#3773 = VERTEX_POINT ( 'NONE', #4371 ) ;
#3774 = LINE ( 'NONE', #4124, #2940 ) ;
#3775 = EDGE_CURVE ( 'NONE', #321, #172, #1621, .T. ) ;
#3776 = ORIENTED_EDGE ( 'NONE', *, *, #4082, .T. ) ;
#3777 = ORIENTED_EDGE ( 'NONE', *, *, #936, .F. ) ;
#3778 = VECTOR ( 'NONE', #3903, 100.0000000000000000 ) ;
#3779 = CARTESIAN_POINT ( 'NONE',  ( -32.33054041714589033, 4.548322520394573409, 3.941911047980738658 ) ) ;
#3780 = CARTESIAN_POINT ( 'NONE',  ( -46.38759904337441498, 2.547393138076722963, -2.301730293121226900 ) ) ;
#3781 = DIRECTION ( 'NONE',  ( 0.000000000000000000, 0.000000000000000000, 1.000000000000000000 ) ) ;
#3782 = ORIENTED_EDGE ( 'NONE', *, *, #292, .T. ) ;
#3783 = CARTESIAN_POINT ( 'NONE',  ( 4.758963119784870521, 4.124933138076721129, -0.05808895201926123075 ) ) ;
#3784 = EDGE_LOOP ( 'NONE', ( #4029, #3075, #694, #1291 ) ) ;
#3785 = CARTESIAN_POINT ( 'NONE',  ( 1.985670661420579908, 2.547393138076722074, -0.05808895201926123075 ) ) ;
#3786 = VECTOR ( 'NONE', #1339, 100.0000000000000142 ) ;
#3787 = CARTESIAN_POINT ( 'NONE',  ( -33.20016701857939267, 2.547393138076722074, -0.05808895201926123075 ) ) ;
#3788 = CARTESIAN_POINT ( 'NONE',  ( -52.98131505577193678, 2.547393138076722074, 3.941911047980738658 ) ) ;
#3789 = ORIENTED_EDGE ( 'NONE', *, *, #3767, .T. ) ;
#3790 = ORIENTED_EDGE ( 'NONE', *, *, #3279, .F. ) ;
#3791 = AXIS2_PLACEMENT_3D ( 'NONE', #1962, #3349, #236 ) ;
#3792 = CARTESIAN_POINT ( 'NONE',  ( 15.18035979142056746, 2.547393138076722074, -0.05808895201926123075 ) ) ;
#3793 = ORIENTED_EDGE ( 'NONE', *, *, #4350, .F. ) ;
#3794 = CARTESIAN_POINT ( 'NONE',  ( -12.83488020461015466, 4.122393138076719588, -0.05808895201926123075 ) ) ;
#3795 = VERTEX_POINT ( 'NONE', #3651 ) ;
#3796 = DIRECTION ( 'NONE',  ( 1.000000000000000000, -0.000000000000000000, -0.000000000000000000 ) ) ;
#3797 = FACE_OUTER_BOUND ( 'NONE', #3079, .T. ) ;
#3798 = ORIENTED_EDGE ( 'NONE', *, *, #945, .T. ) ;
#3799 = PRODUCT_DEFINITION_FORMATION_WITH_SPECIFIED_SOURCE ( 'ANY', '', #3107, .NOT_KNOWN. ) ;
#3800 = ORIENTED_EDGE ( 'NONE', *, *, #703, .T. ) ;
#3801 = VECTOR ( 'NONE', #2124, 100.0000000000000000 ) ;
#3802 = FACE_OUTER_BOUND ( 'NONE', #2922, .T. ) ;
#3803 = DIRECTION ( 'NONE',  ( -0.3420201433256633838, 0.9396926207859104263, 0.000000000000000000 ) ) ;
#3804 = EDGE_CURVE ( 'NONE', #1465, #724, #3628, .T. ) ;
#3805 = EDGE_CURVE ( 'NONE', #3049, #2583, #2531, .T. ) ;
#3806 = ORIENTED_EDGE ( 'NONE', *, *, #3003, .F. ) ;
#3807 = ORIENTED_EDGE ( 'NONE', *, *, #587, .F. ) ;
#3808 = CARTESIAN_POINT ( 'NONE',  ( 13.55542253978486222, 4.124933138076721129, 3.941911047980738658 ) ) ;
#3809 = EDGE_CURVE ( 'NONE', #2646, #2946, #871, .T. ) ;
#3810 = CARTESIAN_POINT ( 'NONE',  ( -23.83045447961014318, 4.122393138076720476, -0.05808895201926123075 ) ) ;
#3811 = PLANE ( 'NONE',  #3365 ) ;
#3812 = EDGE_LOOP ( 'NONE', ( #3269, #2630, #4051, #4221 ) ) ;
#3813 = FACE_OUTER_BOUND ( 'NONE', #1373, .T. ) ;
#3814 = CARTESIAN_POINT ( 'NONE',  ( 11.35630768478486097, 4.124933138076721129, 3.941911047980738658 ) ) ;
#3815 = CARTESIAN_POINT ( 'NONE',  ( -33.50077177734647194, 4.122393138076720476, 3.941911047980738658 ) ) ;
#3816 = PLANE ( 'NONE',  #4272 ) ;
#3817 = ORIENTED_EDGE ( 'NONE', *, *, #3204, .T. ) ;
#3818 = ORIENTED_EDGE ( 'NONE', *, *, #4333, .F. ) ;
#3819 = VECTOR ( 'NONE', #629, 100.0000000000000000 ) ;
#3820 = CARTESIAN_POINT ( 'NONE',  ( -28.80193730857939372, 2.547393138076722074, -0.05808895201926123075 ) ) ;
#3821 = VERTEX_POINT ( 'NONE', #138 ) ;
#3822 = PLANE ( 'NONE',  #2473 ) ;
#3823 = ORIENTED_EDGE ( 'NONE', *, *, #3542, .T. ) ;
#3824 = LINE ( 'NONE', #3390, #3368 ) ;
#3825 = PLANE ( 'NONE',  #570 ) ;
#3826 = AXIS2_PLACEMENT_3D ( 'NONE', #3410, #298, #1021 ) ;
#3827 = ORIENTED_EDGE ( 'NONE', *, *, #3449, .T. ) ;
#3828 = VECTOR ( 'NONE', #4383, 100.0000000000000142 ) ;
#3829 = PLANE ( 'NONE',  #1577 ) ;
#3830 = CARTESIAN_POINT ( 'NONE',  ( -33.20016701857939267, 2.547393138076722074, -0.05808895201926123075 ) ) ;
#3831 = VECTOR ( 'NONE', #2411, 100.0000000000000000 ) ;
#3832 = VERTEX_POINT ( 'NONE', #2954 ) ;
#3833 = CARTESIAN_POINT ( 'NONE',  ( -24.40370759857939831, 2.547393138076722074, 3.941911047980738658 ) ) ;
#3834 = EDGE_CURVE ( 'NONE', #3155, #2809, #1461, .T. ) ;
#3835 = VECTOR ( 'NONE', #256, 100.0000000000000000 ) ;
#3836 = LINE ( 'NONE', #2774, #1403 ) ;
#3837 = CARTESIAN_POINT ( 'NONE',  ( 8.448672562112308881, 19.39074222164624572, 3.941911047980738658 ) ) ;
#3838 = DIRECTION ( 'NONE',  ( -1.000000000000000000, -0.000000000000000000, -0.000000000000000000 ) ) ;
#3839 = ADVANCED_FACE ( 'NONE', ( #2869 ), #4344, .T. ) ;
#3840 = PLANE ( 'NONE',  #4347 ) ;
#3841 = ORIENTED_EDGE ( 'NONE', *, *, #800, .F. ) ;
#3842 = EDGE_CURVE ( 'NONE', #1417, #4027, #1197, .T. ) ;
#3843 = ORIENTED_EDGE ( 'NONE', *, *, #369, .F. ) ;
#3844 = CLOSED_SHELL ( 'NONE', ( #193, #2891, #2093, #832, #9, #2999, #1660, #585, #3011, #1032, #403, #3008, #3034, #2546, #1695, #897, #1803, #3609, #1950, #2144, #3839, #2110, #3230, #3708, #3483, #3172, #4394, #36, #3171, #726, #3152, #3254, #400, #40, #3684, #4304, #2396, #913, #230, #1225, #2895, #1722, #2146, #3086, #1689, #441, #481, #2514, #2619, #1826, #1296, #1424, #3724, #2224, #673, #1165, #966, #4274, #1655, #171, #1092, #3145, #2656, #1539, #97, #1906, #1471, #2918, #1184, #3097, #2901, #1483, #4451, #2900, #708, #3947, #1033, #1857, #2454, #530, #957, #4254, #88, #1823, #1028, #2490, #2055, #911, #3532, #4059, #4220, #3630, #2974, #2275, #2257, #1464, #1168, #773, #1811, #3386, #4326, #1111, #2876, #1080, #667, #1709, #2386, #1052, #4199, #4423, #2921, #3981, #251, #1251, #4069, #2167, #2702, #3538, #1885, #1917, #1316, #2310, #1426, #1117, #1943, #2787, #339, #3255, #523, #3918, #3707, #4392, #3917, #3739, #476, #3423, #4526, #396 ) ) ;
#3845 = LINE ( 'NONE', #2441, #166 ) ;
#3846 = ORIENTED_EDGE ( 'NONE', *, *, #1863, .F. ) ;
#3847 = DIRECTION ( 'NONE',  ( 0.9396926207859105373, -0.3420201433256628287, 0.000000000000000000 ) ) ;
#3848 = LINE ( 'NONE', #684, #4171 ) ;
#3849 = LINE ( 'NONE', #1749, #3537 ) ;
#3850 = DIRECTION ( 'NONE',  ( 0.3420201433256628287, -0.9396926207859105373, 0.000000000000000000 ) ) ;
#3851 = VECTOR ( 'NONE', #1482, 100.0000000000000000 ) ;
#3852 = ORIENTED_EDGE ( 'NONE', *, *, #1778, .F. ) ;
#3853 = VECTOR ( 'NONE', #3902, 100.0000000000000000 ) ;
#3854 = PLANE ( 'NONE',  #931 ) ;
#3855 = EDGE_LOOP ( 'NONE', ( #1334, #4348, #1928, #332 ) ) ;
#3856 = LINE ( 'NONE', #1386, #1880 ) ;
#3857 = CARTESIAN_POINT ( 'NONE',  ( -48.01225126187100045, 4.122393138076720476, 3.941911047980738658 ) ) ;
#3858 = DIRECTION ( 'NONE',  ( 0.000000000000000000, 0.000000000000000000, 1.000000000000000000 ) ) ;
#3859 = DIRECTION ( 'NONE',  ( 0.3420201433256627732, 0.9396926207859105373, -0.000000000000000000 ) ) ;
#3860 = DIRECTION ( 'NONE',  ( 1.000000000000000000, -0.000000000000000000, -0.000000000000000000 ) ) ;
#3861 = CARTESIAN_POINT ( 'NONE',  ( -20.00547788857940290, 2.547393138076722074, -0.05808895201926123075 ) ) ;
#3862 = EDGE_CURVE ( 'NONE', #2364, #839, #3979, .T. ) ;
#3863 = EDGE_CURVE ( 'NONE', #1980, #2207, #3582, .T. ) ;
#3864 = VERTEX_POINT ( 'NONE', #3227 ) ;
#3865 = CARTESIAN_POINT ( 'NONE',  ( -25.57817023508281551, 4.122393138076721364, 3.941911047980738658 ) ) ;
#3866 = ORIENTED_EDGE ( 'NONE', *, *, #2769, .F. ) ;
#3867 = DIRECTION ( 'NONE',  ( 0.3420201433256628287, 0.9396926207859105373, 0.000000000000000000 ) ) ;
#3868 = CARTESIAN_POINT ( 'NONE',  ( -26.60282245357939956, 2.547393138076722074, 3.941911047980738658 ) ) ;
#3869 = ORIENTED_EDGE ( 'NONE', *, *, #1411, .F. ) ;
#3870 = PLANE ( 'NONE',  #751 ) ;
#3871 = ORIENTED_EDGE ( 'NONE', *, *, #1429, .T. ) ;
#3872 = CARTESIAN_POINT ( 'NONE',  ( 6.957153490389828221, 4.122393138076718699, -0.05808895201926123075 ) ) ;
#3873 = AXIS2_PLACEMENT_3D ( 'NONE', #2278, #906, #1653 ) ;
#3874 = EDGE_CURVE ( 'NONE', #2187, #55, #4276, .T. ) ;
#3875 = ORIENTED_EDGE ( 'NONE', *, *, #3174, .T. ) ;
#3876 = DIRECTION ( 'NONE',  ( -1.000000000000000000, -0.000000000000000000, -0.000000000000000000 ) ) ;
#3877 = EDGE_CURVE ( 'NONE', #665, #80, #829, .T. ) ;
#3878 =( NAMED_UNIT ( * ) PLANE_ANGLE_UNIT ( ) SI_UNIT ( $, .RADIAN. ) );
#3879 = CARTESIAN_POINT ( 'NONE',  ( -14.00934284111356654, 2.547393138076722074, 3.941911047980738658 ) ) ;
#3880 = DIRECTION ( 'NONE',  ( 0.3420201433256627732, 0.9396926207859105373, -0.000000000000000000 ) ) ;
#3881 = EDGE_CURVE ( 'NONE', #2340, #3416, #4108, .T. ) ;
#3882 = FACE_OUTER_BOUND ( 'NONE', #1202, .T. ) ;
#3883 = ORIENTED_EDGE ( 'NONE', *, *, #2952, .T. ) ;
#3884 = VERTEX_POINT ( 'NONE', #1637 ) ;
#3885 = FACE_OUTER_BOUND ( 'NONE', #554, .T. ) ;
#3886 = CARTESIAN_POINT ( 'NONE',  ( 15.75453739478485637, 4.124933138076721129, 3.941911047980738658 ) ) ;
#3887 = ORIENTED_EDGE ( 'NONE', *, *, #534, .F. ) ;
#3888 = ORIENTED_EDGE ( 'NONE', *, *, #3544, .T. ) ;
#3889 = CARTESIAN_POINT ( 'NONE',  ( -33.50077177734647194, 4.122393138076720476, -0.05808895201926123075 ) ) ;
#3890 = FACE_OUTER_BOUND ( 'NONE', #488, .T. ) ;
#3891 = VERTEX_POINT ( 'NONE', #2707 ) ;
#3892 = EDGE_CURVE ( 'NONE', #3024, #1725, #963, .T. ) ;
#3893 = VECTOR ( 'NONE', #1831, 100.0000000000000142 ) ;
#3894 = AXIS2_PLACEMENT_3D ( 'NONE', #1922, #1259, #3710 ) ;
#3895 = CARTESIAN_POINT ( 'NONE',  ( -38.76923081248032332, 4.122393138076720476, -2.301730293121226900 ) ) ;
#3896 = AXIS2_PLACEMENT_3D ( 'NONE', #3889, #748, #3535 ) ;
#3897 = AXIS2_PLACEMENT_3D ( 'NONE', #2170, #1141, #424 ) ;
#3898 = VECTOR ( 'NONE', #3284, 100.0000000000000000 ) ;
#3899 = LINE ( 'NONE', #2813, #4342 ) ;
#3900 = SHAPE_DEFINITION_REPRESENTATION ( #3435, #3296 ) ;
#3901 = CARTESIAN_POINT ( 'NONE',  ( -5.212883421113579274, 2.547393138076722074, -0.05808895201926123075 ) ) ;
#3902 = DIRECTION ( 'NONE',  ( 0.3420201433256627732, -0.9396926207859105373, 0.000000000000000000 ) ) ;
#3903 = DIRECTION ( 'NONE',  ( 0.000000000000000000, 0.000000000000000000, 1.000000000000000000 ) ) ;
#3904 = LINE ( 'NONE', #4289, #2608 ) ;
#3905 = AXIS2_PLACEMENT_3D ( 'NONE', #1635, #2312, #197 ) ;
#3906 = ORIENTED_EDGE ( 'NONE', *, *, #3429, .F. ) ;
#3907 = CARTESIAN_POINT ( 'NONE',  ( -49.18550438084025700, 2.547393138076722963, 3.941911047980738658 ) ) ;
#3908 = FACE_OUTER_BOUND ( 'NONE', #1322, .T. ) ;
#3909 = VECTOR ( 'NONE', #992, 100.0000000000000000 ) ;
#3910 = DIRECTION ( 'NONE',  ( 1.000000000000000000, -0.000000000000000000, -0.000000000000000000 ) ) ;
#3911 = DIRECTION ( 'NONE',  ( 1.000000000000000000, -0.000000000000000000, -0.000000000000000000 ) ) ;
#3912 = DIRECTION ( 'NONE',  ( -1.000000000000000000, 0.000000000000000000, 0.000000000000000000 ) ) ;
#3913 = ORIENTED_EDGE ( 'NONE', *, *, #859, .T. ) ;
#3914 = CARTESIAN_POINT ( 'NONE',  ( -33.20016701857939267, 2.547393138076722074, -0.05808895201926123075 ) ) ;
#3915 = DIRECTION ( 'NONE',  ( 0.000000000000000000, 0.000000000000000000, 1.000000000000000000 ) ) ;
#3916 = VERTEX_POINT ( 'NONE', #2037 ) ;
#3917 = ADVANCED_FACE ( 'NONE', ( #3433 ), #1691, .T. ) ;
#3918 = ADVANCED_FACE ( 'NONE', ( #2087 ), #1391, .T. ) ;
#3919 = EDGE_CURVE ( 'NONE', #4006, #3122, #2575, .T. ) ;
#3920 = CARTESIAN_POINT ( 'NONE',  ( -3.013768566113578018, 2.547393138076722074, -0.05808895201926123075 ) ) ;
#3921 = VECTOR ( 'NONE', #4512, 100.0000000000000000 ) ;
#3922 = EDGE_CURVE ( 'NONE', #1417, #2026, #1762, .T. ) ;
#3923 = CARTESIAN_POINT ( 'NONE',  ( -33.20016701857939267, 2.547393138076722074, -0.05808895201926123075 ) ) ;
#3924 = EDGE_CURVE ( 'NONE', #1918, #1595, #562, .T. ) ;
#3925 = DIRECTION ( 'NONE',  ( -0.3420201433256633283, 0.9396926207859104263, 0.000000000000000000 ) ) ;
#3926 = EDGE_LOOP ( 'NONE', ( #2958, #953, #571, #336 ) ) ;
#3927 = LINE ( 'NONE', #63, #4454 ) ;
#3928 = CARTESIAN_POINT ( 'NONE',  ( -32.62598941521510199, 4.124933138076721129, 3.941911047980738658 ) ) ;
#3929 = DIRECTION ( 'NONE',  ( 0.000000000000000000, 0.000000000000000000, 1.000000000000000000 ) ) ;
#3930 = CARTESIAN_POINT ( 'NONE',  ( -44.18969370590857437, 2.547393138076722074, 3.941911047980738658 ) ) ;
#3931 = CARTESIAN_POINT ( 'NONE',  ( -33.50077177734647194, 4.122393138076720476, -0.05808895201926123075 ) ) ;
#3932 = DIRECTION ( 'NONE',  ( 0.3420201433256628287, 0.9396926207859105373, 0.000000000000000000 ) ) ;
#3933 = ORIENTED_EDGE ( 'NONE', *, *, #3922, .T. ) ;
#3934 = DIRECTION ( 'NONE',  ( -1.000000000000000000, -0.000000000000000000, -0.000000000000000000 ) ) ;
#3935 = DIRECTION ( 'NONE',  ( -0.3420201433256633838, 0.9396926207859104263, 0.000000000000000000 ) ) ;
#3936 = CARTESIAN_POINT ( 'NONE',  ( -12.38440558947786130, 4.124933138076721129, -0.05808895201926123075 ) ) ;
#3937 = DIRECTION ( 'NONE',  ( -1.000000000000000000, -0.000000000000000000, -0.000000000000000000 ) ) ;
#3938 = ORIENTED_EDGE ( 'NONE', *, *, #3804, .T. ) ;
#3939 = ORIENTED_EDGE ( 'NONE', *, *, #2952, .F. ) ;
#3940 = EDGE_LOOP ( 'NONE', ( #50, #1598, #1641, #4239 ) ) ;
#3941 = DIRECTION ( 'NONE',  ( 0.3420201433256627732, -0.9396926207859105373, 0.000000000000000000 ) ) ;
#3942 = DIRECTION ( 'NONE',  ( 0.000000000000000000, 0.000000000000000000, 1.000000000000000000 ) ) ;
#3943 = DIRECTION ( 'NONE',  ( 0.000000000000000000, -0.000000000000000000, 1.000000000000000000 ) ) ;
#3944 = VECTOR ( 'NONE', #4466, 100.0000000000000000 ) ;
#3945 = EDGE_CURVE ( 'NONE', #69, #356, #4228, .T. ) ;
#3946 = FACE_OUTER_BOUND ( 'NONE', #254, .T. ) ;
#3947 = ADVANCED_FACE ( 'NONE', ( #3164 ), #2804, .F. ) ;
#3948 = CARTESIAN_POINT ( 'NONE',  ( -1.838381445215125920, 4.124933138076721129, -0.05808895201926123075 ) ) ;
#3949 = VERTEX_POINT ( 'NONE', #2779 ) ;
#3950 = DIRECTION ( 'NONE',  ( 0.3420201433256627732, 0.9396926207859105373, -0.000000000000000000 ) ) ;
#3951 = LINE ( 'NONE', #1872, #319 ) ;
#3952 = PLANE ( 'NONE',  #4501 ) ;
#3953 = CARTESIAN_POINT ( 'NONE',  ( -60.50077177734647194, -2.782606861923278885, 8.941911047980740435 ) ) ;
#3954 = LINE ( 'NONE', #807, #3221 ) ;
#3955 = LINE ( 'NONE', #2202, #477 ) ;
#3956 = DIRECTION ( 'NONE',  ( 0.000000000000000000, 0.000000000000000000, -1.000000000000000000 ) ) ;
#3957 = CARTESIAN_POINT ( 'NONE',  ( 0.3598089253898317796, 4.122393138076720476, 3.941911047980738658 ) ) ;
#3958 = CARTESIAN_POINT ( 'NONE',  ( 6.958077974784865560, 4.124933138076721129, 3.941911047980738658 ) ) ;
#3959 = ORIENTED_EDGE ( 'NONE', *, *, #3712, .T. ) ;
#3960 = UNCERTAINTY_MEASURE_WITH_UNIT (LENGTH_MEASURE( 1.000000000000000082E-05 ), #1095, 'distance_accuracy_value', 'NONE');
#3961 = ORIENTED_EDGE ( 'NONE', *, *, #288, .F. ) ;
#3962 = EDGE_LOOP ( 'NONE', ( #1026, #3281, #2097, #1397 ) ) ;
#3963 = DIRECTION ( 'NONE',  ( -0.000000000000000000, -0.000000000000000000, 1.000000000000000000 ) ) ;
#3964 = EDGE_CURVE ( 'NONE', #1975, #4138, #659, .T. ) ;
#3965 =( NAMED_UNIT ( * ) PLANE_ANGLE_UNIT ( ) SI_UNIT ( $, .RADIAN. ) );
#3966 = CARTESIAN_POINT ( 'NONE',  ( -30.42687456021510073, 4.124933138076721129, 3.941911047980738658 ) ) ;
#3967 = AXIS2_PLACEMENT_3D ( 'NONE', #496, #1729, #3125 ) ;
#3968 = EDGE_CURVE ( 'NONE', #3049, #3056, #3845, .T. ) ;
#3969 = FACE_OUTER_BOUND ( 'NONE', #2751, .T. ) ;
#3970 = ORIENTED_EDGE ( 'NONE', *, *, #2684, .T. ) ;
#3971 = AXIS2_PLACEMENT_3D ( 'NONE', #973, #2694, #951 ) ;
#3972 = AXIS2_PLACEMENT_3D ( 'NONE', #1415, #2818, #4224 ) ;
#3973 = DIRECTION ( 'NONE',  ( 0.3420201433256627732, 0.9396926207859105373, -0.000000000000000000 ) ) ;
#3974 = DIRECTION ( 'NONE',  ( -0.3420201433256604417, 0.9396926207859113145, 0.000000000000000000 ) ) ;
#3975 = CARTESIAN_POINT ( 'NONE',  ( -12.83488020461015466, 4.122393138076720476, -0.05808895201926123075 ) ) ;
#3976 = DIRECTION ( 'NONE',  ( -0.3420201433256628287, 0.9396926207859105373, 0.000000000000000000 ) ) ;
#3977 = MECHANICAL_DESIGN_GEOMETRIC_PRESENTATION_REPRESENTATION (  '', ( #4125 ), #3087 ) ;
#3978 = CARTESIAN_POINT ( 'NONE',  ( -58.50077177734647194, -2.782606861923278885, 8.941911047980740435 ) ) ;
#3979 = LINE ( 'NONE', #1836, #2384 ) ;
#3980 = DIRECTION ( 'NONE',  ( -0.9396926207859114255, 0.3420201433256604973, 0.000000000000000000 ) ) ;
#3981 = ADVANCED_FACE ( 'NONE', ( #1042 ), #4208, .T. ) ;
#3982 = EDGE_LOOP ( 'NONE', ( #2576, #2988, #981, #2403 ) ) ;
#3983 = ORIENTED_EDGE ( 'NONE', *, *, #258, .F. ) ;
#3984 = ORIENTED_EDGE ( 'NONE', *, *, #1730, .F. ) ;
#3985 = CARTESIAN_POINT ( 'NONE',  ( -27.77820957447784522, 4.124933138076721129, -0.05808895201926123075 ) ) ;
#3986 = DIRECTION ( 'NONE',  ( -0.000000000000000000, -0.000000000000000000, 1.000000000000000000 ) ) ;
#3987 = FACE_OUTER_BOUND ( 'NONE', #1769, .T. ) ;
#3988 = EDGE_LOOP ( 'NONE', ( #4433, #1070, #2078, #3283 ) ) ;
#3989 = CARTESIAN_POINT ( 'NONE',  ( -14.85373485460666565, 10.90935953521671919, 3.941911047980738658 ) ) ;
#3990 = ORIENTED_EDGE ( 'NONE', *, *, #2584, .T. ) ;
#3991 = EDGE_LOOP ( 'NONE', ( #1114, #278, #1529, #1763 ) ) ;
#3992 = CARTESIAN_POINT ( 'NONE',  ( -33.50077177734647194, 2.547393138076722074, 3.941911047980738658 ) ) ;
#3993 = CARTESIAN_POINT ( 'NONE',  ( -14.58259596008282344, 4.122393138076721364, 3.941911047980738658 ) ) ;
#3994 = LINE ( 'NONE', #2640, #463 ) ;
#3995 = LINE ( 'NONE', #2221, #3851 ) ;
#3996 = CARTESIAN_POINT ( 'NONE',  ( -14.58259596008282344, 4.122393138076721364, -0.05808895201926123075 ) ) ;
#3997 = CARTESIAN_POINT ( 'NONE',  ( -36.57132547501448983, 4.122393138076720476, 3.941911047980738658 ) ) ;
#3998 = PRODUCT_RELATED_PRODUCT_CATEGORY ( 'part', '', ( #3107 ) ) ;
#3999 = DIRECTION ( 'NONE',  ( 0.3420201433256627732, 0.9396926207859105373, -0.000000000000000000 ) ) ;
#4000 = DIRECTION ( 'NONE',  ( 0.3420201433256628287, 0.9396926207859105373, 0.000000000000000000 ) ) ;
#4001 = EDGE_CURVE ( 'NONE', #2026, #1265, #1396, .T. ) ;
#4002 = VERTEX_POINT ( 'NONE', #3865 ) ;
#4003 = ORIENTED_EDGE ( 'NONE', *, *, #1629, .F. ) ;
#4004 = ORIENTED_EDGE ( 'NONE', *, *, #1492, .T. ) ;
#4005 = VECTOR ( 'NONE', #1734, 100.0000000000000000 ) ;
#4006 = VERTEX_POINT ( 'NONE', #3765 ) ;
#4007 = EDGE_CURVE ( 'NONE', #3142, #1617, #374, .T. ) ;
#4008 = ORIENTED_EDGE ( 'NONE', *, *, #696, .T. ) ;
#4009 = LINE ( 'NONE', #2603, #3674 ) ;
#4010 = EDGE_CURVE ( 'NONE', #2421, #2637, #1419, .T. ) ;
#4011 = VECTOR ( 'NONE', #821, 100.0000000000000000 ) ;
#4012 = EDGE_LOOP ( 'NONE', ( #1853, #131, #1952, #3295 ) ) ;
#4013 = LINE ( 'NONE', #4377, #4305 ) ;
#4014 = DIRECTION ( 'NONE',  ( 0.000000000000000000, 0.000000000000000000, -1.000000000000000000 ) ) ;
#4015 = DIRECTION ( 'NONE',  ( 0.000000000000000000, 0.000000000000000000, 1.000000000000000000 ) ) ;
#4016 = ORIENTED_EDGE ( 'NONE', *, *, #1198, .T. ) ;
#4017 = VECTOR ( 'NONE', #1711, 100.0000000000000000 ) ;
#4018 = ORIENTED_EDGE ( 'NONE', *, *, #1656, .F. ) ;
#4019 = FACE_OUTER_BOUND ( 'NONE', #274, .T. ) ;
#4020 = EDGE_CURVE ( 'NONE', #4442, #2014, #2042, .T. ) ;
#4021 = CARTESIAN_POINT ( 'NONE',  ( -0.2134441935794206824, 2.547393138076722074, 3.941911047980738658 ) ) ;
#4022 = LINE ( 'NONE', #2933, #1628 ) ;
#4023 = LINE ( 'NONE', #1925, #3007 ) ;
#4024 = DIRECTION ( 'NONE',  ( 0.000000000000000000, -0.000000000000000000, 1.000000000000000000 ) ) ;
#4025 = ORIENTED_EDGE ( 'NONE', *, *, #527, .F. ) ;
#4026 = ORIENTED_EDGE ( 'NONE', *, *, #3173, .F. ) ;
#4027 = VERTEX_POINT ( 'NONE', #2362 ) ;
#4028 = EDGE_LOOP ( 'NONE', ( #2663, #531, #810, #744 ) ) ;
#4029 = ORIENTED_EDGE ( 'NONE', *, *, #1884, .F. ) ;
#4030 = EDGE_LOOP ( 'NONE', ( #878, #873, #1809, #3016 ) ) ;
#4031 = PLANE ( 'NONE',  #1501 ) ;
#4032 = FACE_OUTER_BOUND ( 'NONE', #4504, .T. ) ;
#4033 = LINE ( 'NONE', #4432, #1732 ) ;
#4034 = ORIENTED_EDGE ( 'NONE', *, *, #2344, .F. ) ;
#4035 = AXIS2_PLACEMENT_3D ( 'NONE', #250, #3847, #3867 ) ;
#4036 = ORIENTED_EDGE ( 'NONE', *, *, #2943, .F. ) ;
#4037 = CARTESIAN_POINT ( 'NONE',  ( 14.00497267052211470, 4.124933138076721129, -0.05808895201926123075 ) ) ;
#4038 = CARTESIAN_POINT ( 'NONE',  ( -16.78171081508282469, 4.122393138076722252, -0.05808895201926123075 ) ) ;
#4039 = DIRECTION ( 'NONE',  ( 0.3420201433256627732, 0.9396926207859105373, -0.000000000000000000 ) ) ;
#4040 = DIRECTION ( 'NONE',  ( -1.000000000000000000, -0.000000000000000000, -0.000000000000000000 ) ) ;
#4041 = DIRECTION ( 'NONE',  ( 0.000000000000000000, 0.000000000000000000, -1.000000000000000000 ) ) ;
#4042 = VECTOR ( 'NONE', #1359, 100.0000000000000000 ) ;
#4043 = AXIS2_PLACEMENT_3D ( 'NONE', #991, #2382, #3217 ) ;
#4044 = ORIENTED_EDGE ( 'NONE', *, *, #3679, .T. ) ;
#4045 = ORIENTED_EDGE ( 'NONE', *, *, #1410, .T. ) ;
#4046 = ORIENTED_EDGE ( 'NONE', *, *, #1274, .F. ) ;
#4047 = CARTESIAN_POINT ( 'NONE',  ( -12.83395572021511732, 4.124933138076721129, -0.05808895201926123075 ) ) ;
#4048 = VECTOR ( 'NONE', #3302, 100.0000000000000000 ) ;
#4049 = ORIENTED_EDGE ( 'NONE', *, *, #3419, .F. ) ;
#4050 = PLANE ( 'NONE',  #4117 ) ;
#4051 = ORIENTED_EDGE ( 'NONE', *, *, #1411, .T. ) ;
#4052 = VECTOR ( 'NONE', #52, 100.0000000000000000 ) ;
#4053 = EDGE_CURVE ( 'NONE', #3323, #1716, #633, .T. ) ;
#4054 = EDGE_LOOP ( 'NONE', ( #2061, #1089, #208, #1648 ) ) ;
#4055 = VECTOR ( 'NONE', #1838, 100.0000000000000000 ) ;
#4056 = EDGE_CURVE ( 'NONE', #3706, #1767, #2736, .T. ) ;
#4057 = VECTOR ( 'NONE', #870, 100.0000000000000000 ) ;
#4058 = ORIENTED_EDGE ( 'NONE', *, *, #4175, .F. ) ;
#4059 = ADVANCED_FACE ( 'NONE', ( #4491 ), #4140, .F. ) ;
#4060 = EDGE_CURVE ( 'NONE', #2946, #4280, #2758, .T. ) ;
#4061 = AXIS2_PLACEMENT_3D ( 'NONE', #806, #1897, #1172 ) ;
#4062 = ORIENTED_EDGE ( 'NONE', *, *, #1138, .T. ) ;
#4063 = VECTOR ( 'NONE', #3560, 100.0000000000000142 ) ;
#4064 = DIRECTION ( 'NONE',  ( -0.000000000000000000, -0.000000000000000000, 1.000000000000000000 ) ) ;
#4065 = LINE ( 'NONE', #915, #1874 ) ;
#4066 = DIRECTION ( 'NONE',  ( 0.3420201433256628287, 0.9396926207859105373, 0.000000000000000000 ) ) ;
#4067 = CARTESIAN_POINT ( 'NONE',  ( -23.83045447961014318, 4.122393138076720476, 3.941911047980738658 ) ) ;
#4068 = ORIENTED_EDGE ( 'NONE', *, *, #1271, .F. ) ;
#4069 = ADVANCED_FACE ( 'NONE', ( #391 ), #4165, .T. ) ;
#4070 = ORIENTED_EDGE ( 'NONE', *, *, #1752, .T. ) ;
#4071 = ORIENTED_EDGE ( 'NONE', *, *, #4198, .T. ) ;
#4072 = CARTESIAN_POINT ( 'NONE',  ( 16.20408752552210885, 4.124933138076721129, -0.05808895201926123075 ) ) ;
#4073 = ORIENTED_EDGE ( 'NONE', *, *, #351, .T. ) ;
#4074 = EDGE_LOOP ( 'NONE', ( #3062, #4122, #3036, #967 ) ) ;
#4075 = VERTEX_POINT ( 'NONE', #3072 ) ;
#4076 = ORIENTED_EDGE ( 'NONE', *, *, #1978, .T. ) ;
#4077 = DIRECTION ( 'NONE',  ( 1.000000000000000000, -0.000000000000000000, -0.000000000000000000 ) ) ;
#4078 = DIRECTION ( 'NONE',  ( 0.000000000000000000, 0.000000000000000000, -1.000000000000000000 ) ) ;
#4079 = EDGE_CURVE ( 'NONE', #904, #1844, #2415, .T. ) ;
#4080 = UNCERTAINTY_MEASURE_WITH_UNIT (LENGTH_MEASURE( 1.000000000000000082E-05 ), #1090, 'distance_accuracy_value', 'NONE');
#4081 = VERTEX_POINT ( 'NONE', #1331 ) ;
#4082 = EDGE_CURVE ( 'NONE', #3416, #4143, #994, .T. ) ;
#4083 = VECTOR ( 'NONE', #820, 100.0000000000000000 ) ;
#4084 = ORIENTED_EDGE ( 'NONE', *, *, #2793, .F. ) ;
#4085 = FACE_OUTER_BOUND ( 'NONE', #4209, .T. ) ;
#4086 = DIRECTION ( 'NONE',  ( 0.3420201433256628287, 0.9396926207859105373, 0.000000000000000000 ) ) ;
#4087 = DIRECTION ( 'NONE',  ( 0.000000000000000000, 0.000000000000000000, 1.000000000000000000 ) ) ;
#4088 = VECTOR ( 'NONE', #4520, 100.0000000000000000 ) ;
#4089 = CARTESIAN_POINT ( 'NONE',  ( 2.559848264784869709, 4.124933138076721129, -0.05808895201926123075 ) ) ;
#4090 = CARTESIAN_POINT ( 'NONE',  ( -3.587021685082830480, 4.122393138076720476, -0.05808895201926123075 ) ) ;
#4091 = DIRECTION ( 'NONE',  ( 0.3420201433256627732, -0.9396926207859105373, 0.000000000000000000 ) ) ;
#4092 = ORIENTED_EDGE ( 'NONE', *, *, #1468, .T. ) ;
#4093 = ORIENTED_EDGE ( 'NONE', *, *, #1002, .T. ) ;
#4094 = ORIENTED_EDGE ( 'NONE', *, *, #1946, .F. ) ;
#4095 = LINE ( 'NONE', #2762, #3518 ) ;
#4096 = LINE ( 'NONE', #1555, #2098 ) ;
#4097 = ORIENTED_EDGE ( 'NONE', *, *, #1888, .F. ) ;
#4098 = VERTEX_POINT ( 'NONE', #3792 ) ;
#4099 = CARTESIAN_POINT ( 'NONE',  ( 15.75361291038981904, 4.122393138076720476, 3.941911047980738658 ) ) ;
#4100 = EDGE_LOOP ( 'NONE', ( #210, #1234, #4044, #406 ) ) ;
#4101 = CARTESIAN_POINT ( 'NONE',  ( 15.75453739478485637, 4.124933138076721129, -0.05808895201926123075 ) ) ;
#4102 = EDGE_CURVE ( 'NONE', #2828, #479, #1724, .T. ) ;
#4103 = DIRECTION ( 'NONE',  ( 0.000000000000000000, 0.000000000000000000, 1.000000000000000000 ) ) ;
#4104 = FACE_OUTER_BOUND ( 'NONE', #2260, .T. ) ;
#4105 = EDGE_CURVE ( 'NONE', #2045, #2317, #2845, .T. ) ;
#4106 = ORIENTED_EDGE ( 'NONE', *, *, #1942, .F. ) ;
#4107 = LINE ( 'NONE', #345, #4495 ) ;
#4108 = LINE ( 'NONE', #3022, #1947 ) ;
#4109 = CARTESIAN_POINT ( 'NONE',  ( 16.20408752552210885, 4.124933138076721129, -0.05808895201926123075 ) ) ;
#4110 = LINE ( 'NONE', #1721, #2764 ) ;
#4111 = EDGE_CURVE ( 'NONE', #3465, #2317, #3579, .T. ) ;
#4112 = ORIENTED_EDGE ( 'NONE', *, *, #398, .T. ) ;
#4113 = EDGE_CURVE ( 'NONE', #225, #4515, #4250, .T. ) ;
#4114 = VERTEX_POINT ( 'NONE', #2551 ) ;
#4115 = LINE ( 'NONE', #3768, #2770 ) ;
#4116 = VERTEX_POINT ( 'NONE', #2863 ) ;
#4117 = AXIS2_PLACEMENT_3D ( 'NONE', #1474, #465, #901 ) ;
#4118 = EDGE_CURVE ( 'NONE', #2717, #1465, #93, .T. ) ;
#4119 = AXIS2_PLACEMENT_3D ( 'NONE', #2667, #3461, #293 ) ;
#4120 = CARTESIAN_POINT ( 'NONE',  ( -20.00547788857940290, 2.547393138076722074, -0.05808895201926123075 ) ) ;
#4121 = PLANE ( 'NONE',  #3324 ) ;
#4122 = ORIENTED_EDGE ( 'NONE', *, *, #505, .F. ) ;
#4123 = ORIENTED_EDGE ( 'NONE', *, *, #640, .T. ) ;
#4124 = CARTESIAN_POINT ( 'NONE',  ( -33.20016701857939267, 2.547393138076722074, -0.05808895201926123075 ) ) ;
#4125 = STYLED_ITEM ( 'NONE', ( #979 ), #1364 ) ;
#4126 = VERTEX_POINT ( 'NONE', #1171 ) ;
#4127 = VECTOR ( 'NONE', #2249, 100.0000000000000000 ) ;
#4128 = ORIENTED_EDGE ( 'NONE', *, *, #1683, .T. ) ;
#4129 = CARTESIAN_POINT ( 'NONE',  ( 8.583015226420576127, 2.547393138076722074, 3.941911047980738658 ) ) ;
#4130 = FACE_OUTER_BOUND ( 'NONE', #3988, .T. ) ;
#4131 = LINE ( 'NONE', #985, #467 ) ;
#4132 = CARTESIAN_POINT ( 'NONE',  ( -50.78340971830609618, 2.547393138076722963, -2.301730293121226900 ) ) ;
#4133 = DIRECTION ( 'NONE',  ( -1.000000000000000000, 0.000000000000000000, 0.000000000000000000 ) ) ;
#4134 = PLANE ( 'NONE',  #4043 ) ;
#4135 = EDGE_CURVE ( 'NONE', #1918, #4231, #414, .T. ) ;
#4136 = DIRECTION ( 'NONE',  ( -0.000000000000000000, -0.000000000000000000, 1.000000000000000000 ) ) ;
#4137 = VECTOR ( 'NONE', #672, 100.0000000000000000 ) ;
#4138 = VERTEX_POINT ( 'NONE', #785 ) ;
#4139 = FACE_OUTER_BOUND ( 'NONE', #2309, .T. ) ;
#4140 = PLANE ( 'NONE',  #2718 ) ;
#4141 = DIRECTION ( 'NONE',  ( -1.000000000000000000, 0.000000000000000000, 0.000000000000000000 ) ) ;
#4142 = EDGE_CURVE ( 'NONE', #4422, #2890, #2220, .T. ) ;
#4143 = VERTEX_POINT ( 'NONE', #491 ) ;
#4144 = FACE_OUTER_BOUND ( 'NONE', #3126, .T. ) ;
#4145 = EDGE_CURVE ( 'NONE', #111, #1210, #3242, .T. ) ;
#4146 = FACE_OUTER_BOUND ( 'NONE', #921, .T. ) ;
#4147 = ORIENTED_EDGE ( 'NONE', *, *, #12, .T. ) ;
#4148 = EDGE_CURVE ( 'NONE', #2288, #2583, #3182, .T. ) ;
#4149 = ORIENTED_EDGE ( 'NONE', *, *, #3515, .F. ) ;
#4150 = VERTEX_POINT ( 'NONE', #1500 ) ;
#4151 = LINE ( 'NONE', #362, #132 ) ;
#4152 = LINE ( 'NONE', #4101, #2401 ) ;
#4153 = EDGE_CURVE ( 'NONE', #2810, #724, #152, .T. ) ;
#4154 = DIRECTION ( 'NONE',  ( 0.000000000000000000, 0.000000000000000000, -1.000000000000000000 ) ) ;
#4155 = CARTESIAN_POINT ( 'NONE',  ( -13.40813332357940979, 2.547393138076722074, -0.05808895201926123075 ) ) ;
#4156 = ORIENTED_EDGE ( 'NONE', *, *, #3127, .F. ) ;
#4157 = LINE ( 'NONE', #2381, #2795 ) ;
#4158 = EDGE_CURVE ( 'NONE', #1716, #685, #2486, .T. ) ;
#4159 = VECTOR ( 'NONE', #1688, 100.0000000000000000 ) ;
#4160 = DIRECTION ( 'NONE',  ( -0.3420201433256628287, 0.9396926207859105373, 0.000000000000000000 ) ) ;
#4161 = LINE ( 'NONE', #2438, #1776 ) ;
#4162 = ORIENTED_EDGE ( 'NONE', *, *, #3574, .T. ) ;
#4163 = EDGE_LOOP ( 'NONE', ( #2534, #1789, #4313, #3358 ) ) ;
#4164 = AXIS2_PLACEMENT_3D ( 'NONE', #605, #2752, #1992 ) ;
#4165 = PLANE ( 'NONE',  #3826 ) ;
#4166 = ORIENTED_EDGE ( 'NONE', *, *, #2227, .F. ) ;
#4167 = DIRECTION ( 'NONE',  ( 1.000000000000000000, -0.000000000000000000, -0.000000000000000000 ) ) ;
#4168 = LINE ( 'NONE', #3064, #2295 ) ;
#4169 = LINE ( 'NONE', #688, #3220 ) ;
#4170 = DIRECTION ( 'NONE',  ( 0.000000000000000000, 0.000000000000000000, 1.000000000000000000 ) ) ;
#4171 = VECTOR ( 'NONE', #3074, 100.0000000000000000 ) ;
#4172 = ORIENTED_EDGE ( 'NONE', *, *, #4386, .F. ) ;
#4173 = EDGE_CURVE ( 'NONE', #2424, #366, #3951, .T. ) ;
#4174 = EDGE_CURVE ( 'NONE', #1241, #2676, #1481, .T. ) ;
#4175 = EDGE_CURVE ( 'NONE', #3421, #3155, #3203, .T. ) ;
#4176 = VERTEX_POINT ( 'NONE', #1085 ) ;
#4177 = CARTESIAN_POINT ( 'NONE',  ( -21.63133962461014548, 4.122393138076720476, -0.05808895201926123075 ) ) ;
#4178 = CARTESIAN_POINT ( 'NONE',  ( -29.40314682611355224, 2.547393138076722074, 3.941911047980738658 ) ) ;
#4179 = LINE ( 'NONE', #1319, #252 ) ;
#4180 = PLANE ( 'NONE',  #1907 ) ;
#4181 = LINE ( 'NONE', #2435, #4303 ) ;
#4182 = CARTESIAN_POINT ( 'NONE',  ( -23.37905538008281781, 4.122393138076720476, -0.05808895201926123075 ) ) ;
#4183 = FACE_OUTER_BOUND ( 'NONE', #691, .T. ) ;
#4184 = ORIENTED_EDGE ( 'NONE', *, *, #3397, .T. ) ;
#4185 = CARTESIAN_POINT ( 'NONE',  ( 16.20501200991714796, 4.122393138076720476, -0.05808895201926123075 ) ) ;
#4186 = ORIENTED_EDGE ( 'NONE', *, *, #2120, .T. ) ;
#4187 = CARTESIAN_POINT ( 'NONE',  ( -32.17551480008280862, 4.122393138076720476, 3.941911047980738658 ) ) ;
#4188 = VERTEX_POINT ( 'NONE', #1456 ) ;
#4189 = CARTESIAN_POINT ( 'NONE',  ( 0.8102835405221275877, 4.124933138076721129, -0.05808895201926123075 ) ) ;
#4190 = CARTESIAN_POINT ( 'NONE',  ( -8.436650494610159257, 4.122393138076720476, -0.05808895201926123075 ) ) ;
#4191 = ORIENTED_EDGE ( 'NONE', *, *, #2024, .F. ) ;
#4192 = VECTOR ( 'NONE', #2959, 100.0000000000000000 ) ;
#4193 = VECTOR ( 'NONE', #4285, 100.0000000000000000 ) ;
#4194 = VECTOR ( 'NONE', #2200, 100.0000000000000000 ) ;
#4195 = VERTEX_POINT ( 'NONE', #4271 ) ;
#4196 = DIRECTION ( 'NONE',  ( 0.3420201433256627732, -0.9396926207859105373, 0.000000000000000000 ) ) ;
#4197 = VECTOR ( 'NONE', #2633, 100.0000000000000000 ) ;
#4198 = EDGE_CURVE ( 'NONE', #4388, #1047, #804, .T. ) ;
#4199 = ADVANCED_FACE ( 'NONE', ( #3908 ), #2886, .F. ) ;
#4200 = CARTESIAN_POINT ( 'NONE',  ( 6.957153490389822892, 4.122393138076720476, -0.05808895201926123075 ) ) ;
#4201 = DIRECTION ( 'NONE',  ( 0.000000000000000000, 1.000000000000000000, 0.000000000000000000 ) ) ;
#4202 = ORIENTED_EDGE ( 'NONE', *, *, #223, .T. ) ;
#4203 = CARTESIAN_POINT ( 'NONE',  ( -33.50077177734647194, 0.4223931380767216304, 3.941911047980738658 ) ) ;
#4204 = CARTESIAN_POINT ( 'NONE',  ( -26.02864485021510532, 4.124933138076721129, -0.05808895201926123075 ) ) ;
#4205 = CARTESIAN_POINT ( 'NONE',  ( -35.99807235604522759, 2.547393138076722074, -0.05808895201926123075 ) ) ;
#4206 = LINE ( 'NONE', #3761, #2394 ) ;
#4207 = ORIENTED_EDGE ( 'NONE', *, *, #203, .F. ) ;
#4208 = PLANE ( 'NONE',  #2495 ) ;
#4209 = EDGE_LOOP ( 'NONE', ( #521, #2318, #1119, #181 ) ) ;
#4210 = LINE ( 'NONE', #1856, #1781 ) ;
#4211 = DIRECTION ( 'NONE',  ( -0.3420201433256663259, 0.9396926207859093161, 0.000000000000000000 ) ) ;
#4212 = VECTOR ( 'NONE', #826, 100.0000000000000000 ) ;
#4213 = ORIENTED_EDGE ( 'NONE', *, *, #860, .T. ) ;
#4214 = ORIENTED_EDGE ( 'NONE', *, *, #1358, .F. ) ;
#4215 = AXIS2_PLACEMENT_3D ( 'NONE', #849, #1196, #567 ) ;
#4216 = LINE ( 'NONE', #1404, #2695 ) ;
#4217 = ORIENTED_EDGE ( 'NONE', *, *, #2002, .T. ) ;
#4218 = DIRECTION ( 'NONE',  ( 1.000000000000000000, -0.000000000000000000, -0.000000000000000000 ) ) ;
#4219 = VECTOR ( 'NONE', #1860, 100.0000000000000000 ) ;
#4220 = ADVANCED_FACE ( 'NONE', ( #3531 ), #1790, .F. ) ;
#4221 = ORIENTED_EDGE ( 'NONE', *, *, #1619, .T. ) ;
#4222 = PLANE ( 'NONE',  #1156 ) ;
#4223 = FACE_OUTER_BOUND ( 'NONE', #643, .T. ) ;
#4224 = DIRECTION ( 'NONE',  ( 0.000000000000000000, -0.000000000000000000, 1.000000000000000000 ) ) ;
#4225 = PLANE ( 'NONE',  #2020 ) ;
#4226 = ORIENTED_EDGE ( 'NONE', *, *, #284, .F. ) ;
#4227 = VERTEX_POINT ( 'NONE', #2180 ) ;
#4229 = EDGE_CURVE ( 'NONE', #366, #1844, #1895, .T. ) ;
#4228 = LINE ( 'NONE', #1377, #1800 ) ;
#4230 = AXIS2_PLACEMENT_3D ( 'NONE', #1787, #1808, #3179 ) ;
#4231 = VERTEX_POINT ( 'NONE', #1191 ) ;
#4232 = PLANE ( 'NONE',  #3896 ) ;
#4233 = AXIS2_PLACEMENT_3D ( 'NONE', #3258, #4506, #600 ) ;
#4234 = ORIENTED_EDGE ( 'NONE', *, *, #4330, .T. ) ;
#4235 = LINE ( 'NONE', #2830, #4088 ) ;
#4236 = VECTOR ( 'NONE', #3635, 100.0000000000000000 ) ;
#4237 = LINE ( 'NONE', #3517, #4017 ) ;
#4238 = SURFACE_SIDE_STYLE ('',( #1074 ) ) ;
#4239 = ORIENTED_EDGE ( 'NONE', *, *, #351, .F. ) ;
#4240 = CARTESIAN_POINT ( 'NONE',  ( -20.00547788857940290, 2.547393138076722074, -0.05808895201926123075 ) ) ;
#4241 = DIRECTION ( 'NONE',  ( 1.000000000000000000, -0.000000000000000000, -0.000000000000000000 ) ) ;
#4242 = CARTESIAN_POINT ( 'NONE',  ( -35.99807235604522759, 2.547393138076722074, -0.05808895201926123075 ) ) ;
#4243 = DIRECTION ( 'NONE',  ( -0.3420201433256604417, -0.9396926207859113145, 0.000000000000000000 ) ) ;
#4244 = LINE ( 'NONE', #1077, #1223 ) ;
#4245 = EDGE_CURVE ( 'NONE', #2004, #1332, #540, .T. ) ;
#4246 = ORIENTED_EDGE ( 'NONE', *, *, #3968, .T. ) ;
#4247 = ORIENTED_EDGE ( 'NONE', *, *, #2365, .T. ) ;
#4248 = EDGE_CURVE ( 'NONE', #3949, #2462, #3285, .T. ) ;
#4249 = DIRECTION ( 'NONE',  ( 0.000000000000000000, -1.000000000000000000, 0.000000000000000000 ) ) ;
#4250 = LINE ( 'NONE', #3262, #3893 ) ;
#4251 = CARTESIAN_POINT ( 'NONE',  ( -37.02272457454181875, 4.122393138076720476, 3.941911047980738658 ) ) ;
#4252 = VERTEX_POINT ( 'NONE', #1213 ) ;
#4253 = LINE ( 'NONE', #2489, #2057 ) ;
#4254 = ADVANCED_FACE ( 'NONE', ( #3709 ), #1543, .F. ) ;
#4255 = EDGE_CURVE ( 'NONE', #1650, #1047, #2242, .T. ) ;
#4256 = ORIENTED_EDGE ( 'NONE', *, *, #3515, .T. ) ;
#4257 = EDGE_CURVE ( 'NONE', #2021, #3654, #4436, .T. ) ;
#4258 = EDGE_CURVE ( 'NONE', #3373, #2462, #566, .T. ) ;
#4259 = VECTOR ( 'NONE', #4160, 100.0000000000000142 ) ;
#4260 = DIRECTION ( 'NONE',  ( 0.000000000000000000, -0.000000000000000000, 1.000000000000000000 ) ) ;
#4261 = CARTESIAN_POINT ( 'NONE',  ( 16.49922822265352806, 0.4223931380767216304, -0.05808895201926123075 ) ) ;
#4262 = AXIS2_PLACEMENT_3D ( 'NONE', #1835, #394, #3581 ) ;
#4263 = AXIS2_PLACEMENT_3D ( 'NONE', #868, #2289, #1920 ) ;
#4264 = CARTESIAN_POINT ( 'NONE',  ( -4.038420784610163849, 4.122393138076720476, 3.941911047980738658 ) ) ;
#4265 = LINE ( 'NONE', #4203, #1368 ) ;
#4266 = DIRECTION ( 'NONE',  ( 0.000000000000000000, -0.000000000000000000, 1.000000000000000000 ) ) ;
#4267 = CARTESIAN_POINT ( 'NONE',  ( -32.17551480008280862, 4.122393138076720476, -0.05808895201926123075 ) ) ;
#4268 = FACE_OUTER_BOUND ( 'NONE', #3351, .T. ) ;
#4269 = DIRECTION ( 'NONE',  ( 0.000000000000000000, -0.000000000000000000, 1.000000000000000000 ) ) ;
#4270 = EDGE_LOOP ( 'NONE', ( #4004, #182, #3823, #4372 ) ) ;
#4271 = CARTESIAN_POINT ( 'NONE',  ( 16.49922822265352806, 0.4223931380767216304, 3.941911047980738658 ) ) ;
#4272 = AXIS2_PLACEMENT_3D ( 'NONE', #1018, #3407, #2039 ) ;
#4273 = DIRECTION ( 'NONE',  ( -0.000000000000000000, -0.000000000000000000, 1.000000000000000000 ) ) ;
#4274 = ADVANCED_FACE ( 'NONE', ( #4357 ), #2311, .F. ) ;
#4275 = CARTESIAN_POINT ( 'NONE',  ( -35.95759937156999797, 13.08749586692022326, -2.301730293121226900 ) ) ;
#4276 = LINE ( 'NONE', #4296, #3636 ) ;
#4277 = DIRECTION ( 'NONE',  ( -0.3420201433256604417, -0.9396926207859113145, 0.000000000000000000 ) ) ;
#4278 = ORIENTED_EDGE ( 'NONE', *, *, #937, .F. ) ;
#4279 = VERTEX_POINT ( 'NONE', #2612 ) ;
#4280 = VERTEX_POINT ( 'NONE', #512 ) ;
#4281 = CARTESIAN_POINT ( 'NONE',  ( -36.57132547501448983, 4.122393138076720476, -2.301730293121226900 ) ) ;
#4282 = EDGE_CURVE ( 'NONE', #4334, #375, #2990, .T. ) ;
#4283 = AXIS2_PLACEMENT_3D ( 'NONE', #3787, #607, #2038 ) ;
#4284 = LINE ( 'NONE', #838, #2538 ) ;
#4285 = DIRECTION ( 'NONE',  ( 0.3420201433256627732, 0.9396926207859105373, -0.000000000000000000 ) ) ;
#4286 = LINE ( 'NONE', #1182, #2139 ) ;
#4287 = CARTESIAN_POINT ( 'NONE',  ( 5.209437734917160334, 4.122393138076722252, -0.05808895201926123075 ) ) ;
#4288 = CARTESIAN_POINT ( 'NONE',  ( 9.156268345389829477, 4.122393138076718699, -0.05808895201926123075 ) ) ;
#4289 = CARTESIAN_POINT ( 'NONE',  ( -33.50077177734647194, 4.122393138076720476, -0.05808895201926123075 ) ) ;
#4290 = ORIENTED_EDGE ( 'NONE', *, *, #4426, .T. ) ;
#4291 = VECTOR ( 'NONE', #1704, 100.0000000000000000 ) ;
#4292 = CARTESIAN_POINT ( 'NONE',  ( -60.50077177734647194, 7.217393138076719339, -5.058088952019261342 ) ) ;
#4293 = CARTESIAN_POINT ( 'NONE',  ( -26.02864485021510532, 4.124933138076721129, -0.05808895201926123075 ) ) ;
#4294 = CARTESIAN_POINT ( 'NONE',  ( -33.50077177734647194, 4.122393138076720476, -0.05808895201926123075 ) ) ;
#4295 = CARTESIAN_POINT ( 'NONE',  ( -1.387906830082835663, 4.122393138076719588, 3.941911047980738658 ) ) ;
#4296 = CARTESIAN_POINT ( 'NONE',  ( 2.558923780389832370, 4.122393138076720476, -0.05808895201926123075 ) ) ;
#4297 = VERTEX_POINT ( 'NONE', #2290 ) ;
#4298 = VECTOR ( 'NONE', #2380, 100.0000000000000000 ) ;
#4299 = ORIENTED_EDGE ( 'NONE', *, *, #3091, .T. ) ;
#4300 = LINE ( 'NONE', #3612, #4192 ) ;
#4301 = DIRECTION ( 'NONE',  ( 0.000000000000000000, 1.000000000000000000, -0.000000000000000000 ) ) ;
#4302 = ORIENTED_EDGE ( 'NONE', *, *, #2907, .F. ) ;
#4303 = VECTOR ( 'NONE', #85, 100.0000000000000000 ) ;
#4304 = ADVANCED_FACE ( 'NONE', ( #4019 ), #2336, .F. ) ;
#4305 = VECTOR ( 'NONE', #4328, 100.0000000000000000 ) ;
#4306 = LINE ( 'NONE', #1162, #4529 ) ;
#4307 = PLANE ( 'NONE',  #2208 ) ;
#4308 = VECTOR ( 'NONE', #3253, 100.0000000000000000 ) ;
#4309 = MECHANICAL_DESIGN_GEOMETRIC_PRESENTATION_REPRESENTATION (  '', ( #2698 ), #1817 ) ;
#4310 = CARTESIAN_POINT ( 'NONE',  ( -9.009903613579414383, 2.547393138076722074, -0.05808895201926123075 ) ) ;
#4311 = CARTESIAN_POINT ( 'NONE',  ( -47.56085216234367863, 4.122393138076720476, -2.301730293121226900 ) ) ;
#4312 = FACE_OUTER_BOUND ( 'NONE', #2645, .T. ) ;
#4313 = ORIENTED_EDGE ( 'NONE', *, *, #2429, .F. ) ;
#4314 = CARTESIAN_POINT ( 'NONE',  ( -49.18550438084025700, 2.547393138076722963, -2.301730293121226900 ) ) ;
#4315 = CARTESIAN_POINT ( 'NONE',  ( 1.985670661420579908, 2.547393138076722074, 3.941911047980738658 ) ) ;
#4316 = FACE_OUTER_BOUND ( 'NONE', #2135, .T. ) ;
#4317 = CARTESIAN_POINT ( 'NONE',  ( -44.78969370590857579, 2.547393138076722963, -2.301730293121226900 ) ) ;
#4318 = CARTESIAN_POINT ( 'NONE',  ( -4.037496300215126510, 4.124933138076721129, -0.05808895201926123075 ) ) ;
#4319 = ORIENTED_EDGE ( 'NONE', *, *, #27, .T. ) ;
#4320 = VERTEX_POINT ( 'NONE', #2265 ) ;
#4321 = ORIENTED_EDGE ( 'NONE', *, *, #1099, .F. ) ;
#4322 = CARTESIAN_POINT ( 'NONE',  ( 2.559848264784869709, 4.124933138076721129, 3.941911047980738658 ) ) ;
#4323 = LINE ( 'NONE', #2896, #2893 ) ;
#4324 = DIRECTION ( 'NONE',  ( 0.000000000000000000, -1.000000000000000000, -0.000000000000000000 ) ) ;
#4325 = VECTOR ( 'NONE', #112, 100.0000000000000000 ) ;
#4326 = ADVANCED_FACE ( 'NONE', ( #1967 ), #604, .F. ) ;
#4327 = ORIENTED_EDGE ( 'NONE', *, *, #2081, .F. ) ;
#4328 = DIRECTION ( 'NONE',  ( 0.3420201433256627732, -0.9396926207859105373, 0.000000000000000000 ) ) ;
#4329 = VECTOR ( 'NONE', #2225, 100.0000000000000000 ) ;
#4330 = EDGE_CURVE ( 'NONE', #4297, #1417, #266, .T. ) ;
#4331 = ORIENTED_EDGE ( 'NONE', *, *, #2786, .F. ) ;
#4332 = AXIS2_PLACEMENT_3D ( 'NONE', #3021, #4484, #2730 ) ;
#4333 = EDGE_CURVE ( 'NONE', #1287, #3373, #1235, .T. ) ;
#4334 = VERTEX_POINT ( 'NONE', #4038 ) ;
#4335 = PLANE ( 'NONE',  #3604 ) ;
#4336 = LINE ( 'NONE', #890, #1395 ) ;
#4337 = DIRECTION ( 'NONE',  ( 0.3420201433256628287, -0.9396926207859105373, 0.000000000000000000 ) ) ;
#4338 = FACE_OUTER_BOUND ( 'NONE', #3165, .T. ) ;
#4339 = DIRECTION ( 'NONE',  ( -1.000000000000000000, -0.000000000000000000, -0.000000000000000000 ) ) ;
#4340 = CARTESIAN_POINT ( 'NONE',  ( -51.38340971830609760, 2.547393138076722074, 3.941911047980738658 ) ) ;
#4341 = FACE_OUTER_BOUND ( 'NONE', #416, .T. ) ;
#4342 = VECTOR ( 'NONE', #2149, 100.0000000000000000 ) ;
#4343 = CARTESIAN_POINT ( 'NONE',  ( -58.50077177734647194, 0.4223931380767216304, 3.941911047980738658 ) ) ;
#4344 = PLANE ( 'NONE',  #3185 ) ;
#4345 = CARTESIAN_POINT ( 'NONE',  ( 2.558923780389832370, 4.122393138076718699, 3.941911047980738658 ) ) ;
#4346 = ORIENTED_EDGE ( 'NONE', *, *, #3048, .T. ) ;
#4347 = AXIS2_PLACEMENT_3D ( 'NONE', #1693, #4462, #2089 ) ;
#4348 = ORIENTED_EDGE ( 'NONE', *, *, #4397, .F. ) ;
#4349 = PLANE ( 'NONE',  #2681 ) ;
#4350 = EDGE_CURVE ( 'NONE', #2462, #1158, #4336, .T. ) ;
#4351 = VERTEX_POINT ( 'NONE', #3993 ) ;
#4352 = DIRECTION ( 'NONE',  ( 0.000000000000000000, 0.000000000000000000, -1.000000000000000000 ) ) ;
#4353 = PLANE ( 'NONE',  #623 ) ;
#4354 = ORIENTED_EDGE ( 'NONE', *, *, #1084, .F. ) ;
#4355 = ORIENTED_EDGE ( 'NONE', *, *, #4113, .F. ) ;
#4356 = DIRECTION ( 'NONE',  ( -0.3420201433256633838, 0.9396926207859103153, 0.000000000000000000 ) ) ;
#4357 = FACE_OUTER_BOUND ( 'NONE', #1583, .T. ) ;
#4358 = CARTESIAN_POINT ( 'NONE',  ( -42.59178836844274230, 2.547393138076722963, -2.301730293121226900 ) ) ;
#4359 = LINE ( 'NONE', #156, #4057 ) ;
#4360 = DIRECTION ( 'NONE',  ( -1.000000000000000000, 0.000000000000000000, 0.000000000000000000 ) ) ;
#4361 = CARTESIAN_POINT ( 'NONE',  ( -33.50077177734647194, 4.122393138076720476, -0.05808895201926123075 ) ) ;
#4362 = CARTESIAN_POINT ( 'NONE',  ( -33.50077177734647194, 4.122393138076720476, -0.05808895201926123075 ) ) ;
#4363 = LINE ( 'NONE', #3382, #3015 ) ;
#4364 = EDGE_CURVE ( 'NONE', #285, #1222, #1258, .T. ) ;
#4365 = ORIENTED_EDGE ( 'NONE', *, *, #2710, .F. ) ;
#4367 = ORIENTED_EDGE ( 'NONE', *, *, #1683, .F. ) ;
#4366 = EDGE_CURVE ( 'NONE', #1241, #1206, #1586, .T. ) ;
#4368 = ORIENTED_EDGE ( 'NONE', *, *, #2205, .F. ) ;
#4369 = AXIS2_PLACEMENT_3D ( 'NONE', #759, #3414, #3525 ) ;
#4370 = ORIENTED_EDGE ( 'NONE', *, *, #1978, .F. ) ;
#4371 = CARTESIAN_POINT ( 'NONE',  ( -18.98082567008281885, 4.122393138076720476, -0.05808895201926123075 ) ) ;
#4372 = ORIENTED_EDGE ( 'NONE', *, *, #2920, .T. ) ;
#4373 = AXIS2_PLACEMENT_3D ( 'NONE', #1746, #49, #2016 ) ;
#4374 = VECTOR ( 'NONE', #2195, 100.0000000000000000 ) ;
#4375 = VECTOR ( 'NONE', #4407, 100.0000000000000000 ) ;
#4376 = ORIENTED_EDGE ( 'NONE', *, *, #3514, .T. ) ;
#4377 = CARTESIAN_POINT ( 'NONE',  ( -32.17643928447785129, 4.124933138076721129, -0.05808895201926123075 ) ) ;
#4378 = VECTOR ( 'NONE', #1293, 100.0000000000000000 ) ;
#4379 = ORIENTED_EDGE ( 'NONE', *, *, #4082, .F. ) ;
#4380 = DIRECTION ( 'NONE',  ( -0.000000000000000000, -0.000000000000000000, 1.000000000000000000 ) ) ;
#4381 = ORIENTED_EDGE ( 'NONE', *, *, #4102, .T. ) ;
#4382 = CARTESIAN_POINT ( 'NONE',  ( -28.80193730857939372, 2.547393138076722074, 3.941911047980738658 ) ) ;
#4383 = DIRECTION ( 'NONE',  ( -0.3420201433256604417, -0.9396926207859114255, 0.000000000000000000 ) ) ;
#4384 = CARTESIAN_POINT ( 'NONE',  ( -33.50077177734647194, 4.122393138076720476, 3.941911047980738658 ) ) ;
#4385 = CARTESIAN_POINT ( 'NONE',  ( -0.2134441935794206824, 2.547393138076722074, -0.05808895201926123075 ) ) ;
#4386 = EDGE_CURVE ( 'NONE', #2549, #2142, #3113, .T. ) ;
#4387 = LINE ( 'NONE', #1238, #2359 ) ;
#4388 = VERTEX_POINT ( 'NONE', #4531 ) ;
#4389 = ORIENTED_EDGE ( 'NONE', *, *, #2703, .F. ) ;
#4390 = VERTEX_POINT ( 'NONE', #1370 ) ;
#4391 = CARTESIAN_POINT ( 'NONE',  ( -1.839305929610163259, 4.122393138076719588, 3.941911047980738658 ) ) ;
#4392 = ADVANCED_FACE ( 'NONE', ( #291 ), #3811, .T. ) ;
#4393 = ORIENTED_EDGE ( 'NONE', *, *, #690, .F. ) ;
#4394 = ADVANCED_FACE ( 'NONE', ( #4104 ), #4180, .T. ) ;
#4395 = VERTEX_POINT ( 'NONE', #17 ) ;
#4396 = ORIENTED_EDGE ( 'NONE', *, *, #624, .T. ) ;
#4397 = EDGE_CURVE ( 'NONE', #839, #1595, #2033, .T. ) ;
#4398 = DIRECTION ( 'NONE',  ( 0.000000000000000000, -0.000000000000000000, 1.000000000000000000 ) ) ;
#4399 = VERTEX_POINT ( 'NONE', #2452 ) ;
#4400 = FACE_OUTER_BOUND ( 'NONE', #2944, .T. ) ;
#4401 = DIRECTION ( 'NONE',  ( -0.000000000000000000, -0.000000000000000000, 1.000000000000000000 ) ) ;
#4402 = VECTOR ( 'NONE', #1279, 100.0000000000000000 ) ;
#4403 = ORIENTED_EDGE ( 'NONE', *, *, #3715, .F. ) ;
#4404 = VERTEX_POINT ( 'NONE', #2775 ) ;
#4405 = DIRECTION ( 'NONE',  ( 0.3420201433256628287, 0.9396926207859105373, 0.000000000000000000 ) ) ;
#4406 = DIRECTION ( 'NONE',  ( -1.000000000000000000, 0.000000000000000000, 0.000000000000000000 ) ) ;
#4407 = DIRECTION ( 'NONE',  ( 0.3420201433256627732, 0.9396926207859105373, -0.000000000000000000 ) ) ;
#4408 = DIRECTION ( 'NONE',  ( -0.3420201433256628287, 0.9396926207859105373, 0.000000000000000000 ) ) ;
#4409 = PLANE ( 'NONE',  #1770 ) ;
#4410 = AXIS2_PLACEMENT_3D ( 'NONE', #676, #1054, #699 ) ;
#4411 = FACE_OUTER_BOUND ( 'NONE', #2333, .T. ) ;
#4412 = LINE ( 'NONE', #3314, #1045 ) ;
#4413 = CARTESIAN_POINT ( 'NONE',  ( -33.50077177734647194, 4.122393138076720476, -0.05808895201926123075 ) ) ;
#4414 = AXIS2_PLACEMENT_3D ( 'NONE', #4189, #2445, #3850 ) ;
#4415 = VERTEX_POINT ( 'NONE', #1388 ) ;
#4416 = EDGE_CURVE ( 'NONE', #2374, #3191, #1737, .T. ) ;
#4417 = ORIENTED_EDGE ( 'NONE', *, *, #3569, .T. ) ;
#4418 = COLOUR_RGB ( '',0.2980392156862745057, 0.2980392156862745057, 0.2980392156862745057 ) ;
#4419 = ORIENTED_EDGE ( 'NONE', *, *, #3656, .T. ) ;
#4420 = PLANE ( 'NONE',  #3294 ) ;
#4421 = ORIENTED_EDGE ( 'NONE', *, *, #2306, .F. ) ;
#4422 = VERTEX_POINT ( 'NONE', #3090 ) ;
#4423 = ADVANCED_FACE ( 'NONE', ( #626 ), #3756, .F. ) ;
#4424 = ORIENTED_EDGE ( 'NONE', *, *, #995, .T. ) ;
#4425 = LINE ( 'NONE', #1981, #1536 ) ;
#4426 = EDGE_CURVE ( 'NONE', #4098, #3421, #1687, .T. ) ;
#4427 = VECTOR ( 'NONE', #1861, 100.0000000000000000 ) ;
#4428 = LINE ( 'NONE', #3725, #2134 ) ;
#4429 = EDGE_CURVE ( 'NONE', #4138, #4515, #2750, .T. ) ;
#4430 = ORIENTED_EDGE ( 'NONE', *, *, #2024, .T. ) ;
#4431 = DIRECTION ( 'NONE',  ( 0.3420201433256627732, -0.9396926207859105373, 0.000000000000000000 ) ) ;
#4432 = CARTESIAN_POINT ( 'NONE',  ( -48.58550438084025558, 2.547393138076722963, -2.301730293121226900 ) ) ;
#4433 = ORIENTED_EDGE ( 'NONE', *, *, #4282, .T. ) ;
#4434 = VECTOR ( 'NONE', #1524, 100.0000000000000000 ) ;
#4435 = FACE_OUTER_BOUND ( 'NONE', #4030, .T. ) ;
#4436 = LINE ( 'NONE', #196, #3740 ) ;
#4437 = DIRECTION ( 'NONE',  ( 1.000000000000000000, -0.000000000000000000, -0.000000000000000000 ) ) ;
#4438 = CARTESIAN_POINT ( 'NONE',  ( -28.80193730857939372, 2.547393138076722074, -0.05808895201926123075 ) ) ;
#4439 = DIRECTION ( 'NONE',  ( -1.000000000000000000, -0.000000000000000000, -0.000000000000000000 ) ) ;
#4440 = EDGE_LOOP ( 'NONE', ( #76, #4446, #3558, #3105 ) ) ;
#4441 = ORIENTED_EDGE ( 'NONE', *, *, #4478, .F. ) ;
#4442 = VERTEX_POINT ( 'NONE', #1013 ) ;
#4443 = DIRECTION ( 'NONE',  ( -0.9396926207859114255, 0.3420201433256604973, 0.000000000000000000 ) ) ;
#4444 = ORIENTED_EDGE ( 'NONE', *, *, #776, .T. ) ;
#4445 = FACE_OUTER_BOUND ( 'NONE', #1622, .T. ) ;
#4446 = ORIENTED_EDGE ( 'NONE', *, *, #1801, .T. ) ;
#4447 = ORIENTED_EDGE ( 'NONE', *, *, #2031, .T. ) ;
#4448 = AXIS2_PLACEMENT_3D ( 'NONE', #1756, #3149, #1408 ) ;
#4449 = EDGE_CURVE ( 'NONE', #596, #1980, #314, .T. ) ;
#4450 = DIRECTION ( 'NONE',  ( 0.3420201433256628287, 0.9396926207859105373, 0.000000000000000000 ) ) ;
#4451 = ADVANCED_FACE ( 'NONE', ( #2010 ), #720, .F. ) ;
#4452 = VECTOR ( 'NONE', #1127, 100.0000000000000000 ) ;
#4453 = ORIENTED_EDGE ( 'NONE', *, *, #475, .T. ) ;
#4454 = VECTOR ( 'NONE', #3216, 100.0000000000000000 ) ;
#4455 = EDGE_CURVE ( 'NONE', #2041, #3492, #3499, .T. ) ;
#4456 = FACE_OUTER_BOUND ( 'NONE', #1976, .T. ) ;
#4457 = DIRECTION ( 'NONE',  ( -0.000000000000000000, -0.000000000000000000, 1.000000000000000000 ) ) ;
#4458 = DIRECTION ( 'NONE',  ( 1.000000000000000000, -0.000000000000000000, -0.000000000000000000 ) ) ;
#4459 = DIRECTION ( 'NONE',  ( 0.9396926207859105373, -0.3420201433256628287, 0.000000000000000000 ) ) ;
#4460 = CARTESIAN_POINT ( 'NONE',  ( -17.23218543021511451, 4.124933138076721129, -0.05808895201926123075 ) ) ;
#4461 = CARTESIAN_POINT ( 'NONE',  ( -11.81022798611356883, 2.547393138076722074, 3.941911047980738658 ) ) ;
#4462 = DIRECTION ( 'NONE',  ( -0.9396926207859114255, 0.3420201433256604973, 0.000000000000000000 ) ) ;
#4463 = VERTEX_POINT ( 'NONE', #3041 ) ;
#4464 = VERTEX_POINT ( 'NONE', #385 ) ;
#4465 = ORIENTED_EDGE ( 'NONE', *, *, #1352, .F. ) ;
#4466 = DIRECTION ( 'NONE',  ( 0.000000000000000000, 0.000000000000000000, 1.000000000000000000 ) ) ;
#4467 = ORIENTED_EDGE ( 'NONE', *, *, #2595, .F. ) ;
#4468 = DIRECTION ( 'NONE',  ( 0.000000000000000000, 0.000000000000000000, 1.000000000000000000 ) ) ;
#4469 = CARTESIAN_POINT ( 'NONE',  ( -3.587021685082830480, 4.122393138076720476, 3.941911047980738658 ) ) ;
#4470 = ORIENTED_EDGE ( 'NONE', *, *, #668, .F. ) ;
#4471 = ORIENTED_EDGE ( 'NONE', *, *, #3060, .T. ) ;
#4472 = SURFACE_STYLE_USAGE ( .BOTH. , #3059 ) ;
#4473 = EDGE_CURVE ( 'NONE', #168, #140, #1662, .T. ) ;
#4474 = ORIENTED_EDGE ( 'NONE', *, *, #2766, .F. ) ;
#4475 = CARTESIAN_POINT ( 'NONE',  ( -33.20016701857939267, 2.547393138076722074, -0.05808895201926123075 ) ) ;
#4476 = CARTESIAN_POINT ( 'NONE',  ( -33.50077177734647194, 4.122393138076720476, 3.941911047980738658 ) ) ;
#4477 = DIRECTION ( 'NONE',  ( 0.3420201433256627732, 0.9396926207859105373, -0.000000000000000000 ) ) ;
#4478 = EDGE_CURVE ( 'NONE', #168, #3360, #650, .T. ) ;
#4479 = EDGE_CURVE ( 'NONE', #2785, #4351, #2409, .T. ) ;
#4480 = FACE_OUTER_BOUND ( 'NONE', #2395, .T. ) ;
#4481 = CARTESIAN_POINT ( 'NONE',  ( -40.67237771994906836, -14.80353484689306498, -2.301730293121226900 ) ) ;
#4482 = VERTEX_POINT ( 'NONE', #2060 ) ;
#4483 = LINE ( 'NONE', #988, #4298 ) ;
#4484 = DIRECTION ( 'NONE',  ( 0.000000000000000000, 1.000000000000000000, 0.000000000000000000 ) ) ;
#4485 = DIRECTION ( 'NONE',  ( 0.000000000000000000, 0.000000000000000000, 1.000000000000000000 ) ) ;
#4486 = DIRECTION ( 'NONE',  ( -1.000000000000000000, -0.000000000000000000, -0.000000000000000000 ) ) ;
#4487 = VECTOR ( 'NONE', #3140, 100.0000000000000000 ) ;
#4488 = CARTESIAN_POINT ( 'NONE',  ( 12.98124493642057153, 2.547393138076722074, -0.05808895201926123075 ) ) ;
#4489 = AXIS2_PLACEMENT_3D ( 'NONE', #719, #2105, #3498 ) ;
#4490 = EDGE_LOOP ( 'NONE', ( #969, #2894, #204, #1166 ) ) ;
#4491 = FACE_OUTER_BOUND ( 'NONE', #1557, .T. ) ;
#4492 = ORIENTED_EDGE ( 'NONE', *, *, #1940, .T. ) ;
#4493 = ORIENTED_EDGE ( 'NONE', *, *, #348, .F. ) ;
#4494 = VECTOR ( 'NONE', #1046, 100.0000000000000142 ) ;
#4495 = VECTOR ( 'NONE', #962, 100.0000000000000000 ) ;
#4496 = DIRECTION ( 'NONE',  ( -1.000000000000000000, 0.000000000000000000, 0.000000000000000000 ) ) ;
#4497 = CARTESIAN_POINT ( 'NONE',  ( -28.22868418961014214, 4.122393138076720476, 3.941911047980738658 ) ) ;
#4498 = ORIENTED_EDGE ( 'NONE', *, *, #3068, .F. ) ;
#4499 = AXIS2_PLACEMENT_3D ( 'NONE', #649, #3401, #1053 ) ;
#4500 = EDGE_CURVE ( 'NONE', #3408, #2391, #3456, .T. ) ;
#4501 = AXIS2_PLACEMENT_3D ( 'NONE', #805, #3600, #3974 ) ;
#4502 = ORIENTED_EDGE ( 'NONE', *, *, #2429, .T. ) ;
#4503 = VECTOR ( 'NONE', #2594, 100.0000000000000000 ) ;
#4504 = EDGE_LOOP ( 'NONE', ( #3098, #1997, #2742, #2650 ) ) ;
#4505 = LINE ( 'NONE', #2450, #10 ) ;
#4506 = DIRECTION ( 'NONE',  ( -1.000000000000000000, 0.000000000000000000, 0.000000000000000000 ) ) ;
#4507 = CARTESIAN_POINT ( 'NONE',  ( -43.16504148741200453, 4.122393138076720476, -0.05808895201926123075 ) ) ;
#4508 = CARTESIAN_POINT ( 'NONE',  ( 10.78213008142057205, 2.547393138076722074, 3.941911047980738658 ) ) ;
#4509 = DIRECTION ( 'NONE',  ( 0.9396926207859105373, -0.3420201433256628287, 0.000000000000000000 ) ) ;
#4510 = PLANE ( 'NONE',  #4164 ) ;
#4511 = CARTESIAN_POINT ( 'NONE',  ( -33.50077177734647194, 4.122393138076720476, 3.941911047980738658 ) ) ;
#4512 = DIRECTION ( 'NONE',  ( -0.000000000000000000, -0.000000000000000000, 1.000000000000000000 ) ) ;
#4513 = CARTESIAN_POINT ( 'NONE',  ( -43.61644058693933346, 4.122393138076720476, 3.941911047980738658 ) ) ;
#4514 = EDGE_CURVE ( 'NONE', #3716, #433, #2150, .T. ) ;
#4515 = VERTEX_POINT ( 'NONE', #2882 ) ;
#4516 = VECTOR ( 'NONE', #1470, 100.0000000000000000 ) ;
#4517 = ORIENTED_EDGE ( 'NONE', *, *, #2407, .T. ) ;
#4518 = DIRECTION ( 'NONE',  ( -0.9396926207859105373, -0.3420201433256628287, 0.000000000000000000 ) ) ;
#4519 = ORIENTED_EDGE ( 'NONE', *, *, #4416, .T. ) ;
#4520 = DIRECTION ( 'NONE',  ( 0.3420201433256627732, 0.9396926207859105373, -0.000000000000000000 ) ) ;
#4521 = ORIENTED_EDGE ( 'NONE', *, *, #164, .F. ) ;
#4522 = CARTESIAN_POINT ( 'NONE',  ( -51.95666283727535983, 4.122393138076720476, 3.941911047980738658 ) ) ;
#4523 = LINE ( 'NONE', #1100, #3778 ) ;
#4524 = EDGE_CURVE ( 'NONE', #1222, #1667, #3521, .T. ) ;
#4525 = ORIENTED_EDGE ( 'NONE', *, *, #3569, .F. ) ;
#4526 = ADVANCED_FACE ( 'NONE', ( #405 ), #2214, .T. ) ;
#4527 = ORIENTED_EDGE ( 'NONE', *, *, #2734, .F. ) ;
#4528 = DIRECTION ( 'NONE',  ( 0.3420201433256627732, 0.9396926207859105373, -0.000000000000000000 ) ) ;
#4529 = VECTOR ( 'NONE', #3963, 100.0000000000000000 ) ;
#4530 = DIRECTION ( 'NONE',  ( 0.3420201433256628287, -0.9396926207859105373, 0.000000000000000000 ) ) ;
#4531 = CARTESIAN_POINT ( 'NONE',  ( -49.18550438084025700, 2.547393138076722074, -0.05808895201926123075 ) ) ;
#4532 = DIRECTION ( 'NONE',  ( -0.3420201433256604417, -0.9396926207859113145, 0.000000000000000000 ) ) ;
#4533 = VECTOR ( 'NONE', #4458, 100.0000000000000000 ) ;
#4534 = CARTESIAN_POINT ( 'NONE',  ( -24.40370759857939831, 2.547393138076722074, -0.05808895201926123075 ) ) ;
#4535 = DIRECTION ( 'NONE',  ( 0.9396926207859105373, -0.3420201433256628287, 0.000000000000000000 ) ) ;
ENDSEC;
END-ISO-10303-21;
