ISO-10303-21;
HEADER;
FILE_DESCRIPTION (( 'STEP AP214' ),
    '1' );
FILE_NAME ('spur gear_iso.STEP',
    '2023-05-22T15:23:35',
    ( '' ),
    ( '' ),
    'SwSTEP 2.0',
    'SolidWorks 2022',
    '' );
FILE_SCHEMA (( 'AUTOMOTIVE_DESIGN' ));
ENDSEC;

DATA;
#1 = AXIS2_PLACEMENT_3D ( 'NONE', #2634, #1593, #2253 ) ;
#2 = DIRECTION ( 'NONE',  ( 0.000000000000000000, 0.000000000000000000, 1.000000000000000000 ) ) ;
#3 = DIRECTION ( 'NONE',  ( 0.000000000000000000, -1.000000000000000000, -1.047444401652940164E-14 ) ) ;
#4 = AXIS2_PLACEMENT_3D ( 'NONE', #1247, #1892, #1685 ) ;
#5 = ORIENTED_EDGE ( 'NONE', *, *, #1753, .F. ) ;
#6 = CYLINDRICAL_SURFACE ( 'NONE', #1639, 22.39999999999998082 ) ;
#7 = ORIENTED_EDGE ( 'NONE', *, *, #228, .F. ) ;
#8 = EDGE_CURVE ( 'NONE', #2051, #2292, #204, .T. ) ;
#9 = FACE_OUTER_BOUND ( 'NONE', #1387, .T. ) ;
#10 = DIRECTION ( 'NONE',  ( 0.000000000000000000, -0.7071067811865390240, -0.7071067811865560104 ) ) ;
#11 = ORIENTED_EDGE ( 'NONE', *, *, #1369, .T. ) ;
#12 = LINE ( 'NONE', #1527, #1739 ) ;
#13 = ADVANCED_FACE ( 'NONE', ( #2640 ), #60, .T. ) ;
#14 = DIRECTION ( 'NONE',  ( -1.000000000000000000, -0.000000000000000000, -0.000000000000000000 ) ) ;
#15 = CIRCLE ( 'NONE', #2008, 62.99999999999994316 ) ;
#16 = VERTEX_POINT ( 'NONE', #2223 ) ;
#17 = VECTOR ( 'NONE', #2054, 1000.000000000000000 ) ;
#18 = CARTESIAN_POINT ( 'NONE',  ( 0.000000000000000000, -13.93124187653693724, 61.44038167018020147 ) ) ;
#19 = AXIS2_PLACEMENT_3D ( 'NONE', #615, #1057, #1028 ) ;
#20 = ORIENTED_EDGE ( 'NONE', *, *, #900, .F. ) ;
#21 = DIRECTION ( 'NONE',  ( 0.000000000000000000, 0.000000000000000000, -1.000000000000000000 ) ) ;
#22 = CARTESIAN_POINT ( 'NONE',  ( 40.00000000000000000, 47.11049214368489402, 3.615180628931122353 ) ) ;
#23 = CARTESIAN_POINT ( 'NONE',  ( 40.00000000000000000, 13.93124187653649315, 61.44038167018030805 ) ) ;
#24 = FACE_OUTER_BOUND ( 'NONE', #982, .T. ) ;
#25 = ADVANCED_FACE ( 'NONE', ( #1378 ), #142, .T. ) ;
#26 = ORIENTED_EDGE ( 'NONE', *, *, #692, .F. ) ;
#27 = DIRECTION ( 'NONE',  ( -1.000000000000000000, 0.000000000000000000, 0.000000000000000000 ) ) ;
#28 = DIRECTION ( 'NONE',  ( 1.000000000000000000, 0.000000000000000000, 0.000000000000000000 ) ) ;
#29 = EDGE_CURVE ( 'NONE', #1883, #2474, #718, .T. ) ;
#30 = CARTESIAN_POINT ( 'NONE',  ( 0.000000000000000000, 0.000000000000000000, 0.000000000000000000 ) ) ;
#31 = DIRECTION ( 'NONE',  ( 0.000000000000000000, 0.000000000000000000, 1.000000000000000000 ) ) ;
#32 = ORIENTED_EDGE ( 'NONE', *, *, #2104, .F. ) ;
#33 = CIRCLE ( 'NONE', #413, 47.24899999999994549 ) ;
#34 = VERTEX_POINT ( 'NONE', #749 ) ;
#35 = DIRECTION ( 'NONE',  ( 0.000000000000000000, 0.9238795325112850731, 0.3826834323650937231 ) ) ;
#36 = CARTESIAN_POINT ( 'NONE',  ( 40.00000000000000000, 41.51119784630257215, 32.34158531951864290 ) ) ;
#37 = FACE_OUTER_BOUND ( 'NONE', #741, .T. ) ;
#38 = ORIENTED_EDGE ( 'NONE', *, *, #291, .T. ) ;
#39 = DIRECTION ( 'NONE',  ( 0.000000000000000000, -1.000000000000000000, -1.047444401652940164E-14 ) ) ;
#40 = AXIS2_PLACEMENT_3D ( 'NONE', #993, #1619, #197 ) ;
#41 = CARTESIAN_POINT ( 'NONE',  ( 40.00000000000000000, -10.64142691116960293, 62.09476655318246685 ) ) ;
#42 = EDGE_CURVE ( 'NONE', #966, #1315, #1325, .T. ) ;
#43 = ADVANCED_FACE ( 'NONE', ( #1992 ), #297, .T. ) ;
#44 = ORIENTED_EDGE ( 'NONE', *, *, #1624, .T. ) ;
#45 = ADVANCED_FACE ( 'NONE', ( #1749 ), #1960, .T. ) ;
#46 = EDGE_LOOP ( 'NONE', ( #576, #208, #1524, #1033 ) ) ;
#47 = DIRECTION ( 'NONE',  ( 0.000000000000000000, 0.3826834323650841196, 0.9238795325112890700 ) ) ;
#48 = ORIENTED_EDGE ( 'NONE', *, *, #86, .F. ) ;
#49 = DIRECTION ( 'NONE',  ( 0.000000000000000000, 0.000000000000000000, 1.000000000000000000 ) ) ;
#50 = CYLINDRICAL_SURFACE ( 'NONE', #620, 47.24899999999994549 ) ;
#51 = ORIENTED_EDGE ( 'NONE', *, *, #1089, .F. ) ;
#52 = CARTESIAN_POINT ( 'NONE',  ( 0.000000000000000000, 0.000000000000000000, 0.000000000000000000 ) ) ;
#53 = ORIENTED_EDGE ( 'NONE', *, *, #2053, .F. ) ;
#54 = VECTOR ( 'NONE', #296, 1000.000000000000000 ) ;
#55 = EDGE_CURVE ( 'NONE', #2120, #2386, #33, .T. ) ;
#56 = CIRCLE ( 'NONE', #1884, 22.39999999999998082 ) ;
#57 = DIRECTION ( 'NONE',  ( -1.000000000000000000, 0.000000000000000000, -0.000000000000000000 ) ) ;
#58 = ORIENTED_EDGE ( 'NONE', *, *, #346, .T. ) ;
#59 = CARTESIAN_POINT ( 'NONE',  ( 0.000000000000000000, -21.36839622335425659, -42.14094972638530834 ) ) ;
#60 = PLANE ( 'NONE',  #202 ) ;
#61 = ORIENTED_EDGE ( 'NONE', *, *, #598, .T. ) ;
#62 = ORIENTED_EDGE ( 'NONE', *, *, #2015, .F. ) ;
#63 = EDGE_CURVE ( 'NONE', #995, #1035, #1350, .T. ) ;
#64 = DIRECTION ( 'NONE',  ( 0.000000000000000000, -0.9238795325112906243, 0.3826834323650804559 ) ) ;
#65 = ADVANCED_FACE ( 'NONE', ( #341 ), #1148, .T. ) ;
#66 = VERTEX_POINT ( 'NONE', #979 ) ;
#67 = CIRCLE ( 'NONE', #1935, 47.24899999999994549 ) ;
#68 = FACE_OUTER_BOUND ( 'NONE', #2372, .T. ) ;
#69 = PRESENTATION_LAYER_ASSIGNMENT (  '', '', ( #1497 ) ) ;
#70 = FACE_OUTER_BOUND ( 'NONE', #114, .T. ) ;
#71 = CARTESIAN_POINT ( 'NONE',  ( 40.00000000000000000, -47.11049214368492244, 3.615180628930799056 ) ) ;
#72 = LINE ( 'NONE', #275, #2624 ) ;
#73 = ORIENTED_EDGE ( 'NONE', *, *, #100, .F. ) ;
#74 = CIRCLE ( 'NONE', #422, 22.39999999999998082 ) ;
#75 = CIRCLE ( 'NONE', #1044, 47.24899999999993838 ) ;
#76 = ORIENTED_EDGE ( 'NONE', *, *, #616, .F. ) ;
#77 = AXIS2_PLACEMENT_3D ( 'NONE', #466, #2135, #1103 ) ;
#78 = DIRECTION ( 'NONE',  ( 0.000000000000000000, -0.7071067811865390240, -0.7071067811865561215 ) ) ;
#79 = ORIENTED_EDGE ( 'NONE', *, *, #1347, .F. ) ;
#80 = EDGE_CURVE ( 'NONE', #334, #145, #1973, .T. ) ;
#81 = DIRECTION ( 'NONE',  ( 0.000000000000000000, 0.000000000000000000, -1.000000000000000000 ) ) ;
#82 = CARTESIAN_POINT ( 'NONE',  ( 40.00000000000000000, 32.34158531951850790, 41.51119784630268583 ) ) ;
#83 = CARTESIAN_POINT ( 'NONE',  ( 40.00000000000000000, 10.64142691116916772, 62.09476655318253790 ) ) ;
#84 = CARTESIAN_POINT ( 'NONE',  ( 40.00000000000000000, 30.75582972190365538, 35.86846719776665537 ) ) ;
#85 = PRODUCT_DEFINITION ( 'UNKNOWN', '', #174, #1711 ) ;
#86 = EDGE_CURVE ( 'NONE', #2455, #2357, #964, .T. ) ;
#87 = ORIENTED_EDGE ( 'NONE', *, *, #873, .F. ) ;
#88 = CARTESIAN_POINT ( 'NONE',  ( 0.000000000000000000, 42.14094972638538650, -21.36839622335410738 ) ) ;
#89 = ORIENTED_EDGE ( 'NONE', *, *, #1720, .T. ) ;
#90 = LINE ( 'NONE', #1999, #1282 ) ;
#91 = DIRECTION ( 'NONE',  ( -0.000000000000000000, 0.000000000000000000, 1.000000000000000000 ) ) ;
#92 = EDGE_LOOP ( 'NONE', ( #919, #1951, #1929, #1906 ) ) ;
#93 = LINE ( 'NONE', #1575, #1077 ) ;
#94 = CARTESIAN_POINT ( 'NONE',  ( 0.000000000000000000, -44.90788918978348221, 14.68841344455291065 ) ) ;
#95 = EDGE_CURVE ( 'NONE', #1687, #2142, #2114, .T. ) ;
#96 = LINE ( 'NONE', #2574, #2687 ) ;
#97 = CIRCLE ( 'NONE', #866, 62.99999999999994316 ) ;
#98 = CARTESIAN_POINT ( 'NONE',  ( 20.00000000000000355, -62.09476655318242422, -10.64142691116981432 ) ) ;
#99 = DIRECTION ( 'NONE',  ( 0.000000000000000000, 0.000000000000000000, 1.000000000000000000 ) ) ;
#100 = EDGE_CURVE ( 'NONE', #216, #1476, #538, .T. ) ;
#101 = ORIENTED_EDGE ( 'NONE', *, *, #817, .T. ) ;
#102 = CIRCLE ( 'NONE', #1622, 62.99999999999994316 ) ;
#103 = VERTEX_POINT ( 'NONE', #493 ) ;
#104 = ORIENTED_EDGE ( 'NONE', *, *, #1624, .F. ) ;
#105 = CARTESIAN_POINT ( 'NONE',  ( 40.00000000000000000, -25.97475718202403527, 45.76537639908001154 ) ) ;
#106 = ORIENTED_EDGE ( 'NONE', *, *, #2360, .T. ) ;
#107 = CARTESIAN_POINT ( 'NONE',  ( 0.000000000000000000, -36.38300537556163050, -51.43225563634017306 ) ) ;
#108 = DIRECTION ( 'NONE',  ( -1.000000000000000000, 0.000000000000000000, 0.000000000000000000 ) ) ;
#109 = CYLINDRICAL_SURFACE ( 'NONE', #2342, 22.39999999999998082 ) ;
#110 = AXIS2_PLACEMENT_3D ( 'NONE', #1699, #2537, #39 ) ;
#111 = CARTESIAN_POINT ( 'NONE',  ( 40.00000000000000000, -14.68841344455338138, 44.90788918978334010 ) ) ;
#112 = AXIS2_PLACEMENT_3D ( 'NONE', #1686, #1469, #419 ) ;
#113 = VERTEX_POINT ( 'NONE', #1610 ) ;
#114 = EDGE_LOOP ( 'NONE', ( #1196, #1389, #672, #1821 ) ) ;
#115 = FACE_OUTER_BOUND ( 'NONE', #262, .T. ) ;
#116 = EDGE_CURVE ( 'NONE', #1952, #298, #67, .T. ) ;
#117 = EDGE_CURVE ( 'NONE', #1693, #755, #2254, .T. ) ;
#118 = ORIENTED_EDGE ( 'NONE', *, *, #175, .T. ) ;
#119 = ADVANCED_FACE ( 'NONE', ( #408 ), #994, .T. ) ;
#120 = CARTESIAN_POINT ( 'NONE',  ( 40.00000000000000000, 0.000000000000000000, 0.000000000000000000 ) ) ;
#121 = SHAPE_DEFINITION_REPRESENTATION ( #1487, #157 ) ;
#122 = CIRCLE ( 'NONE', #1549, 22.39999999999998082 ) ;
#123 = ORIENTED_EDGE ( 'NONE', *, *, #962, .T. ) ;
#124 = DIRECTION ( 'NONE',  ( -1.000000000000000000, 0.000000000000000000, 0.000000000000000000 ) ) ;
#125 = CARTESIAN_POINT ( 'NONE',  ( 40.00000000000000000, 0.000000000000000000, -3.000000000000000000 ) ) ;
#126 = CARTESIAN_POINT ( 'NONE',  ( 0.000000000000000000, -3.615180628930634743, -47.11049214368492954 ) ) ;
#127 = CARTESIAN_POINT ( 'NONE',  ( 40.00000000000000000, 0.000000000000000000, 0.000000000000000000 ) ) ;
#128 = DIRECTION ( 'NONE',  ( -1.000000000000000000, 0.000000000000000000, 0.000000000000000000 ) ) ;
#129 = CARTESIAN_POINT ( 'NONE',  ( 0.000000000000000000, 0.000000000000000000, 0.000000000000000000 ) ) ;
#130 = DIRECTION ( 'NONE',  ( 0.000000000000000000, 0.7071067811865487940, -0.7071067811865462405 ) ) ;
#131 = DIRECTION ( 'NONE',  ( -1.000000000000000000, 0.000000000000000000, -0.000000000000000000 ) ) ;
#132 = ADVANCED_FACE ( 'NONE', ( #184 ), #1204, .T. ) ;
#133 = ORIENTED_EDGE ( 'NONE', *, *, #333, .T. ) ;
#134 = FACE_OUTER_BOUND ( 'NONE', #896, .T. ) ;
#135 = ORIENTED_EDGE ( 'NONE', *, *, #460, .F. ) ;
#136 = EDGE_CURVE ( 'NONE', #821, #1048, #2285, .T. ) ;
#137 = CARTESIAN_POINT ( 'NONE',  ( 0.000000000000000000, -62.09476655318242422, -10.64142691116981432 ) ) ;
#138 = DIRECTION ( 'NONE',  ( -1.000000000000000000, 0.000000000000000000, 0.000000000000000000 ) ) ;
#139 = VECTOR ( 'NONE', #1523, 1000.000000000000000 ) ;
#140 = DIRECTION ( 'NONE',  ( -1.000000000000000000, 0.000000000000000000, -0.000000000000000000 ) ) ;
#141 = DIRECTION ( 'NONE',  ( 0.000000000000000000, 0.000000000000000000, 1.000000000000000000 ) ) ;
#142 = CYLINDRICAL_SURFACE ( 'NONE', #974, 22.39999999999998792 ) ;
#143 = AXIS2_PLACEMENT_3D ( 'NONE', #744, #911, #1778 ) ;
#144 = CARTESIAN_POINT ( 'NONE',  ( 0.000000000000000000, 0.000000000000000000, 0.000000000000000000 ) ) ;
#145 = VERTEX_POINT ( 'NONE', #2679 ) ;
#146 = DIRECTION ( 'NONE',  ( 0.000000000000000000, 0.7071067811865439090, 0.7071067811865512365 ) ) ;
#147 = AXIS2_PLACEMENT_3D ( 'NONE', #525, #2239, #2007 ) ;
#148 = ORIENTED_EDGE ( 'NONE', *, *, #2086, .F. ) ;
#149 = DIRECTION ( 'NONE',  ( -1.000000000000000000, 0.000000000000000000, 0.000000000000000000 ) ) ;
#150 = ORIENTED_EDGE ( 'NONE', *, *, #2653, .T. ) ;
#151 = ADVANCED_FACE ( 'NONE', ( #2651 ), #2079, .T. ) ;
#152 = EDGE_LOOP ( 'NONE', ( #318, #1982, #2037, #1926 ) ) ;
#153 = EDGE_CURVE ( 'NONE', #1638, #936, #1980, .T. ) ;
#154 = CARTESIAN_POINT ( 'NONE',  ( 40.00000000000000000, -44.90788918978327615, -14.68841344455353592 ) ) ;
#155 = DIRECTION ( 'NONE',  ( 1.000000000000000000, 0.000000000000000000, 0.000000000000000000 ) ) ;
#156 = CARTESIAN_POINT ( 'NONE',  ( 40.00000000000000000, 0.000000000000000000, 0.000000000000000000 ) ) ;
#157 = ADVANCED_BREP_SHAPE_REPRESENTATION ( 'spur gear_iso', ( #2300, #2430 ), #1602 ) ;
#158 = DIRECTION ( 'NONE',  ( 0.000000000000000000, 0.000000000000000000, -1.000000000000000000 ) ) ;
#159 = ORIENTED_EDGE ( 'NONE', *, *, #1776, .F. ) ;
#160 = DIRECTION ( 'NONE',  ( 0.000000000000000000, 0.000000000000000000, -1.000000000000000000 ) ) ;
#161 = AXIS2_PLACEMENT_3D ( 'NONE', #1362, #1796, #2633 ) ;
#162 = LINE ( 'NONE', #770, #1015 ) ;
#163 = ORIENTED_EDGE ( 'NONE', *, *, #2452, .T. ) ;
#164 = DIRECTION ( 'NONE',  ( 0.000000000000000000, 0.000000000000000000, 1.000000000000000000 ) ) ;
#165 =( NAMED_UNIT ( * ) PLANE_ANGLE_UNIT ( ) SI_UNIT ( $, .RADIAN. ) );
#166 = ORIENTED_EDGE ( 'NONE', *, *, #1477, .T. ) ;
#167 = CIRCLE ( 'NONE', #1681, 62.99999999999994316 ) ;
#168 = ORIENTED_EDGE ( 'NONE', *, *, #1596, .T. ) ;
#169 = DIRECTION ( 'NONE',  ( -1.000000000000000000, 0.000000000000000000, -0.000000000000000000 ) ) ;
#170 = DIRECTION ( 'NONE',  ( 0.000000000000000000, 0.7071067811865437980, 0.7071067811865512365 ) ) ;
#171 = ADVANCED_FACE ( 'NONE', ( #1266 ), #1237, .T. ) ;
#172 = ORIENTED_EDGE ( 'NONE', *, *, #2359, .T. ) ;
#173 = DIRECTION ( 'NONE',  ( 0.000000000000000000, 0.000000000000000000, 1.000000000000000000 ) ) ;
#174 = PRODUCT_DEFINITION_FORMATION_WITH_SPECIFIED_SOURCE ( 'ANY', '', #662, .NOT_KNOWN. ) ;
#175 = EDGE_CURVE ( 'NONE', #1238, #2525, #1055, .T. ) ;
#176 = CARTESIAN_POINT ( 'NONE',  ( 40.00000000000000000, 3.615180628931615736, -47.11049214368485849 ) ) ;
#177 = EDGE_LOOP ( 'NONE', ( #1837, #2401, #53, #2295 ) ) ;
#178 = DIRECTION ( 'NONE',  ( -1.000000000000000000, 0.000000000000000000, -0.000000000000000000 ) ) ;
#179 = CYLINDRICAL_SURFACE ( 'NONE', #459, 62.99999999999994316 ) ;
#180 = EDGE_LOOP ( 'NONE', ( #1135, #1038, #447, #776 ) ) ;
#181 = DIRECTION ( 'NONE',  ( 0.000000000000000000, 0.000000000000000000, 1.000000000000000000 ) ) ;
#182 = CARTESIAN_POINT ( 'NONE',  ( 0.000000000000000000, 52.22180378605187911, -6.483895198542116489 ) ) ;
#183 = DIRECTION ( 'NONE',  ( -1.000000000000000000, 0.000000000000000000, 0.000000000000000000 ) ) ;
#184 = FACE_OUTER_BOUND ( 'NONE', #356, .T. ) ;
#185 = ORIENTED_EDGE ( 'NONE', *, *, #1072, .T. ) ;
#186 = EDGE_CURVE ( 'NONE', #559, #1359, #325, .T. ) ;
#187 = DIRECTION ( 'NONE',  ( -1.000000000000000000, -0.000000000000000000, -0.000000000000000000 ) ) ;
#188 = CARTESIAN_POINT ( 'NONE',  ( 0.000000000000000000, 0.000000000000000000, 0.000000000000000000 ) ) ;
#189 = VECTOR ( 'NONE', #1308, 1000.000000000000000 ) ;
#190 = EDGE_LOOP ( 'NONE', ( #767, #702, #185, #251 ) ) ;
#191 = CARTESIAN_POINT ( 'NONE',  ( 40.00000000000000000, 0.000000000000000000, 0.000000000000000000 ) ) ;
#192 = ORIENTED_EDGE ( 'NONE', *, *, #709, .T. ) ;
#193 = AXIS2_PLACEMENT_3D ( 'NONE', #144, #1550, #2637 ) ;
#194 = LINE ( 'NONE', #1023, #1356 ) ;
#195 = DIRECTION ( 'NONE',  ( -1.000000000000000000, -0.000000000000000000, 0.000000000000000000 ) ) ;
#196 = CARTESIAN_POINT ( 'NONE',  ( -10.00000000000000000, 0.000000000000000000, 0.000000000000000000 ) ) ;
#197 = DIRECTION ( 'NONE',  ( 0.000000000000000000, 0.000000000000000000, 1.000000000000000000 ) ) ;
#198 = DIRECTION ( 'NONE',  ( -1.000000000000000000, 0.000000000000000000, 0.000000000000000000 ) ) ;
#199 = ORIENTED_EDGE ( 'NONE', *, *, #1242, .F. ) ;
#200 = CARTESIAN_POINT ( 'NONE',  ( 40.00000000000000000, 0.000000000000000000, 0.000000000000000000 ) ) ;
#201 = DIRECTION ( 'NONE',  ( -1.000000000000000000, -0.000000000000000000, -0.000000000000000000 ) ) ;
#202 = AXIS2_PLACEMENT_3D ( 'NONE', #2603, #506, #2585 ) ;
#203 = DIRECTION ( 'NONE',  ( 0.000000000000000000, -0.9238795325112825196, -0.3826834323650998848 ) ) ;
#204 = CIRCLE ( 'NONE', #2638, 47.24899999999993838 ) ;
#205 = ADVANCED_FACE ( 'NONE', ( #2322 ), #643, .T. ) ;
#206 = ORIENTED_EDGE ( 'NONE', *, *, #485, .T. ) ;
#207 = VECTOR ( 'NONE', #2097, 1000.000000000000000 ) ;
#208 = ORIENTED_EDGE ( 'NONE', *, *, #793, .F. ) ;
#209 = AXIS2_PLACEMENT_3D ( 'NONE', #30, #1862, #439 ) ;
#210 = CIRCLE ( 'NONE', #765, 22.39999999999998082 ) ;
#211 = EDGE_CURVE ( 'NONE', #2255, #1439, #1084, .T. ) ;
#212 = CARTESIAN_POINT ( 'NONE',  ( 40.00000000000000000, -3.615180628931286666, 47.11049214368487981 ) ) ;
#213 = DIRECTION ( 'NONE',  ( 0.000000000000000000, 0.3826834323650841752, 0.9238795325112891810 ) ) ;
#214 = CARTESIAN_POINT ( 'NONE',  ( 40.00000000000000000, 50.72793493842754486, -13.99408105226063803 ) ) ;
#215 = DIRECTION ( 'NONE',  ( 0.000000000000000000, 0.000000000000000000, 1.000000000000000000 ) ) ;
#216 = VERTEX_POINT ( 'NONE', #1106 ) ;
#217 = AXIS2_PLACEMENT_3D ( 'NONE', #1201, #1795, #2020 ) ;
#218 = DIRECTION ( 'NONE',  ( -1.000000000000000000, 0.000000000000000000, 0.000000000000000000 ) ) ;
#219 = CIRCLE ( 'NONE', #1597, 22.39999999999998082 ) ;
#220 = DIRECTION ( 'NONE',  ( -1.000000000000000000, 0.000000000000000000, -0.000000000000000000 ) ) ;
#221 = PRESENTATION_LAYER_ASSIGNMENT (  '', '', ( #1472 ) ) ;
#222 = ORIENTED_EDGE ( 'NONE', *, *, #1316, .F. ) ;
#223 = EDGE_CURVE ( 'NONE', #276, #242, #1494, .T. ) ;
#224 = LINE ( 'NONE', #1049, #1081 ) ;
#225 = ORIENTED_EDGE ( 'NONE', *, *, #116, .F. ) ;
#226 = DIRECTION ( 'NONE',  ( -1.000000000000000000, 0.000000000000000000, -0.000000000000000000 ) ) ;
#227 = CARTESIAN_POINT ( 'NONE',  ( 0.000000000000000000, 36.38300537556271053, -51.43225563633940567 ) ) ;
#228 = EDGE_CURVE ( 'NONE', #1687, #799, #1933, .T. ) ;
#229 = DIRECTION ( 'NONE',  ( 0.000000000000000000, 0.000000000000000000, 1.000000000000000000 ) ) ;
#230 = ORIENTED_EDGE ( 'NONE', *, *, #598, .F. ) ;
#231 = DIRECTION ( 'NONE',  ( -1.000000000000000000, 0.000000000000000000, 0.000000000000000000 ) ) ;
#232 = CARTESIAN_POINT ( 'NONE',  ( 40.00000000000000000, 30.75582972190414566, -35.86846719776623615 ) ) ;
#233 = VERTEX_POINT ( 'NONE', #2546 ) ;
#234 = VECTOR ( 'NONE', #220, 1000.000000000000000 ) ;
#235 = VERTEX_POINT ( 'NONE', #1484 ) ;
#236 = FACE_OUTER_BOUND ( 'NONE', #2595, .T. ) ;
#237 = CARTESIAN_POINT ( 'NONE',  ( 40.00000000000000000, 25.97475718202371553, 45.76537639908018917 ) ) ;
#238 = DIRECTION ( 'NONE',  ( -1.000000000000000000, -0.000000000000000000, -0.000000000000000000 ) ) ;
#239 = DIRECTION ( 'NONE',  ( -1.000000000000000000, 0.000000000000000000, 0.000000000000000000 ) ) ;
#240 = CIRCLE ( 'NONE', #480, 62.99999999999994316 ) ;
#241 = CARTESIAN_POINT ( 'NONE',  ( 40.00000000000000000, -52.22180378605181517, -6.483895198542480642 ) ) ;
#242 = VERTEX_POINT ( 'NONE', #1473 ) ;
#243 = ADVANCED_FACE ( 'NONE', ( #691 ), #2113, .T. ) ;
#244 = DIRECTION ( 'NONE',  ( -1.000000000000000000, -0.000000000000000000, -0.000000000000000000 ) ) ;
#245 = FACE_OUTER_BOUND ( 'NONE', #177, .T. ) ;
#246 = ORIENTED_EDGE ( 'NONE', *, *, #1170, .T. ) ;
#247 = VERTEX_POINT ( 'NONE', #854 ) ;
#248 = DIRECTION ( 'NONE',  ( -1.000000000000000000, 0.000000000000000000, 0.000000000000000000 ) ) ;
#249 = CARTESIAN_POINT ( 'NONE',  ( 40.00000000000000000, -41.51119784630280662, 32.34158531951835869 ) ) ;
#250 = CIRCLE ( 'NONE', #1756, 9.000000000000000000 ) ;
#251 = ORIENTED_EDGE ( 'NONE', *, *, #366, .F. ) ;
#252 = CIRCLE ( 'NONE', #588, 22.39999999999998437 ) ;
#253 = CARTESIAN_POINT ( 'NONE',  ( 40.00000000000000000, -50.72793493842745249, 36.39408105226096524 ) ) ;
#254 = AXIS2_PLACEMENT_3D ( 'NONE', #1383, #2212, #2302 ) ;
#255 = EDGE_CURVE ( 'NONE', #1805, #572, #1754, .T. ) ;
#256 = CIRCLE ( 'NONE', #421, 22.39999999999998082 ) ;
#257 = ADVANCED_FACE ( 'NONE', ( #68 ), #1721, .T. ) ;
#258 = VERTEX_POINT ( 'NONE', #457 ) ;
#259 = CIRCLE ( 'NONE', #1945, 47.24899999999993838 ) ;
#260 = EDGE_LOOP ( 'NONE', ( #2304, #1665, #1075, #2690 ) ) ;
#261 = DIRECTION ( 'NONE',  ( -1.000000000000000000, -0.000000000000000000, 0.000000000000000000 ) ) ;
#262 = EDGE_LOOP ( 'NONE', ( #901, #1482, #2621, #1921 ) ) ;
#263 = DIRECTION ( 'NONE',  ( 0.000000000000000000, 0.000000000000000000, 1.000000000000000000 ) ) ;
#264 = CARTESIAN_POINT ( 'NONE',  ( 40.00000000000000000, 50.72793493842754486, -13.99408105226063803 ) ) ;
#265 = EDGE_LOOP ( 'NONE', ( #2061, #823, #1182, #1341 ) ) ;
#266 = ADVANCED_FACE ( 'NONE', ( #1278 ), #654, .T. ) ;
#267 = EDGE_CURVE ( 'NONE', #572, #2455, #584, .T. ) ;
#268 = ORIENTED_EDGE ( 'NONE', *, *, #2338, .T. ) ;
#269 = AXIS2_PLACEMENT_3D ( 'NONE', #585, #1225, #1030 ) ;
#270 = CIRCLE ( 'NONE', #19, 22.39999999999998082 ) ;
#271 = LINE ( 'NONE', #1309, #2557 ) ;
#272 = EDGE_LOOP ( 'NONE', ( #51, #1395, #1606, #2352 ) ) ;
#273 = DIRECTION ( 'NONE',  ( -1.000000000000000000, -0.000000000000000000, 0.000000000000000000 ) ) ;
#274 = AXIS2_PLACEMENT_3D ( 'NONE', #875, #863, #1712 ) ;
#275 = CARTESIAN_POINT ( 'NONE',  ( 20.00000000000000000, 36.38300537556271053, -51.43225563633940567 ) ) ;
#276 = VERTEX_POINT ( 'NONE', #2353 ) ;
#277 = ADVANCED_FACE ( 'NONE', ( #2128 ), #2102, .T. ) ;
#278 = EDGE_LOOP ( 'NONE', ( #2391, #1555, #2540, #1658 ) ) ;
#279 = DIRECTION ( 'NONE',  ( -1.000000000000000000, 0.000000000000000000, 0.000000000000000000 ) ) ;
#280 = CARTESIAN_POINT ( 'NONE',  ( 0.000000000000000000, 0.000000000000000000, 0.000000000000000000 ) ) ;
#281 = EDGE_LOOP ( 'NONE', ( #101, #1425, #1940, #330, #2545, #61, #509, #1493, #1651, #530, #772, #2134, #738, #722, #2001, #1105, #2286, #1090, #2030, #541, #1995, #1193, #921, #246, #1760, #2215, #2500, #589, #2364, #2605, #58, #841, #148, #638, #374, #370, #1791, #1511, #697, #2555, #544, #526, #1428, #784, #2100, #1169, #38, #1877, #1939, #1099, #1070, #172, #2553, #2018, #648, #1166, #1471, #2518, #1018, #1558, #988, #969, #2313, #781, #384, #2407, #1251, #2535, #1328 ) ) ;
#282 = EDGE_CURVE ( 'NONE', #233, #235, #1095, .T. ) ;
#283 = CARTESIAN_POINT ( 'NONE',  ( 20.00000000000000000, -51.43225563633953357, -36.38300537556252578 ) ) ;
#284 = DIRECTION ( 'NONE',  ( -1.000000000000000000, 0.000000000000000000, 0.000000000000000000 ) ) ;
#285 = AXIS2_PLACEMENT_3D ( 'NONE', #1612, #950, #542 ) ;
#286 = CYLINDRICAL_SURFACE ( 'NONE', #791, 47.24899999999994549 ) ;
#287 = VECTOR ( 'NONE', #2566, 1000.000000000000000 ) ;
#288 = VERTEX_POINT ( 'NONE', #59 ) ;
#289 = AXIS2_PLACEMENT_3D ( 'NONE', #1695, #2307, #2532 ) ;
#290 = VERTEX_POINT ( 'NONE', #1710 ) ;
#291 = EDGE_CURVE ( 'NONE', #2688, #367, #712, .T. ) ;
#292 = DIRECTION ( 'NONE',  ( -1.000000000000000000, -0.000000000000000000, 0.000000000000000000 ) ) ;
#293 = DIRECTION ( 'NONE',  ( 0.000000000000000000, -0.3826834323650772918, -0.9238795325112918455 ) ) ;
#294 = VERTEX_POINT ( 'NONE', #477 ) ;
#295 = DIRECTION ( 'NONE',  ( 1.000000000000000000, -0.000000000000000000, -0.000000000000000000 ) ) ;
#296 = DIRECTION ( 'NONE',  ( -1.000000000000000000, 0.000000000000000000, 0.000000000000000000 ) ) ;
#297 = PLANE ( 'NONE',  #1801 ) ;
#298 = VERTEX_POINT ( 'NONE', #2137 ) ;
#299 = VERTEX_POINT ( 'NONE', #2147 ) ;
#300 = VERTEX_POINT ( 'NONE', #840 ) ;
#301 = CARTESIAN_POINT ( 'NONE',  ( 20.00000000000000355, -33.59403491642450490, -53.29578611892353734 ) ) ;
#302 = VERTEX_POINT ( 'NONE', #742 ) ;
#303 = DIRECTION ( 'NONE',  ( -1.000000000000000000, 0.000000000000000000, 0.000000000000000000 ) ) ;
#304 = AXIS2_PLACEMENT_3D ( 'NONE', #410, #1673, #1252 ) ;
#305 = CIRCLE ( 'NONE', #1736, 22.39999999999998437 ) ;
#306 = DIRECTION ( 'NONE',  ( 0.000000000000000000, -0.7071067811865536790, 0.7071067811865413555 ) ) ;
#307 = CYLINDRICAL_SURFACE ( 'NONE', #806, 47.24899999999994549 ) ;
#308 =( NAMED_UNIT ( * ) PLANE_ANGLE_UNIT ( ) SI_UNIT ( $, .RADIAN. ) );
#309 = DIRECTION ( 'NONE',  ( 0.000000000000000000, 0.000000000000000000, 1.000000000000000000 ) ) ;
#310 = EDGE_CURVE ( 'NONE', #288, #66, #1374, .T. ) ;
#311 = CARTESIAN_POINT ( 'NONE',  ( 40.00000000000000000, -53.29578611892294049, -33.59403491642546413 ) ) ;
#312 = CIRCLE ( 'NONE', #274, 22.39999999999998082 ) ;
#313 = ORIENTED_EDGE ( 'NONE', *, *, #2303, .T. ) ;
#314 = ORIENTED_EDGE ( 'NONE', *, *, #859, .T. ) ;
#315 = EDGE_CURVE ( 'NONE', #2626, #1277, #454, .T. ) ;
#316 = CARTESIAN_POINT ( 'NONE',  ( 40.00000000000000000, -62.09476655318258054, 10.64142691116895101 ) ) ;
#317 = CARTESIAN_POINT ( 'NONE',  ( 0.000000000000000000, -25.97475718202403527, 45.76537639908001154 ) ) ;
#318 = ORIENTED_EDGE ( 'NONE', *, *, #1181, .F. ) ;
#319 = CARTESIAN_POINT ( 'NONE',  ( 40.00000000000000000, 53.29578611892365814, -33.59403491642433437 ) ) ;
#320 = ORIENTED_EDGE ( 'NONE', *, *, #485, .F. ) ;
#321 = CYLINDRICAL_SURFACE ( 'NONE', #2550, 22.39999999999998082 ) ;
#322 = CARTESIAN_POINT ( 'NONE',  ( 40.00000000000000000, 47.11049214368489402, -3.615180628931128126 ) ) ;
#323 = VECTOR ( 'NONE', #2602, 1000.000000000000000 ) ;
#324 = CARTESIAN_POINT ( 'NONE',  ( 40.00000000000000000, -25.97475718202403527, 45.76537639908001154 ) ) ;
#325 = CIRCLE ( 'NONE', #845, 62.99999999999994316 ) ;
#326 = EDGE_CURVE ( 'NONE', #775, #1504, #2371, .T. ) ;
#327 = FACE_OUTER_BOUND ( 'NONE', #2417, .T. ) ;
#328 = CIRCLE ( 'NONE', #2547, 9.000000000000000000 ) ;
#329 = AXIS2_PLACEMENT_3D ( 'NONE', #703, #303, #957 ) ;
#330 = ORIENTED_EDGE ( 'NONE', *, *, #8, .T. ) ;
#331 = ORIENTED_EDGE ( 'NONE', *, *, #723, .F. ) ;
#332 = LINE ( 'NONE', #1154, #2033 ) ;
#333 = EDGE_CURVE ( 'NONE', #1822, #560, #2365, .T. ) ;
#334 = VERTEX_POINT ( 'NONE', #137 ) ;
#335 = DIRECTION ( 'NONE',  ( -1.000000000000000000, 0.000000000000000000, -0.000000000000000000 ) ) ;
#336 = VECTOR ( 'NONE', #705, 1000.000000000000000 ) ;
#337 = VERTEX_POINT ( 'NONE', #729 ) ;
#338 = DIRECTION ( 'NONE',  ( 1.000000000000000000, -0.000000000000000000, -0.000000000000000000 ) ) ;
#339 = CYLINDRICAL_SURFACE ( 'NONE', #1040, 47.24899999999994549 ) ;
#340 = FACE_BOUND ( 'NONE', #2511, .T. ) ;
#341 = FACE_OUTER_BOUND ( 'NONE', #1868, .T. ) ;
#342 = CARTESIAN_POINT ( 'NONE',  ( 0.000000000000000000, -53.29578611892340945, 33.59403491642472517 ) ) ;
#343 = VERTEX_POINT ( 'NONE', #107 ) ;
#344 = CARTESIAN_POINT ( 'NONE',  ( 0.000000000000000000, 0.000000000000000000, 0.000000000000000000 ) ) ;
#345 = VERTEX_POINT ( 'NONE', #897 ) ;
#346 = EDGE_CURVE ( 'NONE', #298, #559, #1938, .T. ) ;
#347 = ADVANCED_FACE ( 'NONE', ( #548 ), #1375, .T. ) ;
#348 = CARTESIAN_POINT ( 'NONE',  ( 20.00000000000000000, 51.43225563633979647, 36.38300537556217051 ) ) ;
#349 = ORIENTED_EDGE ( 'NONE', *, *, #604, .F. ) ;
#350 = ORIENTED_EDGE ( 'NONE', *, *, #1690, .T. ) ;
#351 = CARTESIAN_POINT ( 'NONE',  ( 40.00000000000000000, 3.615180628930963813, 47.11049214368490823 ) ) ;
#352 = LINE ( 'NONE', #1841, #1036 ) ;
#353 = CARTESIAN_POINT ( 'NONE',  ( 50.00005079999999680, 0.000000000000000000, 3.000000000000000000 ) ) ;
#354 = AXIS2_PLACEMENT_3D ( 'NONE', #371, #1748, #306 ) ;
#355 = AXIS2_PLACEMENT_3D ( 'NONE', #1666, #2504, #431 ) ;
#356 = EDGE_LOOP ( 'NONE', ( #2412, #2434, #76, #1294 ) ) ;
#357 = DIRECTION ( 'NONE',  ( 0.000000000000000000, 0.000000000000000000, 1.000000000000000000 ) ) ;
#358 = ORIENTED_EDGE ( 'NONE', *, *, #1753, .T. ) ;
#359 = EDGE_CURVE ( 'NONE', #290, #1816, #941, .T. ) ;
#360 = DIRECTION ( 'NONE',  ( -1.000000000000000000, -0.000000000000000000, 0.000000000000000000 ) ) ;
#361 =( NAMED_UNIT ( * ) SI_UNIT ( $, .STERADIAN. ) SOLID_ANGLE_UNIT ( ) );
#362 = ORIENTED_EDGE ( 'NONE', *, *, #2668, .T. ) ;
#363 = VERTEX_POINT ( 'NONE', #2002 ) ;
#364 = CARTESIAN_POINT ( 'NONE',  ( 0.000000000000000000, -30.75582972190340314, -35.86846719776686854 ) ) ;
#365 = DIRECTION ( 'NONE',  ( -1.000000000000000000, 0.000000000000000000, 0.000000000000000000 ) ) ;
#366 = EDGE_CURVE ( 'NONE', #674, #299, #503, .T. ) ;
#367 = VERTEX_POINT ( 'NONE', #922 ) ;
#368 = CARTESIAN_POINT ( 'NONE',  ( 40.00000000000000000, 0.000000000000000000, 0.000000000000000000 ) ) ;
#369 = AXIS2_PLACEMENT_3D ( 'NONE', #909, #1129, #2422 ) ;
#370 = ORIENTED_EDGE ( 'NONE', *, *, #2247, .T. ) ;
#371 = CARTESIAN_POINT ( 'NONE',  ( 40.00000000000000000, -13.99408105226081211, -50.72793493842750223 ) ) ;
#372 = CIRCLE ( 'NONE', #1987, 22.39999999999998437 ) ;
#373 = CARTESIAN_POINT ( 'NONE',  ( 0.000000000000000000, 3.615180628931615736, -47.11049214368485849 ) ) ;
#374 = ORIENTED_EDGE ( 'NONE', *, *, #1256, .T. ) ;
#375 = AXIS2_PLACEMENT_3D ( 'NONE', #382, #183, #2426 ) ;
#376 = EDGE_CURVE ( 'NONE', #1672, #2599, #2337, .T. ) ;
#377 = ORIENTED_EDGE ( 'NONE', *, *, #571, .F. ) ;
#378 = CARTESIAN_POINT ( 'NONE',  ( 40.00000000000000000, 0.000000000000000000, 0.000000000000000000 ) ) ;
#379 = CIRCLE ( 'NONE', #289, 62.99999999999994316 ) ;
#380 = FACE_OUTER_BOUND ( 'NONE', #1755, .T. ) ;
#381 = DIRECTION ( 'NONE',  ( 0.000000000000000000, 0.000000000000000000, 1.000000000000000000 ) ) ;
#382 = CARTESIAN_POINT ( 'NONE',  ( 40.00000000000000000, 0.000000000000000000, 0.000000000000000000 ) ) ;
#383 = DIRECTION ( 'NONE',  ( -1.000000000000000000, -0.000000000000000000, -0.000000000000000000 ) ) ;
#384 = ORIENTED_EDGE ( 'NONE', *, *, #1037, .T. ) ;
#385 = EDGE_CURVE ( 'NONE', #1172, #1509, #93, .T. ) ;
#386 = CARTESIAN_POINT ( 'NONE',  ( 40.00000000000000000, 51.43225563634030806, -36.38300537556145287 ) ) ;
#387 = LINE ( 'NONE', #1475, #17 ) ;
#388 = ORIENTED_EDGE ( 'NONE', *, *, #1112, .F. ) ;
#389 = LINE ( 'NONE', #322, #2618 ) ;
#390 = DIRECTION ( 'NONE',  ( -1.000000000000000000, -0.000000000000000000, 0.000000000000000000 ) ) ;
#391 = ORIENTED_EDGE ( 'NONE', *, *, #2086, .T. ) ;
#392 = DIRECTION ( 'NONE',  ( 0.000000000000000000, 0.000000000000000000, 1.000000000000000000 ) ) ;
#393 = DIRECTION ( 'NONE',  ( -1.000000000000000000, 0.000000000000000000, 0.000000000000000000 ) ) ;
#394 = ORIENTED_EDGE ( 'NONE', *, *, #1562, .T. ) ;
#395 = CYLINDRICAL_SURFACE ( 'NONE', #2281, 9.000000000000000000 ) ;
#396 = EDGE_CURVE ( 'NONE', #294, #1891, #1860, .T. ) ;
#397 = CIRCLE ( 'NONE', #1700, 62.99999999999994316 ) ;
#398 = EDGE_CURVE ( 'NONE', #247, #1265, #1761, .T. ) ;
#399 = CARTESIAN_POINT ( 'NONE',  ( 40.00000000000000000, 13.99408105226187793, -50.72793493842720380 ) ) ;
#400 = ADVANCED_FACE ( 'NONE', ( #758 ), #489, .T. ) ;
#401 = ORIENTED_EDGE ( 'NONE', *, *, #1115, .F. ) ;
#402 = VECTOR ( 'NONE', #968, 1000.000000000000000 ) ;
#403 = CARTESIAN_POINT ( 'NONE',  ( 0.000000000000000000, -53.29578611892294049, -33.59403491642545703 ) ) ;
#404 = ORIENTED_EDGE ( 'NONE', *, *, #2314, .F. ) ;
#405 = CIRCLE ( 'NONE', #1701, 22.39999999999998082 ) ;
#406 = DIRECTION ( 'NONE',  ( 1.000000000000000000, 0.000000000000000000, 0.000000000000000000 ) ) ;
#407 = FACE_OUTER_BOUND ( 'NONE', #2660, .T. ) ;
#408 = FACE_OUTER_BOUND ( 'NONE', #2420, .T. ) ;
#409 = ORIENTED_EDGE ( 'NONE', *, *, #2482, .T. ) ;
#410 = CARTESIAN_POINT ( 'NONE',  ( 50.00005079999999680, 0.000000000000000000, 0.000000000000000000 ) ) ;
#411 = CARTESIAN_POINT ( 'NONE',  ( 0.000000000000000000, 0.000000000000000000, 0.000000000000000000 ) ) ;
#412 = EDGE_CURVE ( 'NONE', #2218, #1911, #1901, .T. ) ;
#413 = AXIS2_PLACEMENT_3D ( 'NONE', #127, #2427, #2398 ) ;
#414 = DIRECTION ( 'NONE',  ( -1.000000000000000000, -0.000000000000000000, 0.000000000000000000 ) ) ;
#415 = VECTOR ( 'NONE', #2560, 1000.000000000000000 ) ;
#416 = ORIENTED_EDGE ( 'NONE', *, *, #745, .F. ) ;
#417 = EDGE_CURVE ( 'NONE', #786, #1886, #210, .T. ) ;
#418 = EDGE_LOOP ( 'NONE', ( #440, #1353, #2644, #106 ) ) ;
#419 = DIRECTION ( 'NONE',  ( 0.000000000000000000, 0.000000000000000000, 1.000000000000000000 ) ) ;
#420 = CARTESIAN_POINT ( 'NONE',  ( 0.000000000000000000, 0.000000000000000000, 0.000000000000000000 ) ) ;
#421 = AXIS2_PLACEMENT_3D ( 'NONE', #676, #57, #2329 ) ;
#422 = AXIS2_PLACEMENT_3D ( 'NONE', #1854, #406, #432 ) ;
#423 = CARTESIAN_POINT ( 'NONE',  ( 0.000000000000000000, 0.000000000000000000, 0.000000000000000000 ) ) ;
#424 = DIRECTION ( 'NONE',  ( -1.000000000000000000, -0.000000000000000000, 0.000000000000000000 ) ) ;
#425 = MECHANICAL_DESIGN_GEOMETRIC_PRESENTATION_REPRESENTATION (  '', ( #1472 ), #2262 ) ;
#426 = ORIENTED_EDGE ( 'NONE', *, *, #665, .F. ) ;
#427 = CARTESIAN_POINT ( 'NONE',  ( 20.00000000000000000, -61.44038167018015173, -13.93124187653714507 ) ) ;
#428 = EDGE_CURVE ( 'NONE', #1573, #1952, #1525, .T. ) ;
#429 = ORIENTED_EDGE ( 'NONE', *, *, #1091, .T. ) ;
#430 = ADVANCED_FACE ( 'NONE', ( #2186 ), #321, .T. ) ;
#431 = DIRECTION ( 'NONE',  ( 0.000000000000000000, 0.000000000000000000, 1.000000000000000000 ) ) ;
#432 = DIRECTION ( 'NONE',  ( 0.000000000000000000, 0.000000000000000000, -1.000000000000000000 ) ) ;
#433 = CARTESIAN_POINT ( 'NONE',  ( 40.00000000000000000, 0.000000000000000000, 0.000000000000000000 ) ) ;
#434 = CARTESIAN_POINT ( 'NONE',  ( 0.000000000000000000, 0.000000000000000000, 0.000000000000000000 ) ) ;
#435 = ORIENTED_EDGE ( 'NONE', *, *, #1445, .F. ) ;
#436 = DIRECTION ( 'NONE',  ( 0.000000000000000000, 0.000000000000000000, 1.000000000000000000 ) ) ;
#437 = ORIENTED_EDGE ( 'NONE', *, *, #2482, .F. ) ;
#438 = FACE_OUTER_BOUND ( 'NONE', #1709, .T. ) ;
#439 = DIRECTION ( 'NONE',  ( 0.000000000000000000, 0.000000000000000000, -1.000000000000000000 ) ) ;
#440 = ORIENTED_EDGE ( 'NONE', *, *, #1776, .T. ) ;
#441 = CIRCLE ( 'NONE', #1962, 22.39999999999998082 ) ;
#442 = AXIS2_PLACEMENT_3D ( 'NONE', #2274, #2495, #2092 ) ;
#443 = ORIENTED_EDGE ( 'NONE', *, *, #2672, .T. ) ;
#444 = EDGE_CURVE ( 'NONE', #1315, #2530, #659, .T. ) ;
#445 = CARTESIAN_POINT ( 'NONE',  ( 40.00000000000000000, 0.000000000000000000, 0.000000000000000000 ) ) ;
#446 = DIRECTION ( 'NONE',  ( -1.000000000000000000, -0.000000000000000000, -0.000000000000000000 ) ) ;
#447 = ORIENTED_EDGE ( 'NONE', *, *, #366, .T. ) ;
#448 = DIRECTION ( 'NONE',  ( -1.000000000000000000, -0.000000000000000000, 0.000000000000000000 ) ) ;
#449 = EDGE_CURVE ( 'NONE', #2599, #2019, #1137, .T. ) ;
#450 = ORIENTED_EDGE ( 'NONE', *, *, #858, .F. ) ;
#451 = EDGE_LOOP ( 'NONE', ( #1373, #583, #1108, #804 ) ) ;
#452 = CARTESIAN_POINT ( 'NONE',  ( 40.00000000000000000, 0.000000000000000000, 0.000000000000000000 ) ) ;
#453 = DIRECTION ( 'NONE',  ( 0.000000000000000000, 0.000000000000000000, -1.000000000000000000 ) ) ;
#454 = CIRCLE ( 'NONE', #716, 22.39999999999998437 ) ;
#455 = EDGE_CURVE ( 'NONE', #1215, #724, #1031, .T. ) ;
#456 = ORIENTED_EDGE ( 'NONE', *, *, #2395, .T. ) ;
#457 = CARTESIAN_POINT ( 'NONE',  ( 0.000000000000000000, 62.09476655318249527, -10.64142691116937733 ) ) ;
#458 = CIRCLE ( 'NONE', #590, 62.99999999999994316 ) ;
#459 = AXIS2_PLACEMENT_3D ( 'NONE', #1260, #1803, #2435 ) ;
#460 = EDGE_CURVE ( 'NONE', #16, #674, #250, .T. ) ;
#461 = CARTESIAN_POINT ( 'NONE',  ( 0.000000000000000000, 8.485281374238569541, 3.000000000000000000 ) ) ;
#462 = AXIS2_PLACEMENT_3D ( 'NONE', #1909, #2328, #35 ) ;
#463 = ORIENTED_EDGE ( 'NONE', *, *, #2143, .T. ) ;
#464 = CARTESIAN_POINT ( 'NONE',  ( 0.000000000000000000, 0.000000000000000000, 0.000000000000000000 ) ) ;
#465 = ORIENTED_EDGE ( 'NONE', *, *, #604, .T. ) ;
#466 = CARTESIAN_POINT ( 'NONE',  ( 0.000000000000000000, -50.72793493842725354, -13.99408105226170029 ) ) ;
#467 = ORIENTED_EDGE ( 'NONE', *, *, #888, .T. ) ;
#468 = DIRECTION ( 'NONE',  ( -1.000000000000000000, -0.000000000000000000, 0.000000000000000000 ) ) ;
#469 = CYLINDRICAL_SURFACE ( 'NONE', #1993, 47.24899999999994549 ) ;
#470 = CYLINDRICAL_SURFACE ( 'NONE', #965, 22.39999999999998082 ) ;
#471 = ORIENTED_EDGE ( 'NONE', *, *, #255, .F. ) ;
#472 = AXIS2_PLACEMENT_3D ( 'NONE', #1510, #2558, #91 ) ;
#473 = EDGE_CURVE ( 'NONE', #1352, #1741, #587, .T. ) ;
#474 = ORIENTED_EDGE ( 'NONE', *, *, #1852, .F. ) ;
#475 = DIRECTION ( 'NONE',  ( 0.000000000000000000, 0.000000000000000000, 1.000000000000000000 ) ) ;
#476 = ORIENTED_EDGE ( 'NONE', *, *, #2291, .T. ) ;
#477 = CARTESIAN_POINT ( 'NONE',  ( 0.000000000000000000, 30.75582972190414566, -35.86846719776623615 ) ) ;
#478 = AXIS2_PLACEMENT_3D ( 'NONE', #1304, #657, #1703 ) ;
#479 = DIRECTION ( 'NONE',  ( -1.000000000000000000, 0.000000000000000000, 0.000000000000000000 ) ) ;
#480 = AXIS2_PLACEMENT_3D ( 'NONE', #567, #2619, #1351 ) ;
#481 = DIRECTION ( 'NONE',  ( 0.000000000000000000, 0.000000000000000000, 1.000000000000000000 ) ) ;
#482 = ADVANCED_FACE ( 'NONE', ( #2622 ), #2667, .T. ) ;
#483 = ORIENTED_EDGE ( 'NONE', *, *, #63, .F. ) ;
#484 = ORIENTED_EDGE ( 'NONE', *, *, #962, .F. ) ;
#485 = EDGE_CURVE ( 'NONE', #337, #1300, #1800, .T. ) ;
#486 = DIRECTION ( 'NONE',  ( -1.000000000000000000, 0.000000000000000000, 0.000000000000000000 ) ) ;
#487 = DIRECTION ( 'NONE',  ( -1.000000000000000000, -0.000000000000000000, 0.000000000000000000 ) ) ;
#488 = ORIENTED_EDGE ( 'NONE', *, *, #842, .F. ) ;
#489 = CYLINDRICAL_SURFACE ( 'NONE', #369, 22.39999999999998082 ) ;
#490 = VECTOR ( 'NONE', #2021, 1000.000000000000000 ) ;
#491 = LINE ( 'NONE', #2243, #1314 ) ;
#492 = DIRECTION ( 'NONE',  ( -1.000000000000000000, -0.000000000000000000, 0.000000000000000000 ) ) ;
#493 = CARTESIAN_POINT ( 'NONE',  ( 0.000000000000000000, 61.44038167018025121, 13.93124187653671875 ) ) ;
#494 = VECTOR ( 'NONE', #2305, 1000.000000000000000 ) ;
#495 = CIRCLE ( 'NONE', #2038, 47.24899999999994549 ) ;
#496 = ORIENTED_EDGE ( 'NONE', *, *, #42, .T. ) ;
#497 = VECTOR ( 'NONE', #787, 1000.000000000000000 ) ;
#498 = ORIENTED_EDGE ( 'NONE', *, *, #255, .T. ) ;
#499 = CYLINDRICAL_SURFACE ( 'NONE', #2101, 47.24899999999994549 ) ;
#500 = ADVANCED_FACE ( 'NONE', ( #1818 ), #1180, .T. ) ;
#501 = EDGE_CURVE ( 'NONE', #1179, #1261, #1080, .T. ) ;
#502 = ORIENTED_EDGE ( 'NONE', *, *, #100, .T. ) ;
#503 = LINE ( 'NONE', #1173, #884 ) ;
#504 = LINE ( 'NONE', #942, #54 ) ;
#505 = ADVANCED_FACE ( 'NONE', ( #2387 ), #1582, .T. ) ;
#506 = DIRECTION ( 'NONE',  ( 0.000000000000000000, -1.000000000000000000, -0.000000000000000000 ) ) ;
#507 = CARTESIAN_POINT ( 'NONE',  ( 40.00000000000000000, 13.93124187653732271, -61.44038167018013041 ) ) ;
#508 = VERTEX_POINT ( 'NONE', #737 ) ;
#509 = ORIENTED_EDGE ( 'NONE', *, *, #1098, .F. ) ;
#510 = DIRECTION ( 'NONE',  ( -1.000000000000000000, 0.000000000000000000, 0.000000000000000000 ) ) ;
#511 = CARTESIAN_POINT ( 'NONE',  ( 20.00000000000000355, -62.09476655318258054, 10.64142691116895278 ) ) ;
#512 = VERTEX_POINT ( 'NONE', #316 ) ;
#513 = CARTESIAN_POINT ( 'NONE',  ( 0.000000000000000000, 44.90788918978359590, -14.68841344455257847 ) ) ;
#514 = SURFACE_STYLE_FILL_AREA ( #971 ) ;
#515 = AXIS2_PLACEMENT_3D ( 'NONE', #411, #424, #3 ) ;
#516 = ORIENTED_EDGE ( 'NONE', *, *, #1276, .T. ) ;
#517 = ADVANCED_FACE ( 'NONE', ( #2026 ), #1397, .T. ) ;
#518 = DIRECTION ( 'NONE',  ( -1.000000000000000000, 0.000000000000000000, 0.000000000000000000 ) ) ;
#519 = VECTOR ( 'NONE', #894, 1000.000000000000000 ) ;
#520 = AXIS2_PLACEMENT_3D ( 'NONE', #2515, #805, #831 ) ;
#521 = DIRECTION ( 'NONE',  ( 0.000000000000000000, 0.000000000000000000, -1.000000000000000000 ) ) ;
#522 = FACE_OUTER_BOUND ( 'NONE', #1682, .T. ) ;
#523 = SURFACE_SIDE_STYLE ('',( #706 ) ) ;
#524 = EDGE_CURVE ( 'NONE', #932, #1396, #458, .T. ) ;
#525 = CARTESIAN_POINT ( 'NONE',  ( 40.00000000000000000, -41.51119784630280662, 32.34158531951835869 ) ) ;
#526 = ORIENTED_EDGE ( 'NONE', *, *, #1913, .T. ) ;
#527 = VERTEX_POINT ( 'NONE', #2642 ) ;
#528 = DIRECTION ( 'NONE',  ( 1.000000000000000000, 0.000000000000000000, 0.000000000000000000 ) ) ;
#529 = CARTESIAN_POINT ( 'NONE',  ( 40.00000000000000000, -30.75582972190390407, 35.86846719776644221 ) ) ;
#530 = ORIENTED_EDGE ( 'NONE', *, *, #1752, .T. ) ;
#531 = CARTESIAN_POINT ( 'NONE',  ( 40.00000000000000000, -33.59403491642528650, 53.29578611892306128 ) ) ;
#532 = PRESENTATION_STYLE_ASSIGNMENT (( #2419 ) ) ;
#533 = ORIENTED_EDGE ( 'NONE', *, *, #1399, .T. ) ;
#534 = CARTESIAN_POINT ( 'NONE',  ( 40.00000000000000000, 52.22180378605187911, -6.483895198542116489 ) ) ;
#535 = DIRECTION ( 'NONE',  ( 0.000000000000000000, 0.000000000000000000, 1.000000000000000000 ) ) ;
#536 = LINE ( 'NONE', #71, #1853 ) ;
#537 = AXIS2_PLACEMENT_3D ( 'NONE', #1010, #1250, #1433 ) ;
#538 = CIRCLE ( 'NONE', #2196, 22.39999999999998082 ) ;
#539 = DIRECTION ( 'NONE',  ( 0.000000000000000000, 0.000000000000000000, 1.000000000000000000 ) ) ;
#540 = EDGE_CURVE ( 'NONE', #16, #1310, #332, .T. ) ;
#541 = ORIENTED_EDGE ( 'NONE', *, *, #1979, .T. ) ;
#542 = DIRECTION ( 'NONE',  ( 0.000000000000000000, 0.9238795325112877377, -0.3826834323650873948 ) ) ;
#543 = CIRCLE ( 'NONE', #2554, 22.39999999999998082 ) ;
#544 = ORIENTED_EDGE ( 'NONE', *, *, #555, .F. ) ;
#545 = AXIS2_PLACEMENT_3D ( 'NONE', #849, #2124, #1024 ) ;
#546 = CARTESIAN_POINT ( 'NONE',  ( 40.00000000000000000, 62.09476655318250948, -10.64142691116938622 ) ) ;
#547 = ORIENTED_EDGE ( 'NONE', *, *, #1200, .F. ) ;
#548 = FACE_OUTER_BOUND ( 'NONE', #619, .T. ) ;
#549 = DIRECTION ( 'NONE',  ( 1.000000000000000000, 0.000000000000000000, 0.000000000000000000 ) ) ;
#550 = CARTESIAN_POINT ( 'NONE',  ( 0.000000000000000000, -61.44038167018034358, 13.93124187653628532 ) ) ;
#551 = DIRECTION ( 'NONE',  ( 0.000000000000000000, 1.000000000000000000, 3.407492542097302692E-15 ) ) ;
#552 = CARTESIAN_POINT ( 'NONE',  ( 40.00000000000000000, 0.000000000000000000, 9.000000000000000000 ) ) ;
#553 = EDGE_LOOP ( 'NONE', ( #1230, #1611, #812, #2070 ) ) ;
#554 = DIRECTION ( 'NONE',  ( -1.000000000000000000, -0.000000000000000000, -0.000000000000000000 ) ) ;
#555 = EDGE_CURVE ( 'NONE', #2161, #343, #809, .T. ) ;
#556 = ORIENTED_EDGE ( 'NONE', *, *, #291, .F. ) ;
#557 = ADVANCED_FACE ( 'NONE', ( #115 ), #1370, .T. ) ;
#558 = CYLINDRICAL_SURFACE ( 'NONE', #1333, 22.39999999999998437 ) ;
#559 = VERTEX_POINT ( 'NONE', #2195 ) ;
#560 = VERTEX_POINT ( 'NONE', #2656 ) ;
#561 = DIRECTION ( 'NONE',  ( 0.000000000000000000, 0.000000000000000000, 1.000000000000000000 ) ) ;
#562 = DIRECTION ( 'NONE',  ( 0.000000000000000000, 0.000000000000000000, -1.000000000000000000 ) ) ;
#563 = DIRECTION ( 'NONE',  ( -1.000000000000000000, 0.000000000000000000, -0.000000000000000000 ) ) ;
#564 = CARTESIAN_POINT ( 'NONE',  ( 0.000000000000000000, 50.72793493842735302, 13.99408105226134325 ) ) ;
#565 = DIRECTION ( 'NONE',  ( -1.000000000000000000, -0.000000000000000000, 0.000000000000000000 ) ) ;
#566 = CIRCLE ( 'NONE', #2057, 62.99999999999994316 ) ;
#567 = CARTESIAN_POINT ( 'NONE',  ( 40.00000000000000000, 0.000000000000000000, 0.000000000000000000 ) ) ;
#568 = CIRCLE ( 'NONE', #1071, 47.24899999999994549 ) ;
#569 = VERTEX_POINT ( 'NONE', #1600 ) ;
#570 = DIRECTION ( 'NONE',  ( 0.000000000000000000, -7.124757133476177855E-15, 1.000000000000000000 ) ) ;
#571 = EDGE_CURVE ( 'NONE', #2083, #1048, #1421, .T. ) ;
#572 = VERTEX_POINT ( 'NONE', #176 ) ;
#573 = DIRECTION ( 'NONE',  ( -1.000000000000000000, 0.000000000000000000, -0.000000000000000000 ) ) ;
#574 = FACE_OUTER_BOUND ( 'NONE', #642, .T. ) ;
#575 = EDGE_CURVE ( 'NONE', #300, #2626, #1590, .T. ) ;
#576 = ORIENTED_EDGE ( 'NONE', *, *, #1913, .F. ) ;
#577 = EDGE_CURVE ( 'NONE', #1883, #786, #1807, .T. ) ;
#578 = ORIENTED_EDGE ( 'NONE', *, *, #2359, .F. ) ;
#579 = CARTESIAN_POINT ( 'NONE',  ( 0.000000000000000000, -32.34158531951820947, -41.51119784630289899 ) ) ;
#580 = DIRECTION ( 'NONE',  ( -1.000000000000000000, 0.000000000000000000, -0.000000000000000000 ) ) ;
#581 = CYLINDRICAL_SURFACE ( 'NONE', #673, 22.39999999999998082 ) ;
#582 = CARTESIAN_POINT ( 'NONE',  ( 0.000000000000000000, -30.75582972190390407, 35.86846719776644221 ) ) ;
#583 = ORIENTED_EDGE ( 'NONE', *, *, #455, .F. ) ;
#584 = CIRCLE ( 'NONE', #110, 47.24899999999994549 ) ;
#585 = CARTESIAN_POINT ( 'NONE',  ( 40.00000000000000000, 41.51119784630300558, -32.34158531951808158 ) ) ;
#586 = AXIS2_PLACEMENT_3D ( 'NONE', #1991, #1959, #899 ) ;
#587 = CIRCLE ( 'NONE', #926, 47.24899999999994549 ) ;
#588 = AXIS2_PLACEMENT_3D ( 'NONE', #1855, #1840, #1881 ) ;
#589 = ORIENTED_EDGE ( 'NONE', *, *, #2496, .T. ) ;
#590 = AXIS2_PLACEMENT_3D ( 'NONE', #2403, #769, #2010 ) ;
#591 = CARTESIAN_POINT ( 'NONE',  ( 40.00000000000000000, 13.99408105226187793, -50.72793493842720380 ) ) ;
#592 = CARTESIAN_POINT ( 'NONE',  ( 40.00000000000000000, 0.000000000000000000, 0.000000000000000000 ) ) ;
#593 = ORIENTED_EDGE ( 'NONE', *, *, #1479, .T. ) ;
#594 = VECTOR ( 'NONE', #2524, 1000.000000000000000 ) ;
#595 = EDGE_CURVE ( 'NONE', #2570, #989, #639, .T. ) ;
#596 = ORIENTED_EDGE ( 'NONE', *, *, #2015, .T. ) ;
#597 = CARTESIAN_POINT ( 'NONE',  ( 40.00000000000000000, -41.51119784630232346, -32.34158531951895554 ) ) ;
#598 = EDGE_CURVE ( 'NONE', #1116, #290, #1637, .T. ) ;
#599 = CARTESIAN_POINT ( 'NONE',  ( 40.00000000000000000, -14.68841344455273656, -44.90788918978353905 ) ) ;
#600 = DIRECTION ( 'NONE',  ( 0.000000000000000000, 0.000000000000000000, 1.000000000000000000 ) ) ;
#601 = CARTESIAN_POINT ( 'NONE',  ( 40.00000000000000000, 0.000000000000000000, 0.000000000000000000 ) ) ;
#602 = CARTESIAN_POINT ( 'NONE',  ( 40.00000000000000000, 0.000000000000000000, 0.000000000000000000 ) ) ;
#603 = ORIENTED_EDGE ( 'NONE', *, *, #1429, .T. ) ;
#604 = EDGE_CURVE ( 'NONE', #1310, #2570, #2336, .T. ) ;
#605 = CARTESIAN_POINT ( 'NONE',  ( 40.00000000000000000, 8.485281374238569541, -3.000000000000000000 ) ) ;
#606 = ORIENTED_EDGE ( 'NONE', *, *, #211, .F. ) ;
#607 = DIRECTION ( 'NONE',  ( 0.000000000000000000, -0.7071067811865539010, 0.7071067811865412445 ) ) ;
#608 = ORIENTED_EDGE ( 'NONE', *, *, #326, .T. ) ;
#609 = DIRECTION ( 'NONE',  ( 0.000000000000000000, 0.000000000000000000, -1.000000000000000000 ) ) ;
#610 = CARTESIAN_POINT ( 'NONE',  ( 0.000000000000000000, 50.72793493842735302, 36.39408105226132761 ) ) ;
#611 = DIRECTION ( 'NONE',  ( -1.000000000000000000, 0.000000000000000000, -0.000000000000000000 ) ) ;
#612 = EDGE_CURVE ( 'NONE', #1498, #821, #990, .T. ) ;
#613 = ORIENTED_EDGE ( 'NONE', *, *, #1429, .F. ) ;
#614 = AXIS2_PLACEMENT_3D ( 'NONE', #1654, #261, #293 ) ;
#615 = CARTESIAN_POINT ( 'NONE',  ( 40.00000000000000000, -25.97475718202339579, -45.76537639908036681 ) ) ;
#616 = EDGE_CURVE ( 'NONE', #1504, #508, #1847, .T. ) ;
#617 = DIRECTION ( 'NONE',  ( -1.000000000000000000, 0.000000000000000000, 0.000000000000000000 ) ) ;
#618 = CIRCLE ( 'NONE', #2288, 47.24899999999994549 ) ;
#619 = EDGE_LOOP ( 'NONE', ( #1321, #1858, #1750, #2076 ) ) ;
#620 = AXIS2_PLACEMENT_3D ( 'NONE', #2356, #856, #1725 ) ;
#621 = DIRECTION ( 'NONE',  ( 1.000000000000000000, -0.000000000000000000, -0.000000000000000000 ) ) ;
#622 = CIRCLE ( 'NONE', #193, 47.24899999999995259 ) ;
#623 = ORIENTED_EDGE ( 'NONE', *, *, #649, .T. ) ;
#624 = EDGE_LOOP ( 'NONE', ( #163, #846, #89, #2146 ) ) ;
#625 = DIRECTION ( 'NONE',  ( 0.000000000000000000, 0.000000000000000000, 1.000000000000000000 ) ) ;
#626 = CARTESIAN_POINT ( 'NONE',  ( 40.00000000000000000, -36.38300537556235525, 51.43225563633966857 ) ) ;
#627 = CARTESIAN_POINT ( 'NONE',  ( 40.00000000000000000, 45.76537639908009680, 25.97475718202387540 ) ) ;
#628 = CARTESIAN_POINT ( 'NONE',  ( 40.00000000000000000, 35.86846719776697512, -30.75582972190327880 ) ) ;
#629 = ORIENTED_EDGE ( 'NONE', *, *, #1386, .T. ) ;
#630 = CARTESIAN_POINT ( 'NONE',  ( 0.000000000000000000, 0.000000000000000000, 0.000000000000000000 ) ) ;
#631 = DIRECTION ( 'NONE',  ( -1.000000000000000000, -0.000000000000000000, -0.000000000000000000 ) ) ;
#632 = EDGE_CURVE ( 'NONE', #1613, #2357, #1786, .T. ) ;
#633 = AXIS2_PLACEMENT_3D ( 'NONE', #1530, #2635, #1594 ) ;
#634 = ORIENTED_EDGE ( 'NONE', *, *, #2609, .F. ) ;
#635 = AXIS2_PLACEMENT_3D ( 'NONE', #2173, #2425, #1764 ) ;
#636 = AXIS2_PLACEMENT_3D ( 'NONE', #2171, #1346, #81 ) ;
#637 = CARTESIAN_POINT ( 'NONE',  ( 0.000000000000000000, -50.72793493842745249, 13.99408105226098620 ) ) ;
#638 = ORIENTED_EDGE ( 'NONE', *, *, #632, .T. ) ;
#639 = CIRCLE ( 'NONE', #209, 9.000000000000000000 ) ;
#640 = CARTESIAN_POINT ( 'NONE',  ( 50.00005079999999680, 0.000000000000000000, 9.000000000000000000 ) ) ;
#641 = DIRECTION ( 'NONE',  ( -1.000000000000000000, 0.000000000000000000, 0.000000000000000000 ) ) ;
#642 = EDGE_LOOP ( 'NONE', ( #885, #835, #2267, #168 ) ) ;
#643 = CYLINDRICAL_SURFACE ( 'NONE', #878, 47.24899999999994549 ) ;
#644 = CIRCLE ( 'NONE', #4, 62.99999999999994316 ) ;
#645 = CARTESIAN_POINT ( 'NONE',  ( 0.000000000000000000, -47.11049214368486560, -3.615180628931451423 ) ) ;
#646 = DIRECTION ( 'NONE',  ( 0.000000000000000000, 0.000000000000000000, -1.000000000000000000 ) ) ;
#647 = ORIENTED_EDGE ( 'NONE', *, *, #1656, .T. ) ;
#648 = ORIENTED_EDGE ( 'NONE', *, *, #2636, .T. ) ;
#649 = EDGE_CURVE ( 'NONE', #512, #1357, #1702, .T. ) ;
#650 = DIRECTION ( 'NONE',  ( 0.000000000000000000, 0.000000000000000000, 1.000000000000000000 ) ) ;
#651 = DIRECTION ( 'NONE',  ( -1.000000000000000000, 0.000000000000000000, -0.000000000000000000 ) ) ;
#652 =( LENGTH_UNIT ( ) NAMED_UNIT ( * ) SI_UNIT ( .MILLI., .METRE. ) );
#653 = ORIENTED_EDGE ( 'NONE', *, *, #1942, .T. ) ;
#654 = CYLINDRICAL_SURFACE ( 'NONE', #2296, 22.39999999999998082 ) ;
#655 = ORIENTED_EDGE ( 'NONE', *, *, #2452, .F. ) ;
#656 = CIRCLE ( 'NONE', #614, 22.39999999999998437 ) ;
#657 = DIRECTION ( 'NONE',  ( 1.000000000000000000, 0.000000000000000000, 0.000000000000000000 ) ) ;
#658 = ORIENTED_EDGE ( 'NONE', *, *, #1072, .F. ) ;
#659 = LINE ( 'NONE', #1187, #1377 ) ;
#660 = AXIS2_PLACEMENT_3D ( 'NONE', #597, #2032, #2268 ) ;
#661 = EDGE_CURVE ( 'NONE', #1967, #2680, #2177, .T. ) ;
#662 = PRODUCT ( 'spur gear_iso', 'spur gear_iso', '', ( #2184 ) ) ;
#663 = ORIENTED_EDGE ( 'NONE', *, *, #359, .T. ) ;
#664 = CARTESIAN_POINT ( 'NONE',  ( 40.00000000000000000, -61.44038167018035068, 13.93124187653628532 ) ) ;
#665 = EDGE_CURVE ( 'NONE', #868, #1890, #2312, .T. ) ;
#666 = CARTESIAN_POINT ( 'NONE',  ( 40.00000000000000000, 0.000000000000000000, 0.000000000000000000 ) ) ;
#667 = CARTESIAN_POINT ( 'NONE',  ( 40.00000000000000000, 6.483895198542685812, -52.22180378605179385 ) ) ;
#668 = EDGE_CURVE ( 'NONE', #1538, #2224, #2081, .T. ) ;
#669 = VECTOR ( 'NONE', #2586, 1000.000000000000000 ) ;
#670 = EDGE_LOOP ( 'NONE', ( #118, #443, #752, #1969 ) ) ;
#671 = DIRECTION ( 'NONE',  ( 0.000000000000000000, 0.000000000000000000, 1.000000000000000000 ) ) ;
#672 = ORIENTED_EDGE ( 'NONE', *, *, #1708, .F. ) ;
#673 = AXIS2_PLACEMENT_3D ( 'NONE', #1592, #563, #1990 ) ;
#674 = VERTEX_POINT ( 'NONE', #605 ) ;
#675 = AXIS2_PLACEMENT_3D ( 'NONE', #2219, #2408, #1747 ) ;
#676 = CARTESIAN_POINT ( 'NONE',  ( 0.000000000000000000, 50.72793493842735302, 13.99408105226134325 ) ) ;
#677 = ORIENTED_EDGE ( 'NONE', *, *, #1961, .T. ) ;
#678 = DIRECTION ( 'NONE',  ( 0.000000000000000000, 0.000000000000000000, 1.000000000000000000 ) ) ;
#679 = AXIS2_PLACEMENT_3D ( 'NONE', #2460, #149, #607 ) ;
#680 = CARTESIAN_POINT ( 'NONE',  ( -10.00000000000000000, 0.000000000000000000, 0.000000000000000000 ) ) ;
#681 = AXIS2_PLACEMENT_3D ( 'NONE', #601, #393, #1249 ) ;
#682 = EDGE_CURVE ( 'NONE', #103, #1504, #397, .T. ) ;
#683 = DIRECTION ( 'NONE',  ( 0.000000000000000000, 0.000000000000000000, 1.000000000000000000 ) ) ;
#684 = AXIS2_PLACEMENT_3D ( 'NONE', #2034, #169, #991 ) ;
#685 = ORIENTED_EDGE ( 'NONE', *, *, #1849, .T. ) ;
#686 = DIRECTION ( 'NONE',  ( -1.000000000000000000, 0.000000000000000000, 0.000000000000000000 ) ) ;
#687 = VERTEX_POINT ( 'NONE', #2258 ) ;
#688 = LINE ( 'NONE', #2327, #189 ) ;
#689 = DIRECTION ( 'NONE',  ( 0.000000000000000000, 0.000000000000000000, 1.000000000000000000 ) ) ;
#690 = ORIENTED_EDGE ( 'NONE', *, *, #540, .T. ) ;
#691 = FACE_OUTER_BOUND ( 'NONE', #278, .T. ) ;
#692 = EDGE_CURVE ( 'NONE', #727, #2014, #305, .T. ) ;
#693 = DIRECTION ( 'NONE',  ( -1.000000000000000000, 0.000000000000000000, -0.000000000000000000 ) ) ;
#694 = ADVANCED_FACE ( 'NONE', ( #1623 ), #1281, .T. ) ;
#695 = ORIENTED_EDGE ( 'NONE', *, *, #2563, .F. ) ;
#696 = DIRECTION ( 'NONE',  ( 0.000000000000000000, -0.3826834323650969982, 0.9238795325112837409 ) ) ;
#697 = ORIENTED_EDGE ( 'NONE', *, *, #310, .T. ) ;
#698 = AXIS2_PLACEMENT_3D ( 'NONE', #1614, #924, #2394 ) ;
#699 = CIRCLE ( 'NONE', #1236, 22.39999999999998082 ) ;
#700 = LINE ( 'NONE', #2016, #1520 ) ;
#701 = CARTESIAN_POINT ( 'NONE',  ( 40.00000000000000000, 50.72793493842735302, 36.39408105226132761 ) ) ;
#702 = ORIENTED_EDGE ( 'NONE', *, *, #1305, .T. ) ;
#703 = CARTESIAN_POINT ( 'NONE',  ( 40.00000000000000000, 0.000000000000000000, 0.000000000000000000 ) ) ;
#704 = CARTESIAN_POINT ( 'NONE',  ( 0.000000000000000000, 0.000000000000000000, 47.24899999999994549 ) ) ;
#705 = DIRECTION ( 'NONE',  ( -1.000000000000000000, 0.000000000000000000, 0.000000000000000000 ) ) ;
#706 = SURFACE_STYLE_FILL_AREA ( #944 ) ;
#707 = DIRECTION ( 'NONE',  ( 0.000000000000000000, 0.000000000000000000, -1.000000000000000000 ) ) ;
#708 = ORIENTED_EDGE ( 'NONE', *, *, #2227, .F. ) ;
#709 = EDGE_CURVE ( 'NONE', #2445, #1489, #566, .T. ) ;
#710 = CARTESIAN_POINT ( 'NONE',  ( 20.00000000000000000, 33.59403491642490991, 53.29578611892328865 ) ) ;
#711 = ORIENTED_EDGE ( 'NONE', *, *, #1479, .F. ) ;
#712 = CIRCLE ( 'NONE', #1857, 22.39999999999998082 ) ;
#713 = DIRECTION ( 'NONE',  ( 0.000000000000000000, -0.9238795325112825196, -0.3826834323650998848 ) ) ;
#714 = AXIS2_PLACEMENT_3D ( 'NONE', #1274, #837, #1413 ) ;
#715 = DIRECTION ( 'NONE',  ( 0.000000000000000000, 0.7071067811865437980, 0.7071067811865512365 ) ) ;
#716 = AXIS2_PLACEMENT_3D ( 'NONE', #1589, #2204, #1792 ) ;
#717 = DIRECTION ( 'NONE',  ( -1.000000000000000000, 0.000000000000000000, -0.000000000000000000 ) ) ;
#718 = LINE ( 'NONE', #1765, #1197 ) ;
#719 = AXIS2_PLACEMENT_3D ( 'NONE', #637, #1464, #2084 ) ;
#720 = AXIS2_PLACEMENT_3D ( 'NONE', #627, #1452, #1299 ) ;
#721 = ORIENTED_EDGE ( 'NONE', *, *, #1656, .F. ) ;
#722 = ORIENTED_EDGE ( 'NONE', *, *, #2519, .T. ) ;
#723 = EDGE_CURVE ( 'NONE', #1061, #1573, #904, .T. ) ;
#724 = VERTEX_POINT ( 'NONE', #820 ) ;
#725 = CARTESIAN_POINT ( 'NONE',  ( 0.000000000000000000, 62.09476655318249527, 10.64142691116937733 ) ) ;
#726 =( NAMED_UNIT ( * ) PLANE_ANGLE_UNIT ( ) SI_UNIT ( $, .RADIAN. ) );
#727 = VERTEX_POINT ( 'NONE', #232 ) ;
#728 = EDGE_CURVE ( 'NONE', #1638, #1352, #387, .T. ) ;
#729 = CARTESIAN_POINT ( 'NONE',  ( 40.00000000000000000, -47.11049214368486560, -3.615180628931451423 ) ) ;
#730 = DIRECTION ( 'NONE',  ( 0.000000000000000000, 1.000000000000000000, 0.000000000000000000 ) ) ;
#731 = LINE ( 'NONE', #747, #2503 ) ;
#732 = LINE ( 'NONE', #2561, #2075 ) ;
#733 = DIRECTION ( 'NONE',  ( -1.000000000000000000, 0.000000000000000000, -0.000000000000000000 ) ) ;
#734 = CARTESIAN_POINT ( 'NONE',  ( 0.000000000000000000, 0.000000000000000000, -3.000000000000000000 ) ) ;
#735 = ORIENTED_EDGE ( 'NONE', *, *, #29, .T. ) ;
#736 = ORIENTED_EDGE ( 'NONE', *, *, #2143, .F. ) ;
#737 = CARTESIAN_POINT ( 'NONE',  ( 40.00000000000000000, 62.09476655318250948, 10.64142691116938622 ) ) ;
#738 = ORIENTED_EDGE ( 'NONE', *, *, #1089, .T. ) ;
#739 = CARTESIAN_POINT ( 'NONE',  ( 40.00000000000000000, -45.76537639907991917, -25.97475718202419515 ) ) ;
#740 = AXIS2_PLACEMENT_3D ( 'NONE', #1130, #108, #1957 ) ;
#741 = EDGE_LOOP ( 'NONE', ( #2073, #429, #394, #1650 ) ) ;
#742 = CARTESIAN_POINT ( 'NONE',  ( 0.000000000000000000, -36.38300537556234815, 51.43225563633965436 ) ) ;
#743 = AXIS2_PLACEMENT_3D ( 'NONE', #1983, #906, #2580 ) ;
#744 = CARTESIAN_POINT ( 'NONE',  ( 40.00000000000000000, 0.000000000000000000, 0.000000000000000000 ) ) ;
#745 = EDGE_CURVE ( 'NONE', #1357, #1643, #1615, .T. ) ;
#746 = DIRECTION ( 'NONE',  ( -1.000000000000000000, -0.000000000000000000, -0.000000000000000000 ) ) ;
#747 = CARTESIAN_POINT ( 'NONE',  ( 20.00000000000000000, -36.38300537556163050, -51.43225563634017306 ) ) ;
#748 = AXIS2_PLACEMENT_3D ( 'NONE', #1904, #631, #31 ) ;
#749 = CARTESIAN_POINT ( 'NONE',  ( 40.00000000000000000, -30.75582972190340314, -35.86846719776686854 ) ) ;
#750 = CARTESIAN_POINT ( 'NONE',  ( 0.000000000000000000, 0.000000000000000000, 0.000000000000000000 ) ) ;
#751 = CIRCLE ( 'NONE', #1570, 22.39999999999998792 ) ;
#752 = ORIENTED_EDGE ( 'NONE', *, *, #2543, .T. ) ;
#753 = DIRECTION ( 'NONE',  ( 0.000000000000000000, 0.000000000000000000, 1.000000000000000000 ) ) ;
#754 = DIRECTION ( 'NONE',  ( -1.000000000000000000, -0.000000000000000000, 0.000000000000000000 ) ) ;
#755 = VERTEX_POINT ( 'NONE', #1648 ) ;
#756 = DIRECTION ( 'NONE',  ( -1.000000000000000000, 0.000000000000000000, 0.000000000000000000 ) ) ;
#757 = ORIENTED_EDGE ( 'NONE', *, *, #661, .F. ) ;
#758 = FACE_OUTER_BOUND ( 'NONE', #451, .T. ) ;
#759 = DIRECTION ( 'NONE',  ( -1.000000000000000000, 0.000000000000000000, 0.000000000000000000 ) ) ;
#760 = FACE_OUTER_BOUND ( 'NONE', #1533, .T. ) ;
#761 = CARTESIAN_POINT ( 'NONE',  ( 0.000000000000000000, 0.000000000000000000, 0.000000000000000000 ) ) ;
#762 = AXIS2_PLACEMENT_3D ( 'NONE', #1912, #448, #1322 ) ;
#763 = EDGE_CURVE ( 'NONE', #1911, #103, #1013, .T. ) ;
#764 = AXIS2_PLACEMENT_3D ( 'NONE', #2004, #778, #2236 ) ;
#765 = AXIS2_PLACEMENT_3D ( 'NONE', #2571, #518, #1360 ) ;
#766 = CARTESIAN_POINT ( 'NONE',  ( 0.000000000000000000, 13.99408105226116916, 50.72793493842740986 ) ) ;
#767 = ORIENTED_EDGE ( 'NONE', *, *, #855, .T. ) ;
#768 = ADVANCED_FACE ( 'NONE', ( #1446 ), #2289, .T. ) ;
#769 = DIRECTION ( 'NONE',  ( -1.000000000000000000, -0.000000000000000000, -0.000000000000000000 ) ) ;
#770 = CARTESIAN_POINT ( 'NONE',  ( 20.00000000000000355, -10.64142691116872541, -62.09476655318260896 ) ) ;
#771 = AXIS2_PLACEMENT_3D ( 'NONE', #667, #239, #1066 ) ;
#772 = ORIENTED_EDGE ( 'NONE', *, *, #2160, .T. ) ;
#773 = DIRECTION ( 'NONE',  ( -1.000000000000000000, -0.000000000000000000, 0.000000000000000000 ) ) ;
#774 = CIRCLE ( 'NONE', #77, 22.39999999999998437 ) ;
#775 = VERTEX_POINT ( 'NONE', #1780 ) ;
#776 = ORIENTED_EDGE ( 'NONE', *, *, #1014, .T. ) ;
#777 = DIRECTION ( 'NONE',  ( -1.000000000000000000, -0.000000000000000000, -0.000000000000000000 ) ) ;
#778 = DIRECTION ( 'NONE',  ( -1.000000000000000000, 0.000000000000000000, 0.000000000000000000 ) ) ;
#779 = CARTESIAN_POINT ( 'NONE',  ( 40.00000000000000000, 11.80000000000000071, 3.000000000000000000 ) ) ;
#780 = EDGE_CURVE ( 'NONE', #216, #1714, #389, .T. ) ;
#781 = ORIENTED_EDGE ( 'NONE', *, *, #2216, .T. ) ;
#782 = DIRECTION ( 'NONE',  ( -1.000000000000000000, -0.000000000000000000, -0.000000000000000000 ) ) ;
#783 = ADVANCED_FACE ( 'NONE', ( #2671 ), #1426, .T. ) ;
#784 = ORIENTED_EDGE ( 'NONE', *, *, #1200, .T. ) ;
#785 = DIRECTION ( 'NONE',  ( 0.000000000000000000, 0.000000000000000000, 1.000000000000000000 ) ) ;
#786 = VERTEX_POINT ( 'NONE', #2382 ) ;
#787 = DIRECTION ( 'NONE',  ( -1.000000000000000000, -0.000000000000000000, 0.000000000000000000 ) ) ;
#788 = CARTESIAN_POINT ( 'NONE',  ( 0.000000000000000000, -35.86846719776633563, -30.75582972190402131 ) ) ;
#789 = CARTESIAN_POINT ( 'NONE',  ( 0.000000000000000000, -51.43225563634003805, 36.38300537556180814 ) ) ;
#790 = DIRECTION ( 'NONE',  ( 0.000000000000000000, 0.7071067811865487940, -0.7071067811865462405 ) ) ;
#791 = AXIS2_PLACEMENT_3D ( 'NONE', #2348, #1531, #683 ) ;
#792 = EDGE_LOOP ( 'NONE', ( #1976, #1450, #206, #2490 ) ) ;
#793 = EDGE_CURVE ( 'NONE', #34, #2161, #491, .T. ) ;
#794 = EDGE_CURVE ( 'NONE', #1277, #1816, #2444, .T. ) ;
#795 = DIRECTION ( 'NONE',  ( -1.000000000000000000, -0.000000000000000000, -0.000000000000000000 ) ) ;
#796 = DIRECTION ( 'NONE',  ( -1.000000000000000000, 0.000000000000000000, 0.000000000000000000 ) ) ;
#797 = ORIENTED_EDGE ( 'NONE', *, *, #2347, .F. ) ;
#798 = EDGE_CURVE ( 'NONE', #1741, #302, #1923, .T. ) ;
#799 = VERTEX_POINT ( 'NONE', #704 ) ;
#800 = CYLINDRICAL_SURFACE ( 'NONE', #832, 62.99999999999994316 ) ;
#801 = DIRECTION ( 'NONE',  ( -1.000000000000000000, 0.000000000000000000, -0.000000000000000000 ) ) ;
#802 = DIRECTION ( 'NONE',  ( 0.000000000000000000, 0.000000000000000000, 1.000000000000000000 ) ) ;
#803 = CARTESIAN_POINT ( 'NONE',  ( 0.000000000000000000, -45.76537639907991917, -25.97475718202419515 ) ) ;
#804 = ORIENTED_EDGE ( 'NONE', *, *, #1917, .T. ) ;
#805 = DIRECTION ( 'NONE',  ( -1.000000000000000000, 0.000000000000000000, 0.000000000000000000 ) ) ;
#806 = AXIS2_PLACEMENT_3D ( 'NONE', #1147, #2221, #927 ) ;
#807 = VECTOR ( 'NONE', #338, 1000.000000000000000 ) ;
#808 = VERTEX_POINT ( 'NONE', #94 ) ;
#809 = CIRCLE ( 'NONE', #2593, 22.39999999999997726 ) ;
#810 = AXIS2_PLACEMENT_3D ( 'NONE', #191, #773, #2686 ) ;
#811 = CARTESIAN_POINT ( 'NONE',  ( 40.00000000000000000, -21.36839622335426014, -42.14094972638531544 ) ) ;
#812 = ORIENTED_EDGE ( 'NONE', *, *, #2320, .F. ) ;
#813 = AXIS2_PLACEMENT_3D ( 'NONE', #2454, #611, #1176 ) ;
#814 = ORIENTED_EDGE ( 'NONE', *, *, #444, .T. ) ;
#815 = DIRECTION ( 'NONE',  ( -1.000000000000000000, 0.000000000000000000, 0.000000000000000000 ) ) ;
#816 = CYLINDRICAL_SURFACE ( 'NONE', #813, 22.39999999999998082 ) ;
#817 = EDGE_CURVE ( 'NONE', #2488, #1691, #830, .T. ) ;
#818 = ORIENTED_EDGE ( 'NONE', *, *, #2069, .F. ) ;
#819 = CARTESIAN_POINT ( 'NONE',  ( 40.00000000000000000, 33.59403491642491701, 53.29578611892328865 ) ) ;
#820 = CARTESIAN_POINT ( 'NONE',  ( 0.000000000000000000, -62.09476655318258054, 10.64142691116895278 ) ) ;
#821 = VERTEX_POINT ( 'NONE', #2163 ) ;
#822 = LINE ( 'NONE', #1449, #2252 ) ;
#823 = ORIENTED_EDGE ( 'NONE', *, *, #1112, .T. ) ;
#824 = CARTESIAN_POINT ( 'NONE',  ( 0.000000000000000000, -10.64142691116959405, 62.09476655318245264 ) ) ;
#825 = CARTESIAN_POINT ( 'NONE',  ( 40.00000000000000000, 14.68841344455366915, -44.90788918978324062 ) ) ;
#826 = VERTEX_POINT ( 'NONE', #2614 ) ;
#827 = EDGE_CURVE ( 'NONE', #2626, #2292, #504, .T. ) ;
#828 = CIRCLE ( 'NONE', #1516, 62.99999999999994316 ) ;
#829 = CARTESIAN_POINT ( 'NONE',  ( 0.000000000000000000, -52.22180378605181517, -6.483895198542480642 ) ) ;
#830 = CIRCLE ( 'NONE', #1280, 22.39999999999998082 ) ;
#831 = DIRECTION ( 'NONE',  ( 0.000000000000000000, 0.9238795325112850731, 0.3826834323650939451 ) ) ;
#832 = AXIS2_PLACEMENT_3D ( 'NONE', #1039, #1231, #2087 ) ;
#833 = ORIENTED_EDGE ( 'NONE', *, *, #2611, .F. ) ;
#834 = LINE ( 'NONE', #427, #494 ) ;
#835 = ORIENTED_EDGE ( 'NONE', *, *, #2683, .F. ) ;
#836 = CYLINDRICAL_SURFACE ( 'NONE', #1946, 22.39999999999998082 ) ;
#837 = DIRECTION ( 'NONE',  ( -1.000000000000000000, 0.000000000000000000, 0.000000000000000000 ) ) ;
#838 = DIRECTION ( 'NONE',  ( -1.000000000000000000, 0.000000000000000000, 0.000000000000000000 ) ) ;
#839 = ORIENTED_EDGE ( 'NONE', *, *, #2247, .F. ) ;
#840 = CARTESIAN_POINT ( 'NONE',  ( 40.00000000000000000, 14.68841344455306874, 44.90788918978343247 ) ) ;
#841 = ORIENTED_EDGE ( 'NONE', *, *, #186, .T. ) ;
#842 = EDGE_CURVE ( 'NONE', #2042, #2525, #1097, .T. ) ;
#843 = DIRECTION ( 'NONE',  ( 0.000000000000000000, 0.000000000000000000, 1.000000000000000000 ) ) ;
#844 = ADVANCED_FACE ( 'NONE', ( #898 ), #1732, .T. ) ;
#845 = AXIS2_PLACEMENT_3D ( 'NONE', #886, #874, #1671 ) ;
#846 = ORIENTED_EDGE ( 'NONE', *, *, #211, .T. ) ;
#847 = CIRCLE ( 'NONE', #1903, 62.99999999999994316 ) ;
#848 = ORIENTED_EDGE ( 'NONE', *, *, #1058, .F. ) ;
#849 = CARTESIAN_POINT ( 'NONE',  ( 0.000000000000000000, 0.000000000000000000, 0.000000000000000000 ) ) ;
#850 = CARTESIAN_POINT ( 'NONE',  ( 40.00000000000000000, -50.72793493842745249, 13.99408105226098620 ) ) ;
#851 = CIRCLE ( 'NONE', #1210, 22.39999999999998082 ) ;
#852 = CYLINDRICAL_SURFACE ( 'NONE', #2205, 22.39999999999998082 ) ;
#853 = ORIENTED_EDGE ( 'NONE', *, *, #417, .F. ) ;
#854 = CARTESIAN_POINT ( 'NONE',  ( 40.00000000000000000, 42.14094972638508807, 21.36839622335471844 ) ) ;
#855 = EDGE_CURVE ( 'NONE', #674, #569, #2172, .T. ) ;
#856 = DIRECTION ( 'NONE',  ( -1.000000000000000000, 0.000000000000000000, 0.000000000000000000 ) ) ;
#857 = ORIENTED_EDGE ( 'NONE', *, *, #1965, .F. ) ;
#858 = EDGE_CURVE ( 'NONE', #1714, #258, #1879, .T. ) ;
#859 = EDGE_CURVE ( 'NONE', #2045, #34, #1140, .T. ) ;
#860 = VERTEX_POINT ( 'NONE', #2264 ) ;
#861 = CARTESIAN_POINT ( 'NONE',  ( 40.00000000000000000, 0.000000000000000000, 0.000000000000000000 ) ) ;
#862 = CARTESIAN_POINT ( 'NONE',  ( 40.00000000000000000, -45.76537639907991917, -25.97475718202419515 ) ) ;
#863 = DIRECTION ( 'NONE',  ( -1.000000000000000000, 0.000000000000000000, -0.000000000000000000 ) ) ;
#864 = AXIS2_PLACEMENT_3D ( 'NONE', #2106, #1059, #1874 ) ;
#865 = EDGE_LOOP ( 'NONE', ( #1289, #1063, #2085, #1799 ) ) ;
#866 = AXIS2_PLACEMENT_3D ( 'NONE', #200, #1861, #2 ) ;
#867 = EDGE_CURVE ( 'NONE', #1952, #891, #441, .T. ) ;
#868 = VERTEX_POINT ( 'NONE', #1762 ) ;
#869 = ADVANCED_FACE ( 'NONE', ( #2447 ), #1971, .T. ) ;
#870 = CARTESIAN_POINT ( 'NONE',  ( 40.00000000000000000, -13.93124187653693014, 61.44038167018021568 ) ) ;
#871 = AXIS2_PLACEMENT_3D ( 'NONE', #1164, #128, #947 ) ;
#872 = ORIENTED_EDGE ( 'NONE', *, *, #2133, .T. ) ;
#873 = EDGE_CURVE ( 'NONE', #560, #247, #2316, .T. ) ;
#874 = DIRECTION ( 'NONE',  ( -1.000000000000000000, -0.000000000000000000, -0.000000000000000000 ) ) ;
#875 = CARTESIAN_POINT ( 'NONE',  ( 40.00000000000000000, 50.72793493842735302, 13.99408105226134325 ) ) ;
#876 = ORIENTED_EDGE ( 'NONE', *, *, #1579, .F. ) ;
#877 = AXIS2_PLACEMENT_3D ( 'NONE', #324, #1338, #551 ) ;
#878 = AXIS2_PLACEMENT_3D ( 'NONE', #1290, #468, #671 ) ;
#879 = EDGE_LOOP ( 'NONE', ( #2315, #2581, #2025, #872 ) ) ;
#880 = ADVANCED_FACE ( 'NONE', ( #2187 ), #1160, .T. ) ;
#881 = CARTESIAN_POINT ( 'NONE',  ( 40.00000000000000000, -52.22180378605181517, 15.91610480145750195 ) ) ;
#882 = LINE ( 'NONE', #1954, #1086 ) ;
#883 = AXIS2_PLACEMENT_3D ( 'NONE', #1830, #782, #967 ) ;
#884 = VECTOR ( 'NONE', #2582, 1000.000000000000000 ) ;
#885 = ORIENTED_EDGE ( 'NONE', *, *, #223, .T. ) ;
#886 = CARTESIAN_POINT ( 'NONE',  ( 0.000000000000000000, 0.000000000000000000, 0.000000000000000000 ) ) ;
#887 = CIRCLE ( 'NONE', #375, 47.24899999999994549 ) ;
#888 = EDGE_CURVE ( 'NONE', #1802, #1706, #2458, .T. ) ;
#889 = CYLINDRICAL_SURFACE ( 'NONE', #1085, 47.24899999999994549 ) ;
#890 = AXIS2_PLACEMENT_3D ( 'NONE', #2206, #1174, #1839 ) ;
#891 = VERTEX_POINT ( 'NONE', #1771 ) ;
#892 = CIRCLE ( 'NONE', #1551, 22.39999999999998082 ) ;
#893 = ORIENTED_EDGE ( 'NONE', *, *, #473, .F. ) ;
#894 = DIRECTION ( 'NONE',  ( -1.000000000000000000, -0.000000000000000000, 0.000000000000000000 ) ) ;
#895 = CYLINDRICAL_SURFACE ( 'NONE', #1313, 62.99999999999994316 ) ;
#896 = EDGE_LOOP ( 'NONE', ( #663, #2442, #313, #1898 ) ) ;
#897 = CARTESIAN_POINT ( 'NONE',  ( 40.00000000000000000, -21.36839622335486766, 42.14094972638501702 ) ) ;
#898 = FACE_OUTER_BOUND ( 'NONE', #1245, .T. ) ;
#899 = DIRECTION ( 'NONE',  ( 0.000000000000000000, -6.982962677686265922E-15, 1.000000000000000000 ) ) ;
#900 = EDGE_CURVE ( 'NONE', #1123, #363, #162, .T. ) ;
#901 = ORIENTED_EDGE ( 'NONE', *, *, #1087, .T. ) ;
#902 = DIRECTION ( 'NONE',  ( -0.000000000000000000, 1.000000000000000000, 0.000000000000000000 ) ) ;
#903 = ORIENTED_EDGE ( 'NONE', *, *, #612, .T. ) ;
#904 = CIRCLE ( 'NONE', #269, 22.39999999999998437 ) ;
#905 = AXIS2_PLACEMENT_3D ( 'NONE', #105, #1586, #2418 ) ;
#906 = DIRECTION ( 'NONE',  ( -1.000000000000000000, 0.000000000000000000, 0.000000000000000000 ) ) ;
#907 = CARTESIAN_POINT ( 'NONE',  ( 0.000000000000000000, 0.000000000000000000, 0.000000000000000000 ) ) ;
#908 = ORIENTED_EDGE ( 'NONE', *, *, #2175, .F. ) ;
#909 = CARTESIAN_POINT ( 'NONE',  ( 40.00000000000000000, -45.76537639908028154, 25.97475718202355566 ) ) ;
#910 = AXIS2_PLACEMENT_3D ( 'NONE', #1409, #178, #1001 ) ;
#911 = DIRECTION ( 'NONE',  ( -1.000000000000000000, -0.000000000000000000, -0.000000000000000000 ) ) ;
#912 = LINE ( 'NONE', #2584, #2370 ) ;
#913 = DIRECTION ( 'NONE',  ( -1.000000000000000000, 0.000000000000000000, 0.000000000000000000 ) ) ;
#914 = LINE ( 'NONE', #929, #669 ) ;
#915 = EDGE_LOOP ( 'NONE', ( #893, #2576, #1895, #1501 ) ) ;
#916 = ORIENTED_EDGE ( 'NONE', *, *, #2276, .F. ) ;
#917 = DIRECTION ( 'NONE',  ( -1.000000000000000000, 0.000000000000000000, 0.000000000000000000 ) ) ;
#918 = LINE ( 'NONE', #1110, #2514 ) ;
#919 = ORIENTED_EDGE ( 'NONE', *, *, #2317, .T. ) ;
#920 = CARTESIAN_POINT ( 'NONE',  ( 0.000000000000000000, 32.34158531951909765, -41.51119784630221687 ) ) ;
#921 = ORIENTED_EDGE ( 'NONE', *, *, #1483, .T. ) ;
#922 = CARTESIAN_POINT ( 'NONE',  ( 0.000000000000000000, -61.44038167018015173, -13.93124187653714863 ) ) ;
#923 = AXIS2_PLACEMENT_3D ( 'NONE', #2207, #1175, #943 ) ;
#924 = DIRECTION ( 'NONE',  ( -1.000000000000000000, -0.000000000000000000, -0.000000000000000000 ) ) ;
#925 = CARTESIAN_POINT ( 'NONE',  ( 40.00000000000000000, -50.72793493842745249, 13.99408105226098620 ) ) ;
#926 = AXIS2_PLACEMENT_3D ( 'NONE', #344, #2241, #146 ) ;
#927 = DIRECTION ( 'NONE',  ( 0.000000000000000000, 0.000000000000000000, 1.000000000000000000 ) ) ;
#928 = AXIS2_PLACEMENT_3D ( 'NONE', #1785, #510, #2415 ) ;
#929 = CARTESIAN_POINT ( 'NONE',  ( 20.00000000000000000, 33.59403491642564177, -53.29578611892284101 ) ) ;
#930 = AXIS2_PLACEMENT_3D ( 'NONE', #761, #2022, #1414 ) ;
#931 = EDGE_CURVE ( 'NONE', #2530, #1324, #2489, .T. ) ;
#932 = VERTEX_POINT ( 'NONE', #985 ) ;
#933 = ORIENTED_EDGE ( 'NONE', *, *, #2428, .T. ) ;
#934 = CARTESIAN_POINT ( 'NONE',  ( 40.00000000000000000, 41.51119784630300558, -32.34158531951808158 ) ) ;
#935 = CIRCLE ( 'NONE', #2423, 47.24899999999993838 ) ;
#936 = VERTEX_POINT ( 'NONE', #529 ) ;
#937 = EDGE_CURVE ( 'NONE', #1172, #860, #2105, .T. ) ;
#938 = EDGE_CURVE ( 'NONE', #2218, #1003, #2416, .T. ) ;
#939 = DIRECTION ( 'NONE',  ( 1.000000000000000000, 0.000000000000000000, 0.000000000000000000 ) ) ;
#940 = ORIENTED_EDGE ( 'NONE', *, *, #1364, .F. ) ;
#941 = LINE ( 'NONE', #1956, #807 ) ;
#942 = CARTESIAN_POINT ( 'NONE',  ( 40.00000000000000000, 21.36839622335457278, 42.14094972638515912 ) ) ;
#943 = DIRECTION ( 'NONE',  ( 0.000000000000000000, 0.000000000000000000, 1.000000000000000000 ) ) ;
#944 = FILL_AREA_STYLE ('',( #1107 ) ) ;
#945 = DIRECTION ( 'NONE',  ( 0.000000000000000000, 1.000000000000000000, 3.491481338843132961E-15 ) ) ;
#946 = DIRECTION ( 'NONE',  ( 0.000000000000000000, 0.000000000000000000, 1.000000000000000000 ) ) ;
#947 = DIRECTION ( 'NONE',  ( 0.000000000000000000, 0.000000000000000000, 1.000000000000000000 ) ) ;
#948 = ORIENTED_EDGE ( 'NONE', *, *, #2213, .F. ) ;
#949 = DIRECTION ( 'NONE',  ( -1.000000000000000000, 0.000000000000000000, -0.000000000000000000 ) ) ;
#950 = DIRECTION ( 'NONE',  ( -1.000000000000000000, 0.000000000000000000, -0.000000000000000000 ) ) ;
#951 = VERTEX_POINT ( 'NONE', #2226 ) ;
#952 = CIRCLE ( 'NONE', #1004, 47.24899999999994549 ) ;
#953 = ADVANCED_FACE ( 'NONE', ( #245 ), #2498, .T. ) ;
#954 = DIRECTION ( 'NONE',  ( -1.000000000000000000, 0.000000000000000000, 0.000000000000000000 ) ) ;
#955 = AXIS2_PLACEMENT_3D ( 'NONE', #1269, #2093, #2068 ) ;
#956 = ORIENTED_EDGE ( 'NONE', *, *, #1817, .T. ) ;
#957 = DIRECTION ( 'NONE',  ( 0.000000000000000000, 0.3826834323650841196, 0.9238795325112890700 ) ) ;
#958 = VECTOR ( 'NONE', #1330, 1000.000000000000000 ) ;
#959 = DIRECTION ( 'NONE',  ( 0.000000000000000000, 0.7071067811865437980, 0.7071067811865512365 ) ) ;
#960 = CYLINDRICAL_SURFACE ( 'NONE', #161, 62.99999999999994316 ) ;
#961 = CARTESIAN_POINT ( 'NONE',  ( 40.00000000000000000, -35.86846719776633563, -30.75582972190402131 ) ) ;
#962 = EDGE_CURVE ( 'NONE', #2684, #1083, #1925, .T. ) ;
#963 = AXIS2_PLACEMENT_3D ( 'NONE', #2165, #2131, #2551 ) ;
#964 = LINE ( 'NONE', #1192, #1416 ) ;
#965 = AXIS2_PLACEMENT_3D ( 'NONE', #264, #1096, #481 ) ;
#966 = VERTEX_POINT ( 'NONE', #41 ) ;
#967 = DIRECTION ( 'NONE',  ( 0.000000000000000000, 0.000000000000000000, 1.000000000000000000 ) ) ;
#968 = DIRECTION ( 'NONE',  ( 0.000000000000000000, -1.000000000000000000, 0.000000000000000000 ) ) ;
#969 = ORIENTED_EDGE ( 'NONE', *, *, #2227, .T. ) ;
#970 = FACE_OUTER_BOUND ( 'NONE', #1367, .T. ) ;
#971 = FILL_AREA_STYLE ('',( #1759 ) ) ;
#972 = ORIENTED_EDGE ( 'NONE', *, *, #793, .T. ) ;
#973 = ADVANCED_FACE ( 'NONE', ( #1424 ), #2260, .T. ) ;
#974 = AXIS2_PLACEMENT_3D ( 'NONE', #1394, #1812, #1563 ) ;
#975 = VERTEX_POINT ( 'NONE', #1133 ) ;
#976 = CARTESIAN_POINT ( 'NONE',  ( 0.000000000000000000, 0.000000000000000000, 0.000000000000000000 ) ) ;
#977 = FACE_OUTER_BOUND ( 'NONE', #1964, .T. ) ;
#978 = PLANE ( 'NONE',  #930 ) ;
#979 = CARTESIAN_POINT ( 'NONE',  ( 0.000000000000000000, -33.59403491642450490, -53.29578611892353734 ) ) ;
#980 = ADVANCED_FACE ( 'NONE', ( #1088 ), #286, .T. ) ;
#981 = DIRECTION ( 'NONE',  ( -1.000000000000000000, -0.000000000000000000, -0.000000000000000000 ) ) ;
#982 = EDGE_LOOP ( 'NONE', ( #1296, #1437, #1185, #2094 ) ) ;
#983 = VECTOR ( 'NONE', #2244, 1000.000000000000000 ) ;
#984 = DIRECTION ( 'NONE',  ( 0.000000000000000000, 0.000000000000000000, 1.000000000000000000 ) ) ;
#985 = CARTESIAN_POINT ( 'NONE',  ( 40.00000000000000000, -53.29578611892340945, 33.59403491642473227 ) ) ;
#986 = VERTEX_POINT ( 'NONE', #2564 ) ;
#987 = CARTESIAN_POINT ( 'NONE',  ( 40.00000000000000000, 0.000000000000000000, 47.24899999999994549 ) ) ;
#988 = ORIENTED_EDGE ( 'NONE', *, *, #798, .T. ) ;
#989 = VERTEX_POINT ( 'NONE', #461 ) ;
#990 = CIRCLE ( 'NONE', #1692, 47.24899999999994549 ) ;
#991 = DIRECTION ( 'NONE',  ( 0.000000000000000000, 0.7071067811865486830, -0.7071067811865464625 ) ) ;
#992 = FACE_OUTER_BOUND ( 'NONE', #1851, .T. ) ;
#993 = CARTESIAN_POINT ( 'NONE',  ( 40.00000000000000000, 0.000000000000000000, 0.000000000000000000 ) ) ;
#994 = CYLINDRICAL_SURFACE ( 'NONE', #1585, 62.99999999999994316 ) ;
#995 = VERTEX_POINT ( 'NONE', #1323 ) ;
#996 = CARTESIAN_POINT ( 'NONE',  ( 0.000000000000000000, -47.11049214368491533, 3.615180628930798612 ) ) ;
#997 = ADVANCED_FACE ( 'NONE', ( #1914 ), #50, .T. ) ;
#998 = DIRECTION ( 'NONE',  ( -1.000000000000000000, 0.000000000000000000, -0.000000000000000000 ) ) ;
#999 = EDGE_CURVE ( 'NONE', #821, #527, #312, .T. ) ;
#1000 = ORIENTED_EDGE ( 'NONE', *, *, #632, .F. ) ;
#1001 = DIRECTION ( 'NONE',  ( 0.000000000000000000, 0.000000000000000000, 1.000000000000000000 ) ) ;
#1002 = CARTESIAN_POINT ( 'NONE',  ( 0.000000000000000000, 10.64142691116916595, 62.09476655318253790 ) ) ;
#1003 = VERTEX_POINT ( 'NONE', #2369 ) ;
#1004 = AXIS2_PLACEMENT_3D ( 'NONE', #280, #2569, #64 ) ;
#1005 = ORIENTED_EDGE ( 'NONE', *, *, #612, .F. ) ;
#1006 = CARTESIAN_POINT ( 'NONE',  ( 0.000000000000000000, 25.97475718202435502, -45.76537639907982680 ) ) ;
#1007 = CYLINDRICAL_SURFACE ( 'NONE', #1757, 47.24899999999994549 ) ;
#1008 = DIRECTION ( 'NONE',  ( 1.000000000000000000, 0.000000000000000000, 0.000000000000000000 ) ) ;
#1009 = VECTOR ( 'NONE', #279, 1000.000000000000000 ) ;
#1010 = CARTESIAN_POINT ( 'NONE',  ( -10.00000000000000000, 0.000000000000000000, 0.000000000000000000 ) ) ;
#1011 = ORIENTED_EDGE ( 'NONE', *, *, #1942, .F. ) ;
#1012 = CARTESIAN_POINT ( 'NONE',  ( 40.00000000000000000, 25.97475718202371553, 45.76537639908018917 ) ) ;
#1013 = LINE ( 'NONE', #2484, #2012 ) ;
#1014 = EDGE_CURVE ( 'NONE', #299, #1310, #1842, .T. ) ;
#1015 = VECTOR ( 'NONE', #131, 1000.000000000000000 ) ;
#1016 = CARTESIAN_POINT ( 'NONE',  ( 40.00000000000000000, -52.22180378605191464, 6.483895198541752336 ) ) ;
#1017 = CIRCLE ( 'NONE', #1617, 47.24899999999994549 ) ;
#1018 = ORIENTED_EDGE ( 'NONE', *, *, #1817, .F. ) ;
#1019 = EDGE_CURVE ( 'NONE', #113, #995, #1660, .T. ) ;
#1020 = CARTESIAN_POINT ( 'NONE',  ( 40.00000000000000000, -50.72793493842725354, -13.99408105226170029 ) ) ;
#1021 = ORIENTED_EDGE ( 'NONE', *, *, #1369, .F. ) ;
#1022 = ORIENTED_EDGE ( 'NONE', *, *, #2160, .F. ) ;
#1023 = CARTESIAN_POINT ( 'NONE',  ( 20.00000000000000000, -51.43225563634003805, 36.38300537556180814 ) ) ;
#1024 = DIRECTION ( 'NONE',  ( 0.000000000000000000, 0.000000000000000000, 1.000000000000000000 ) ) ;
#1025 = DIRECTION ( 'NONE',  ( 0.000000000000000000, 0.000000000000000000, 1.000000000000000000 ) ) ;
#1026 = FACE_OUTER_BOUND ( 'NONE', #190, .T. ) ;
#1027 = EDGE_LOOP ( 'NONE', ( #2231, #2282, #685, #1738 ) ) ;
#1028 = DIRECTION ( 'NONE',  ( 0.000000000000000000, -1.000000000000000000, -1.053224967557348134E-14 ) ) ;
#1029 = CIRCLE ( 'NONE', #764, 22.39999999999998082 ) ;
#1030 = DIRECTION ( 'NONE',  ( 0.000000000000000000, -0.9238795325112825196, -0.3826834323650998848 ) ) ;
#1031 = CIRCLE ( 'NONE', #2117, 22.39999999999998082 ) ;
#1032 = AXIS2_PLACEMENT_3D ( 'NONE', #2183, #954, #1789 ) ;
#1033 = ORIENTED_EDGE ( 'NONE', *, *, #1495, .T. ) ;
#1034 = CARTESIAN_POINT ( 'NONE',  ( -10.00000000000000000, 0.000000000000000000, 0.000000000000000000 ) ) ;
#1035 = VERTEX_POINT ( 'NONE', #1950 ) ;
#1036 = VECTOR ( 'NONE', #365, 1000.000000000000000 ) ;
#1037 = EDGE_CURVE ( 'NONE', #975, #1698, #1705, .T. ) ;
#1038 = ORIENTED_EDGE ( 'NONE', *, *, #460, .T. ) ;
#1039 = CARTESIAN_POINT ( 'NONE',  ( -10.00000000000000000, 0.000000000000000000, 0.000000000000000000 ) ) ;
#1040 = AXIS2_PLACEMENT_3D ( 'NONE', #1412, #195, #2250 ) ;
#1041 = DIRECTION ( 'NONE',  ( -1.000000000000000000, -0.000000000000000000, 0.000000000000000000 ) ) ;
#1042 = DIRECTION ( 'NONE',  ( -1.000000000000000000, -0.000000000000000000, 0.000000000000000000 ) ) ;
#1043 = CARTESIAN_POINT ( 'NONE',  ( 0.000000000000000000, -21.36839622335486766, 42.14094972638501702 ) ) ;
#1044 = AXIS2_PLACEMENT_3D ( 'NONE', #1287, #248, #47 ) ;
#1045 = ORIENTED_EDGE ( 'NONE', *, *, #2158, .T. ) ;
#1046 = DIRECTION ( 'NONE',  ( 0.000000000000000000, 0.000000000000000000, 1.000000000000000000 ) ) ;
#1047 = DIRECTION ( 'NONE',  ( -1.000000000000000000, -0.000000000000000000, -0.000000000000000000 ) ) ;
#1048 = VERTEX_POINT ( 'NONE', #1936 ) ;
#1049 = CARTESIAN_POINT ( 'NONE',  ( 40.00000000000000000, 47.11049214368489402, 3.615180628931122353 ) ) ;
#1050 = ORIENTED_EDGE ( 'NONE', *, *, #2562, .T. ) ;
#1051 = ADVANCED_FACE ( 'NONE', ( #2339 ), #470, .T. ) ;
#1052 = DIRECTION ( 'NONE',  ( 1.000000000000000000, 0.000000000000000000, 0.000000000000000000 ) ) ;
#1053 = DIRECTION ( 'NONE',  ( 0.000000000000000000, 0.000000000000000000, 1.000000000000000000 ) ) ;
#1054 = CARTESIAN_POINT ( 'NONE',  ( 0.000000000000000000, 0.000000000000000000, 0.000000000000000000 ) ) ;
#1055 = LINE ( 'NONE', #2510, #415 ) ;
#1056 = ORIENTED_EDGE ( 'NONE', *, *, #794, .T. ) ;
#1057 = DIRECTION ( 'NONE',  ( -1.000000000000000000, -0.000000000000000000, 0.000000000000000000 ) ) ;
#1058 = EDGE_CURVE ( 'NONE', #2014, #1891, #72, .T. ) ;
#1059 = DIRECTION ( 'NONE',  ( -1.000000000000000000, 0.000000000000000000, 0.000000000000000000 ) ) ;
#1060 = AXIS2_PLACEMENT_3D ( 'NONE', #2062, #1052, #21 ) ;
#1061 = VERTEX_POINT ( 'NONE', #1517 ) ;
#1062 = CIRCLE ( 'NONE', #147, 22.39999999999998792 ) ;
#1063 = ORIENTED_EDGE ( 'NONE', *, *, #2609, .T. ) ;
#1064 = DIRECTION ( 'NONE',  ( -1.000000000000000000, 0.000000000000000000, 0.000000000000000000 ) ) ;
#1065 = FACE_OUTER_BOUND ( 'NONE', #1485, .T. ) ;
#1066 = DIRECTION ( 'NONE',  ( 0.000000000000000000, -0.9238795325112906243, 0.3826834323650803449 ) ) ;
#1067 = EDGE_CURVE ( 'NONE', #1698, #1324, #1363, .T. ) ;
#1068 = ORIENTED_EDGE ( 'NONE', *, *, #1724, .T. ) ;
#1069 = CARTESIAN_POINT ( 'NONE',  ( 20.00000000000000355, 61.44038167018045726, -13.93124187653583057 ) ) ;
#1070 = ORIENTED_EDGE ( 'NONE', *, *, #455, .T. ) ;
#1071 = AXIS2_PLACEMENT_3D ( 'NONE', #1774, #1171, #1344 ) ;
#1072 = EDGE_CURVE ( 'NONE', #1890, #299, #2441, .T. ) ;
#1073 = CARTESIAN_POINT ( 'NONE',  ( 0.000000000000000000, 11.80000000000000071, 0.000000000000000000 ) ) ;
#1074 = AXIS2_PLACEMENT_3D ( 'NONE', #1634, #2468, #215 ) ;
#1075 = ORIENTED_EDGE ( 'NONE', *, *, #376, .T. ) ;
#1076 = AXIS2_PLACEMENT_3D ( 'NONE', #850, #641, #2297 ) ;
#1077 = VECTOR ( 'NONE', #1118, 1000.000000000000000 ) ;
#1078 = CIRCLE ( 'NONE', #2592, 22.39999999999998437 ) ;
#1079 = ORIENTED_EDGE ( 'NONE', *, *, #1596, .F. ) ;
#1080 = CIRCLE ( 'NONE', #2549, 62.99999999999994316 ) ;
#1081 = VECTOR ( 'NONE', #1876, 1000.000000000000000 ) ;
#1082 = FACE_OUTER_BOUND ( 'NONE', #624, .T. ) ;
#1083 = VERTEX_POINT ( 'NONE', #507 ) ;
#1084 = LINE ( 'NONE', #253, #2548 ) ;
#1085 = AXIS2_PLACEMENT_3D ( 'NONE', #1145, #284, #2346 ) ;
#1086 = VECTOR ( 'NONE', #1717, 1000.000000000000000 ) ;
#1087 = EDGE_CURVE ( 'NONE', #891, #1061, #914, .T. ) ;
#1088 = FACE_OUTER_BOUND ( 'NONE', #1272, .T. ) ;
#1089 = EDGE_CURVE ( 'NONE', #1265, #1599, #622, .T. ) ;
#1090 = ORIENTED_EDGE ( 'NONE', *, *, #1181, .T. ) ;
#1091 = EDGE_CURVE ( 'NONE', #1489, #345, #1062, .T. ) ;
#1092 = ORIENTED_EDGE ( 'NONE', *, *, #136, .T. ) ;
#1093 = CARTESIAN_POINT ( 'NONE',  ( -10.00000000000000000, 0.000000000000000000, 0.000000000000000000 ) ) ;
#1094 = VERTEX_POINT ( 'NONE', #552 ) ;
#1095 = LINE ( 'NONE', #1069, #2685 ) ;
#1096 = DIRECTION ( 'NONE',  ( -1.000000000000000000, 0.000000000000000000, -0.000000000000000000 ) ) ;
#1097 = CIRCLE ( 'NONE', #698, 62.99999999999994316 ) ;
#1098 = EDGE_CURVE ( 'NONE', #2083, #290, #1319, .T. ) ;
#1099 = ORIENTED_EDGE ( 'NONE', *, *, #2314, .T. ) ;
#1100 = CARTESIAN_POINT ( 'NONE',  ( 0.000000000000000000, 21.36839622335513411, -42.14094972638486780 ) ) ;
#1101 = EDGE_LOOP ( 'NONE', ( #2283, #2193, #2378, #1283 ) ) ;
#1102 = ADVANCED_FACE ( 'NONE', ( #1366 ), #1565, .T. ) ;
#1103 = DIRECTION ( 'NONE',  ( 0.000000000000000000, -0.7071067811865539010, 0.7071067811865412445 ) ) ;
#1104 = AXIS2_PLACEMENT_3D ( 'NONE', #423, #187, #1435 ) ;
#1105 = ORIENTED_EDGE ( 'NONE', *, *, #682, .T. ) ;
#1106 = CARTESIAN_POINT ( 'NONE',  ( 40.00000000000000000, 47.11049214368489402, -3.615180628931128126 ) ) ;
#1107 = FILL_AREA_STYLE_COLOUR ( '', #2643 ) ;
#1108 = ORIENTED_EDGE ( 'NONE', *, *, #2332, .F. ) ;
#1109 = AXIS2_PLACEMENT_3D ( 'NONE', #1548, #2208, #309 ) ;
#1110 = CARTESIAN_POINT ( 'NONE',  ( 0.000000000000000000, 0.000000000000000000, 3.000000000000000000 ) ) ;
#1111 = ORIENTED_EDGE ( 'NONE', *, *, #709, .F. ) ;
#1112 = EDGE_CURVE ( 'NONE', #1802, #868, #1150, .T. ) ;
#1113 = LINE ( 'NONE', #701, #139 ) ;
#1114 = AXIS2_PLACEMENT_3D ( 'NONE', #934, #2041, #1770 ) ;
#1115 = EDGE_CURVE ( 'NONE', #986, #2045, #240, .T. ) ;
#1116 = VERTEX_POINT ( 'NONE', #2190 ) ;
#1117 = CIRCLE ( 'NONE', #1679, 22.39999999999998082 ) ;
#1118 = DIRECTION ( 'NONE',  ( -1.000000000000000000, 0.000000000000000000, -0.000000000000000000 ) ) ;
#1119 = AXIS2_PLACEMENT_3D ( 'NONE', #434, #2078, #1655 ) ;
#1120 = DIRECTION ( 'NONE',  ( 0.000000000000000000, 0.000000000000000000, 1.000000000000000000 ) ) ;
#1121 = AXIS2_PLACEMENT_3D ( 'NONE', #976, #777, #2439 ) ;
#1122 = DIRECTION ( 'NONE',  ( -1.000000000000000000, -0.000000000000000000, -0.000000000000000000 ) ) ;
#1123 = VERTEX_POINT ( 'NONE', #2176 ) ;
#1124 = ORIENTED_EDGE ( 'NONE', *, *, #2393, .F. ) ;
#1125 = DIRECTION ( 'NONE',  ( 0.000000000000000000, -0.3826834323650772918, -0.9238795325112918455 ) ) ;
#1126 = CARTESIAN_POINT ( 'NONE',  ( 40.00000000000000000, 21.36839622335457278, 42.14094972638515912 ) ) ;
#1127 = VERTEX_POINT ( 'NONE', #311 ) ;
#1128 = EDGE_CURVE ( 'NONE', #2234, #216, #2451, .T. ) ;
#1129 = DIRECTION ( 'NONE',  ( -1.000000000000000000, -0.000000000000000000, 0.000000000000000000 ) ) ;
#1130 = CARTESIAN_POINT ( 'NONE',  ( 40.00000000000000000, 32.34158531951850790, 41.51119784630268583 ) ) ;
#1131 = FACE_OUTER_BOUND ( 'NONE', #260, .T. ) ;
#1132 = CARTESIAN_POINT ( 'NONE',  ( 0.000000000000000000, 21.36839622335456923, 42.14094972638515202 ) ) ;
#1133 = CARTESIAN_POINT ( 'NONE',  ( 0.000000000000000000, -14.68841344455337605, 44.90788918978332589 ) ) ;
#1134 = VECTOR ( 'NONE', #2077, 1000.000000000000000 ) ;
#1135 = ORIENTED_EDGE ( 'NONE', *, *, #540, .F. ) ;
#1136 = ORIENTED_EDGE ( 'NONE', *, *, #1087, .F. ) ;
#1137 = LINE ( 'NONE', #2373, #1419 ) ;
#1138 = LINE ( 'NONE', #511, #287 ) ;
#1139 = EDGE_LOOP ( 'NONE', ( #1000, #797, #1552, #2009 ) ) ;
#1140 = CIRCLE ( 'NONE', #354, 22.39999999999998082 ) ;
#1141 = LINE ( 'NONE', #348, #2059 ) ;
#1142 = ORIENTED_EDGE ( 'NONE', *, *, #2191, .F. ) ;
#1143 = CARTESIAN_POINT ( 'NONE',  ( 20.00000000000000000, 53.29578611892317497, 33.59403491642509465 ) ) ;
#1144 = CARTESIAN_POINT ( 'NONE',  ( 0.000000000000000000, 41.51119784630300558, -32.34158531951808158 ) ) ;
#1145 = CARTESIAN_POINT ( 'NONE',  ( 40.00000000000000000, 0.000000000000000000, 0.000000000000000000 ) ) ;
#1146 = EDGE_CURVE ( 'NONE', #1967, #975, #2604, .T. ) ;
#1147 = CARTESIAN_POINT ( 'NONE',  ( 40.00000000000000000, 0.000000000000000000, 0.000000000000000000 ) ) ;
#1148 = CYLINDRICAL_SURFACE ( 'NONE', #633, 22.39999999999998082 ) ;
#1149 = CARTESIAN_POINT ( 'NONE',  ( 40.00000000000000000, 52.22180378605187911, -6.483895198542116489 ) ) ;
#1150 = LINE ( 'NONE', #2652, #2538 ) ;
#1151 = ADVANCED_FACE ( 'NONE', ( #327 ), #1994, .T. ) ;
#1152 = EDGE_LOOP ( 'NONE', ( #225, #1285, #44, #1680 ) ) ;
#1153 = ORIENTED_EDGE ( 'NONE', *, *, #2653, .F. ) ;
#1154 = CARTESIAN_POINT ( 'NONE',  ( 50.00005079999999680, 1.102182119232617714E-15, -9.000000000000000000 ) ) ;
#1155 = DIRECTION ( 'NONE',  ( 1.000000000000000000, 0.000000000000000000, 0.000000000000000000 ) ) ;
#1156 = CARTESIAN_POINT ( 'NONE',  ( 0.000000000000000000, -52.22180378605181517, -6.483895198542480642 ) ) ;
#1157 = ORIENTED_EDGE ( 'NONE', *, *, #937, .F. ) ;
#1158 = VECTOR ( 'NONE', #2238, 1000.000000000000000 ) ;
#1159 = DIRECTION ( 'NONE',  ( 0.000000000000000000, 0.000000000000000000, 1.000000000000000000 ) ) ;
#1160 = CYLINDRICAL_SURFACE ( 'NONE', #910, 47.24899999999994549 ) ;
#1161 = AXIS2_PLACEMENT_3D ( 'NONE', #188, #201, #1675 ) ;
#1162 = CIRCLE ( 'NONE', #1806, 62.99999999999994316 ) ;
#1163 =( LENGTH_UNIT ( ) NAMED_UNIT ( * ) SI_UNIT ( .MILLI., .METRE. ) );
#1164 = CARTESIAN_POINT ( 'NONE',  ( 40.00000000000000000, 6.483895198541932636, 52.22180378605190043 ) ) ;
#1165 = CIRCLE ( 'NONE', #1763, 22.39999999999998082 ) ;
#1166 = ORIENTED_EDGE ( 'NONE', *, *, #2446, .T. ) ;
#1167 = DIRECTION ( 'NONE',  ( 0.000000000000000000, 0.000000000000000000, 1.000000000000000000 ) ) ;
#1168 = CIRCLE ( 'NONE', #684, 22.39999999999998437 ) ;
#1169 = ORIENTED_EDGE ( 'NONE', *, *, #1998, .T. ) ;
#1170 = EDGE_CURVE ( 'NONE', #2224, #2567, #102, .T. ) ;
#1171 = DIRECTION ( 'NONE',  ( -1.000000000000000000, -0.000000000000000000, 0.000000000000000000 ) ) ;
#1172 = VERTEX_POINT ( 'NONE', #2210 ) ;
#1173 = CARTESIAN_POINT ( 'NONE',  ( 50.00005079999999680, 8.485281374238569541, -3.000000000000000000 ) ) ;
#1174 = DIRECTION ( 'NONE',  ( -1.000000000000000000, 0.000000000000000000, 0.000000000000000000 ) ) ;
#1175 = DIRECTION ( 'NONE',  ( -1.000000000000000000, -0.000000000000000000, -0.000000000000000000 ) ) ;
#1176 = DIRECTION ( 'NONE',  ( 0.000000000000000000, 0.000000000000000000, 1.000000000000000000 ) ) ;
#1177 = CARTESIAN_POINT ( 'NONE',  ( 20.00000000000000355, -13.93124187653604196, -61.44038167018040042 ) ) ;
#1178 = CARTESIAN_POINT ( 'NONE',  ( 0.000000000000000000, 0.000000000000000000, 0.000000000000000000 ) ) ;
#1179 = VERTEX_POINT ( 'NONE', #342 ) ;
#1180 = CYLINDRICAL_SURFACE ( 'NONE', #1859, 62.99999999999994316 ) ;
#1181 = EDGE_CURVE ( 'NONE', #775, #1714, #1017, .T. ) ;
#1182 = ORIENTED_EDGE ( 'NONE', *, *, #665, .T. ) ;
#1183 = AXIS2_PLACEMENT_3D ( 'NONE', #214, #1042, #10 ) ;
#1184 = CARTESIAN_POINT ( 'NONE',  ( 20.00000000000000000, 13.93124187653732271, -61.44038167018012331 ) ) ;
#1185 = ORIENTED_EDGE ( 'NONE', *, *, #763, .T. ) ;
#1186 = EDGE_CURVE ( 'NONE', #2530, #799, #618, .T. ) ;
#1187 = CARTESIAN_POINT ( 'NONE',  ( 40.00000000000000000, -3.615180628931286666, 47.11049214368487981 ) ) ;
#1188 = VECTOR ( 'NONE', #1572, 1000.000000000000000 ) ;
#1189 = EDGE_LOOP ( 'NONE', ( #1478, #2579, #2565, #2167 ) ) ;
#1190 = CARTESIAN_POINT ( 'NONE',  ( 40.00000000000000000, -30.75582972190390407, 35.86846719776644221 ) ) ;
#1191 = DIRECTION ( 'NONE',  ( -1.000000000000000000, 0.000000000000000000, -0.000000000000000000 ) ) ;
#1192 = CARTESIAN_POINT ( 'NONE',  ( 40.00000000000000000, -3.615180628930634743, -47.11049214368492954 ) ) ;
#1193 = ORIENTED_EDGE ( 'NONE', *, *, #1521, .T. ) ;
#1194 = CARTESIAN_POINT ( 'NONE',  ( 40.00000000000000000, -47.11049214368486560, -3.615180628931451423 ) ) ;
#1195 = ORIENTED_EDGE ( 'NONE', *, *, #2496, .F. ) ;
#1196 = ORIENTED_EDGE ( 'NONE', *, *, #80, .F. ) ;
#1197 = VECTOR ( 'NONE', #2410, 1000.000000000000000 ) ;
#1198 = ADVANCED_FACE ( 'NONE', ( #438 ), #1420, .T. ) ;
#1199 = EDGE_LOOP ( 'NONE', ( #1403, #2509, #2178, #2469 ) ) ;
#1200 = EDGE_CURVE ( 'NONE', #242, #1628, #2575, .T. ) ;
#1201 = CARTESIAN_POINT ( 'NONE',  ( 40.00000000000000000, 52.22180378605187911, -6.483895198542116489 ) ) ;
#1202 = CARTESIAN_POINT ( 'NONE',  ( 40.00000000000000000, 0.000000000000000000, 0.000000000000000000 ) ) ;
#1203 = AXIS2_PLACEMENT_3D ( 'NONE', #1885, #2310, #436 ) ;
#1204 = CYLINDRICAL_SURFACE ( 'NONE', #537, 62.99999999999994316 ) ;
#1205 = ORIENTED_EDGE ( 'NONE', *, *, #2360, .F. ) ;
#1206 = VECTOR ( 'NONE', #295, 1000.000000000000000 ) ;
#1207 = ORIENTED_EDGE ( 'NONE', *, *, #2347, .T. ) ;
#1208 = VECTOR ( 'NONE', #1627, 1000.000000000000000 ) ;
#1209 = CARTESIAN_POINT ( 'NONE',  ( 40.00000000000000000, 32.34158531951909765, -41.51119784630221687 ) ) ;
#1210 = AXIS2_PLACEMENT_3D ( 'NONE', #2625, #2214, #1733 ) ;
#1211 = ORIENTED_EDGE ( 'NONE', *, *, #1872, .F. ) ;
#1212 = DIRECTION ( 'NONE',  ( -1.000000000000000000, -0.000000000000000000, 0.000000000000000000 ) ) ;
#1213 = CARTESIAN_POINT ( 'NONE',  ( 0.000000000000000000, 51.43225563633979647, 36.38300537556217051 ) ) ;
#1214 = EDGE_LOOP ( 'NONE', ( #483, #839, #20, #358 ) ) ;
#1215 = VERTEX_POINT ( 'NONE', #996 ) ;
#1216 = DIRECTION ( 'NONE',  ( 1.000000000000000000, 0.000000000000000000, 0.000000000000000000 ) ) ;
#1217 = CYLINDRICAL_SURFACE ( 'NONE', #2082, 62.99999999999994316 ) ;
#1218 = DIRECTION ( 'NONE',  ( 0.000000000000000000, 0.000000000000000000, 1.000000000000000000 ) ) ;
#1219 = DIRECTION ( 'NONE',  ( 1.000000000000000000, 0.000000000000000000, -0.000000000000000000 ) ) ;
#1220 = EDGE_CURVE ( 'NONE', #2455, #1123, #270, .T. ) ;
#1221 = DIRECTION ( 'NONE',  ( 0.000000000000000000, 0.000000000000000000, 1.000000000000000000 ) ) ;
#1222 = ORIENTED_EDGE ( 'NONE', *, *, #2272, .F. ) ;
#1223 = DIRECTION ( 'NONE',  ( 0.000000000000000000, -1.000000000000000000, -1.053224967557348134E-14 ) ) ;
#1224 = EDGE_CURVE ( 'NONE', #2292, #1116, #1966, .T. ) ;
#1225 = DIRECTION ( 'NONE',  ( -1.000000000000000000, -0.000000000000000000, 0.000000000000000000 ) ) ;
#1226 = ORIENTED_EDGE ( 'NONE', *, *, #1694, .F. ) ;
#1227 = DIRECTION ( 'NONE',  ( 0.000000000000000000, 0.000000000000000000, 1.000000000000000000 ) ) ;
#1228 = VERTEX_POINT ( 'NONE', #386 ) ;
#1229 = VECTOR ( 'NONE', #2493, 1000.000000000000000 ) ;
#1230 = ORIENTED_EDGE ( 'NONE', *, *, #1058, .T. ) ;
#1231 = DIRECTION ( 'NONE',  ( -1.000000000000000000, -0.000000000000000000, -0.000000000000000000 ) ) ;
#1232 = AXIS2_PLACEMENT_3D ( 'NONE', #591, #1989, #2572 ) ;
#1233 = DIRECTION ( 'NONE',  ( 0.000000000000000000, 0.3826834323650905589, -0.9238795325112864054 ) ) ;
#1234 = CYLINDRICAL_SURFACE ( 'NONE', #1958, 62.99999999999994316 ) ;
#1235 = CYLINDRICAL_SURFACE ( 'NONE', #2465, 22.39999999999998082 ) ;
#1236 = AXIS2_PLACEMENT_3D ( 'NONE', #1828, #1845, #1223 ) ;
#1237 = CYLINDRICAL_SURFACE ( 'NONE', #2335, 22.39999999999998082 ) ;
#1238 = VERTEX_POINT ( 'NONE', #2052 ) ;
#1239 = CARTESIAN_POINT ( 'NONE',  ( 50.00005079999999680, 0.000000000000000000, 0.000000000000000000 ) ) ;
#1240 = AXIS2_PLACEMENT_3D ( 'NONE', #317, #1155, #1569 ) ;
#1241 = DIRECTION ( 'NONE',  ( 0.000000000000000000, -0.7071067811865389130, -0.7071067811865561215 ) ) ;
#1242 = EDGE_CURVE ( 'NONE', #1094, #16, #1927, .T. ) ;
#1243 = ORIENTED_EDGE ( 'NONE', *, *, #575, .F. ) ;
#1244 = DIRECTION ( 'NONE',  ( -1.000000000000000000, 0.000000000000000000, 0.000000000000000000 ) ) ;
#1245 = EDGE_LOOP ( 'NONE', ( #133, #2457, #1616, #2095 ) ) ;
#1246 = ORIENTED_EDGE ( 'NONE', *, *, #1276, .F. ) ;
#1247 = CARTESIAN_POINT ( 'NONE',  ( 0.000000000000000000, 0.000000000000000000, 0.000000000000000000 ) ) ;
#1248 = CARTESIAN_POINT ( 'NONE',  ( 40.00000000000000000, 14.68841344455306874, 44.90788918978343247 ) ) ;
#1249 = DIRECTION ( 'NONE',  ( 0.000000000000000000, 1.000000000000000000, 3.491481338843132961E-15 ) ) ;
#1250 = DIRECTION ( 'NONE',  ( -1.000000000000000000, -0.000000000000000000, -0.000000000000000000 ) ) ;
#1251 = ORIENTED_EDGE ( 'NONE', *, *, #931, .F. ) ;
#1252 = DIRECTION ( 'NONE',  ( 0.000000000000000000, 0.000000000000000000, 1.000000000000000000 ) ) ;
#1253 = MECHANICAL_DESIGN_GEOMETRIC_PRESENTATION_REPRESENTATION (  '', ( #1497 ), #1457 ) ;
#1254 = DIRECTION ( 'NONE',  ( 0.000000000000000000, 0.000000000000000000, 1.000000000000000000 ) ) ;
#1255 = AXIS2_PLACEMENT_3D ( 'NONE', #2607, #1996, #130 ) ;
#1256 = EDGE_CURVE ( 'NONE', #2357, #363, #699, .T. ) ;
#1257 = ORIENTED_EDGE ( 'NONE', *, *, #1459, .T. ) ;
#1258 = AXIS2_PLACEMENT_3D ( 'NONE', #1209, #998, #1167 ) ;
#1259 = CIRCLE ( 'NONE', #1941, 22.39999999999998082 ) ;
#1260 = CARTESIAN_POINT ( 'NONE',  ( -10.00000000000000000, 0.000000000000000000, 0.000000000000000000 ) ) ;
#1261 = VERTEX_POINT ( 'NONE', #789 ) ;
#1262 = CIRCLE ( 'NONE', #462, 47.24899999999995970 ) ;
#1263 = DIRECTION ( 'NONE',  ( 0.000000000000000000, -0.7071067811865390240, -0.7071067811865561215 ) ) ;
#1264 = LINE ( 'NONE', #2270, #1329 ) ;
#1265 = VERTEX_POINT ( 'NONE', #1636 ) ;
#1266 = FACE_OUTER_BOUND ( 'NONE', #1027, .T. ) ;
#1267 = ORIENTED_EDGE ( 'NONE', *, *, #937, .T. ) ;
#1268 = DIRECTION ( 'NONE',  ( 0.000000000000000000, 0.000000000000000000, -1.000000000000000000 ) ) ;
#1269 = CARTESIAN_POINT ( 'NONE',  ( 40.00000000000000000, 45.76537639908009680, -25.97475718202387540 ) ) ;
#1270 = ORIENTED_EDGE ( 'NONE', *, *, #1866, .F. ) ;
#1271 = ADVANCED_FACE ( 'NONE', ( #2471 ), #395, .F. ) ;
#1272 = EDGE_LOOP ( 'NONE', ( #1342, #2309, #2520, #1726 ) ) ;
#1273 = DIRECTION ( 'NONE',  ( -1.000000000000000000, 0.000000000000000000, 0.000000000000000000 ) ) ;
#1274 = CARTESIAN_POINT ( 'NONE',  ( 0.000000000000000000, -32.34158531951879212, 41.51119784630245846 ) ) ;
#1275 = DIRECTION ( 'NONE',  ( -1.000000000000000000, 0.000000000000000000, 0.000000000000000000 ) ) ;
#1276 = EDGE_CURVE ( 'NONE', #276, #1127, #97, .T. ) ;
#1277 = VERTEX_POINT ( 'NONE', #819 ) ;
#1278 = FACE_OUTER_BOUND ( 'NONE', #792, .T. ) ;
#1279 = ORIENTED_EDGE ( 'NONE', *, *, #2543, .F. ) ;
#1280 = AXIS2_PLACEMENT_3D ( 'NONE', #1560, #1336, #1833 ) ;
#1281 = CYLINDRICAL_SURFACE ( 'NONE', #955, 22.39999999999998082 ) ;
#1282 = VECTOR ( 'NONE', #1388, 1000.000000000000000 ) ;
#1283 = ORIENTED_EDGE ( 'NONE', *, *, #1316, .T. ) ;
#1284 = VECTOR ( 'NONE', #2399, 1000.000000000000000 ) ;
#1285 = ORIENTED_EDGE ( 'NONE', *, *, #428, .F. ) ;
#1286 = DIRECTION ( 'NONE',  ( 0.000000000000000000, 0.000000000000000000, 1.000000000000000000 ) ) ;
#1287 = CARTESIAN_POINT ( 'NONE',  ( 0.000000000000000000, 0.000000000000000000, 0.000000000000000000 ) ) ;
#1288 = CARTESIAN_POINT ( 'NONE',  ( 40.00000000000000000, -61.44038167018016594, -13.93124187653713797 ) ) ;
#1289 = ORIENTED_EDGE ( 'NONE', *, *, #999, .T. ) ;
#1290 = CARTESIAN_POINT ( 'NONE',  ( 40.00000000000000000, 0.000000000000000000, 0.000000000000000000 ) ) ;
#1291 = EDGE_CURVE ( 'NONE', #687, #1832, #405, .T. ) ;
#1292 = ADVANCED_FACE ( 'NONE', ( #1444 ), #2287, .F. ) ;
#1293 = DIRECTION ( 'NONE',  ( -1.000000000000000000, -0.000000000000000000, 0.000000000000000000 ) ) ;
#1294 = ORIENTED_EDGE ( 'NONE', *, *, #682, .F. ) ;
#1295 = AXIS2_PLACEMENT_3D ( 'NONE', #534, #2392, #1390 ) ;
#1296 = ORIENTED_EDGE ( 'NONE', *, *, #938, .F. ) ;
#1297 = DIRECTION ( 'NONE',  ( -1.000000000000000000, 0.000000000000000000, 0.000000000000000000 ) ) ;
#1298 = CARTESIAN_POINT ( 'NONE',  ( 40.00000000000000000, -6.483895198542300342, 52.22180378605184359 ) ) ;
#1299 = DIRECTION ( 'NONE',  ( 0.000000000000000000, 0.000000000000000000, 1.000000000000000000 ) ) ;
#1300 = VERTEX_POINT ( 'NONE', #645 ) ;
#1301 = DIRECTION ( 'NONE',  ( -1.000000000000000000, -0.000000000000000000, 0.000000000000000000 ) ) ;
#1302 = CIRCLE ( 'NONE', #1865, 22.39999999999998082 ) ;
#1303 = ADVANCED_FACE ( 'NONE', ( #1474 ), #2311, .F. ) ;
#1304 = CARTESIAN_POINT ( 'NONE',  ( 0.000000000000000000, 6.483895198542685812, -52.22180378605179385 ) ) ;
#1305 = EDGE_CURVE ( 'NONE', #569, #1890, #12, .T. ) ;
#1306 = ORIENTED_EDGE ( 'NONE', *, *, #1037, .F. ) ;
#1307 = ORIENTED_EDGE ( 'NONE', *, *, #1170, .F. ) ;
#1308 = DIRECTION ( 'NONE',  ( 1.000000000000000000, -0.000000000000000000, 0.000000000000000000 ) ) ;
#1309 = CARTESIAN_POINT ( 'NONE',  ( 20.00000000000000000, -13.93124187653693724, 61.44038167018020147 ) ) ;
#1310 = VERTEX_POINT ( 'NONE', #2248 ) ;
#1311 = DIRECTION ( 'NONE',  ( -1.000000000000000000, 0.000000000000000000, 0.000000000000000000 ) ) ;
#1312 = CARTESIAN_POINT ( 'NONE',  ( 40.00000000000000000, 0.000000000000000000, 0.000000000000000000 ) ) ;
#1313 = AXIS2_PLACEMENT_3D ( 'NONE', #1093, #1481, #689 ) ;
#1314 = VECTOR ( 'NONE', #2366, 1000.000000000000000 ) ;
#1315 = VERTEX_POINT ( 'NONE', #212 ) ;
#1316 = EDGE_CURVE ( 'NONE', #2386, #986, #1835, .T. ) ;
#1317 = ADVANCED_FACE ( 'NONE', ( #1878 ), #800, .T. ) ;
#1318 = EDGE_LOOP ( 'NONE', ( #1448, #2185, #1768, #533 ) ) ;
#1319 = CIRCLE ( 'NONE', #2577, 22.39999999999998082 ) ;
#1320 = CARTESIAN_POINT ( 'NONE',  ( 0.000000000000000000, -6.483895198542300342, 52.22180378605184359 ) ) ;
#1321 = ORIENTED_EDGE ( 'NONE', *, *, #1866, .T. ) ;
#1322 = DIRECTION ( 'NONE',  ( 0.000000000000000000, -1.000000000000000000, -1.053224967557348134E-14 ) ) ;
#1323 = CARTESIAN_POINT ( 'NONE',  ( 0.000000000000000000, -13.93124187653604551, -61.44038167018040042 ) ) ;
#1324 = VERTEX_POINT ( 'NONE', #824 ) ;
#1325 = CIRCLE ( 'NONE', #877, 22.39999999999998082 ) ;
#1326 = VECTOR ( 'NONE', #273, 1000.000000000000000 ) ;
#1327 = VECTOR ( 'NONE', #140, 1000.000000000000000 ) ;
#1328 = ORIENTED_EDGE ( 'NONE', *, *, #2379, .T. ) ;
#1329 = VECTOR ( 'NONE', #1432, 1000.000000000000000 ) ;
#1330 = DIRECTION ( 'NONE',  ( -1.000000000000000000, 0.000000000000000000, 0.000000000000000000 ) ) ;
#1331 = FACE_OUTER_BOUND ( 'NONE', #1826, .T. ) ;
#1332 = ORIENTED_EDGE ( 'NONE', *, *, #1256, .F. ) ;
#1333 = AXIS2_PLACEMENT_3D ( 'NONE', #1401, #1244, #785 ) ;
#1334 = EDGE_CURVE ( 'NONE', #1875, #826, #1657, .T. ) ;
#1335 = CARTESIAN_POINT ( 'NONE',  ( 40.00000000000000000, 21.36839622335513411, -42.14094972638486780 ) ) ;
#1336 = DIRECTION ( 'NONE',  ( -1.000000000000000000, 0.000000000000000000, 0.000000000000000000 ) ) ;
#1337 = CARTESIAN_POINT ( 'NONE',  ( 20.00000000000000000, -36.38300537556234815, 51.43225563633965436 ) ) ;
#1338 = DIRECTION ( 'NONE',  ( -1.000000000000000000, 0.000000000000000000, 0.000000000000000000 ) ) ;
#1339 = AXIS2_PLACEMENT_3D ( 'NONE', #680, #1506, #1120 ) ;
#1340 = DIRECTION ( 'NONE',  ( 0.000000000000000000, 0.9238795325112850731, 0.3826834323650939451 ) ) ;
#1341 = ORIENTED_EDGE ( 'NONE', *, *, #1305, .F. ) ;
#1342 = ORIENTED_EDGE ( 'NONE', *, *, #1998, .F. ) ;
#1343 = ADVANCED_FACE ( 'NONE', ( #1630 ), #2462, .T. ) ;
#1344 = DIRECTION ( 'NONE',  ( 0.000000000000000000, -0.3826834323650772363, -0.9238795325112919565 ) ) ;
#1345 = ORIENTED_EDGE ( 'NONE', *, *, #859, .F. ) ;
#1346 = DIRECTION ( 'NONE',  ( 1.000000000000000000, 0.000000000000000000, 0.000000000000000000 ) ) ;
#1347 = EDGE_CURVE ( 'NONE', #1261, #1396, #194, .T. ) ;
#1348 = CARTESIAN_POINT ( 'NONE',  ( 0.000000000000000000, -13.99408105226152088, 50.72793493842730328 ) ) ;
#1349 = EDGE_CURVE ( 'NONE', #2474, #1628, #751, .T. ) ;
#1350 = LINE ( 'NONE', #1177, #1534 ) ;
#1351 = DIRECTION ( 'NONE',  ( 0.000000000000000000, 0.000000000000000000, 1.000000000000000000 ) ) ;
#1352 = VERTEX_POINT ( 'NONE', #2491 ) ;
#1353 = ORIENTED_EDGE ( 'NONE', *, *, #2446, .F. ) ;
#1354 = CARTESIAN_POINT ( 'NONE',  ( 0.000000000000000000, -45.76537639908028154, 25.97475718202355566 ) ) ;
#1355 = CARTESIAN_POINT ( 'NONE',  ( 40.00000000000000000, -14.68841344455338138, 44.90788918978334010 ) ) ;
#1356 = VECTOR ( 'NONE', #2661, 1000.000000000000000 ) ;
#1357 = VERTEX_POINT ( 'NONE', #664 ) ;
#1358 = CYLINDRICAL_SURFACE ( 'NONE', #1032, 22.39999999999998792 ) ;
#1359 = VERTEX_POINT ( 'NONE', #1930 ) ;
#1360 = DIRECTION ( 'NONE',  ( 0.000000000000000000, -0.3826834323650971648, 0.9238795325112837409 ) ) ;
#1361 = DIRECTION ( 'NONE',  ( 0.000000000000000000, 0.3826834323650906144, -0.9238795325112865164 ) ) ;
#1362 = CARTESIAN_POINT ( 'NONE',  ( -10.00000000000000000, 0.000000000000000000, 0.000000000000000000 ) ) ;
#1363 = CIRCLE ( 'NONE', #2358, 62.99999999999994316 ) ;
#1364 = EDGE_CURVE ( 'NONE', #1359, #1805, #688, .T. ) ;
#1365 = EDGE_CURVE ( 'NONE', #1643, #687, #2144, .T. ) ;
#1366 = FACE_OUTER_BOUND ( 'NONE', #2325, .T. ) ;
#1367 = EDGE_LOOP ( 'NONE', ( #2179, #516, #1011, #547 ) ) ;
#1368 = EDGE_LOOP ( 'NONE', ( #593, #2266, #2046, #2481 ) ) ;
#1369 = EDGE_CURVE ( 'NONE', #1083, #1805, #2627, .T. ) ;
#1370 = CYLINDRICAL_SURFACE ( 'NONE', #1114, 22.39999999999998082 ) ;
#1371 = EDGE_LOOP ( 'NONE', ( #268, #496, #814, #2122 ) ) ;
#1372 = CARTESIAN_POINT ( 'NONE',  ( 40.00000000000000000, -51.43225563634004516, 36.38300537556180103 ) ) ;
#1373 = ORIENTED_EDGE ( 'NONE', *, *, #1965, .T. ) ;
#1374 = CIRCLE ( 'NONE', #675, 22.39999999999998437 ) ;
#1375 = CYLINDRICAL_SURFACE ( 'NONE', #2508, 47.24899999999994549 ) ;
#1376 = CARTESIAN_POINT ( 'NONE',  ( 40.00000000000000000, 0.000000000000000000, 0.000000000000000000 ) ) ;
#1377 = VECTOR ( 'NONE', #1535, 1000.000000000000000 ) ;
#1378 = FACE_OUTER_BOUND ( 'NONE', #418, .T. ) ;
#1379 = CIRCLE ( 'NONE', #40, 62.99999999999994316 ) ;
#1380 = ADVANCED_FACE ( 'NONE', ( #236 ), #1467, .T. ) ;
#1381 = CARTESIAN_POINT ( 'NONE',  ( 40.00000000000000000, 0.000000000000000000, 0.000000000000000000 ) ) ;
#1382 = DIRECTION ( 'NONE',  ( 0.000000000000000000, 0.9238795325112877377, -0.3826834323650873948 ) ) ;
#1383 = CARTESIAN_POINT ( 'NONE',  ( 40.00000000000000000, 0.000000000000000000, 0.000000000000000000 ) ) ;
#1384 = CARTESIAN_POINT ( 'NONE',  ( 40.00000000000000000, 52.22180378605187911, 15.91610480145786610 ) ) ;
#1385 = AXIS2_PLACEMENT_3D ( 'NONE', #1376, #801, #2235 ) ;
#1386 = EDGE_CURVE ( 'NONE', #1083, #559, #1522, .T. ) ;
#1387 = EDGE_LOOP ( 'NONE', ( #629, #2278, #1719, #123 ) ) ;
#1388 = DIRECTION ( 'NONE',  ( 1.000000000000000000, -0.000000000000000000, -0.000000000000000000 ) ) ;
#1389 = ORIENTED_EDGE ( 'NONE', *, *, #2617, .F. ) ;
#1390 = DIRECTION ( 'NONE',  ( 0.000000000000000000, 0.3826834323650906144, -0.9238795325112865164 ) ) ;
#1391 = DIRECTION ( 'NONE',  ( 1.000000000000000000, 0.000000000000000000, 0.000000000000000000 ) ) ;
#1392 = LINE ( 'NONE', #351, #490 ) ;
#1393 = CARTESIAN_POINT ( 'NONE',  ( 0.000000000000000000, 32.34158531951850790, 41.51119784630268583 ) ) ;
#1394 = CARTESIAN_POINT ( 'NONE',  ( 40.00000000000000000, -32.34158531951879212, 41.51119784630245846 ) ) ;
#1395 = ORIENTED_EDGE ( 'NONE', *, *, #398, .F. ) ;
#1396 = VERTEX_POINT ( 'NONE', #1372 ) ;
#1397 = CYLINDRICAL_SURFACE ( 'NONE', #883, 62.99999999999994316 ) ;
#1398 = ORIENTED_EDGE ( 'NONE', *, *, #1477, .F. ) ;
#1399 = EDGE_CURVE ( 'NONE', #989, #1706, #700, .T. ) ;
#1400 = EDGE_CURVE ( 'NONE', #986, #66, #1968, .T. ) ;
#1401 = CARTESIAN_POINT ( 'NONE',  ( 40.00000000000000000, 50.72793493842735302, 13.99408105226134325 ) ) ;
#1402 = VECTOR ( 'NONE', #646, 1000.000000000000000 ) ;
#1403 = ORIENTED_EDGE ( 'NONE', *, *, #2338, .F. ) ;
#1404 = VECTOR ( 'NONE', #2376, 1000.000000000000000 ) ;
#1405 = CARTESIAN_POINT ( 'NONE',  ( 40.00000000000000000, 0.000000000000000000, 0.000000000000000000 ) ) ;
#1406 = ORIENTED_EDGE ( 'NONE', *, *, #1694, .T. ) ;
#1407 = DIRECTION ( 'NONE',  ( -1.000000000000000000, -0.000000000000000000, -0.000000000000000000 ) ) ;
#1408 = EDGE_LOOP ( 'NONE', ( #606, #463, #2606, #956 ) ) ;
#1409 = CARTESIAN_POINT ( 'NONE',  ( 40.00000000000000000, 0.000000000000000000, 0.000000000000000000 ) ) ;
#1410 = CARTESIAN_POINT ( 'NONE',  ( 40.00000000000000000, -52.22180378605181517, 15.91610480145750195 ) ) ;
#1411 = ORIENTED_EDGE ( 'NONE', *, *, #2192, .F. ) ;
#1412 = CARTESIAN_POINT ( 'NONE',  ( 40.00000000000000000, 0.000000000000000000, 0.000000000000000000 ) ) ;
#1413 = DIRECTION ( 'NONE',  ( 0.000000000000000000, 0.3826834323650841752, 0.9238795325112891810 ) ) ;
#1414 = DIRECTION ( 'NONE',  ( 0.000000000000000000, 0.000000000000000000, -1.000000000000000000 ) ) ;
#1415 = EDGE_CURVE ( 'NONE', #1832, #1357, #90, .T. ) ;
#1416 = VECTOR ( 'NONE', #2189, 1000.000000000000000 ) ;
#1417 = AXIS2_PLACEMENT_3D ( 'NONE', #1514, #1735, #2164 ) ;
#1418 = ORIENTED_EDGE ( 'NONE', *, *, #1928, .F. ) ;
#1419 = VECTOR ( 'NONE', #917, 1000.000000000000000 ) ;
#1420 = CYLINDRICAL_SURFACE ( 'NONE', #2013, 22.39999999999998082 ) ;
#1421 = CIRCLE ( 'NONE', #1255, 47.24899999999994549 ) ;
#1422 = AXIS2_PLACEMENT_3D ( 'NONE', #803, #155, #2650 ) ;
#1423 = CARTESIAN_POINT ( 'NONE',  ( 20.00000000000000000, 62.09476655318249527, 10.64142691116937733 ) ) ;
#1424 = FACE_OUTER_BOUND ( 'NONE', #1775, .T. ) ;
#1425 = ORIENTED_EDGE ( 'NONE', *, *, #2459, .T. ) ;
#1426 = CYLINDRICAL_SURFACE ( 'NONE', #1232, 22.39999999999998082 ) ;
#1427 = LINE ( 'NONE', #1642, #2513 ) ;
#1428 = ORIENTED_EDGE ( 'NONE', *, *, #2683, .T. ) ;
#1429 = EDGE_CURVE ( 'NONE', #951, #1566, #1141, .T. ) ;
#1430 = EDGE_LOOP ( 'NONE', ( #2132, #1943, #1571, #2321 ) ) ;
#1431 = CYLINDRICAL_SURFACE ( 'NONE', #1385, 47.24899999999994549 ) ;
#1432 = DIRECTION ( 'NONE',  ( 1.000000000000000000, -0.000000000000000000, 0.000000000000000000 ) ) ;
#1433 = DIRECTION ( 'NONE',  ( 0.000000000000000000, 0.000000000000000000, 1.000000000000000000 ) ) ;
#1434 = ORIENTED_EDGE ( 'NONE', *, *, #55, .F. ) ;
#1435 = DIRECTION ( 'NONE',  ( 0.000000000000000000, 0.000000000000000000, 1.000000000000000000 ) ) ;
#1436 = CARTESIAN_POINT ( 'NONE',  ( 0.000000000000000000, 0.000000000000000000, 0.000000000000000000 ) ) ;
#1437 = ORIENTED_EDGE ( 'NONE', *, *, #412, .T. ) ;
#1438 = FACE_OUTER_BOUND ( 'NONE', #1214, .T. ) ;
#1439 = VERTEX_POINT ( 'NONE', #1743 ) ;
#1440 = CARTESIAN_POINT ( 'NONE',  ( 40.00000000000000000, -47.11049214368492244, 3.615180628930799056 ) ) ;
#1441 = CARTESIAN_POINT ( 'NONE',  ( 0.000000000000000000, -3.615180628931286666, 47.11049214368487981 ) ) ;
#1442 = FACE_OUTER_BOUND ( 'NONE', #281, .T. ) ;
#1443 = CARTESIAN_POINT ( 'NONE',  ( -10.00000000000000000, 0.000000000000000000, 0.000000000000000000 ) ) ;
#1444 = FACE_OUTER_BOUND ( 'NONE', #180, .T. ) ;
#1445 = EDGE_CURVE ( 'NONE', #1886, #145, #2139, .T. ) ;
#1446 = FACE_OUTER_BOUND ( 'NONE', #2060, .T. ) ;
#1447 = AXIS2_PLACEMENT_3D ( 'NONE', #2301, #2681, #2256 ) ;
#1448 = ORIENTED_EDGE ( 'NONE', *, *, #2276, .T. ) ;
#1449 = CARTESIAN_POINT ( 'NONE',  ( 40.00000000000000000, -21.36839622335486766, 42.14094972638501702 ) ) ;
#1450 = ORIENTED_EDGE ( 'NONE', *, *, #1557, .T. ) ;
#1451 = FACE_OUTER_BOUND ( 'NONE', #1704, .T. ) ;
#1452 = DIRECTION ( 'NONE',  ( -1.000000000000000000, 0.000000000000000000, 0.000000000000000000 ) ) ;
#1453 = ORIENTED_EDGE ( 'NONE', *, *, #2257, .F. ) ;
#1454 = DIRECTION ( 'NONE',  ( 0.000000000000000000, 0.7071067811865439090, 0.7071067811865512365 ) ) ;
#1455 = ORIENTED_EDGE ( 'NONE', *, *, #2467, .T. ) ;
#1456 = DIRECTION ( 'NONE',  ( 0.000000000000000000, 1.000000000000000000, 3.491481338843132961E-15 ) ) ;
#1457 =( GEOMETRIC_REPRESENTATION_CONTEXT ( 3 ) GLOBAL_UNCERTAINTY_ASSIGNED_CONTEXT ( ( #2199 ) ) GLOBAL_UNIT_ASSIGNED_CONTEXT ( ( #1163, #308, #1547 ) ) REPRESENTATION_CONTEXT ( 'NONE', 'WORKASPACE' ) );
#1458 = DIRECTION ( 'NONE',  ( -1.000000000000000000, 0.000000000000000000, -0.000000000000000000 ) ) ;
#1459 = EDGE_CURVE ( 'NONE', #1127, #1883, #56, .T. ) ;
#1460 = CARTESIAN_POINT ( 'NONE',  ( 40.00000000000000000, -6.483895198541596017, -52.22180378605192885 ) ) ;
#1461 = ORIENTED_EDGE ( 'NONE', *, *, #2290, .F. ) ;
#1462 = CIRCLE ( 'NONE', #2470, 47.24899999999994549 ) ;
#1463 = ADVANCED_FACE ( 'NONE', ( #2217 ), #2568, .T. ) ;
#1464 = DIRECTION ( 'NONE',  ( 1.000000000000000000, 0.000000000000000000, 0.000000000000000000 ) ) ;
#1465 = ORIENTED_EDGE ( 'NONE', *, *, #649, .F. ) ;
#1466 = CIRCLE ( 'NONE', #545, 62.99999999999994316 ) ;
#1467 = CYLINDRICAL_SURFACE ( 'NONE', #2355, 62.99999999999994316 ) ;
#1468 = CARTESIAN_POINT ( 'NONE',  ( 40.00000000000000000, 52.22180378605187911, 15.91610480145786610 ) ) ;
#1469 = DIRECTION ( 'NONE',  ( -1.000000000000000000, -0.000000000000000000, -0.000000000000000000 ) ) ;
#1470 = CARTESIAN_POINT ( 'NONE',  ( 40.00000000000000000, 61.44038167018025121, 13.93124187653671520 ) ) ;
#1471 = ORIENTED_EDGE ( 'NONE', *, *, #501, .T. ) ;
#1472 = STYLED_ITEM ( 'NONE', ( #532 ), #157 ) ;
#1473 = CARTESIAN_POINT ( 'NONE',  ( 0.000000000000000000, -51.43225563633953357, -36.38300537556253289 ) ) ;
#1474 = FACE_OUTER_BOUND ( 'NONE', #1318, .T. ) ;
#1475 = CARTESIAN_POINT ( 'NONE',  ( 40.00000000000000000, -35.86846719776676906, 30.75582972190352393 ) ) ;
#1476 = VERTEX_POINT ( 'NONE', #546 ) ;
#1477 = EDGE_CURVE ( 'NONE', #337, #2194, #1924, .T. ) ;
#1478 = ORIENTED_EDGE ( 'NONE', *, *, #1598, .F. ) ;
#1479 = EDGE_CURVE ( 'NONE', #1277, #1116, #2598, .T. ) ;
#1480 = CARTESIAN_POINT ( 'NONE',  ( 40.00000000000000000, -14.68841344455273656, -44.90788918978353905 ) ) ;
#1481 = DIRECTION ( 'NONE',  ( -1.000000000000000000, -0.000000000000000000, -0.000000000000000000 ) ) ;
#1482 = ORIENTED_EDGE ( 'NONE', *, *, #723, .T. ) ;
#1483 = EDGE_CURVE ( 'NONE', #1963, #2224, #2487, .T. ) ;
#1484 = CARTESIAN_POINT ( 'NONE',  ( 40.00000000000000000, 61.44038167018046437, -13.93124187653583057 ) ) ;
#1485 = EDGE_LOOP ( 'NONE', ( #7, #1553, #933, #2340 ) ) ;
#1486 = AXIS2_PLACEMENT_3D ( 'NONE', #1640, #14, #1254 ) ;
#1487 = PRODUCT_DEFINITION_SHAPE ( 'NONE', 'NONE',  #85 ) ;
#1488 = ORIENTED_EDGE ( 'NONE', *, *, #117, .F. ) ;
#1489 = VERTEX_POINT ( 'NONE', #531 ) ;
#1490 = DIRECTION ( 'NONE',  ( 0.000000000000000000, 0.9238795325112850731, 0.3826834323650937231 ) ) ;
#1491 = DIRECTION ( 'NONE',  ( -1.000000000000000000, 0.000000000000000000, 0.000000000000000000 ) ) ;
#1492 = LINE ( 'NONE', #2330, #594 ) ;
#1493 = ORIENTED_EDGE ( 'NONE', *, *, #571, .T. ) ;
#1494 = LINE ( 'NONE', #283, #1326 ) ;
#1495 = EDGE_CURVE ( 'NONE', #1783, #1746, #1540, .T. ) ;
#1496 = DIRECTION ( 'NONE',  ( -1.000000000000000000, 0.000000000000000000, 0.000000000000000000 ) ) ;
#1497 = STYLED_ITEM ( 'NONE', ( #1934 ), #2300 ) ;
#1498 = VERTEX_POINT ( 'NONE', #1758 ) ;
#1499 = CIRCLE ( 'NONE', #1713, 22.39999999999998082 ) ;
#1500 = DIRECTION ( 'NONE',  ( 0.000000000000000000, 0.000000000000000000, 1.000000000000000000 ) ) ;
#1501 = ORIENTED_EDGE ( 'NONE', *, *, #2071, .T. ) ;
#1502 = FACE_OUTER_BOUND ( 'NONE', #1908, .T. ) ;
#1503 = VECTOR ( 'NONE', #2479, 1000.000000000000000 ) ;
#1504 = VERTEX_POINT ( 'NONE', #725 ) ;
#1505 = CARTESIAN_POINT ( 'NONE',  ( 0.000000000000000000, -52.22180378605191464, 6.483895198541752336 ) ) ;
#1506 = DIRECTION ( 'NONE',  ( -1.000000000000000000, -0.000000000000000000, -0.000000000000000000 ) ) ;
#1507 = ADVANCED_FACE ( 'NONE', ( #1556 ), #499, .T. ) ;
#1508 = ORIENTED_EDGE ( 'NONE', *, *, #794, .F. ) ;
#1509 = VERTEX_POINT ( 'NONE', #513 ) ;
#1510 = CARTESIAN_POINT ( 'NONE',  ( 40.00000000000000000, 0.000000000000000000, 0.000000000000000000 ) ) ;
#1511 = ORIENTED_EDGE ( 'NONE', *, *, #2589, .T. ) ;
#1512 = CARTESIAN_POINT ( 'NONE',  ( 40.00000000000000000, 25.97475718202435502, -45.76537639907982680 ) ) ;
#1513 = LINE ( 'NONE', #2354, #336 ) ;
#1514 = CARTESIAN_POINT ( 'NONE',  ( 40.00000000000000000, 50.72793493842735302, 13.99408105226134325 ) ) ;
#1515 = VECTOR ( 'NONE', #2682, 1000.000000000000000 ) ;
#1516 = AXIS2_PLACEMENT_3D ( 'NONE', #907, #1707, #2159 ) ;
#1517 = CARTESIAN_POINT ( 'NONE',  ( 40.00000000000000000, 33.59403491642563466, -53.29578611892283391 ) ) ;
#1518 = VECTOR ( 'NONE', #730, 1000.000000000000000 ) ;
#1519 = ORIENTED_EDGE ( 'NONE', *, *, #938, .T. ) ;
#1520 = VECTOR ( 'NONE', #2201, 1000.000000000000000 ) ;
#1521 = EDGE_CURVE ( 'NONE', #1509, #1963, #568, .T. ) ;
#1522 = LINE ( 'NONE', #1184, #1188 ) ;
#1523 = DIRECTION ( 'NONE',  ( -1.000000000000000000, 0.000000000000000000, 0.000000000000000000 ) ) ;
#1524 = ORIENTED_EDGE ( 'NONE', *, *, #1831, .T. ) ;
#1525 = LINE ( 'NONE', #1335, #2588 ) ;
#1526 = DIRECTION ( 'NONE',  ( -1.000000000000000000, 0.000000000000000000, 0.000000000000000000 ) ) ;
#1527 = CARTESIAN_POINT ( 'NONE',  ( 50.00005079999999680, 11.80000000000000071, -3.000000000000000000 ) ) ;
#1528 = FACE_OUTER_BOUND ( 'NONE', #1408, .T. ) ;
#1529 = SURFACE_STYLE_USAGE ( .BOTH. , #523 ) ;
#1530 = CARTESIAN_POINT ( 'NONE',  ( 40.00000000000000000, -13.99408105226081211, -50.72793493842750223 ) ) ;
#1531 = DIRECTION ( 'NONE',  ( -1.000000000000000000, -0.000000000000000000, 0.000000000000000000 ) ) ;
#1532 = ADVANCED_FACE ( 'NONE', ( #134 ), #1358, .T. ) ;
#1533 = EDGE_LOOP ( 'NONE', ( #1769, #1332, #48, #2527 ) ) ;
#1534 = VECTOR ( 'NONE', #2174, 1000.000000000000000 ) ;
#1535 = DIRECTION ( 'NONE',  ( -1.000000000000000000, 0.000000000000000000, 0.000000000000000000 ) ) ;
#1536 = AXIS2_PLACEMENT_3D ( 'NONE', #1512, #2526, #49 ) ;
#1537 = CIRCLE ( 'NONE', #714, 22.39999999999998082 ) ;
#1538 = VERTEX_POINT ( 'NONE', #319 ) ;
#1539 = EDGE_CURVE ( 'NONE', #808, #687, #1117, .T. ) ;
#1540 = LINE ( 'NONE', #1953, #1404 ) ;
#1541 = CARTESIAN_POINT ( 'NONE',  ( 0.000000000000000000, 0.000000000000000000, 0.000000000000000000 ) ) ;
#1542 = ORIENTED_EDGE ( 'NONE', *, *, #2589, .F. ) ;
#1543 = AXIS2_PLACEMENT_3D ( 'NONE', #1034, #1867, #1850 ) ;
#1544 = CARTESIAN_POINT ( 'NONE',  ( 40.00000000000000000, 0.000000000000000000, 0.000000000000000000 ) ) ;
#1545 = DIRECTION ( 'NONE',  ( 0.000000000000000000, 0.000000000000000000, -1.000000000000000000 ) ) ;
#1546 = CIRCLE ( 'NONE', #1, 22.39999999999998082 ) ;
#1547 =( NAMED_UNIT ( * ) SI_UNIT ( $, .STERADIAN. ) SOLID_ANGLE_UNIT ( ) );
#1548 = CARTESIAN_POINT ( 'NONE',  ( 40.00000000000000000, 0.000000000000000000, 0.000000000000000000 ) ) ;
#1549 = AXIS2_PLACEMENT_3D ( 'NONE', #1808, #1391, #2632 ) ;
#1550 = DIRECTION ( 'NONE',  ( -1.000000000000000000, 0.000000000000000000, -0.000000000000000000 ) ) ;
#1551 = AXIS2_PLACEMENT_3D ( 'NONE', #1320, #2145, #453 ) ;
#1552 = ORIENTED_EDGE ( 'NONE', *, *, #267, .T. ) ;
#1553 = ORIENTED_EDGE ( 'NONE', *, *, #95, .T. ) ;
#1554 = CARTESIAN_POINT ( 'NONE',  ( 0.000000000000000000, 0.000000000000000000, 0.000000000000000000 ) ) ;
#1555 = ORIENTED_EDGE ( 'NONE', *, *, #1928, .T. ) ;
#1556 = FACE_OUTER_BOUND ( 'NONE', #1139, .T. ) ;
#1557 = EDGE_CURVE ( 'NONE', #145, #337, #2200, .T. ) ;
#1558 = ORIENTED_EDGE ( 'NONE', *, *, #473, .T. ) ;
#1559 = CARTESIAN_POINT ( 'NONE',  ( 0.000000000000000000, -6.483895198541596017, -52.22180378605192885 ) ) ;
#1560 = CARTESIAN_POINT ( 'NONE',  ( 0.000000000000000000, 25.97475718202371553, 45.76537639908018917 ) ) ;
#1561 = LINE ( 'NONE', #1337, #323 ) ;
#1562 = EDGE_CURVE ( 'NONE', #345, #1875, #822, .T. ) ;
#1563 = DIRECTION ( 'NONE',  ( 0.000000000000000000, 0.000000000000000000, 1.000000000000000000 ) ) ;
#1564 = DIRECTION ( 'NONE',  ( -1.000000000000000000, 0.000000000000000000, 0.000000000000000000 ) ) ;
#1565 = CYLINDRICAL_SURFACE ( 'NONE', #1742, 62.99999999999994316 ) ;
#1566 = VERTEX_POINT ( 'NONE', #1213 ) ;
#1567 = ORIENTED_EDGE ( 'NONE', *, *, #2303, .F. ) ;
#1568 = CARTESIAN_POINT ( 'NONE',  ( 0.000000000000000000, -13.99408105226081211, -50.72793493842750223 ) ) ;
#1569 = DIRECTION ( 'NONE',  ( 0.000000000000000000, 0.000000000000000000, -1.000000000000000000 ) ) ;
#1570 = AXIS2_PLACEMENT_3D ( 'NONE', #579, #1216, #609 ) ;
#1571 = ORIENTED_EDGE ( 'NONE', *, *, #2213, .T. ) ;
#1572 = DIRECTION ( 'NONE',  ( -1.000000000000000000, 0.000000000000000000, -0.000000000000000000 ) ) ;
#1573 = VERTEX_POINT ( 'NONE', #2448 ) ;
#1574 = ADVANCED_FACE ( 'NONE', ( #970 ), #2646, .T. ) ;
#1575 = CARTESIAN_POINT ( 'NONE',  ( 40.00000000000000000, 44.90788918978359590, -14.68841344455257847 ) ) ;
#1576 = AXIS2_PLACEMENT_3D ( 'NONE', #2539, #1496, #1340 ) ;
#1577 = FACE_OUTER_BOUND ( 'NONE', #2528, .T. ) ;
#1578 = DIRECTION ( 'NONE',  ( -1.000000000000000000, 0.000000000000000000, 0.000000000000000000 ) ) ;
#1579 = EDGE_CURVE ( 'NONE', #1955, #1599, #2293, .T. ) ;
#1580 = CARTESIAN_POINT ( 'NONE',  ( -10.00000000000000000, 0.000000000000000000, 0.000000000000000000 ) ) ;
#1581 = ORIENTED_EDGE ( 'NONE', *, *, #2689, .F. ) ;
#1582 = CYLINDRICAL_SURFACE ( 'NONE', #928, 47.24899999999994549 ) ;
#1583 = DIRECTION ( 'NONE',  ( 0.000000000000000000, -0.3826834323650772363, -0.9238795325112919565 ) ) ;
#1584 = EDGE_LOOP ( 'NONE', ( #377, #1567, #903, #1092 ) ) ;
#1585 = AXIS2_PLACEMENT_3D ( 'NONE', #1443, #383, #1221 ) ;
#1586 = DIRECTION ( 'NONE',  ( -1.000000000000000000, 0.000000000000000000, 0.000000000000000000 ) ) ;
#1587 = VECTOR ( 'NONE', #1578, 1000.000000000000000 ) ;
#1588 = ORIENTED_EDGE ( 'NONE', *, *, #2332, .T. ) ;
#1589 = CARTESIAN_POINT ( 'NONE',  ( 40.00000000000000000, 41.51119784630257215, 32.34158531951864290 ) ) ;
#1590 = CIRCLE ( 'NONE', #285, 47.24899999999993838 ) ;
#1591 = CARTESIAN_POINT ( 'NONE',  ( 0.000000000000000000, 30.75582972190365538, 35.86846719776665537 ) ) ;
#1592 = CARTESIAN_POINT ( 'NONE',  ( 40.00000000000000000, -25.97475718202339579, -45.76537639908036681 ) ) ;
#1593 = DIRECTION ( 'NONE',  ( 1.000000000000000000, 0.000000000000000000, 0.000000000000000000 ) ) ;
#1594 = DIRECTION ( 'NONE',  ( 0.000000000000000000, 0.000000000000000000, 1.000000000000000000 ) ) ;
#1595 = DIRECTION ( 'NONE',  ( 0.000000000000000000, -1.000000000000000000, 0.000000000000000000 ) ) ;
#1596 = EDGE_CURVE ( 'NONE', #1783, #276, #1809, .T. ) ;
#1597 = AXIS2_PLACEMENT_3D ( 'NONE', #2003, #138, #959 ) ;
#1598 = EDGE_CURVE ( 'NONE', #2042, #1691, #2072, .T. ) ;
#1599 = VERTEX_POINT ( 'NONE', #2280 ) ;
#1600 = CARTESIAN_POINT ( 'NONE',  ( 40.00000000000000000, 11.80000000000000071, -3.000000000000000000 ) ) ;
#1601 = COLOUR_RGB ( '',0.7764705882352941346, 0.7568627450980391913, 0.7372549019607843590 ) ;
#1602 =( GEOMETRIC_REPRESENTATION_CONTEXT ( 3 ) GLOBAL_UNCERTAINTY_ASSIGNED_CONTEXT ( ( #2129 ) ) GLOBAL_UNIT_ASSIGNED_CONTEXT ( ( #652, #726, #361 ) ) REPRESENTATION_CONTEXT ( 'NONE', 'WORKASPACE' ) );
#1603 = EDGE_LOOP ( 'NONE', ( #2108, #135, #199, #916, #1644, #1581 ) ) ;
#1604 = DIRECTION ( 'NONE',  ( -1.000000000000000000, -0.000000000000000000, -0.000000000000000000 ) ) ;
#1605 = ORIENTED_EDGE ( 'NONE', *, *, #1661, .F. ) ;
#1606 = ORIENTED_EDGE ( 'NONE', *, *, #2104, .T. ) ;
#1607 = CYLINDRICAL_SURFACE ( 'NONE', #890, 47.24899999999994549 ) ;
#1608 = CYLINDRICAL_SURFACE ( 'NONE', #1900, 22.39999999999998437 ) ;
#1609 = CARTESIAN_POINT ( 'NONE',  ( 40.00000000000000000, 10.64142691117003636, -62.09476655318239580 ) ) ;
#1610 = CARTESIAN_POINT ( 'NONE',  ( 0.000000000000000000, -14.68841344455273656, -44.90788918978353905 ) ) ;
#1611 = ORIENTED_EDGE ( 'NONE', *, *, #396, .F. ) ;
#1612 = CARTESIAN_POINT ( 'NONE',  ( 40.00000000000000000, 0.000000000000000000, 0.000000000000000000 ) ) ;
#1613 = VERTEX_POINT ( 'NONE', #373 ) ;
#1614 = CARTESIAN_POINT ( 'NONE',  ( 40.00000000000000000, 0.000000000000000000, 0.000000000000000000 ) ) ;
#1615 = CIRCLE ( 'NONE', #864, 22.39999999999998082 ) ;
#1616 = ORIENTED_EDGE ( 'NONE', *, *, #398, .T. ) ;
#1617 = AXIS2_PLACEMENT_3D ( 'NONE', #1178, #1659, #1268 ) ;
#1618 = DIRECTION ( 'NONE',  ( -1.000000000000000000, 0.000000000000000000, 0.000000000000000000 ) ) ;
#1619 = DIRECTION ( 'NONE',  ( -1.000000000000000000, -0.000000000000000000, -0.000000000000000000 ) ) ;
#1620 = VECTOR ( 'NONE', #2011, 1000.000000000000000 ) ;
#1621 = ORIENTED_EDGE ( 'NONE', *, *, #95, .F. ) ;
#1622 = AXIS2_PLACEMENT_3D ( 'NONE', #750, #2411, #539 ) ;
#1623 = FACE_OUTER_BOUND ( 'NONE', #2091, .T. ) ;
#1624 = EDGE_CURVE ( 'NONE', #1573, #2684, #2203, .T. ) ;
#1625 = ORIENTED_EDGE ( 'NONE', *, *, #2317, .F. ) ;
#1626 = CARTESIAN_POINT ( 'NONE',  ( 0.000000000000000000, 45.76537639908009680, -25.97475718202387540 ) ) ;
#1627 = DIRECTION ( 'NONE',  ( -1.000000000000000000, 0.000000000000000000, 0.000000000000000000 ) ) ;
#1628 = VERTEX_POINT ( 'NONE', #403 ) ;
#1629 = ADVANCED_FACE ( 'NONE', ( #574 ), #6, .T. ) ;
#1630 = FACE_OUTER_BOUND ( 'NONE', #1152, .T. ) ;
#1631 = DIRECTION ( 'NONE',  ( 0.000000000000000000, 0.000000000000000000, 1.000000000000000000 ) ) ;
#1632 = CYLINDRICAL_SURFACE ( 'NONE', #1782, 22.39999999999998082 ) ;
#1633 = CARTESIAN_POINT ( 'NONE',  ( 40.00000000000000000, 36.38300537556199288, 51.43225563633992437 ) ) ;
#1634 = CARTESIAN_POINT ( 'NONE',  ( 40.00000000000000000, 0.000000000000000000, 0.000000000000000000 ) ) ;
#1635 = ORIENTED_EDGE ( 'NONE', *, *, #42, .F. ) ;
#1636 = CARTESIAN_POINT ( 'NONE',  ( 0.000000000000000000, 42.14094972638508807, 21.36839622335471844 ) ) ;
#1637 = CIRCLE ( 'NONE', #1985, 62.99999999999994316 ) ;
#1638 = VERTEX_POINT ( 'NONE', #2486 ) ;
#1639 = AXIS2_PLACEMENT_3D ( 'NONE', #1020, #360, #1227 ) ;
#1640 = CARTESIAN_POINT ( 'NONE',  ( 40.00000000000000000, 0.000000000000000000, 0.000000000000000000 ) ) ;
#1641 = ORIENTED_EDGE ( 'NONE', *, *, #2395, .F. ) ;
#1642 = CARTESIAN_POINT ( 'NONE',  ( 20.00000000000000000, -33.59403491642527229, 53.29578611892304707 ) ) ;
#1643 = VERTEX_POINT ( 'NONE', #1410 ) ;
#1644 = ORIENTED_EDGE ( 'NONE', *, *, #888, .F. ) ;
#1645 = LINE ( 'NONE', #1248, #1134 ) ;
#1646 = ORIENTED_EDGE ( 'NONE', *, *, #267, .F. ) ;
#1647 = DIRECTION ( 'NONE',  ( -1.000000000000000000, 0.000000000000000000, 0.000000000000000000 ) ) ;
#1648 = CARTESIAN_POINT ( 'NONE',  ( 0.000000000000000000, 35.86846719776697512, -30.75582972190327880 ) ) ;
#1649 = ORIENTED_EDGE ( 'NONE', *, *, #2291, .F. ) ;
#1650 = ORIENTED_EDGE ( 'NONE', *, *, #1334, .T. ) ;
#1651 = ORIENTED_EDGE ( 'NONE', *, *, #2630, .T. ) ;
#1652 = AXIS2_PLACEMENT_3D ( 'NONE', #1348, #2043, #715 ) ;
#1653 = DIRECTION ( 'NONE',  ( 1.000000000000000000, 0.000000000000000000, 0.000000000000000000 ) ) ;
#1654 = CARTESIAN_POINT ( 'NONE',  ( 40.00000000000000000, 52.22180378605177964, 6.483895198542866112 ) ) ;
#1655 = DIRECTION ( 'NONE',  ( 0.000000000000000000, 0.000000000000000000, 1.000000000000000000 ) ) ;
#1656 = EDGE_CURVE ( 'NONE', #2014, #1061, #2154, .T. ) ;
#1657 = CIRCLE ( 'NONE', #1060, 22.39999999999998082 ) ;
#1658 = ORIENTED_EDGE ( 'NONE', *, *, #1019, .T. ) ;
#1659 = DIRECTION ( 'NONE',  ( -1.000000000000000000, -0.000000000000000000, -0.000000000000000000 ) ) ;
#1660 = CIRCLE ( 'NONE', #478, 22.39999999999998082 ) ;
#1661 = EDGE_CURVE ( 'NONE', #826, #1489, #1427, .T. ) ;
#1662 = CARTESIAN_POINT ( 'NONE',  ( 40.00000000000000000, 0.000000000000000000, 0.000000000000000000 ) ) ;
#1663 = EDGE_LOOP ( 'NONE', ( #1542, #1222, #2344, #350 ) ) ;
#1664 = CARTESIAN_POINT ( 'NONE',  ( 40.00000000000000000, 8.485281374238569541, 3.000000000000000000 ) ) ;
#1665 = ORIENTED_EDGE ( 'NONE', *, *, #1849, .F. ) ;
#1666 = CARTESIAN_POINT ( 'NONE',  ( 40.00000000000000000, 0.000000000000000000, 0.000000000000000000 ) ) ;
#1667 = LINE ( 'NONE', #1480, #1804 ) ;
#1668 = DIRECTION ( 'NONE',  ( 0.000000000000000000, 0.3826834323650906144, -0.9238795325112865164 ) ) ;
#1669 = DIRECTION ( 'NONE',  ( 0.000000000000000000, 0.000000000000000000, 1.000000000000000000 ) ) ;
#1670 = EDGE_LOOP ( 'NONE', ( #613, #2211, #2170, #1022 ) ) ;
#1671 = DIRECTION ( 'NONE',  ( 0.000000000000000000, 0.000000000000000000, 1.000000000000000000 ) ) ;
#1672 = VERTEX_POINT ( 'NONE', #2058 ) ;
#1673 = DIRECTION ( 'NONE',  ( -1.000000000000000000, 0.000000000000000000, 0.000000000000000000 ) ) ;
#1674 = CIRCLE ( 'NONE', #635, 47.24899999999994549 ) ;
#1675 = DIRECTION ( 'NONE',  ( 0.000000000000000000, 0.000000000000000000, -1.000000000000000000 ) ) ;
#1676 = AXIS2_PLACEMENT_3D ( 'NONE', #2098, #238, #1218 ) ;
#1677 = ADVANCED_FACE ( 'NONE', ( #1438 ), #179, .T. ) ;
#1678 = ADVANCED_FACE ( 'NONE', ( #1834 ), #558, .T. ) ;
#1679 = AXIS2_PLACEMENT_3D ( 'NONE', #1156, #939, #2610 ) ;
#1680 = ORIENTED_EDGE ( 'NONE', *, *, #2529, .T. ) ;
#1681 = AXIS2_PLACEMENT_3D ( 'NONE', #52, #2541, #1500 ) ;
#1682 = EDGE_LOOP ( 'NONE', ( #2477, #11, #940, #2629 ) ) ;
#1683 = VECTOR ( 'NONE', #759, 1000.000000000000000 ) ;
#1684 = CARTESIAN_POINT ( 'NONE',  ( -10.00000000000000000, 0.000000000000000000, 0.000000000000000000 ) ) ;
#1685 = DIRECTION ( 'NONE',  ( 0.000000000000000000, 0.000000000000000000, 1.000000000000000000 ) ) ;
#1686 = CARTESIAN_POINT ( 'NONE',  ( 0.000000000000000000, 0.000000000000000000, 0.000000000000000000 ) ) ;
#1687 = VERTEX_POINT ( 'NONE', #987 ) ;
#1688 = DIRECTION ( 'NONE',  ( -1.000000000000000000, 0.000000000000000000, 0.000000000000000000 ) ) ;
#1689 = UNCERTAINTY_MEASURE_WITH_UNIT (LENGTH_MEASURE( 1.000000000000000082E-05 ), #2647, 'distance_accuracy_value', 'NONE');
#1690 = EDGE_CURVE ( 'NONE', #2386, #288, #1820, .T. ) ;
#1691 = VERTEX_POINT ( 'NONE', #1002 ) ;
#1692 = AXIS2_PLACEMENT_3D ( 'NONE', #1662, #1458, #790 ) ;
#1693 = VERTEX_POINT ( 'NONE', #2673 ) ;
#1694 = EDGE_CURVE ( 'NONE', #860, #1538, #372, .T. ) ;
#1695 = CARTESIAN_POINT ( 'NONE',  ( 40.00000000000000000, 0.000000000000000000, 0.000000000000000000 ) ) ;
#1696 = FACE_BOUND ( 'NONE', #1603, .T. ) ;
#1697 = AXIS2_PLACEMENT_3D ( 'NONE', #2533, #1491, #475 ) ;
#1698 = VERTEX_POINT ( 'NONE', #18 ) ;
#1699 = CARTESIAN_POINT ( 'NONE',  ( 40.00000000000000000, 0.000000000000000000, 0.000000000000000000 ) ) ;
#1700 = AXIS2_PLACEMENT_3D ( 'NONE', #1436, #1902, #2277 ) ;
#1701 = AXIS2_PLACEMENT_3D ( 'NONE', #829, #28, #2483 ) ;
#1702 = CIRCLE ( 'NONE', #1486, 62.99999999999994316 ) ;
#1703 = DIRECTION ( 'NONE',  ( 0.000000000000000000, 0.000000000000000000, -1.000000000000000000 ) ) ;
#1704 = EDGE_LOOP ( 'NONE', ( #159, #2431, #79, #1727 ) ) ;
#1705 = CIRCLE ( 'NONE', #1576, 22.39999999999998792 ) ;
#1706 = VERTEX_POINT ( 'NONE', #1664 ) ;
#1707 = DIRECTION ( 'NONE',  ( -1.000000000000000000, -0.000000000000000000, -0.000000000000000000 ) ) ;
#1708 = EDGE_CURVE ( 'NONE', #1886, #367, #834, .T. ) ;
#1709 = EDGE_LOOP ( 'NONE', ( #2351, #1864, #2639, #476 ) ) ;
#1710 = CARTESIAN_POINT ( 'NONE',  ( 0.000000000000000000, 36.38300537556199288, 51.43225563633993858 ) ) ;
#1711 = PRODUCT_DEFINITION_CONTEXT ( 'detailed design', #1846, 'design' ) ;
#1712 = DIRECTION ( 'NONE',  ( 0.000000000000000000, 0.7071067811865484609, -0.7071067811865464625 ) ) ;
#1713 = AXIS2_PLACEMENT_3D ( 'NONE', #237, #1064, #2188 ) ;
#1714 = VERTEX_POINT ( 'NONE', #2501 ) ;
#1715 = AXIS2_PLACEMENT_3D ( 'NONE', #592, #1604, #164 ) ;
#1716 = ORIENTED_EDGE ( 'NONE', *, *, #315, .F. ) ;
#1717 = DIRECTION ( 'NONE',  ( 0.000000000000000000, 0.000000000000000000, 1.000000000000000000 ) ) ;
#1718 = AXIS2_PLACEMENT_3D ( 'NONE', #452, #1297, #1490 ) ;
#1719 = ORIENTED_EDGE ( 'NONE', *, *, #2529, .F. ) ;
#1720 = EDGE_CURVE ( 'NONE', #1439, #1261, #1905, .T. ) ;
#1721 = CYLINDRICAL_SURFACE ( 'NONE', #1536, 22.39999999999998082 ) ;
#1722 = CIRCLE ( 'NONE', #217, 22.39999999999998437 ) ;
#1723 = CARTESIAN_POINT ( 'NONE',  ( 0.000000000000000000, 14.68841344455306874, 44.90788918978343247 ) ) ;
#1724 = EDGE_CURVE ( 'NONE', #2234, #775, #224, .T. ) ;
#1725 = DIRECTION ( 'NONE',  ( 0.000000000000000000, 0.000000000000000000, 1.000000000000000000 ) ) ;
#1726 = ORIENTED_EDGE ( 'NONE', *, *, #2096, .T. ) ;
#1727 = ORIENTED_EDGE ( 'NONE', *, *, #501, .F. ) ;
#1728 = DIRECTION ( 'NONE',  ( 0.000000000000000000, -0.3826834323650971648, 0.9238795325112837409 ) ) ;
#1729 = CARTESIAN_POINT ( 'NONE',  ( 0.000000000000000000, 51.43225563634030806, -36.38300537556145287 ) ) ;
#1730 = ORIENTED_EDGE ( 'NONE', *, *, #1242, .T. ) ;
#1731 = DIRECTION ( 'NONE',  ( 0.000000000000000000, -0.7071067811865389130, -0.7071067811865561215 ) ) ;
#1732 = CYLINDRICAL_SURFACE ( 'NONE', #740, 22.39999999999998082 ) ;
#1733 = DIRECTION ( 'NONE',  ( 0.000000000000000000, 0.000000000000000000, -1.000000000000000000 ) ) ;
#1734 = EDGE_CURVE ( 'NONE', #1300, #334, #2594, .T. ) ;
#1735 = DIRECTION ( 'NONE',  ( -1.000000000000000000, 0.000000000000000000, -0.000000000000000000 ) ) ;
#1736 = AXIS2_PLACEMENT_3D ( 'NONE', #399, #2497, #1241 ) ;
#1737 = ADVANCED_FACE ( 'NONE', ( #2664 ), #1235, .T. ) ;
#1738 = ORIENTED_EDGE ( 'NONE', *, *, #1539, .T. ) ;
#1739 = VECTOR ( 'NONE', #1838, 1000.000000000000000 ) ;
#1740 = DIRECTION ( 'NONE',  ( 0.000000000000000000, 0.000000000000000000, 1.000000000000000000 ) ) ;
#1741 = VERTEX_POINT ( 'NONE', #582 ) ;
#1742 = AXIS2_PLACEMENT_3D ( 'NONE', #1580, #981, #1814 ) ;
#1743 = CARTESIAN_POINT ( 'NONE',  ( 0.000000000000000000, -50.72793493842745249, 36.39408105226096524 ) ) ;
#1744 = CYLINDRICAL_SURFACE ( 'NONE', #1697, 22.39999999999998082 ) ;
#1745 = APPLICATION_CONTEXT ( 'automotive_design' ) ;
#1746 = VERTEX_POINT ( 'NONE', #788 ) ;
#1747 = DIRECTION ( 'NONE',  ( 0.000000000000000000, -0.9238795325112906243, 0.3826834323650803449 ) ) ;
#1748 = DIRECTION ( 'NONE',  ( -1.000000000000000000, 0.000000000000000000, 0.000000000000000000 ) ) ;
#1749 = FACE_OUTER_BOUND ( 'NONE', #2542, .T. ) ;
#1750 = ORIENTED_EDGE ( 'NONE', *, *, #1186, .F. ) ;
#1751 = EDGE_LOOP ( 'NONE', ( #467, #1848, #677, #388 ) ) ;
#1752 = EDGE_CURVE ( 'NONE', #2450, #1566, #2119, .T. ) ;
#1753 = EDGE_CURVE ( 'NONE', #1123, #1035, #1379, .T. ) ;
#1754 = CIRCLE ( 'NONE', #762, 22.39999999999998082 ) ;
#1755 = EDGE_LOOP ( 'NONE', ( #848, #647, #1136, #1195 ) ) ;
#1756 = AXIS2_PLACEMENT_3D ( 'NONE', #368, #2225, #357 ) ;
#1757 = AXIS2_PLACEMENT_3D ( 'NONE', #433, #2506, #392 ) ;
#1758 = CARTESIAN_POINT ( 'NONE',  ( 40.00000000000000000, 30.75582972190365538, 35.86846719776665537 ) ) ;
#1759 = FILL_AREA_STYLE_COLOUR ( '', #1601 ) ;
#1760 = ORIENTED_EDGE ( 'NONE', *, *, #2232, .F. ) ;
#1761 = LINE ( 'NONE', #1777, #2198 ) ;
#1762 = CARTESIAN_POINT ( 'NONE',  ( 0.000000000000000000, 11.80000000000000071, 3.000000000000000000 ) ) ;
#1763 = AXIS2_PLACEMENT_3D ( 'NONE', #1825, #2005, #170 ) ;
#1764 = DIRECTION ( 'NONE',  ( 0.000000000000000000, 1.000000000000000000, 3.491481338843132961E-15 ) ) ;
#1765 = CARTESIAN_POINT ( 'NONE',  ( 40.00000000000000000, -42.14094972638493175, -21.36839622335500977 ) ) ;
#1766 = CIRCLE ( 'NONE', #1121, 62.99999999999994316 ) ;
#1767 = DIRECTION ( 'NONE',  ( -1.000000000000000000, 0.000000000000000000, 0.000000000000000000 ) ) ;
#1768 = ORIENTED_EDGE ( 'NONE', *, *, #595, .T. ) ;
#1769 = ORIENTED_EDGE ( 'NONE', *, *, #900, .T. ) ;
#1770 = DIRECTION ( 'NONE',  ( 0.000000000000000000, 0.000000000000000000, 1.000000000000000000 ) ) ;
#1771 = CARTESIAN_POINT ( 'NONE',  ( 0.000000000000000000, 33.59403491642564177, -53.29578611892284101 ) ) ;
#1772 = ADVANCED_FACE ( 'NONE', ( #1026 ), #1810, .T. ) ;
#1773 = ORIENTED_EDGE ( 'NONE', *, *, #8, .F. ) ;
#1774 = CARTESIAN_POINT ( 'NONE',  ( 0.000000000000000000, 0.000000000000000000, 0.000000000000000000 ) ) ;
#1775 = EDGE_LOOP ( 'NONE', ( #2155, #556, #2350, #1975 ) ) ;
#1776 = EDGE_CURVE ( 'NONE', #932, #1179, #2693, .T. ) ;
#1777 = CARTESIAN_POINT ( 'NONE',  ( 40.00000000000000000, 42.14094972638508807, 21.36839622335471844 ) ) ;
#1778 = DIRECTION ( 'NONE',  ( 0.000000000000000000, 0.000000000000000000, 1.000000000000000000 ) ) ;
#1779 = CARTESIAN_POINT ( 'NONE',  ( 40.00000000000000000, -6.483895198542300342, 52.22180378605184359 ) ) ;
#1780 = CARTESIAN_POINT ( 'NONE',  ( 0.000000000000000000, 47.11049214368489402, 3.615180628931122353 ) ) ;
#1781 = DIRECTION ( 'NONE',  ( 0.000000000000000000, 0.000000000000000000, -1.000000000000000000 ) ) ;
#1782 = AXIS2_PLACEMENT_3D ( 'NONE', #36, #1871, #600 ) ;
#1783 = VERTEX_POINT ( 'NONE', #961 ) ;
#1784 = ORIENTED_EDGE ( 'NONE', *, *, #555, .T. ) ;
#1785 = CARTESIAN_POINT ( 'NONE',  ( 40.00000000000000000, 0.000000000000000000, 0.000000000000000000 ) ) ;
#1786 = CIRCLE ( 'NONE', #515, 47.24899999999994549 ) ;
#1787 = AXIS2_PLACEMENT_3D ( 'NONE', #378, #2438, #561 ) ;
#1788 = ORIENTED_EDGE ( 'NONE', *, *, #745, .T. ) ;
#1789 = DIRECTION ( 'NONE',  ( 0.000000000000000000, 0.000000000000000000, 1.000000000000000000 ) ) ;
#1790 = AXIS2_PLACEMENT_3D ( 'NONE', #1460, #414, #203 ) ;
#1791 = ORIENTED_EDGE ( 'NONE', *, *, #1019, .F. ) ;
#1792 = DIRECTION ( 'NONE',  ( 0.000000000000000000, 0.9238795325112877377, -0.3826834323650873393 ) ) ;
#1793 = ADVANCED_FACE ( 'NONE', ( #1797 ), #816, .T. ) ;
#1794 = ADVANCED_FACE ( 'NONE', ( #1442, #340 ), #978, .F. ) ;
#1795 = DIRECTION ( 'NONE',  ( -1.000000000000000000, 0.000000000000000000, -0.000000000000000000 ) ) ;
#1796 = DIRECTION ( 'NONE',  ( -1.000000000000000000, -0.000000000000000000, -0.000000000000000000 ) ) ;
#1797 = FACE_OUTER_BOUND ( 'NONE', #879, .T. ) ;
#1798 = DIRECTION ( 'NONE',  ( 0.000000000000000000, 0.000000000000000000, -1.000000000000000000 ) ) ;
#1799 = ORIENTED_EDGE ( 'NONE', *, *, #136, .F. ) ;
#1800 = LINE ( 'NONE', #1194, #2512 ) ;
#1801 = AXIS2_PLACEMENT_3D ( 'NONE', #353, #1798, #733 ) ;
#1802 = VERTEX_POINT ( 'NONE', #779 ) ;
#1803 = DIRECTION ( 'NONE',  ( -1.000000000000000000, -0.000000000000000000, -0.000000000000000000 ) ) ;
#1804 = VECTOR ( 'NONE', #1041, 1000.000000000000000 ) ;
#1805 = VERTEX_POINT ( 'NONE', #1609 ) ;
#1806 = AXIS2_PLACEMENT_3D ( 'NONE', #2523, #2284, #381 ) ;
#1807 = CIRCLE ( 'NONE', #254, 47.24899999999994549 ) ;
#1808 = CARTESIAN_POINT ( 'NONE',  ( 0.000000000000000000, 52.22180378605177964, 6.483895198542866112 ) ) ;
#1809 = CIRCLE ( 'NONE', #679, 22.39999999999998437 ) ;
#1810 = PLANE ( 'NONE',  #2156 ) ;
#1811 = EDGE_CURVE ( 'NONE', #936, #2445, #1165, .T. ) ;
#1812 = DIRECTION ( 'NONE',  ( -1.000000000000000000, 0.000000000000000000, 0.000000000000000000 ) ) ;
#1813 = CIRCLE ( 'NONE', #1907, 62.99999999999994316 ) ;
#1814 = DIRECTION ( 'NONE',  ( 0.000000000000000000, 0.000000000000000000, 1.000000000000000000 ) ) ;
#1815 = PRODUCT_RELATED_PRODUCT_CATEGORY ( 'part', '', ( #662 ) ) ;
#1816 = VERTEX_POINT ( 'NONE', #1633 ) ;
#1817 = EDGE_CURVE ( 'NONE', #1352, #1439, #1546, .T. ) ;
#1818 = FACE_OUTER_BOUND ( 'NONE', #1670, .T. ) ;
#1819 = ORIENTED_EDGE ( 'NONE', *, *, #1014, .F. ) ;
#1820 = LINE ( 'NONE', #811, #983 ) ;
#1821 = ORIENTED_EDGE ( 'NONE', *, *, #1445, .T. ) ;
#1822 = VERTEX_POINT ( 'NONE', #2271 ) ;
#1823 = CARTESIAN_POINT ( 'NONE',  ( 0.000000000000000000, 0.000000000000000000, 0.000000000000000000 ) ) ;
#1824 = DIRECTION ( 'NONE',  ( 1.000000000000000000, 0.000000000000000000, -0.000000000000000000 ) ) ;
#1825 = CARTESIAN_POINT ( 'NONE',  ( 40.00000000000000000, -13.99408105226152088, 50.72793493842730328 ) ) ;
#1826 = EDGE_LOOP ( 'NONE', ( #1649, #1621, #1270, #1635, #1411, #757, #948, #1869, #1111, #2675, #1986, #736, #655, #2197, #1205, #2112, #1453, #416, #1465, #2107, #1398, #2263, #435, #853, #2665, #1873, #1246, #1079, #2341, #1345, #401, #222, #1434, #1418, #5, #2375, #1646, #471, #1021, #484, #104, #331, #721, #26, #1153, #1918, #2437, #1226, #1157, #695, #474, #73, #2056, #62, #833, #2242, #2240, #32, #87, #818, #2103, #2127, #1005, #908, #1508, #1716, #1243, #2436, #488 ) ) ;
#1827 = EDGE_CURVE ( 'NONE', #1265, #1822, #543, .T. ) ;
#1828 = CARTESIAN_POINT ( 'NONE',  ( 0.000000000000000000, -25.97475718202339579, -45.76537639908036681 ) ) ;
#1829 = EDGE_LOOP ( 'NONE', ( #2591, #2648, #1641, #1406 ) ) ;
#1830 = CARTESIAN_POINT ( 'NONE',  ( -10.00000000000000000, 0.000000000000000000, 0.000000000000000000 ) ) ;
#1831 = EDGE_CURVE ( 'NONE', #34, #1783, #887, .T. ) ;
#1832 = VERTEX_POINT ( 'NONE', #550 ) ;
#1833 = DIRECTION ( 'NONE',  ( 0.000000000000000000, 1.000000000000000000, 3.407492542097302692E-15 ) ) ;
#1834 = FACE_OUTER_BOUND ( 'NONE', #865, .T. ) ;
#1835 = CIRCLE ( 'NONE', #660, 22.39999999999998437 ) ;
#1836 = AXIS2_PLACEMENT_3D ( 'NONE', #1626, #795, #521 ) ;
#1837 = ORIENTED_EDGE ( 'NONE', *, *, #282, .F. ) ;
#1838 = DIRECTION ( 'NONE',  ( -1.000000000000000000, 0.000000000000000000, 0.000000000000000000 ) ) ;
#1839 = DIRECTION ( 'NONE',  ( 0.000000000000000000, 0.000000000000000000, 1.000000000000000000 ) ) ;
#1840 = DIRECTION ( 'NONE',  ( -1.000000000000000000, 0.000000000000000000, -0.000000000000000000 ) ) ;
#1841 = CARTESIAN_POINT ( 'NONE',  ( 40.00000000000000000, -44.90788918978348221, 14.68841344455291065 ) ) ;
#1842 = CIRCLE ( 'NONE', #963, 9.000000000000000000 ) ;
#1843 = CARTESIAN_POINT ( 'NONE',  ( 40.00000000000000000, 35.86846719776656300, 30.75582972190377617 ) ) ;
#1844 = EDGE_LOOP ( 'NONE', ( #1730, #690, #465, #1461 ) ) ;
#1845 = DIRECTION ( 'NONE',  ( -1.000000000000000000, -0.000000000000000000, 0.000000000000000000 ) ) ;
#1846 = APPLICATION_CONTEXT ( 'automotive_design' ) ;
#1847 = LINE ( 'NONE', #1423, #1515 ) ;
#1848 = ORIENTED_EDGE ( 'NONE', *, *, #1399, .F. ) ;
#1849 = EDGE_CURVE ( 'NONE', #1672, #808, #352, .T. ) ;
#1850 = DIRECTION ( 'NONE',  ( 0.000000000000000000, 0.000000000000000000, 1.000000000000000000 ) ) ;
#1851 = EDGE_LOOP ( 'NONE', ( #1773, #1279, #2202, #2182 ) ) ;
#1852 = EDGE_CURVE ( 'NONE', #1476, #235, #1813, .T. ) ;
#1853 = VECTOR ( 'NONE', #492, 1000.000000000000000 ) ;
#1854 = CARTESIAN_POINT ( 'NONE',  ( 0.000000000000000000, 50.72793493842754486, -13.99408105226063803 ) ) ;
#1855 = CARTESIAN_POINT ( 'NONE',  ( 0.000000000000000000, 52.22180378605187911, -6.483895198542116489 ) ) ;
#1856 = DIRECTION ( 'NONE',  ( 0.000000000000000000, 0.000000000000000000, 1.000000000000000000 ) ) ;
#1857 = AXIS2_PLACEMENT_3D ( 'NONE', #1505, #1311, #2345 ) ;
#1858 = ORIENTED_EDGE ( 'NONE', *, *, #228, .T. ) ;
#1859 = AXIS2_PLACEMENT_3D ( 'NONE', #2180, #1407, #984 ) ;
#1860 = CIRCLE ( 'NONE', #2299, 22.39999999999998437 ) ;
#1861 = DIRECTION ( 'NONE',  ( -1.000000000000000000, -0.000000000000000000, -0.000000000000000000 ) ) ;
#1862 = DIRECTION ( 'NONE',  ( -1.000000000000000000, -0.000000000000000000, -0.000000000000000000 ) ) ;
#1863 = CIRCLE ( 'NONE', #681, 47.24899999999994549 ) ;
#1864 = ORIENTED_EDGE ( 'NONE', *, *, #817, .F. ) ;
#1865 = AXIS2_PLACEMENT_3D ( 'NONE', #1006, #549, #562 ) ;
#1866 = EDGE_CURVE ( 'NONE', #1315, #1687, #1863, .T. ) ;
#1867 = DIRECTION ( 'NONE',  ( -1.000000000000000000, -0.000000000000000000, -0.000000000000000000 ) ) ;
#1868 = EDGE_LOOP ( 'NONE', ( #2674, #314, #972, #1784 ) ) ;
#1869 = ORIENTED_EDGE ( 'NONE', *, *, #1091, .F. ) ;
#1870 = CARTESIAN_POINT ( 'NONE',  ( 40.00000000000000000, -6.483895198541596017, -52.22180378605192885 ) ) ;
#1871 = DIRECTION ( 'NONE',  ( -1.000000000000000000, 0.000000000000000000, 0.000000000000000000 ) ) ;
#1872 = EDGE_CURVE ( 'NONE', #66, #343, #2552, .T. ) ;
#1873 = ORIENTED_EDGE ( 'NONE', *, *, #1459, .F. ) ;
#1874 = DIRECTION ( 'NONE',  ( 0.000000000000000000, 0.3826834323650841752, 0.9238795325112891810 ) ) ;
#1875 = VERTEX_POINT ( 'NONE', #1043 ) ;
#1876 = DIRECTION ( 'NONE',  ( -1.000000000000000000, 0.000000000000000000, 0.000000000000000000 ) ) ;
#1877 = ORIENTED_EDGE ( 'NONE', *, *, #2617, .T. ) ;
#1878 = FACE_OUTER_BOUND ( 'NONE', #1189, .T. ) ;
#1879 = CIRCLE ( 'NONE', #1836, 22.39999999999998082 ) ;
#1880 = DIRECTION ( 'NONE',  ( -1.000000000000000000, -0.000000000000000000, 0.000000000000000000 ) ) ;
#1881 = DIRECTION ( 'NONE',  ( 0.000000000000000000, 0.3826834323650906144, -0.9238795325112865164 ) ) ;
#1882 = DIRECTION ( 'NONE',  ( -1.000000000000000000, 0.000000000000000000, 0.000000000000000000 ) ) ;
#1883 = VERTEX_POINT ( 'NONE', #2089 ) ;
#1884 = AXIS2_PLACEMENT_3D ( 'NONE', #2362, #486, #1728 ) ;
#1885 = CARTESIAN_POINT ( 'NONE',  ( 40.00000000000000000, 6.483895198542685812, -52.22180378605179385 ) ) ;
#1886 = VERTEX_POINT ( 'NONE', #1288 ) ;
#1887 = ADVANCED_FACE ( 'NONE', ( #2494 ), #1920, .T. ) ;
#1888 = DIRECTION ( 'NONE',  ( -1.000000000000000000, 0.000000000000000000, 0.000000000000000000 ) ) ;
#1889 = DIRECTION ( 'NONE',  ( 0.000000000000000000, 0.000000000000000000, 1.000000000000000000 ) ) ;
#1890 = VERTEX_POINT ( 'NONE', #2298 ) ;
#1891 = VERTEX_POINT ( 'NONE', #227 ) ;
#1892 = DIRECTION ( 'NONE',  ( -1.000000000000000000, -0.000000000000000000, -0.000000000000000000 ) ) ;
#1893 = FACE_OUTER_BOUND ( 'NONE', #1368, .T. ) ;
#1894 = DIRECTION ( 'NONE',  ( 0.000000000000000000, -0.7071067811865536790, 0.7071067811865413555 ) ) ;
#1895 = ORIENTED_EDGE ( 'NONE', *, *, #153, .T. ) ;
#1896 = VECTOR ( 'NONE', #2006, 1000.000000000000000 ) ;
#1897 = DIRECTION ( 'NONE',  ( -1.000000000000000000, 0.000000000000000000, 0.000000000000000000 ) ) ;
#1898 = ORIENTED_EDGE ( 'NONE', *, *, #1098, .T. ) ;
#1899 = AXIS2_PLACEMENT_3D ( 'NONE', #241, #27, #263 ) ;
#1900 = AXIS2_PLACEMENT_3D ( 'NONE', #2251, #815, #1053 ) ;
#1901 = CIRCLE ( 'NONE', #1295, 22.39999999999998437 ) ;
#1902 = DIRECTION ( 'NONE',  ( -1.000000000000000000, -0.000000000000000000, -0.000000000000000000 ) ) ;
#1903 = AXIS2_PLACEMENT_3D ( 'NONE', #2464, #2048, #802 ) ;
#1904 = CARTESIAN_POINT ( 'NONE',  ( -10.00000000000000000, 0.000000000000000000, 0.000000000000000000 ) ) ;
#1905 = CIRCLE ( 'NONE', #719, 22.39999999999998082 ) ;
#1906 = ORIENTED_EDGE ( 'NONE', *, *, #1811, .T. ) ;
#1907 = AXIS2_PLACEMENT_3D ( 'NONE', #1202, #2466, #2036 ) ;
#1908 = EDGE_LOOP ( 'NONE', ( #1605, #708, #1625, #192 ) ) ;
#1909 = CARTESIAN_POINT ( 'NONE',  ( 0.000000000000000000, 0.000000000000000000, 0.000000000000000000 ) ) ;
#1910 = DIRECTION ( 'NONE',  ( 0.000000000000000000, 0.000000000000000000, 1.000000000000000000 ) ) ;
#1911 = VERTEX_POINT ( 'NONE', #1470 ) ;
#1912 = CARTESIAN_POINT ( 'NONE',  ( 40.00000000000000000, 25.97475718202435502, -45.76537639907982680 ) ) ;
#1913 = EDGE_CURVE ( 'NONE', #2161, #1746, #1462, .T. ) ;
#1914 = FACE_OUTER_BOUND ( 'NONE', #1430, .T. ) ;
#1915 = ORIENTED_EDGE ( 'NONE', *, *, #2053, .T. ) ;
#1916 = ADVANCED_FACE ( 'NONE', ( #24 ), #2534, .T. ) ;
#1917 = EDGE_CURVE ( 'NONE', #2194, #512, #1259, .T. ) ;
#1918 = ORIENTED_EDGE ( 'NONE', *, *, #2562, .F. ) ;
#1919 = DIRECTION ( 'NONE',  ( 0.000000000000000000, 0.9238795325112877377, -0.3826834323650872283 ) ) ;
#1920 = CYLINDRICAL_SURFACE ( 'NONE', #720, 22.39999999999998082 ) ;
#1921 = ORIENTED_EDGE ( 'NONE', *, *, #867, .T. ) ;
#1922 = DIRECTION ( 'NONE',  ( 1.000000000000000000, -0.000000000000000000, 0.000000000000000000 ) ) ;
#1923 = CIRCLE ( 'NONE', #1652, 22.39999999999998082 ) ;
#1924 = CIRCLE ( 'NONE', #743, 47.24899999999994549 ) ;
#1925 = CIRCLE ( 'NONE', #1790, 22.39999999999998437 ) ;
#1926 = ORIENTED_EDGE ( 'NONE', *, *, #780, .T. ) ;
#1927 = CIRCLE ( 'NONE', #442, 9.000000000000000000 ) ;
#1928 = EDGE_CURVE ( 'NONE', #1035, #2120, #2121, .T. ) ;
#1929 = ORIENTED_EDGE ( 'NONE', *, *, #2071, .F. ) ;
#1930 = CARTESIAN_POINT ( 'NONE',  ( 0.000000000000000000, 10.64142691117002748, -62.09476655318238159 ) ) ;
#1931 = CARTESIAN_POINT ( 'NONE',  ( 40.00000000000000000, 14.68841344455366915, -44.90788918978324062 ) ) ;
#1932 = ORIENTED_EDGE ( 'NONE', *, *, #385, .F. ) ;
#1933 = LINE ( 'NONE', #2333, #2414 ) ;
#1934 = PRESENTATION_STYLE_ASSIGNMENT (( #1529 ) ) ;
#1935 = AXIS2_PLACEMENT_3D ( 'NONE', #420, #565, #2050 ) ;
#1936 = CARTESIAN_POINT ( 'NONE',  ( 0.000000000000000000, 35.86846719776655590, 30.75582972190377262 ) ) ;
#1937 = CIRCLE ( 'NONE', #923, 62.99999999999994316 ) ;
#1938 = CIRCLE ( 'NONE', #2152, 22.39999999999998437 ) ;
#1939 = ORIENTED_EDGE ( 'NONE', *, *, #1734, .F. ) ;
#1940 = ORIENTED_EDGE ( 'NONE', *, *, #2654, .F. ) ;
#1941 = AXIS2_PLACEMENT_3D ( 'NONE', #2507, #1275, #2099 ) ;
#1942 = EDGE_CURVE ( 'NONE', #1628, #1127, #1492, .T. ) ;
#1943 = ORIENTED_EDGE ( 'NONE', *, *, #1562, .F. ) ;
#1944 = DIRECTION ( 'NONE',  ( -1.000000000000000000, 0.000000000000000000, 0.000000000000000000 ) ) ;
#1945 = AXIS2_PLACEMENT_3D ( 'NONE', #861, #487, #78 ) ;
#1946 = AXIS2_PLACEMENT_3D ( 'NONE', #1870, #651, #1286 ) ;
#1947 = DIRECTION ( 'NONE',  ( 0.000000000000000000, 0.000000000000000000, 1.000000000000000000 ) ) ;
#1948 = ADVANCED_FACE ( 'NONE', ( #37 ), #852, .T. ) ;
#1949 = DIRECTION ( 'NONE',  ( 0.000000000000000000, 0.000000000000000000, 1.000000000000000000 ) ) ;
#1950 = CARTESIAN_POINT ( 'NONE',  ( 40.00000000000000000, -13.93124187653603840, -61.44038167018041463 ) ) ;
#1951 = ORIENTED_EDGE ( 'NONE', *, *, #798, .F. ) ;
#1952 = VERTEX_POINT ( 'NONE', #1100 ) ;
#1953 = CARTESIAN_POINT ( 'NONE',  ( 40.00000000000000000, -35.86846719776633563, -30.75582972190402131 ) ) ;
#1954 = CARTESIAN_POINT ( 'NONE',  ( 40.00000000000000000, 11.80000000000000071, 0.000000000000000000 ) ) ;
#1955 = VERTEX_POINT ( 'NONE', #2181 ) ;
#1956 = CARTESIAN_POINT ( 'NONE',  ( 20.00000000000000000, 36.38300537556199288, 51.43225563633993858 ) ) ;
#1957 = DIRECTION ( 'NONE',  ( 0.000000000000000000, 0.000000000000000000, 1.000000000000000000 ) ) ;
#1958 = AXIS2_PLACEMENT_3D ( 'NONE', #196, #2691, #1025 ) ;
#1959 = DIRECTION ( 'NONE',  ( -1.000000000000000000, 0.000000000000000000, 0.000000000000000000 ) ) ;
#1960 = CYLINDRICAL_SURFACE ( 'NONE', #1109, 47.24899999999994549 ) ;
#1961 = EDGE_CURVE ( 'NONE', #989, #868, #918, .T. ) ;
#1962 = AXIS2_PLACEMENT_3D ( 'NONE', #1144, #2583, #1545 ) ;
#1963 = VERTEX_POINT ( 'NONE', #88 ) ;
#1964 = EDGE_LOOP ( 'NONE', ( #634, #2657, #603, #2331 ) ) ;
#1965 = EDGE_CURVE ( 'NONE', #512, #724, #1138, .T. ) ;
#1966 = CIRCLE ( 'NONE', #1447, 22.39999999999998437 ) ;
#1967 = VERTEX_POINT ( 'NONE', #1355 ) ;
#1968 = LINE ( 'NONE', #301, #519 ) ;
#1969 = ORIENTED_EDGE ( 'NONE', *, *, #2654, .T. ) ;
#1970 = DIRECTION ( 'NONE',  ( -1.000000000000000000, -0.000000000000000000, 0.000000000000000000 ) ) ;
#1971 = CYLINDRICAL_SURFACE ( 'NONE', #2669, 22.39999999999998082 ) ;
#1972 = FACE_OUTER_BOUND ( 'NONE', #1584, .T. ) ;
#1973 = LINE ( 'NONE', #98, #1896 ) ;
#1974 = DIRECTION ( 'NONE',  ( -1.000000000000000000, -0.000000000000000000, -0.000000000000000000 ) ) ;
#1975 = ORIENTED_EDGE ( 'NONE', *, *, #417, .T. ) ;
#1976 = ORIENTED_EDGE ( 'NONE', *, *, #80, .T. ) ;
#1977 = DIRECTION ( 'NONE',  ( -1.000000000000000000, 0.000000000000000000, 0.000000000000000000 ) ) ;
#1978 = CARTESIAN_POINT ( 'NONE',  ( 40.00000000000000000, 0.000000000000000000, 3.000000000000000000 ) ) ;
#1979 = EDGE_CURVE ( 'NONE', #258, #233, #167, .T. ) ;
#1980 = CIRCLE ( 'NONE', #2074, 47.24899999999994549 ) ;
#1981 = CIRCLE ( 'NONE', #586, 47.24899999999994549 ) ;
#1982 = ORIENTED_EDGE ( 'NONE', *, *, #1724, .F. ) ;
#1983 = CARTESIAN_POINT ( 'NONE',  ( 40.00000000000000000, 0.000000000000000000, 0.000000000000000000 ) ) ;
#1984 = APPLICATION_PROTOCOL_DEFINITION ( 'draft international standard', 'automotive_design', 1998, #1846 ) ;
#1985 = AXIS2_PLACEMENT_3D ( 'NONE', #630, #244, #843 ) ;
#1986 = ORIENTED_EDGE ( 'NONE', *, *, #153, .F. ) ;
#1987 = AXIS2_PLACEMENT_3D ( 'NONE', #2265, #390, #2475 ) ;
#1988 = CARTESIAN_POINT ( 'NONE',  ( 40.00000000000000000, -13.99408105226152088, 50.72793493842730328 ) ) ;
#1989 = DIRECTION ( 'NONE',  ( -1.000000000000000000, 0.000000000000000000, -0.000000000000000000 ) ) ;
#1990 = DIRECTION ( 'NONE',  ( 0.000000000000000000, 0.000000000000000000, 1.000000000000000000 ) ) ;
#1991 = CARTESIAN_POINT ( 'NONE',  ( 0.000000000000000000, 0.000000000000000000, 0.000000000000000000 ) ) ;
#1992 = FACE_OUTER_BOUND ( 'NONE', #1751, .T. ) ;
#1993 = AXIS2_PLACEMENT_3D ( 'NONE', #1312, #479, #1949 ) ;
#1994 = CYLINDRICAL_SURFACE ( 'NONE', #871, 22.39999999999997726 ) ;
#1995 = ORIENTED_EDGE ( 'NONE', *, *, #2133, .F. ) ;
#1996 = DIRECTION ( 'NONE',  ( -1.000000000000000000, 0.000000000000000000, -0.000000000000000000 ) ) ;
#1997 = ORIENTED_EDGE ( 'NONE', *, *, #1521, .F. ) ;
#1998 = EDGE_CURVE ( 'NONE', #2474, #2688, #495, .T. ) ;
#1999 = CARTESIAN_POINT ( 'NONE',  ( 20.00000000000000355, -61.44038167018034358, 13.93124187653628887 ) ) ;
#2000 = DIRECTION ( 'NONE',  ( 0.000000000000000000, 0.000000000000000000, 1.000000000000000000 ) ) ;
#2001 = ORIENTED_EDGE ( 'NONE', *, *, #2499, .T. ) ;
#2002 = CARTESIAN_POINT ( 'NONE',  ( 0.000000000000000000, -10.64142691116872719, -62.09476655318260896 ) ) ;
#2003 = CARTESIAN_POINT ( 'NONE',  ( 40.00000000000000000, -50.72793493842745249, 13.99408105226098620 ) ) ;
#2004 = CARTESIAN_POINT ( 'NONE',  ( 40.00000000000000000, -32.34158531951879212, 41.51119784630245846 ) ) ;
#2005 = DIRECTION ( 'NONE',  ( -1.000000000000000000, 0.000000000000000000, 0.000000000000000000 ) ) ;
#2006 = DIRECTION ( 'NONE',  ( 1.000000000000000000, 0.000000000000000000, -0.000000000000000000 ) ) ;
#2007 = DIRECTION ( 'NONE',  ( 0.000000000000000000, 0.9238795325112850731, 0.3826834323650939451 ) ) ;
#2008 = AXIS2_PLACEMENT_3D ( 'NONE', #666, #446, #1910 ) ;
#2009 = ORIENTED_EDGE ( 'NONE', *, *, #86, .T. ) ;
#2010 = DIRECTION ( 'NONE',  ( 0.000000000000000000, 0.000000000000000000, 1.000000000000000000 ) ) ;
#2011 = DIRECTION ( 'NONE',  ( -1.000000000000000000, 0.000000000000000000, 0.000000000000000000 ) ) ;
#2012 = VECTOR ( 'NONE', #617, 1000.000000000000000 ) ;
#2013 = AXIS2_PLACEMENT_3D ( 'NONE', #1012, #1647, #173 ) ;
#2014 = VERTEX_POINT ( 'NONE', #2361 ) ;
#2015 = EDGE_CURVE ( 'NONE', #508, #2234, #851, .T. ) ;
#2016 = CARTESIAN_POINT ( 'NONE',  ( 50.00005079999999680, 8.485281374238569541, 3.000000000000000000 ) ) ;
#2017 = SURFACE_SIDE_STYLE ('',( #514 ) ) ;
#2018 = ORIENTED_EDGE ( 'NONE', *, *, #1539, .F. ) ;
#2019 = VERTEX_POINT ( 'NONE', #2573 ) ;
#2020 = DIRECTION ( 'NONE',  ( 0.000000000000000000, 0.3826834323650906144, -0.9238795325112865164 ) ) ;
#2021 = DIRECTION ( 'NONE',  ( -1.000000000000000000, 0.000000000000000000, 0.000000000000000000 ) ) ;
#2022 = DIRECTION ( 'NONE',  ( 1.000000000000000000, 0.000000000000000000, 0.000000000000000000 ) ) ;
#2023 = ADVANCED_FACE ( 'NONE', ( #70 ), #2148, .T. ) ;
#2024 = CARTESIAN_POINT ( 'NONE',  ( 40.00000000000000000, 45.76537639908009680, -25.97475718202387540 ) ) ;
#2025 = ORIENTED_EDGE ( 'NONE', *, *, #385, .T. ) ;
#2026 = FACE_OUTER_BOUND ( 'NONE', #1199, .T. ) ;
#2027 = ORIENTED_EDGE ( 'NONE', *, *, #2232, .T. ) ;
#2028 = DIRECTION ( 'NONE',  ( -1.000000000000000000, 0.000000000000000000, 0.000000000000000000 ) ) ;
#2029 = APPLICATION_PROTOCOL_DEFINITION ( 'draft international standard', 'automotive_design', 1998, #1745 ) ;
#2030 = ORIENTED_EDGE ( 'NONE', *, *, #858, .T. ) ;
#2031 = ADVANCED_FACE ( 'NONE', ( #1131 ), #889, .T. ) ;
#2032 = DIRECTION ( 'NONE',  ( -1.000000000000000000, 0.000000000000000000, 0.000000000000000000 ) ) ;
#2033 = VECTOR ( 'NONE', #1977, 1000.000000000000000 ) ;
#2034 = CARTESIAN_POINT ( 'NONE',  ( 40.00000000000000000, 13.99408105226116916, 50.72793493842740986 ) ) ;
#2035 = CARTESIAN_POINT ( 'NONE',  ( 40.00000000000000000, -21.36839622335426014, -42.14094972638531544 ) ) ;
#2036 = DIRECTION ( 'NONE',  ( 0.000000000000000000, 0.000000000000000000, 1.000000000000000000 ) ) ;
#2037 = ORIENTED_EDGE ( 'NONE', *, *, #1128, .T. ) ;
#2038 = AXIS2_PLACEMENT_3D ( 'NONE', #464, #686, #696 ) ;
#2039 = ADVANCED_FACE ( 'NONE', ( #1972 ), #469, .T. ) ;
#2040 = AXIS2_PLACEMENT_3D ( 'NONE', #2424, #580, #1233 ) ;
#2041 = DIRECTION ( 'NONE',  ( -1.000000000000000000, 0.000000000000000000, -0.000000000000000000 ) ) ;
#2042 = VERTEX_POINT ( 'NONE', #83 ) ;
#2043 = DIRECTION ( 'NONE',  ( -1.000000000000000000, 0.000000000000000000, 0.000000000000000000 ) ) ;
#2044 = CARTESIAN_POINT ( 'NONE',  ( 20.00000000000000000, 10.64142691116916772, 62.09476655318253790 ) ) ;
#2045 = VERTEX_POINT ( 'NONE', #2138 ) ;
#2046 = ORIENTED_EDGE ( 'NONE', *, *, #827, .F. ) ;
#2047 = CARTESIAN_POINT ( 'NONE',  ( -10.00000000000000000, 0.000000000000000000, 0.000000000000000000 ) ) ;
#2048 = DIRECTION ( 'NONE',  ( -1.000000000000000000, -0.000000000000000000, -0.000000000000000000 ) ) ;
#2049 = DIRECTION ( 'NONE',  ( -1.000000000000000000, -0.000000000000000000, 0.000000000000000000 ) ) ;
#2050 = DIRECTION ( 'NONE',  ( 0.000000000000000000, -0.9238795325112825196, -0.3826834323650998293 ) ) ;
#2051 = VERTEX_POINT ( 'NONE', #1723 ) ;
#2052 = CARTESIAN_POINT ( 'NONE',  ( 0.000000000000000000, 13.93124187653650026, 61.44038167018029384 ) ) ;
#2053 = EDGE_CURVE ( 'NONE', #1476, #258, #1513, .T. ) ;
#2054 = DIRECTION ( 'NONE',  ( -1.000000000000000000, 0.000000000000000000, 0.000000000000000000 ) ) ;
#2055 = ADVANCED_FACE ( 'NONE', ( #1528 ), #109, .T. ) ;
#2056 = ORIENTED_EDGE ( 'NONE', *, *, #1128, .F. ) ;
#2057 = AXIS2_PLACEMENT_3D ( 'NONE', #2456, #1047, #1889 ) ;
#2058 = CARTESIAN_POINT ( 'NONE',  ( 40.00000000000000000, -44.90788918978348221, 14.68841344455291065 ) ) ;
#2059 = VECTOR ( 'NONE', #2628, 1000.000000000000000 ) ;
#2060 = EDGE_LOOP ( 'NONE', ( #1045, #1519, #2326, #876 ) ) ;
#2061 = ORIENTED_EDGE ( 'NONE', *, *, #2689, .T. ) ;
#2062 = CARTESIAN_POINT ( 'NONE',  ( 0.000000000000000000, -41.51119784630280662, 32.34158531951835869 ) ) ;
#2063 = FACE_OUTER_BOUND ( 'NONE', #670, .T. ) ;
#2064 = CARTESIAN_POINT ( 'NONE',  ( 40.00000000000000000, -3.615180628930634743, -47.11049214368492954 ) ) ;
#2065 = CARTESIAN_POINT ( 'NONE',  ( 40.00000000000000000, -32.34158531951820947, -41.51119784630289899 ) ) ;
#2066 = CARTESIAN_POINT ( 'NONE',  ( 40.00000000000000000, -52.22180378605181517, -6.483895198542480642 ) ) ;
#2067 = DIRECTION ( 'NONE',  ( 0.000000000000000000, 0.000000000000000000, 1.000000000000000000 ) ) ;
#2068 = DIRECTION ( 'NONE',  ( 0.000000000000000000, 0.000000000000000000, 1.000000000000000000 ) ) ;
#2069 = EDGE_CURVE ( 'NONE', #951, #560, #2517, .T. ) ;
#2070 = ORIENTED_EDGE ( 'NONE', *, *, #692, .T. ) ;
#2071 = EDGE_CURVE ( 'NONE', #936, #1741, #2453, .T. ) ;
#2072 = LINE ( 'NONE', #2044, #1208 ) ;
#2073 = ORIENTED_EDGE ( 'NONE', *, *, #1661, .T. ) ;
#2074 = AXIS2_PLACEMENT_3D ( 'NONE', #602, #2273, #1454 ) ;
#2075 = VECTOR ( 'NONE', #2397, 1000.000000000000000 ) ;
#2076 = ORIENTED_EDGE ( 'NONE', *, *, #444, .F. ) ;
#2077 = DIRECTION ( 'NONE',  ( -1.000000000000000000, 0.000000000000000000, 0.000000000000000000 ) ) ;
#2078 = DIRECTION ( 'NONE',  ( -1.000000000000000000, -0.000000000000000000, -0.000000000000000000 ) ) ;
#2079 = CYLINDRICAL_SURFACE ( 'NONE', #1074, 47.24899999999994549 ) ;
#2080 = CARTESIAN_POINT ( 'NONE',  ( 50.00005079999999680, 0.000000000000000000, 0.000000000000000000 ) ) ;
#2081 = LINE ( 'NONE', #2473, #234 ) ;
#2082 = AXIS2_PLACEMENT_3D ( 'NONE', #2047, #746, #181 ) ;
#2083 = VERTEX_POINT ( 'NONE', #1591 ) ;
#2084 = DIRECTION ( 'NONE',  ( 0.000000000000000000, 0.000000000000000000, -1.000000000000000000 ) ) ;
#2085 = ORIENTED_EDGE ( 'NONE', *, *, #2630, .F. ) ;
#2086 = EDGE_CURVE ( 'NONE', #1613, #1359, #1302, .T. ) ;
#2087 = DIRECTION ( 'NONE',  ( 0.000000000000000000, 0.000000000000000000, 1.000000000000000000 ) ) ;
#2088 = LINE ( 'NONE', #825, #1229 ) ;
#2089 = CARTESIAN_POINT ( 'NONE',  ( 40.00000000000000000, -42.14094972638493175, -21.36839622335500977 ) ) ;
#2090 = DIRECTION ( 'NONE',  ( -1.000000000000000000, 0.000000000000000000, 0.000000000000000000 ) ) ;
#2091 = EDGE_LOOP ( 'NONE', ( #1915, #450, #2405, #502 ) ) ;
#2092 = DIRECTION ( 'NONE',  ( 0.000000000000000000, 0.000000000000000000, 1.000000000000000000 ) ) ;
#2093 = DIRECTION ( 'NONE',  ( -1.000000000000000000, 0.000000000000000000, 0.000000000000000000 ) ) ;
#2094 = ORIENTED_EDGE ( 'NONE', *, *, #2499, .F. ) ;
#2095 = ORIENTED_EDGE ( 'NONE', *, *, #1827, .T. ) ;
#2096 = EDGE_CURVE ( 'NONE', #786, #2688, #2676, .T. ) ;
#2097 = DIRECTION ( 'NONE',  ( -1.000000000000000000, 0.000000000000000000, 0.000000000000000000 ) ) ;
#2098 = CARTESIAN_POINT ( 'NONE',  ( -10.00000000000000000, 0.000000000000000000, 0.000000000000000000 ) ) ;
#2099 = DIRECTION ( 'NONE',  ( 0.000000000000000000, -7.124757133476177855E-15, 1.000000000000000000 ) ) ;
#2100 = ORIENTED_EDGE ( 'NONE', *, *, #1349, .F. ) ;
#2101 = AXIS2_PLACEMENT_3D ( 'NONE', #120, #335, #2390 ) ;
#2102 = CYLINDRICAL_SURFACE ( 'NONE', #1899, 22.39999999999998082 ) ;
#2103 = ORIENTED_EDGE ( 'NONE', *, *, #2334, .F. ) ;
#2104 = EDGE_CURVE ( 'NONE', #247, #1955, #2472, .T. ) ;
#2105 = CIRCLE ( 'NONE', #2323, 47.24899999999994549 ) ;
#2106 = CARTESIAN_POINT ( 'NONE',  ( 40.00000000000000000, -52.22180378605181517, -6.483895198542480642 ) ) ;
#2107 = ORIENTED_EDGE ( 'NONE', *, *, #1917, .F. ) ;
#2108 = ORIENTED_EDGE ( 'NONE', *, *, #855, .F. ) ;
#2109 = CARTESIAN_POINT ( 'NONE',  ( 0.000000000000000000, 0.000000000000000000, 9.000000000000000000 ) ) ;
#2110 = CARTESIAN_POINT ( 'NONE',  ( 40.00000000000000000, 52.22180378605187911, -6.483895198542116489 ) ) ;
#2111 = ADVANCED_FACE ( 'NONE', ( #2662 ), #339, .T. ) ;
#2112 = ORIENTED_EDGE ( 'NONE', *, *, #376, .F. ) ;
#2113 = CYLINDRICAL_SURFACE ( 'NONE', #1203, 22.39999999999998082 ) ;
#2114 = CIRCLE ( 'NONE', #2149, 47.24899999999994549 ) ;
#2115 = ADVANCED_FACE ( 'NONE', ( #2063 ), #2463, .T. ) ;
#2116 = ADVANCED_FACE ( 'NONE', ( #380 ), #1217, .T. ) ;
#2117 = AXIS2_PLACEMENT_3D ( 'NONE', #1354, #2443, #570 ) ;
#2118 = DIRECTION ( 'NONE',  ( 0.000000000000000000, 0.000000000000000000, 1.000000000000000000 ) ) ;
#2119 = CIRCLE ( 'NONE', #2692, 22.39999999999998082 ) ;
#2120 = VERTEX_POINT ( 'NONE', #599 ) ;
#2121 = CIRCLE ( 'NONE', #771, 22.39999999999998437 ) ;
#2122 = ORIENTED_EDGE ( 'NONE', *, *, #931, .T. ) ;
#2123 = AXIS2_PLACEMENT_3D ( 'NONE', #1405, #2409, #1631 ) ;
#2124 = DIRECTION ( 'NONE',  ( -1.000000000000000000, -0.000000000000000000, -0.000000000000000000 ) ) ;
#2125 = DIRECTION ( 'NONE',  ( -1.000000000000000000, 0.000000000000000000, -0.000000000000000000 ) ) ;
#2126 = DIRECTION ( 'NONE',  ( -1.000000000000000000, 0.000000000000000000, 0.000000000000000000 ) ) ;
#2127 = ORIENTED_EDGE ( 'NONE', *, *, #999, .F. ) ;
#2128 = FACE_OUTER_BOUND ( 'NONE', #2385, .T. ) ;
#2129 = UNCERTAINTY_MEASURE_WITH_UNIT (LENGTH_MEASURE( 1.000000000000000082E-05 ), #652, 'distance_accuracy_value', 'NONE');
#2130 = ADVANCED_FACE ( 'NONE', ( #1577 ), #1431, .T. ) ;
#2131 = DIRECTION ( 'NONE',  ( -1.000000000000000000, -0.000000000000000000, -0.000000000000000000 ) ) ;
#2132 = ORIENTED_EDGE ( 'NONE', *, *, #2216, .F. ) ;
#2133 = EDGE_CURVE ( 'NONE', #1509, #233, #122, .T. ) ;
#2134 = ORIENTED_EDGE ( 'NONE', *, *, #1827, .F. ) ;
#2135 = DIRECTION ( 'NONE',  ( -1.000000000000000000, 0.000000000000000000, 0.000000000000000000 ) ) ;
#2136 = EDGE_LOOP ( 'NONE', ( #1142, #1488, #150, #2659 ) ) ;
#2137 = CARTESIAN_POINT ( 'NONE',  ( 0.000000000000000000, 14.68841344455366738, -44.90788918978323352 ) ) ;
#2138 = CARTESIAN_POINT ( 'NONE',  ( 40.00000000000000000, -36.38300537556163050, -51.43225563634018016 ) ) ;
#2139 = CIRCLE ( 'NONE', #2400, 62.99999999999994316 ) ;
#2140 = ADVANCED_FACE ( 'NONE', ( #2220 ), #1607, .T. ) ;
#2141 = ORIENTED_EDGE ( 'NONE', *, *, #1146, .F. ) ;
#2142 = VERTEX_POINT ( 'NONE', #2269 ) ;
#2143 = EDGE_CURVE ( 'NONE', #2255, #1638, #219, .T. ) ;
#2144 = LINE ( 'NONE', #881, #1009 ) ;
#2145 = DIRECTION ( 'NONE',  ( 1.000000000000000000, 0.000000000000000000, 0.000000000000000000 ) ) ;
#2146 = ORIENTED_EDGE ( 'NONE', *, *, #1347, .T. ) ;
#2147 = CARTESIAN_POINT ( 'NONE',  ( 0.000000000000000000, 8.485281374238569541, -3.000000000000000000 ) ) ;
#2148 = CYLINDRICAL_SURFACE ( 'NONE', #1339, 62.99999999999994316 ) ;
#2149 = AXIS2_PLACEMENT_3D ( 'NONE', #156, #913, #945 ) ;
#2150 = CARTESIAN_POINT ( 'NONE',  ( 0.000000000000000000, 0.000000000000000000, 0.000000000000000000 ) ) ;
#2151 = CIRCLE ( 'NONE', #1417, 22.39999999999998082 ) ;
#2152 = AXIS2_PLACEMENT_3D ( 'NONE', #1559, #1970, #713 ) ;
#2153 = ORIENTED_EDGE ( 'NONE', *, *, #668, .F. ) ;
#2154 = CIRCLE ( 'NONE', #1715, 62.99999999999994316 ) ;
#2155 = ORIENTED_EDGE ( 'NONE', *, *, #1708, .T. ) ;
#2156 = AXIS2_PLACEMENT_3D ( 'NONE', #2222, #1856, #1219 ) ;
#2157 = DIRECTION ( 'NONE',  ( -1.000000000000000000, -0.000000000000000000, -0.000000000000000000 ) ) ;
#2158 = EDGE_CURVE ( 'NONE', #1955, #2218, #1722, .T. ) ;
#2159 = DIRECTION ( 'NONE',  ( 0.000000000000000000, 0.000000000000000000, 1.000000000000000000 ) ) ;
#2160 = EDGE_CURVE ( 'NONE', #1566, #1822, #1766, .T. ) ;
#2161 = VERTEX_POINT ( 'NONE', #364 ) ;
#2162 = DIRECTION ( 'NONE',  ( -1.000000000000000000, 0.000000000000000000, -0.000000000000000000 ) ) ;
#2163 = CARTESIAN_POINT ( 'NONE',  ( 40.00000000000000000, 35.86846719776656300, 30.75582972190377617 ) ) ;
#2164 = DIRECTION ( 'NONE',  ( 0.000000000000000000, 0.7071067811865484609, -0.7071067811865464625 ) ) ;
#2165 = CARTESIAN_POINT ( 'NONE',  ( 0.000000000000000000, 0.000000000000000000, 0.000000000000000000 ) ) ;
#2166 = ORIENTED_EDGE ( 'NONE', *, *, #359, .F. ) ;
#2167 = ORIENTED_EDGE ( 'NONE', *, *, #2459, .F. ) ;
#2168 = CARTESIAN_POINT ( 'NONE',  ( 40.00000000000000000, 0.000000000000000000, 0.000000000000000000 ) ) ;
#2169 =( NAMED_UNIT ( * ) SI_UNIT ( $, .STERADIAN. ) SOLID_ANGLE_UNIT ( ) );
#2170 = ORIENTED_EDGE ( 'NONE', *, *, #333, .F. ) ;
#2171 = CARTESIAN_POINT ( 'NONE',  ( 0.000000000000000000, 45.76537639908009680, 25.97475718202387540 ) ) ;
#2172 = LINE ( 'NONE', #125, #1518 ) ;
#2173 = CARTESIAN_POINT ( 'NONE',  ( 0.000000000000000000, 0.000000000000000000, 0.000000000000000000 ) ) ;
#2174 = DIRECTION ( 'NONE',  ( 1.000000000000000000, 0.000000000000000000, -0.000000000000000000 ) ) ;
#2175 = EDGE_CURVE ( 'NONE', #1816, #1498, #1168, .T. ) ;
#2176 = CARTESIAN_POINT ( 'NONE',  ( 40.00000000000000000, -10.64142691116873252, -62.09476655318260896 ) ) ;
#2177 = CIRCLE ( 'NONE', #520, 22.39999999999998792 ) ;
#2178 = ORIENTED_EDGE ( 'NONE', *, *, #2668, .F. ) ;
#2179 = ORIENTED_EDGE ( 'NONE', *, *, #223, .F. ) ;
#2180 = CARTESIAN_POINT ( 'NONE',  ( -10.00000000000000000, 0.000000000000000000, 0.000000000000000000 ) ) ;
#2181 = CARTESIAN_POINT ( 'NONE',  ( 40.00000000000000000, 44.90788918978338984, 14.68841344455322329 ) ) ;
#2182 = ORIENTED_EDGE ( 'NONE', *, *, #827, .T. ) ;
#2183 = CARTESIAN_POINT ( 'NONE',  ( 40.00000000000000000, 13.99408105226116916, 50.72793493842740986 ) ) ;
#2184 = PRODUCT_CONTEXT ( 'NONE', #1745, 'mechanical' ) ;
#2185 = ORIENTED_EDGE ( 'NONE', *, *, #2290, .T. ) ;
#2186 = FACE_OUTER_BOUND ( 'NONE', #92, .T. ) ;
#2187 = FACE_OUTER_BOUND ( 'NONE', #2136, .T. ) ;
#2188 = DIRECTION ( 'NONE',  ( 0.000000000000000000, 1.000000000000000000, 3.407492542097302692E-15 ) ) ;
#2189 = DIRECTION ( 'NONE',  ( -1.000000000000000000, 0.000000000000000000, -0.000000000000000000 ) ) ;
#2190 = CARTESIAN_POINT ( 'NONE',  ( 0.000000000000000000, 33.59403491642490991, 53.29578611892328865 ) ) ;
#2191 = EDGE_CURVE ( 'NONE', #755, #294, #935, .T. ) ;
#2192 = EDGE_CURVE ( 'NONE', #2680, #966, #379, .T. ) ;
#2193 = ORIENTED_EDGE ( 'NONE', *, *, #310, .F. ) ;
#2194 = VERTEX_POINT ( 'NONE', #1440 ) ;
#2195 = CARTESIAN_POINT ( 'NONE',  ( 0.000000000000000000, 13.93124187653731916, -61.44038167018012331 ) ) ;
#2196 = AXIS2_PLACEMENT_3D ( 'NONE', #2024, #2368, #707 ) ;
#2197 = ORIENTED_EDGE ( 'NONE', *, *, #524, .F. ) ;
#2198 = VECTOR ( 'NONE', #2600, 1000.000000000000000 ) ;
#2199 = UNCERTAINTY_MEASURE_WITH_UNIT (LENGTH_MEASURE( 1.000000000000000082E-05 ), #1163, 'distance_accuracy_value', 'NONE');
#2200 = CIRCLE ( 'NONE', #2645, 22.39999999999998082 ) ;
#2201 = DIRECTION ( 'NONE',  ( 1.000000000000000000, -0.000000000000000000, -0.000000000000000000 ) ) ;
#2202 = ORIENTED_EDGE ( 'NONE', *, *, #575, .T. ) ;
#2203 = CIRCLE ( 'NONE', #810, 47.24899999999994549 ) ;
#2204 = DIRECTION ( 'NONE',  ( -1.000000000000000000, 0.000000000000000000, -0.000000000000000000 ) ) ;
#2205 = AXIS2_PLACEMENT_3D ( 'NONE', #249, #2126, #1740 ) ;
#2206 = CARTESIAN_POINT ( 'NONE',  ( 40.00000000000000000, 0.000000000000000000, 0.000000000000000000 ) ) ;
#2207 = CARTESIAN_POINT ( 'NONE',  ( 0.000000000000000000, 0.000000000000000000, 0.000000000000000000 ) ) ;
#2208 = DIRECTION ( 'NONE',  ( -1.000000000000000000, -0.000000000000000000, 0.000000000000000000 ) ) ;
#2209 = AXIS2_PLACEMENT_3D ( 'NONE', #1779, #2649, #2615 ) ;
#2210 = CARTESIAN_POINT ( 'NONE',  ( 40.00000000000000000, 44.90788918978359590, -14.68841344455257847 ) ) ;
#2211 = ORIENTED_EDGE ( 'NONE', *, *, #2069, .T. ) ;
#2212 = DIRECTION ( 'NONE',  ( -1.000000000000000000, 0.000000000000000000, 0.000000000000000000 ) ) ;
#2213 = EDGE_CURVE ( 'NONE', #345, #1967, #2556, .T. ) ;
#2214 = DIRECTION ( 'NONE',  ( -1.000000000000000000, -0.000000000000000000, -0.000000000000000000 ) ) ;
#2215 = ORIENTED_EDGE ( 'NONE', *, *, #2191, .T. ) ;
#2216 = EDGE_CURVE ( 'NONE', #1875, #975, #1262, .T. ) ;
#2217 = FACE_OUTER_BOUND ( 'NONE', #1371, .T. ) ;
#2218 = VERTEX_POINT ( 'NONE', #1468 ) ;
#2219 = CARTESIAN_POINT ( 'NONE',  ( 0.000000000000000000, -41.51119784630232346, -32.34158531951895554 ) ) ;
#2220 = FACE_OUTER_BOUND ( 'NONE', #152, .T. ) ;
#2221 = DIRECTION ( 'NONE',  ( -1.000000000000000000, 0.000000000000000000, 0.000000000000000000 ) ) ;
#2222 = CARTESIAN_POINT ( 'NONE',  ( 50.00005079999999680, 11.80000000000000071, -3.000000000000000000 ) ) ;
#2223 = CARTESIAN_POINT ( 'NONE',  ( 40.00000000000000000, 1.102182119232617714E-15, -9.000000000000000000 ) ) ;
#2224 = VERTEX_POINT ( 'NONE', #2522 ) ;
#2225 = DIRECTION ( 'NONE',  ( 1.000000000000000000, 0.000000000000000000, 0.000000000000000000 ) ) ;
#2226 = CARTESIAN_POINT ( 'NONE',  ( 40.00000000000000000, 51.43225563633979647, 36.38300537556217051 ) ) ;
#2227 = EDGE_CURVE ( 'NONE', #302, #826, #1466, .T. ) ;
#2228 = AXIS2_PLACEMENT_3D ( 'NONE', #920, #292, #1125 ) ;
#2229 = ORIENTED_EDGE ( 'NONE', *, *, #1415, .T. ) ;
#2230 = DIRECTION ( 'NONE',  ( 0.000000000000000000, -7.124757133476177855E-15, 1.000000000000000000 ) ) ;
#2231 = ORIENTED_EDGE ( 'NONE', *, *, #1365, .F. ) ;
#2232 = EDGE_CURVE ( 'NONE', #755, #2567, #74, .T. ) ;
#2233 = VECTOR ( 'NONE', #1595, 1000.000000000000000 ) ;
#2234 = VERTEX_POINT ( 'NONE', #22 ) ;
#2235 = DIRECTION ( 'NONE',  ( 0.000000000000000000, 0.000000000000000000, 1.000000000000000000 ) ) ;
#2236 = DIRECTION ( 'NONE',  ( 0.000000000000000000, 0.3826834323650841752, 0.9238795325112891810 ) ) ;
#2237 = DIRECTION ( 'NONE',  ( 0.000000000000000000, 0.000000000000000000, -1.000000000000000000 ) ) ;
#2238 = DIRECTION ( 'NONE',  ( -1.000000000000000000, 0.000000000000000000, -0.000000000000000000 ) ) ;
#2239 = DIRECTION ( 'NONE',  ( -1.000000000000000000, 0.000000000000000000, 0.000000000000000000 ) ) ;
#2240 = ORIENTED_EDGE ( 'NONE', *, *, #2158, .F. ) ;
#2241 = DIRECTION ( 'NONE',  ( -1.000000000000000000, 0.000000000000000000, 0.000000000000000000 ) ) ;
#2242 = ORIENTED_EDGE ( 'NONE', *, *, #412, .F. ) ;
#2243 = CARTESIAN_POINT ( 'NONE',  ( 40.00000000000000000, -30.75582972190340314, -35.86846719776686854 ) ) ;
#2244 = DIRECTION ( 'NONE',  ( -1.000000000000000000, -0.000000000000000000, 0.000000000000000000 ) ) ;
#2245 = CIRCLE ( 'NONE', #1076, 22.39999999999998082 ) ;
#2246 = ORIENTED_EDGE ( 'NONE', *, *, #1961, .F. ) ;
#2247 = EDGE_CURVE ( 'NONE', #363, #995, #644, .T. ) ;
#2248 = CARTESIAN_POINT ( 'NONE',  ( 0.000000000000000000, 1.102182119232617714E-15, -9.000000000000000000 ) ) ;
#2249 = ADVANCED_FACE ( 'NONE', ( #9 ), #836, .T. ) ;
#2250 = DIRECTION ( 'NONE',  ( 0.000000000000000000, 0.000000000000000000, 1.000000000000000000 ) ) ;
#2251 = CARTESIAN_POINT ( 'NONE',  ( 40.00000000000000000, 50.72793493842735302, 13.99408105226134325 ) ) ;
#2252 = VECTOR ( 'NONE', #2028, 1000.000000000000000 ) ;
#2253 = DIRECTION ( 'NONE',  ( 0.000000000000000000, 0.000000000000000000, -1.000000000000000000 ) ) ;
#2254 = LINE ( 'NONE', #628, #1158 ) ;
#2255 = VERTEX_POINT ( 'NONE', #2318 ) ;
#2256 = DIRECTION ( 'NONE',  ( 0.000000000000000000, 0.9238795325112877377, -0.3826834323650873393 ) ) ;
#2257 = EDGE_CURVE ( 'NONE', #1643, #1672, #2381, .T. ) ;
#2258 = CARTESIAN_POINT ( 'NONE',  ( 0.000000000000000000, -52.22180378605181517, 15.91610480145750195 ) ) ;
#2259 = CIRCLE ( 'NONE', #2429, 22.39999999999998082 ) ;
#2260 = CYLINDRICAL_SURFACE ( 'NONE', #2449, 22.39999999999998082 ) ;
#2261 = AXIS2_PLACEMENT_3D ( 'NONE', #2492, #1273, #213 ) ;
#2262 =( GEOMETRIC_REPRESENTATION_CONTEXT ( 3 ) GLOBAL_UNCERTAINTY_ASSIGNED_CONTEXT ( ( #1689 ) ) GLOBAL_UNIT_ASSIGNED_CONTEXT ( ( #2647, #165, #2169 ) ) REPRESENTATION_CONTEXT ( 'NONE', 'WORKASPACE' ) );
#2263 = ORIENTED_EDGE ( 'NONE', *, *, #1557, .F. ) ;
#2264 = CARTESIAN_POINT ( 'NONE',  ( 40.00000000000000000, 42.14094972638539360, -21.36839622335411093 ) ) ;
#2265 = CARTESIAN_POINT ( 'NONE',  ( 40.00000000000000000, 32.34158531951909765, -41.51119784630221687 ) ) ;
#2266 = ORIENTED_EDGE ( 'NONE', *, *, #1224, .F. ) ;
#2267 = ORIENTED_EDGE ( 'NONE', *, *, #1495, .F. ) ;
#2268 = DIRECTION ( 'NONE',  ( 0.000000000000000000, -0.9238795325112906243, 0.3826834323650803449 ) ) ;
#2269 = CARTESIAN_POINT ( 'NONE',  ( 40.00000000000000000, 3.615180628930963813, 47.11049214368490823 ) ) ;
#2270 = CARTESIAN_POINT ( 'NONE',  ( 20.00000000000000000, 51.43225563634030806, -36.38300537556145287 ) ) ;
#2271 = CARTESIAN_POINT ( 'NONE',  ( 0.000000000000000000, 53.29578611892317497, 33.59403491642509465 ) ) ;
#2272 = EDGE_CURVE ( 'NONE', #2120, #113, #1667, .T. ) ;
#2273 = DIRECTION ( 'NONE',  ( -1.000000000000000000, 0.000000000000000000, 0.000000000000000000 ) ) ;
#2274 = CARTESIAN_POINT ( 'NONE',  ( 40.00000000000000000, 0.000000000000000000, 0.000000000000000000 ) ) ;
#2275 = ORIENTED_EDGE ( 'NONE', *, *, #1365, .T. ) ;
#2276 = EDGE_CURVE ( 'NONE', #1706, #1094, #328, .T. ) ;
#2277 = DIRECTION ( 'NONE',  ( 0.000000000000000000, 0.000000000000000000, 1.000000000000000000 ) ) ;
#2278 = ORIENTED_EDGE ( 'NONE', *, *, #346, .F. ) ;
#2279 = AXIS2_PLACEMENT_3D ( 'NONE', #1149, #1564, #946 ) ;
#2280 = CARTESIAN_POINT ( 'NONE',  ( 0.000000000000000000, 44.90788918978337563, 14.68841344455321796 ) ) ;
#2281 = AXIS2_PLACEMENT_3D ( 'NONE', #1239, #231, #2067 ) ;
#2282 = ORIENTED_EDGE ( 'NONE', *, *, #2257, .T. ) ;
#2283 = ORIENTED_EDGE ( 'NONE', *, *, #1400, .T. ) ;
#2284 = DIRECTION ( 'NONE',  ( -1.000000000000000000, -0.000000000000000000, -0.000000000000000000 ) ) ;
#2285 = LINE ( 'NONE', #1843, #2641 ) ;
#2286 = ORIENTED_EDGE ( 'NONE', *, *, #326, .F. ) ;
#2287 = CYLINDRICAL_SURFACE ( 'NONE', #304, 9.000000000000000000 ) ;
#2288 = AXIS2_PLACEMENT_3D ( 'NONE', #2666, #1888, #1456 ) ;
#2289 = CYLINDRICAL_SURFACE ( 'NONE', #2279, 22.39999999999998082 ) ;
#2290 = EDGE_CURVE ( 'NONE', #1094, #2570, #2505, .T. ) ;
#2291 = EDGE_CURVE ( 'NONE', #2142, #2042, #1499, .T. ) ;
#2292 = VERTEX_POINT ( 'NONE', #1132 ) ;
#2293 = LINE ( 'NONE', #2658, #2374 ) ;
#2294 = CLOSED_SHELL ( 'NONE', ( #347, #1678, #277, #2596, #768, #1271, #1303, #2597, #1794, #1292, #1317, #517, #1380, #500, #119, #2023, #2480, #2578, #1574, #1102, #1677, #2116, #2536, #953, #2413, #132, #694, #1887, #2140, #1916, #844, #151, #2349, #257, #1507, #2249, #557, #1343, #482, #1793, #2130, #783, #1051, #880, #973, #1737, #980, #869, #243, #2111, #1629, #65, #205, #430, #2055, #505, #1151, #1948, #997, #25, #171, #2031, #400, #266, #45, #2433, #1532, #2039, #2531, #2115, #2389, #1198, #1463, #2516, #13, #1772, #43 ) ) ;
#2295 = ORIENTED_EDGE ( 'NONE', *, *, #1852, .T. ) ;
#2296 = AXIS2_PLACEMENT_3D ( 'NONE', #862, #1301, #678 ) ;
#2297 = DIRECTION ( 'NONE',  ( 0.000000000000000000, 0.7071067811865437980, 0.7071067811865512365 ) ) ;
#2298 = CARTESIAN_POINT ( 'NONE',  ( 0.000000000000000000, 11.80000000000000071, -3.000000000000000000 ) ) ;
#2299 = AXIS2_PLACEMENT_3D ( 'NONE', #2631, #2380, #1731 ) ;
#2300 = MANIFOLD_SOLID_BREP ( 'Keyway', #2294 ) ;
#2301 = CARTESIAN_POINT ( 'NONE',  ( 0.000000000000000000, 41.51119784630257215, 32.34158531951864290 ) ) ;
#2302 = DIRECTION ( 'NONE',  ( 0.000000000000000000, -0.3826834323650969982, 0.9238795325112837409 ) ) ;
#2303 = EDGE_CURVE ( 'NONE', #1498, #2083, #2383, .T. ) ;
#2304 = ORIENTED_EDGE ( 'NONE', *, *, #2636, .F. ) ;
#2305 = DIRECTION ( 'NONE',  ( -1.000000000000000000, -0.000000000000000000, 0.000000000000000000 ) ) ;
#2306 = EDGE_LOOP ( 'NONE', ( #2590, #596, #1068, #608 ) ) ;
#2307 = DIRECTION ( 'NONE',  ( -1.000000000000000000, -0.000000000000000000, -0.000000000000000000 ) ) ;
#2308 = CARTESIAN_POINT ( 'NONE',  ( 0.000000000000000000, 3.615180628930963813, 47.11049214368490823 ) ) ;
#2309 = ORIENTED_EDGE ( 'NONE', *, *, #29, .F. ) ;
#2310 = DIRECTION ( 'NONE',  ( -1.000000000000000000, -0.000000000000000000, 0.000000000000000000 ) ) ;
#2311 = CYLINDRICAL_SURFACE ( 'NONE', #2620, 9.000000000000000000 ) ;
#2312 = LINE ( 'NONE', #1073, #1402 ) ;
#2313 = ORIENTED_EDGE ( 'NONE', *, *, #1334, .F. ) ;
#2314 = EDGE_CURVE ( 'NONE', #1300, #1215, #1981, .T. ) ;
#2315 = ORIENTED_EDGE ( 'NONE', *, *, #282, .T. ) ;
#2316 = CIRCLE ( 'NONE', #2404, 22.39999999999998437 ) ;
#2317 = EDGE_CURVE ( 'NONE', #2445, #302, #1561, .T. ) ;
#2318 = CARTESIAN_POINT ( 'NONE',  ( 40.00000000000000000, -50.72793493842745249, 36.39408105226096524 ) ) ;
#2319 = PLANE ( 'NONE',  #472 ) ;
#2320 = EDGE_CURVE ( 'NONE', #727, #294, #732, .T. ) ;
#2321 = ORIENTED_EDGE ( 'NONE', *, *, #1146, .T. ) ;
#2322 = FACE_OUTER_BOUND ( 'NONE', #46, .T. ) ;
#2323 = AXIS2_PLACEMENT_3D ( 'NONE', #2623, #754, #1583 ) ;
#2324 = AXIS2_PLACEMENT_3D ( 'NONE', #1381, #1974, #1781 ) ;
#2325 = EDGE_LOOP ( 'NONE', ( #1124, #1211, #2388, #2559 ) ) ;
#2326 = ORIENTED_EDGE ( 'NONE', *, *, #2519, .F. ) ;
#2327 = CARTESIAN_POINT ( 'NONE',  ( 20.00000000000000355, 10.64142691117003103, -62.09476655318238159 ) ) ;
#2328 = DIRECTION ( 'NONE',  ( -1.000000000000000000, 0.000000000000000000, 0.000000000000000000 ) ) ;
#2329 = DIRECTION ( 'NONE',  ( 0.000000000000000000, 0.7071067811865484609, -0.7071067811865464625 ) ) ;
#2330 = CARTESIAN_POINT ( 'NONE',  ( 20.00000000000000000, -53.29578611892294049, -33.59403491642545703 ) ) ;
#2331 = ORIENTED_EDGE ( 'NONE', *, *, #1752, .F. ) ;
#2332 = EDGE_CURVE ( 'NONE', #2194, #1215, #536, .T. ) ;
#2333 = CARTESIAN_POINT ( 'NONE',  ( 40.00000000000000000, 0.000000000000000000, 47.24899999999994549 ) ) ;
#2334 = EDGE_CURVE ( 'NONE', #527, #951, #2151, .T. ) ;
#2335 = AXIS2_PLACEMENT_3D ( 'NONE', #2066, #2090, #229 ) ;
#2336 = CIRCLE ( 'NONE', #1161, 9.000000000000000000 ) ;
#2337 = CIRCLE ( 'NONE', #329, 47.24899999999993838 ) ;
#2338 = EDGE_CURVE ( 'NONE', #1324, #966, #96, .T. ) ;
#2339 = FACE_OUTER_BOUND ( 'NONE', #2461, .T. ) ;
#2340 = ORIENTED_EDGE ( 'NONE', *, *, #2379, .F. ) ;
#2341 = ORIENTED_EDGE ( 'NONE', *, *, #1831, .F. ) ;
#2342 = AXIS2_PLACEMENT_3D ( 'NONE', #925, #1618, #535 ) ;
#2343 = DIRECTION ( 'NONE',  ( -1.000000000000000000, 0.000000000000000000, 0.000000000000000000 ) ) ;
#2344 = ORIENTED_EDGE ( 'NONE', *, *, #55, .T. ) ;
#2345 = DIRECTION ( 'NONE',  ( 0.000000000000000000, -0.3826834323650971648, 0.9238795325112837409 ) ) ;
#2346 = DIRECTION ( 'NONE',  ( 0.000000000000000000, 0.000000000000000000, 1.000000000000000000 ) ) ;
#2347 = EDGE_CURVE ( 'NONE', #572, #1613, #912, .T. ) ;
#2348 = CARTESIAN_POINT ( 'NONE',  ( 40.00000000000000000, 0.000000000000000000, 0.000000000000000000 ) ) ;
#2349 = ADVANCED_FACE ( 'NONE', ( #760 ), #581, .T. ) ;
#2350 = ORIENTED_EDGE ( 'NONE', *, *, #2096, .F. ) ;
#2351 = ORIENTED_EDGE ( 'NONE', *, *, #1598, .T. ) ;
#2352 = ORIENTED_EDGE ( 'NONE', *, *, #1579, .T. ) ;
#2353 = CARTESIAN_POINT ( 'NONE',  ( 40.00000000000000000, -51.43225563633954067, -36.38300537556253289 ) ) ;
#2354 = CARTESIAN_POINT ( 'NONE',  ( 20.00000000000000000, 62.09476655318249527, -10.64142691116937733 ) ) ;
#2355 = AXIS2_PLACEMENT_3D ( 'NONE', #1684, #2521, #650 ) ;
#2356 = CARTESIAN_POINT ( 'NONE',  ( 40.00000000000000000, 0.000000000000000000, 0.000000000000000000 ) ) ;
#2357 = VERTEX_POINT ( 'NONE', #126 ) ;
#2358 = AXIS2_PLACEMENT_3D ( 'NONE', #2150, #1122, #99 ) ;
#2359 = EDGE_CURVE ( 'NONE', #724, #1832, #1937, .T. ) ;
#2360 = EDGE_CURVE ( 'NONE', #2599, #932, #1029, .T. ) ;
#2361 = CARTESIAN_POINT ( 'NONE',  ( 40.00000000000000000, 36.38300537556271763, -51.43225563633941277 ) ) ;
#2362 = CARTESIAN_POINT ( 'NONE',  ( 40.00000000000000000, -32.34158531951820947, -41.51119784630289899 ) ) ;
#2363 = CARTESIAN_POINT ( 'NONE',  ( 0.000000000000000000, -44.90788918978326905, -14.68841344455353415 ) ) ;
#2364 = ORIENTED_EDGE ( 'NONE', *, *, #867, .F. ) ;
#2365 = LINE ( 'NONE', #1143, #1206 ) ;
#2366 = DIRECTION ( 'NONE',  ( -1.000000000000000000, -0.000000000000000000, 0.000000000000000000 ) ) ;
#2367 = DIRECTION ( 'NONE',  ( 1.000000000000000000, -0.000000000000000000, -0.000000000000000000 ) ) ;
#2368 = DIRECTION ( 'NONE',  ( -1.000000000000000000, -0.000000000000000000, -0.000000000000000000 ) ) ;
#2369 = CARTESIAN_POINT ( 'NONE',  ( 0.000000000000000000, 52.22180378605187911, 15.91610480145786610 ) ) ;
#2370 = VECTOR ( 'NONE', #717, 1000.000000000000000 ) ;
#2371 = CIRCLE ( 'NONE', #636, 22.39999999999998082 ) ;
#2372 = EDGE_LOOP ( 'NONE', ( #2655, #498, #1207, #391 ) ) ;
#2373 = CARTESIAN_POINT ( 'NONE',  ( 40.00000000000000000, -42.14094972638523018, 21.36839622335442357 ) ) ;
#2374 = VECTOR ( 'NONE', #796, 1000.000000000000000 ) ;
#2375 = ORIENTED_EDGE ( 'NONE', *, *, #1220, .F. ) ;
#2376 = DIRECTION ( 'NONE',  ( -1.000000000000000000, -0.000000000000000000, 0.000000000000000000 ) ) ;
#2377 = DIRECTION ( 'NONE',  ( 1.000000000000000000, 0.000000000000000000, 0.000000000000000000 ) ) ;
#2378 = ORIENTED_EDGE ( 'NONE', *, *, #1690, .F. ) ;
#2379 = EDGE_CURVE ( 'NONE', #799, #2488, #1674, .T. ) ;
#2380 = DIRECTION ( 'NONE',  ( -1.000000000000000000, -0.000000000000000000, 0.000000000000000000 ) ) ;
#2381 = CIRCLE ( 'NONE', #2261, 22.39999999999998082 ) ;
#2382 = CARTESIAN_POINT ( 'NONE',  ( 40.00000000000000000, -44.90788918978327615, -14.68841344455353592 ) ) ;
#2383 = LINE ( 'NONE', #84, #1587 ) ;
#2384 = DIRECTION ( 'NONE',  ( 1.000000000000000000, 0.000000000000000000, 0.000000000000000000 ) ) ;
#2385 = EDGE_LOOP ( 'NONE', ( #1788, #2275, #2612, #2229 ) ) ;
#2386 = VERTEX_POINT ( 'NONE', #2035 ) ;
#2387 = FACE_OUTER_BOUND ( 'NONE', #915, .T. ) ;
#2388 = ORIENTED_EDGE ( 'NONE', *, *, #1400, .F. ) ;
#2389 = ADVANCED_FACE ( 'NONE', ( #992 ), #307, .T. ) ;
#2390 = DIRECTION ( 'NONE',  ( 0.000000000000000000, 0.000000000000000000, 1.000000000000000000 ) ) ;
#2391 = ORIENTED_EDGE ( 'NONE', *, *, #63, .T. ) ;
#2392 = DIRECTION ( 'NONE',  ( -1.000000000000000000, 0.000000000000000000, -0.000000000000000000 ) ) ;
#2393 = EDGE_CURVE ( 'NONE', #343, #2045, #731, .T. ) ;
#2394 = DIRECTION ( 'NONE',  ( 0.000000000000000000, 0.000000000000000000, 1.000000000000000000 ) ) ;
#2395 = EDGE_CURVE ( 'NONE', #860, #1963, #2663, .T. ) ;
#2396 = CARTESIAN_POINT ( 'NONE',  ( 40.00000000000000000, 42.14094972638539360, -21.36839622335411093 ) ) ;
#2397 = DIRECTION ( 'NONE',  ( -1.000000000000000000, 0.000000000000000000, -0.000000000000000000 ) ) ;
#2398 = DIRECTION ( 'NONE',  ( 0.000000000000000000, -0.9238795325112906243, 0.3826834323650804559 ) ) ;
#2399 = DIRECTION ( 'NONE',  ( -1.000000000000000000, 0.000000000000000000, 0.000000000000000000 ) ) ;
#2400 = AXIS2_PLACEMENT_3D ( 'NONE', #2168, #2157, #2406 ) ;
#2401 = ORIENTED_EDGE ( 'NONE', *, *, #1979, .F. ) ;
#2402 = ORIENTED_EDGE ( 'NONE', *, *, #1349, .T. ) ;
#2403 = CARTESIAN_POINT ( 'NONE',  ( 40.00000000000000000, 0.000000000000000000, 0.000000000000000000 ) ) ;
#2404 = AXIS2_PLACEMENT_3D ( 'NONE', #82, #573, #1361 ) ;
#2405 = ORIENTED_EDGE ( 'NONE', *, *, #780, .F. ) ;
#2406 = DIRECTION ( 'NONE',  ( 0.000000000000000000, 0.000000000000000000, 1.000000000000000000 ) ) ;
#2407 = ORIENTED_EDGE ( 'NONE', *, *, #1067, .T. ) ;
#2408 = DIRECTION ( 'NONE',  ( -1.000000000000000000, 0.000000000000000000, 0.000000000000000000 ) ) ;
#2409 = DIRECTION ( 'NONE',  ( -1.000000000000000000, -0.000000000000000000, -0.000000000000000000 ) ) ;
#2410 = DIRECTION ( 'NONE',  ( -1.000000000000000000, -0.000000000000000000, 0.000000000000000000 ) ) ;
#2411 = DIRECTION ( 'NONE',  ( -1.000000000000000000, -0.000000000000000000, -0.000000000000000000 ) ) ;
#2412 = ORIENTED_EDGE ( 'NONE', *, *, #763, .F. ) ;
#2413 = ADVANCED_FACE ( 'NONE', ( #522 ), #960, .T. ) ;
#2414 = VECTOR ( 'NONE', #1688, 1000.000000000000000 ) ;
#2415 = DIRECTION ( 'NONE',  ( 0.000000000000000000, 0.000000000000000000, 1.000000000000000000 ) ) ;
#2416 = LINE ( 'NONE', #1384, #1620 ) ;
#2417 = EDGE_LOOP ( 'NONE', ( #362, #1306, #2141, #2670 ) ) ;
#2418 = DIRECTION ( 'NONE',  ( 0.000000000000000000, 0.000000000000000000, 1.000000000000000000 ) ) ;
#2419 = SURFACE_STYLE_USAGE ( .BOTH. , #2017 ) ;
#2420 = EDGE_LOOP ( 'NONE', ( #857, #623, #2485, #578 ) ) ;
#2421 = AXIS2_PLACEMENT_3D ( 'NONE', #2110, #838, #1669 ) ;
#2422 = DIRECTION ( 'NONE',  ( 0.000000000000000000, 0.000000000000000000, 1.000000000000000000 ) ) ;
#2423 = AXIS2_PLACEMENT_3D ( 'NONE', #1823, #1880, #1263 ) ;
#2424 = CARTESIAN_POINT ( 'NONE',  ( 40.00000000000000000, 0.000000000000000000, 0.000000000000000000 ) ) ;
#2425 = DIRECTION ( 'NONE',  ( -1.000000000000000000, 0.000000000000000000, 0.000000000000000000 ) ) ;
#2426 = DIRECTION ( 'NONE',  ( 0.000000000000000000, -0.7071067811865536790, 0.7071067811865413555 ) ) ;
#2427 = DIRECTION ( 'NONE',  ( -1.000000000000000000, 0.000000000000000000, 0.000000000000000000 ) ) ;
#2428 = EDGE_CURVE ( 'NONE', #2142, #2488, #1392, .T. ) ;
#2429 = AXIS2_PLACEMENT_3D ( 'NONE', #1298, #2125, #1919 ) ;
#2430 = AXIS2_PLACEMENT_3D ( 'NONE', #1541, #2000, #2377 ) ;
#2431 = ORIENTED_EDGE ( 'NONE', *, *, #524, .T. ) ;
#2432 = DIRECTION ( 'NONE',  ( -1.000000000000000000, -0.000000000000000000, 0.000000000000000000 ) ) ;
#2433 = ADVANCED_FACE ( 'NONE', ( #977 ), #1608, .T. ) ;
#2434 = ORIENTED_EDGE ( 'NONE', *, *, #2611, .T. ) ;
#2435 = DIRECTION ( 'NONE',  ( 0.000000000000000000, 0.000000000000000000, 1.000000000000000000 ) ) ;
#2436 = ORIENTED_EDGE ( 'NONE', *, *, #2672, .F. ) ;
#2437 = ORIENTED_EDGE ( 'NONE', *, *, #2467, .F. ) ;
#2438 = DIRECTION ( 'NONE',  ( -1.000000000000000000, 0.000000000000000000, -0.000000000000000000 ) ) ;
#2439 = DIRECTION ( 'NONE',  ( 0.000000000000000000, 0.000000000000000000, 1.000000000000000000 ) ) ;
#2440 = CARTESIAN_POINT ( 'NONE',  ( 20.00000000000000355, -53.29578611892340945, 33.59403491642472517 ) ) ;
#2441 = LINE ( 'NONE', #734, #2233 ) ;
#2442 = ORIENTED_EDGE ( 'NONE', *, *, #2175, .T. ) ;
#2443 = DIRECTION ( 'NONE',  ( -1.000000000000000000, 0.000000000000000000, 0.000000000000000000 ) ) ;
#2444 = CIRCLE ( 'NONE', #143, 62.99999999999994316 ) ;
#2445 = VERTEX_POINT ( 'NONE', #626 ) ;
#2446 = EDGE_CURVE ( 'NONE', #2019, #1179, #1537, .T. ) ;
#2447 = FACE_OUTER_BOUND ( 'NONE', #1101, .T. ) ;
#2448 = CARTESIAN_POINT ( 'NONE',  ( 40.00000000000000000, 21.36839622335513411, -42.14094972638486780 ) ) ;
#2449 = AXIS2_PLACEMENT_3D ( 'NONE', #1016, #1293, #2118 ) ;
#2450 = VERTEX_POINT ( 'NONE', #610 ) ;
#2451 = CIRCLE ( 'NONE', #2324, 47.24899999999994549 ) ;
#2452 = EDGE_CURVE ( 'NONE', #1396, #2255, #2245, .T. ) ;
#2453 = LINE ( 'NONE', #1190, #1683 ) ;
#2454 = CARTESIAN_POINT ( 'NONE',  ( 40.00000000000000000, 52.22180378605177964, 6.483895198542866112 ) ) ;
#2455 = VERTEX_POINT ( 'NONE', #2064 ) ;
#2456 = CARTESIAN_POINT ( 'NONE',  ( 40.00000000000000000, 0.000000000000000000, 0.000000000000000000 ) ) ;
#2457 = ORIENTED_EDGE ( 'NONE', *, *, #873, .T. ) ;
#2458 = LINE ( 'NONE', #1978, #402 ) ;
#2459 = EDGE_CURVE ( 'NONE', #1691, #1238, #2587, .T. ) ;
#2460 = CARTESIAN_POINT ( 'NONE',  ( 40.00000000000000000, -50.72793493842725354, -13.99408105226170029 ) ) ;
#2461 = EDGE_LOOP ( 'NONE', ( #409, #1050, #2476, #2027 ) ) ;
#2462 = CYLINDRICAL_SURFACE ( 'NONE', #1787, 47.24899999999994549 ) ;
#2463 = CYLINDRICAL_SURFACE ( 'NONE', #2209, 22.39999999999997726 ) ;
#2464 = CARTESIAN_POINT ( 'NONE',  ( 0.000000000000000000, 0.000000000000000000, 0.000000000000000000 ) ) ;
#2465 = AXIS2_PLACEMENT_3D ( 'NONE', #2065, #2049, #141 ) ;
#2466 = DIRECTION ( 'NONE',  ( -1.000000000000000000, -0.000000000000000000, -0.000000000000000000 ) ) ;
#2467 = EDGE_CURVE ( 'NONE', #1538, #1228, #1162, .T. ) ;
#2468 = DIRECTION ( 'NONE',  ( -1.000000000000000000, 0.000000000000000000, 0.000000000000000000 ) ) ;
#2469 = ORIENTED_EDGE ( 'NONE', *, *, #2192, .T. ) ;
#2470 = AXIS2_PLACEMENT_3D ( 'NONE', #1054, #1882, #1894 ) ;
#2471 = FACE_OUTER_BOUND ( 'NONE', #1844, .T. ) ;
#2472 = CIRCLE ( 'NONE', #2040, 47.24899999999995259 ) ;
#2473 = CARTESIAN_POINT ( 'NONE',  ( 20.00000000000000355, 53.29578611892365814, -33.59403491642433437 ) ) ;
#2474 = VERTEX_POINT ( 'NONE', #2677 ) ;
#2475 = DIRECTION ( 'NONE',  ( 0.000000000000000000, -0.3826834323650772918, -0.9238795325112918455 ) ) ;
#2476 = ORIENTED_EDGE ( 'NONE', *, *, #117, .T. ) ;
#2477 = ORIENTED_EDGE ( 'NONE', *, *, #1386, .F. ) ;
#2478 = CYLINDRICAL_SURFACE ( 'NONE', #1676, 62.99999999999994316 ) ;
#2479 = DIRECTION ( 'NONE',  ( -1.000000000000000000, 0.000000000000000000, 0.000000000000000000 ) ) ;
#2480 = ADVANCED_FACE ( 'NONE', ( #1451 ), #2478, .T. ) ;
#2481 = ORIENTED_EDGE ( 'NONE', *, *, #315, .T. ) ;
#2482 = EDGE_CURVE ( 'NONE', #2567, #1228, #1264, .T. ) ;
#2483 = DIRECTION ( 'NONE',  ( 0.000000000000000000, 0.000000000000000000, -1.000000000000000000 ) ) ;
#2484 = CARTESIAN_POINT ( 'NONE',  ( 20.00000000000000000, 61.44038167018025121, 13.93124187653671875 ) ) ;
#2485 = ORIENTED_EDGE ( 'NONE', *, *, #1415, .F. ) ;
#2486 = CARTESIAN_POINT ( 'NONE',  ( 40.00000000000000000, -35.86846719776676906, 30.75582972190352393 ) ) ;
#2487 = CIRCLE ( 'NONE', #2228, 22.39999999999998437 ) ;
#2488 = VERTEX_POINT ( 'NONE', #2308 ) ;
#2489 = CIRCLE ( 'NONE', #1240, 22.39999999999998082 ) ;
#2490 = ORIENTED_EDGE ( 'NONE', *, *, #1734, .T. ) ;
#2491 = CARTESIAN_POINT ( 'NONE',  ( 0.000000000000000000, -35.86846719776676906, 30.75582972190352393 ) ) ;
#2492 = CARTESIAN_POINT ( 'NONE',  ( 40.00000000000000000, -52.22180378605181517, -6.483895198542480642 ) ) ;
#2493 = DIRECTION ( 'NONE',  ( -1.000000000000000000, 0.000000000000000000, -0.000000000000000000 ) ) ;
#2494 = FACE_OUTER_BOUND ( 'NONE', #2306, .T. ) ;
#2495 = DIRECTION ( 'NONE',  ( 1.000000000000000000, 0.000000000000000000, 0.000000000000000000 ) ) ;
#2496 = EDGE_CURVE ( 'NONE', #1891, #891, #847, .T. ) ;
#2497 = DIRECTION ( 'NONE',  ( -1.000000000000000000, -0.000000000000000000, 0.000000000000000000 ) ) ;
#2498 = CYLINDRICAL_SURFACE ( 'NONE', #748, 62.99999999999994316 ) ;
#2499 = EDGE_CURVE ( 'NONE', #1003, #103, #1078, .T. ) ;
#2500 = ORIENTED_EDGE ( 'NONE', *, *, #396, .T. ) ;
#2501 = CARTESIAN_POINT ( 'NONE',  ( 0.000000000000000000, 47.11049214368489402, -3.615180628931128126 ) ) ;
#2502 = ORIENTED_EDGE ( 'NONE', *, *, #595, .F. ) ;
#2503 = VECTOR ( 'NONE', #1824, 1000.000000000000000 ) ;
#2504 = DIRECTION ( 'NONE',  ( -1.000000000000000000, -0.000000000000000000, -0.000000000000000000 ) ) ;
#2505 = LINE ( 'NONE', #640, #207 ) ;
#2506 = DIRECTION ( 'NONE',  ( -1.000000000000000000, 0.000000000000000000, 0.000000000000000000 ) ) ;
#2507 = CARTESIAN_POINT ( 'NONE',  ( 40.00000000000000000, -45.76537639908028154, 25.97475718202355566 ) ) ;
#2508 = AXIS2_PLACEMENT_3D ( 'NONE', #1544, #1944, #1159 ) ;
#2509 = ORIENTED_EDGE ( 'NONE', *, *, #1067, .F. ) ;
#2510 = CARTESIAN_POINT ( 'NONE',  ( 20.00000000000000000, 13.93124187653650026, 61.44038167018029384 ) ) ;
#2511 = EDGE_LOOP ( 'NONE', ( #658, #426, #2246, #2502, #349, #1819 ) ) ;
#2512 = VECTOR ( 'NONE', #2432, 1000.000000000000000 ) ;
#2513 = VECTOR ( 'NONE', #621, 1000.000000000000000 ) ;
#2514 = VECTOR ( 'NONE', #902, 1000.000000000000000 ) ;
#2515 = CARTESIAN_POINT ( 'NONE',  ( 40.00000000000000000, 6.483895198541932636, 52.22180378605190043 ) ) ;
#2516 = ADVANCED_FACE ( 'NONE', ( #1065 ), #1007, .T. ) ;
#2517 = CIRCLE ( 'NONE', #2123, 62.99999999999994316 ) ;
#2518 = ORIENTED_EDGE ( 'NONE', *, *, #1720, .F. ) ;
#2519 = EDGE_CURVE ( 'NONE', #1599, #1003, #252, .T. ) ;
#2520 = ORIENTED_EDGE ( 'NONE', *, *, #577, .T. ) ;
#2521 = DIRECTION ( 'NONE',  ( -1.000000000000000000, -0.000000000000000000, -0.000000000000000000 ) ) ;
#2522 = CARTESIAN_POINT ( 'NONE',  ( 0.000000000000000000, 53.29578611892365814, -33.59403491642433437 ) ) ;
#2523 = CARTESIAN_POINT ( 'NONE',  ( 40.00000000000000000, 0.000000000000000000, 0.000000000000000000 ) ) ;
#2524 = DIRECTION ( 'NONE',  ( 1.000000000000000000, 0.000000000000000000, -0.000000000000000000 ) ) ;
#2525 = VERTEX_POINT ( 'NONE', #23 ) ;
#2526 = DIRECTION ( 'NONE',  ( -1.000000000000000000, 0.000000000000000000, -0.000000000000000000 ) ) ;
#2527 = ORIENTED_EDGE ( 'NONE', *, *, #1220, .T. ) ;
#2528 = EDGE_LOOP ( 'NONE', ( #1997, #1932, #1267, #456 ) ) ;
#2529 = EDGE_CURVE ( 'NONE', #2684, #298, #2088, .T. ) ;
#2530 = VERTEX_POINT ( 'NONE', #1441 ) ;
#2531 = ADVANCED_FACE ( 'NONE', ( #1893 ), #1632, .T. ) ;
#2532 = DIRECTION ( 'NONE',  ( 0.000000000000000000, 0.000000000000000000, 1.000000000000000000 ) ) ;
#2533 = CARTESIAN_POINT ( 'NONE',  ( 40.00000000000000000, -50.72793493842745249, 13.99408105226098620 ) ) ;
#2534 = CYLINDRICAL_SURFACE ( 'NONE', #2421, 22.39999999999998082 ) ;
#2535 = ORIENTED_EDGE ( 'NONE', *, *, #1186, .T. ) ;
#2536 = ADVANCED_FACE ( 'NONE', ( #407 ), #1234, .T. ) ;
#2537 = DIRECTION ( 'NONE',  ( -1.000000000000000000, -0.000000000000000000, 0.000000000000000000 ) ) ;
#2538 = VECTOR ( 'NONE', #1767, 1000.000000000000000 ) ;
#2539 = CARTESIAN_POINT ( 'NONE',  ( 0.000000000000000000, 6.483895198541932636, 52.22180378605190043 ) ) ;
#2540 = ORIENTED_EDGE ( 'NONE', *, *, #2272, .T. ) ;
#2541 = DIRECTION ( 'NONE',  ( -1.000000000000000000, -0.000000000000000000, -0.000000000000000000 ) ) ;
#2542 = EDGE_LOOP ( 'NONE', ( #404, #320, #166, #1588 ) ) ;
#2543 = EDGE_CURVE ( 'NONE', #300, #2051, #1645, .T. ) ;
#2544 = CARTESIAN_POINT ( 'NONE',  ( 40.00000000000000000, -42.14094972638523018, 21.36839622335442357 ) ) ;
#2545 = ORIENTED_EDGE ( 'NONE', *, *, #1224, .T. ) ;
#2546 = CARTESIAN_POINT ( 'NONE',  ( 0.000000000000000000, 61.44038167018045726, -13.93124187653583057 ) ) ;
#2547 = AXIS2_PLACEMENT_3D ( 'NONE', #445, #1653, #625 ) ;
#2548 = VECTOR ( 'NONE', #1897, 1000.000000000000000 ) ;
#2549 = AXIS2_PLACEMENT_3D ( 'NONE', #1554, #554, #753 ) ;
#2550 = AXIS2_PLACEMENT_3D ( 'NONE', #1988, #124, #2613 ) ;
#2551 = DIRECTION ( 'NONE',  ( 0.000000000000000000, -8.881784197001252323E-16, -1.000000000000000000 ) ) ;
#2552 = CIRCLE ( 'NONE', #1119, 62.99999999999994316 ) ;
#2553 = ORIENTED_EDGE ( 'NONE', *, *, #1291, .F. ) ;
#2554 = AXIS2_PLACEMENT_3D ( 'NONE', #1393, #1008, #2237 ) ;
#2555 = ORIENTED_EDGE ( 'NONE', *, *, #1872, .T. ) ;
#2556 = CIRCLE ( 'NONE', #1718, 47.24899999999995970 ) ;
#2557 = VECTOR ( 'NONE', #2343, 1000.000000000000000 ) ;
#2558 = DIRECTION ( 'NONE',  ( -1.000000000000000000, 0.000000000000000000, -0.000000000000000000 ) ) ;
#2559 = ORIENTED_EDGE ( 'NONE', *, *, #1115, .T. ) ;
#2560 = DIRECTION ( 'NONE',  ( 1.000000000000000000, -0.000000000000000000, -0.000000000000000000 ) ) ;
#2561 = CARTESIAN_POINT ( 'NONE',  ( 40.00000000000000000, 30.75582972190414566, -35.86846719776623615 ) ) ;
#2562 = EDGE_CURVE ( 'NONE', #1228, #1693, #2616, .T. ) ;
#2563 = EDGE_CURVE ( 'NONE', #235, #1172, #656, .T. ) ;
#2564 = CARTESIAN_POINT ( 'NONE',  ( 40.00000000000000000, -33.59403491642451201, -53.29578611892353734 ) ) ;
#2565 = ORIENTED_EDGE ( 'NONE', *, *, #175, .F. ) ;
#2566 = DIRECTION ( 'NONE',  ( -1.000000000000000000, -0.000000000000000000, 0.000000000000000000 ) ) ;
#2567 = VERTEX_POINT ( 'NONE', #1729 ) ;
#2568 = CYLINDRICAL_SURFACE ( 'NONE', #905, 22.39999999999998082 ) ;
#2569 = DIRECTION ( 'NONE',  ( -1.000000000000000000, 0.000000000000000000, 0.000000000000000000 ) ) ;
#2570 = VERTEX_POINT ( 'NONE', #2109 ) ;
#2571 = CARTESIAN_POINT ( 'NONE',  ( 40.00000000000000000, -52.22180378605191464, 6.483895198541752336 ) ) ;
#2572 = DIRECTION ( 'NONE',  ( 0.000000000000000000, 0.000000000000000000, 1.000000000000000000 ) ) ;
#2573 = CARTESIAN_POINT ( 'NONE',  ( 0.000000000000000000, -42.14094972638523018, 21.36839622335442357 ) ) ;
#2574 = CARTESIAN_POINT ( 'NONE',  ( 20.00000000000000355, -10.64142691116959227, 62.09476655318245975 ) ) ;
#2575 = CIRCLE ( 'NONE', #1104, 62.99999999999994316 ) ;
#2576 = ORIENTED_EDGE ( 'NONE', *, *, #728, .F. ) ;
#2577 = AXIS2_PLACEMENT_3D ( 'NONE', #766, #2384, #158 ) ;
#2578 = ADVANCED_FACE ( 'NONE', ( #1502 ), #895, .T. ) ;
#2579 = ORIENTED_EDGE ( 'NONE', *, *, #842, .T. ) ;
#2580 = DIRECTION ( 'NONE',  ( 0.000000000000000000, -6.982962677686265922E-15, 1.000000000000000000 ) ) ;
#2581 = ORIENTED_EDGE ( 'NONE', *, *, #2563, .T. ) ;
#2582 = DIRECTION ( 'NONE',  ( -1.000000000000000000, 0.000000000000000000, 0.000000000000000000 ) ) ;
#2583 = DIRECTION ( 'NONE',  ( 1.000000000000000000, 0.000000000000000000, 0.000000000000000000 ) ) ;
#2584 = CARTESIAN_POINT ( 'NONE',  ( 40.00000000000000000, 3.615180628931615736, -47.11049214368485849 ) ) ;
#2585 = DIRECTION ( 'NONE',  ( 0.000000000000000000, 0.000000000000000000, -1.000000000000000000 ) ) ;
#2586 = DIRECTION ( 'NONE',  ( 1.000000000000000000, -0.000000000000000000, 0.000000000000000000 ) ) ;
#2587 = CIRCLE ( 'NONE', #112, 62.99999999999994316 ) ;
#2588 = VECTOR ( 'NONE', #2162, 1000.000000000000000 ) ;
#2589 = EDGE_CURVE ( 'NONE', #113, #288, #952, .T. ) ;
#2590 = ORIENTED_EDGE ( 'NONE', *, *, #616, .T. ) ;
#2591 = ORIENTED_EDGE ( 'NONE', *, *, #668, .T. ) ;
#2592 = AXIS2_PLACEMENT_3D ( 'NONE', #182, #226, #1668 ) ;
#2593 = AXIS2_PLACEMENT_3D ( 'NONE', #1568, #528, #160 ) ;
#2594 = CIRCLE ( 'NONE', #1422, 22.39999999999998082 ) ;
#2595 = EDGE_LOOP ( 'NONE', ( #711, #1056, #2166, #230 ) ) ;
#2596 = ADVANCED_FACE ( 'NONE', ( #1082 ), #1744, .T. ) ;
#2597 = ADVANCED_FACE ( 'NONE', ( #1331, #1696 ), #2319, .F. ) ;
#2598 = LINE ( 'NONE', #710, #958 ) ;
#2599 = VERTEX_POINT ( 'NONE', #2544 ) ;
#2600 = DIRECTION ( 'NONE',  ( -1.000000000000000000, 0.000000000000000000, 0.000000000000000000 ) ) ;
#2601 = CARTESIAN_POINT ( 'NONE',  ( 40.00000000000000000, -41.51119784630232346, -32.34158531951895554 ) ) ;
#2602 = DIRECTION ( 'NONE',  ( -1.000000000000000000, 0.000000000000000000, 0.000000000000000000 ) ) ;
#2603 = CARTESIAN_POINT ( 'NONE',  ( 50.00005079999999680, 11.80000000000000071, 3.000000000000000000 ) ) ;
#2604 = LINE ( 'NONE', #111, #1284 ) ;
#2605 = ORIENTED_EDGE ( 'NONE', *, *, #116, .T. ) ;
#2606 = ORIENTED_EDGE ( 'NONE', *, *, #728, .T. ) ;
#2607 = CARTESIAN_POINT ( 'NONE',  ( 0.000000000000000000, 0.000000000000000000, 0.000000000000000000 ) ) ;
#2608 = EDGE_LOOP ( 'NONE', ( #653, #1257, #735, #2402 ) ) ;
#2609 = EDGE_CURVE ( 'NONE', #527, #2450, #1113, .T. ) ;
#2610 = DIRECTION ( 'NONE',  ( 0.000000000000000000, 0.000000000000000000, -1.000000000000000000 ) ) ;
#2611 = EDGE_CURVE ( 'NONE', #1911, #508, #15, .T. ) ;
#2612 = ORIENTED_EDGE ( 'NONE', *, *, #1291, .T. ) ;
#2613 = DIRECTION ( 'NONE',  ( 0.000000000000000000, 0.000000000000000000, 1.000000000000000000 ) ) ;
#2614 = CARTESIAN_POINT ( 'NONE',  ( 0.000000000000000000, -33.59403491642527229, 53.29578611892304707 ) ) ;
#2615 = DIRECTION ( 'NONE',  ( 0.000000000000000000, 0.000000000000000000, 1.000000000000000000 ) ) ;
#2616 = CIRCLE ( 'NONE', #1183, 22.39999999999998792 ) ;
#2617 = EDGE_CURVE ( 'NONE', #367, #334, #828, .T. ) ;
#2618 = VECTOR ( 'NONE', #1526, 1000.000000000000000 ) ;
#2619 = DIRECTION ( 'NONE',  ( -1.000000000000000000, -0.000000000000000000, -0.000000000000000000 ) ) ;
#2620 = AXIS2_PLACEMENT_3D ( 'NONE', #2080, #218, #1046 ) ;
#2621 = ORIENTED_EDGE ( 'NONE', *, *, #428, .T. ) ;
#2622 = FACE_OUTER_BOUND ( 'NONE', #1829, .T. ) ;
#2623 = CARTESIAN_POINT ( 'NONE',  ( 40.00000000000000000, 0.000000000000000000, 0.000000000000000000 ) ) ;
#2624 = VECTOR ( 'NONE', #693, 1000.000000000000000 ) ;
#2625 = CARTESIAN_POINT ( 'NONE',  ( 40.00000000000000000, 45.76537639908009680, 25.97475718202387540 ) ) ;
#2626 = VERTEX_POINT ( 'NONE', #1126 ) ;
#2627 = CIRCLE ( 'NONE', #355, 62.99999999999994316 ) ;
#2628 = DIRECTION ( 'NONE',  ( -1.000000000000000000, 0.000000000000000000, 0.000000000000000000 ) ) ;
#2629 = ORIENTED_EDGE ( 'NONE', *, *, #186, .F. ) ;
#2630 = EDGE_CURVE ( 'NONE', #1048, #2450, #256, .T. ) ;
#2631 = CARTESIAN_POINT ( 'NONE',  ( 0.000000000000000000, 13.99408105226187793, -50.72793493842720380 ) ) ;
#2632 = DIRECTION ( 'NONE',  ( 0.000000000000000000, 0.000000000000000000, -1.000000000000000000 ) ) ;
#2633 = DIRECTION ( 'NONE',  ( 0.000000000000000000, 0.000000000000000000, 1.000000000000000000 ) ) ;
#2634 = CARTESIAN_POINT ( 'NONE',  ( 0.000000000000000000, -50.72793493842745249, 13.99408105226098620 ) ) ;
#2635 = DIRECTION ( 'NONE',  ( -1.000000000000000000, -0.000000000000000000, 0.000000000000000000 ) ) ;
#2636 = EDGE_CURVE ( 'NONE', #808, #2019, #75, .T. ) ;
#2637 = DIRECTION ( 'NONE',  ( 0.000000000000000000, 0.3826834323650905589, -0.9238795325112864054 ) ) ;
#2638 = AXIS2_PLACEMENT_3D ( 'NONE', #129, #949, #1382 ) ;
#2639 = ORIENTED_EDGE ( 'NONE', *, *, #2428, .F. ) ;
#2640 = FACE_OUTER_BOUND ( 'NONE', #265, .T. ) ;
#2641 = VECTOR ( 'NONE', #198, 1000.000000000000000 ) ;
#2642 = CARTESIAN_POINT ( 'NONE',  ( 40.00000000000000000, 50.72793493842735302, 36.39408105226132761 ) ) ;
#2643 = COLOUR_RGB ( '',0.7764705882352941346, 0.7568627450980391913, 0.7372549019607843590 ) ;
#2644 = ORIENTED_EDGE ( 'NONE', *, *, #449, .F. ) ;
#2645 = AXIS2_PLACEMENT_3D ( 'NONE', #739, #756, #2230 ) ;
#2646 = CYLINDRICAL_SURFACE ( 'NONE', #1543, 62.99999999999994316 ) ;
#2647 =( LENGTH_UNIT ( ) NAMED_UNIT ( * ) SI_UNIT ( .MILLI., .METRE. ) );
#2648 = ORIENTED_EDGE ( 'NONE', *, *, #1483, .F. ) ;
#2649 = DIRECTION ( 'NONE',  ( -1.000000000000000000, 0.000000000000000000, 0.000000000000000000 ) ) ;
#2650 = DIRECTION ( 'NONE',  ( 0.000000000000000000, 0.000000000000000000, -1.000000000000000000 ) ) ;
#2651 = FACE_OUTER_BOUND ( 'NONE', #272, .T. ) ;
#2652 = CARTESIAN_POINT ( 'NONE',  ( 50.00005079999999680, 11.80000000000000071, 3.000000000000000000 ) ) ;
#2653 = EDGE_CURVE ( 'NONE', #1693, #727, #259, .T. ) ;
#2654 = EDGE_CURVE ( 'NONE', #2051, #1238, #892, .T. ) ;
#2655 = ORIENTED_EDGE ( 'NONE', *, *, #1364, .T. ) ;
#2656 = CARTESIAN_POINT ( 'NONE',  ( 40.00000000000000000, 53.29578611892317497, 33.59403491642509465 ) ) ;
#2657 = ORIENTED_EDGE ( 'NONE', *, *, #2334, .T. ) ;
#2658 = CARTESIAN_POINT ( 'NONE',  ( 40.00000000000000000, 44.90788918978338984, 14.68841344455322329 ) ) ;
#2659 = ORIENTED_EDGE ( 'NONE', *, *, #2320, .T. ) ;
#2660 = EDGE_LOOP ( 'NONE', ( #437, #1307, #2153, #1455 ) ) ;
#2661 = DIRECTION ( 'NONE',  ( 1.000000000000000000, -0.000000000000000000, -0.000000000000000000 ) ) ;
#2662 = FACE_OUTER_BOUND ( 'NONE', #1663, .T. ) ;
#2663 = LINE ( 'NONE', #2396, #1327 ) ;
#2664 = FACE_OUTER_BOUND ( 'NONE', #2608, .T. ) ;
#2665 = ORIENTED_EDGE ( 'NONE', *, *, #577, .F. ) ;
#2666 = CARTESIAN_POINT ( 'NONE',  ( 0.000000000000000000, 0.000000000000000000, 0.000000000000000000 ) ) ;
#2667 = CYLINDRICAL_SURFACE ( 'NONE', #1258, 22.39999999999998082 ) ;
#2668 = EDGE_CURVE ( 'NONE', #2680, #1698, #271, .T. ) ;
#2669 = AXIS2_PLACEMENT_3D ( 'NONE', #2601, #1212, #1947 ) ;
#2670 = ORIENTED_EDGE ( 'NONE', *, *, #661, .T. ) ;
#2671 = FACE_OUTER_BOUND ( 'NONE', #553, .T. ) ;
#2672 = EDGE_CURVE ( 'NONE', #2525, #300, #2259, .T. ) ;
#2673 = CARTESIAN_POINT ( 'NONE',  ( 40.00000000000000000, 35.86846719776697512, -30.75582972190327880 ) ) ;
#2674 = ORIENTED_EDGE ( 'NONE', *, *, #2393, .T. ) ;
#2675 = ORIENTED_EDGE ( 'NONE', *, *, #1811, .F. ) ;
#2676 = LINE ( 'NONE', #154, #497 ) ;
#2677 = CARTESIAN_POINT ( 'NONE',  ( 0.000000000000000000, -42.14094972638493175, -21.36839622335500977 ) ) ;
#2678 = DIRECTION ( 'NONE',  ( 0.000000000000000000, 0.7071067811865484609, -0.7071067811865464625 ) ) ;
#2679 = CARTESIAN_POINT ( 'NONE',  ( 40.00000000000000000, -62.09476655318242422, -10.64142691116981432 ) ) ;
#2680 = VERTEX_POINT ( 'NONE', #870 ) ;
#2681 = DIRECTION ( 'NONE',  ( -1.000000000000000000, 0.000000000000000000, -0.000000000000000000 ) ) ;
#2682 = DIRECTION ( 'NONE',  ( 1.000000000000000000, -0.000000000000000000, -0.000000000000000000 ) ) ;
#2683 = EDGE_CURVE ( 'NONE', #1746, #242, #774, .T. ) ;
#2684 = VERTEX_POINT ( 'NONE', #1931 ) ;
#2685 = VECTOR ( 'NONE', #1922, 1000.000000000000000 ) ;
#2686 = DIRECTION ( 'NONE',  ( 0.000000000000000000, -0.9238795325112825196, -0.3826834323650998293 ) ) ;
#2687 = VECTOR ( 'NONE', #2367, 1000.000000000000000 ) ;
#2688 = VERTEX_POINT ( 'NONE', #2363 ) ;
#2689 = EDGE_CURVE ( 'NONE', #569, #1802, #882, .T. ) ;
#2690 = ORIENTED_EDGE ( 'NONE', *, *, #449, .T. ) ;
#2691 = DIRECTION ( 'NONE',  ( -1.000000000000000000, -0.000000000000000000, -0.000000000000000000 ) ) ;
#2692 = AXIS2_PLACEMENT_3D ( 'NONE', #564, #1191, #2678 ) ;
#2693 = LINE ( 'NONE', #2440, #1503 ) ;
ENDSEC;
END-ISO-10303-21;
